S_No,Company_name,Website,Sector,Country,Source,Updated_at,Active,No_of_employees
1,"DYNAMOID, INC.",,,UNITED STATES,500 Global Portfolio (500.co/portfolio),2026-08-05T18:15:38.487875+00:00,True,
2,"15Five, Inc.",https://www.15five.com,HR Tech,United States,500 Global Portfolio (500.co/portfolio),2026-08-05T18:15:38.487875+00:00,True,
3,"1Huddle, Inc.",https://1huddle.co,"CPG (Consumer packaged goods), Health Tech, SaaS",United States,500 Global Portfolio (500.co/portfolio),2026-08-05T18:15:38.487875+00:00,True,
4,"21st Century Market, Inc.",https://www.21market.kr,Consumer,South Korea,500 Global Portfolio (500.co/portfolio),2026-08-05T18:15:38.487875+00:00,True,
5,3D Look Inc,https://3dlook.me,Fashion,United States,500 Global Portfolio (500.co/portfolio),2026-08-05T18:15:38.487875+00:00,True,
6,"Distilabs, Inc.",https://410labs.com,Developer Tools,United States,500 Global Portfolio (500.co/portfolio),2026-08-05T18:15:38.487875+00:00,True,
7,"42 Technologies, Inc.",https://www.42technologies.com,Retail,United States,500 Global Portfolio (500.co/portfolio),2026-08-05T18:15:38.487875+00:00,True,
8,8SEC SAS,https://8sec.games,Gaming,France,500 Global Portfolio (500.co/portfolio),2026-08-05T18:15:38.487875+00:00,True,
9,99 Group Pte. Ltd.,https://www.99.co,Real Estate,Singapore,500 Global Portfolio (500.co/portfolio),2026-08-05T18:15:38.487875+00:00,True,
10,"99 Minutos, Inc.",https://99minutos.com,Logistics,Mexico,500 Global Portfolio (500.co/portfolio),2026-08-05T18:15:38.487875+00:00,True,
11,9FIN Limited,https://9fin.com,Real Estate,United Kingdom,500 Global Portfolio (500.co/portfolio),2026-08-05T18:15:38.487875+00:00,True,
12,"9GAG, Inc",https://9gag.com,"Entertainment / Media, Social Impact",Hong Kong,500 Global Portfolio (500.co/portfolio),2026-08-05T18:15:38.487875+00:00,True,
13,"AA Audience, Inc.",https://aaaudi.com,FinTech,United States,500 Global Portfolio (500.co/portfolio),2026-08-05T18:15:38.487875+00:00,True,
14,"Abillionveg, Inc",https://www.abillion.com,"App, Sustainability, Social Impact",Singapore,500 Global Portfolio (500.co/portfolio),2026-08-05T18:15:38.487875+00:00,True,
15,"Track Technologies, Inc.",https://www.withabound.com,FinTech,United States,500 Global Portfolio (500.co/portfolio),2026-08-05T18:15:38.487875+00:00,True,
16,Acadium Inc.,https://acadium.com,HR Tech,Canada,500 Global Portfolio (500.co/portfolio),2026-08-05T18:15:38.487875+00:00,True,
17,"Tagove Limited, Inc.",https://acquire.io,"Content, Developer Tools",United Kingdom,500 Global Portfolio (500.co/portfolio),2026-08-05T18:15:38.487875+00:00,True,
18,"ActivityHero, Inc.",https://www.activityhero.com,Education,United States,500 Global Portfolio (500.co/portfolio),2026-08-05T18:15:38.487875+00:00,True,
19,ActualConversion Inc.,https://www.actualconversion.com,"Content, Data & Analytics",Canada,500 Global Portfolio (500.co/portfolio),2026-08-05T18:15:38.487875+00:00,True,
20,Adapty Tech Inc.,https://adapty.io,"Developer Tools, SaaS",United States,500 Global Portfolio (500.co/portfolio),2026-08-05T18:15:38.487875+00:00,True,
21,AdMagica AI,https://admagica.ai,AI/Machine Learning,United States,500 Global Portfolio (500.co/portfolio),2026-08-05T18:15:38.487875+00:00,True,
22,Adsmom Inc.,https://www.adsmom.com,,UNITED STATES,500 Global Portfolio (500.co/portfolio),2026-08-05T18:15:38.487875+00:00,True,
23,Aella Credit Limited,https://aellaapp.com,Credit & Lending,Nigeria,500 Global Portfolio (500.co/portfolio),2026-08-05T18:15:38.487875+00:00,True,
24,Aeon B,,"Health Tech, CRM",South Korea,500 Global Portfolio (500.co/portfolio),2026-08-05T18:15:38.487875+00:00,True,
25,Aerodyne Ventures Sdn Bhd,https://aerodyne.group,Aviation,Malaysia,500 Global Portfolio (500.co/portfolio),2026-08-05T18:15:38.487875+00:00,True,
26,"AESOP Technology, Inc.",https://www.aesoptek.com,"Health Tech, Marketplace, SaaS",United States,500 Global Portfolio (500.co/portfolio),2026-08-05T18:15:38.487875+00:00,True,
27,AgFunder Inc.,https://agfunder.com,Credit & Lending,United States,500 Global Portfolio (500.co/portfolio),2026-08-05T18:15:38.487875+00:00,True,
28,Agile Loop L.L.C.,https://agileloop.ai,AI/Machine Learning,Saudi Arabia,500 Global Portfolio (500.co/portfolio),2026-08-05T18:15:38.487875+00:00,True,
29,"Agora Labs, INC",https://www.agora.io,Telecommunications,United States,500 Global Portfolio (500.co/portfolio),2026-08-05T18:15:38.487875+00:00,True,
30,Agricultural Apps Inc.,https://agrapp.cl,AgTech,Chile,500 Global Portfolio (500.co/portfolio),2026-08-05T18:15:38.487875+00:00,True,
31,Agromatch LLC,https://agromatch.cl,AgTech,Chile,500 Global Portfolio (500.co/portfolio),2026-08-05T18:15:38.487875+00:00,True,
32,Ahlijasa Indonesia Pte Ltd,https://www.ahlijasa.com,Real Estate,Thailand,500 Global Portfolio (500.co/portfolio),2026-08-05T18:15:38.487875+00:00,True,
33,Ailumia Global Ltd,https://ailumia.com,"Ecommerce, Marketplace, Subscription",Taiwan,500 Global Portfolio (500.co/portfolio),2026-08-05T18:15:38.487875+00:00,True,
34,Aino World Inc.,https://aino.world,"AI/Machine Learning, Data & Analytics, SaaS, Smart Cities",UNITED STATES,500 Global Portfolio (500.co/portfolio),2026-08-05T18:15:38.487875+00:00,True,
35,AI PALETTE PTE. LTD.,https://www.aipalette.com,"Content, Data & Analytics, Supply Chain",Singapore,500 Global Portfolio (500.co/portfolio),2026-08-05T18:15:38.487875+00:00,True,
36,"Airbility, Inc.",https://airbility.co.kr,Mobility,South Korea,500 Global Portfolio (500.co/portfolio),2026-08-05T18:15:38.487875+00:00,True,
37,"Aircall.io, Inc.",https://aircall.io,Developer Tools,United States,500 Global Portfolio (500.co/portfolio),2026-08-05T18:15:38.487875+00:00,True,
38,AisensumInternational Pte. Ltd.,https://aisensum.com,Productivity,Indonesia,500 Global Portfolio (500.co/portfolio),2026-08-05T18:15:38.487875+00:00,True,
39,Bigfinite Inc.,https://www.aizon.ai,BioTech & Life Sciences,United States,500 Global Portfolio (500.co/portfolio),2026-08-05T18:15:38.487875+00:00,True,
40,Darb Technology Holding Ltd,https://www.iajeer.com,"PropTech, Consumer",Saudi Arabia,500 Global Portfolio (500.co/portfolio),2026-08-05T18:15:38.487875+00:00,True,
41,WSTCO Holdings Limited,https://akasia.com,"FinTech, Impact, SaaS",Saudi Arabia,500 Global Portfolio (500.co/portfolio),2026-08-05T18:15:38.487875+00:00,True,
42,"AladdinB2B, Inc.",https://aladdinb2b.com,Data & Analytics,United Arab Emirates,500 Global Portfolio (500.co/portfolio),2026-08-05T18:15:38.487875+00:00,True,
43,Albert Corp.,https://albert.com,"Credit & Lending, Consumer",United States,500 Global Portfolio (500.co/portfolio),2026-08-05T18:15:38.487875+00:00,True,
44,"Aldente AI, Inc",,,UNITED STATES,500 Global Portfolio (500.co/portfolio),2026-08-05T18:15:38.487875+00:00,True,
45,Algebras AI Inc.,https://www.algebras.ai,,UNITED STATES,500 Global Portfolio (500.co/portfolio),2026-08-05T18:15:38.487875+00:00,True,
46,AlgoDriven Limited,https://algodriven.xyz,Data & Analytics,United Arab Emirates,500 Global Portfolio (500.co/portfolio),2026-08-05T18:15:38.487875+00:00,True,
47,Algolia SAS,https://www.algolia.com,AI/Machine Learning,United States,500 Global Portfolio (500.co/portfolio),2026-08-05T18:15:38.487875+00:00,True,
48,Aliena Pte Ltd,https://www.aliena.sg,Aviation,Singapore,500 Global Portfolio (500.co/portfolio),2026-08-05T18:15:38.487875+00:00,True,
49,Ali Group LLC.,https://xaim.io,AI/Machine Learning,United States,500 Global Portfolio (500.co/portfolio),2026-08-05T18:15:38.487875+00:00,True,
50,"AllCare Technologies Philippines, Inc.",https://www.allcare.ph,HR Tech,Philippines,500 Global Portfolio (500.co/portfolio),2026-08-05T18:15:38.487875+00:00,True,
51,ALLSALE Corp.,https://www.allsale.ai/,"Ecommerce, B2B Marketplaces",South Korea,500 Global Portfolio (500.co/portfolio),2026-08-05T18:15:38.487875+00:00,True,
52,Allsome Inc.,https://allsome.my,Supply Chain,Malaysia,500 Global Portfolio (500.co/portfolio),2026-08-05T18:15:38.487875+00:00,True,
53,Start Research Inc.,https://alluva.com,Crypto,China,500 Global Portfolio (500.co/portfolio),2026-08-05T18:15:38.487875+00:00,True,
54,Ranelagh Pte Ltd,https://www.alodokter.com,Healthcare,Indonesia,500 Global Portfolio (500.co/portfolio),2026-08-05T18:15:38.487875+00:00,True,
55,"Alongside, Inc.",https://www.alongside.com,HR Tech,United States,500 Global Portfolio (500.co/portfolio),2026-08-05T18:15:38.487875+00:00,True,
56,Alphaus Inc.,https://alphaus.cloud,"CloudTech, DevOps, Developer Tools, FinTech",Japan,500 Global Portfolio (500.co/portfolio),2026-08-05T18:15:38.487875+00:00,True,
57,"AlphaZ, INC.",,,UNITED STATES,500 Global Portfolio (500.co/portfolio),2026-08-05T18:15:38.487875+00:00,True,
58,SPORTS TECH LATAM LLC,https://alquilatucancha.com,"Direct to Consumer, Remote, Sports",Argentina,500 Global Portfolio (500.co/portfolio),2026-08-05T18:15:38.487875+00:00,True,
59,Alterestate Inc.,https://www.alterestate.com,"PropTech, SaaS",Dominican Republic,500 Global Portfolio (500.co/portfolio),2026-08-05T18:15:38.487875+00:00,True,
60,"Althea, Inc.",https://us.althea.kr,Consumer,South Korea,500 Global Portfolio (500.co/portfolio),2026-08-05T18:15:38.487875+00:00,True,
61,"Alto Tech Co., Ltd.",https://www.altotech.net,"AI/Machine Learning, Climate Tech, Energy",Thailand,500 Global Portfolio (500.co/portfolio),2026-08-05T18:15:38.487875+00:00,True,
62,Amalan International Pte Ltd,https://amalan.com,"Credit & Lending, FinTech, Consumer",Singapore,500 Global Portfolio (500.co/portfolio),2026-08-05T18:15:38.487875+00:00,True,
63,AmazingTalker Limited,https://en.amazingtalker.com,"Education, SaaS, Subscription",Taiwan,500 Global Portfolio (500.co/portfolio),2026-08-05T18:15:38.487875+00:00,True,
64,"Ambience Healthcare, Inc.",https://www.ambiencehealthcare.com,Healthcare,United States,500 Global Portfolio (500.co/portfolio),2026-08-05T18:15:38.487875+00:00,True,
65,Physiohome Holding LTD,https://www.ameen.care,Wellness,Saudi Arabia,500 Global Portfolio (500.co/portfolio),2026-08-05T18:15:38.487875+00:00,True,
66,"American Aerospace Technologies, Inc.",https://www.americanaerospace.com,"Aviation, Energy",United States,500 Global Portfolio (500.co/portfolio),2026-08-05T18:15:38.487875+00:00,True,
67,Amity Robotics PTE.LTD,https://www.amityrobotics.com,,SINGAPORE,500 Global Portfolio (500.co/portfolio),2026-08-05T18:15:38.487875+00:00,True,
68,TaskUnite Inc.,https://www.ampaworks.com,Healthcare,United States,500 Global Portfolio (500.co/portfolio),2026-08-05T18:15:38.487875+00:00,True,
69,"Ample Foods, Inc.",https://www.amplemeal.com,Wellness,United States,500 Global Portfolio (500.co/portfolio),2026-08-05T18:15:38.487875+00:00,True,
70,Amp Me Inc.,https://ampme.com,Social Media,Canada,500 Global Portfolio (500.co/portfolio),2026-08-05T18:15:38.487875+00:00,True,
71,AMUSED Co,https://www.amusedco.com,Fashion,Saudi Arabia,500 Global Portfolio (500.co/portfolio),2026-08-05T18:15:38.487875+00:00,True,
72,AMWAL CORP,https://amwal.com.eg,"Credit & Lending, Crowdfunding, FinTech, Debt",Egypt,500 Global Portfolio (500.co/portfolio),2026-08-05T18:15:38.487875+00:00,True,
73,"Anduin Transactions, Inc.",https://anduintransact.com,FinTech,Canada,500 Global Portfolio (500.co/portfolio),2026-08-05T18:15:38.487875+00:00,True,
74,"Angelcam, Inc.",https://www.angelcam.com,"AI/Machine Learning, Data & Analytics, Other",Czech Republic,500 Global Portfolio (500.co/portfolio),2026-08-05T18:15:38.487875+00:00,True,
75,"Charlie Tango Romeo AI, LLC",https://angel.co,Credit & Lending,United States,500 Global Portfolio (500.co/portfolio),2026-08-05T18:15:38.487875+00:00,True,
76,Appionics Holdings,https://www.animocabrands.com,Gaming,Hong Kong,500 Global Portfolio (500.co/portfolio),2026-08-05T18:15:38.487875+00:00,True,
77,"Anyroad, Inc.",https://www.anyroad.com,Travel & Tourism,United Arab Emirates,500 Global Portfolio (500.co/portfolio),2026-08-05T18:15:38.487875+00:00,True,
78,Elysium Assets Limited,,,CAYMAN ISLANDS,500 Global Portfolio (500.co/portfolio),2026-08-05T18:15:38.487875+00:00,True,
79,My AOne Learning Sdn. Bhd.,https://aoneschools.com,"Education, SaaS",Malaysia,500 Global Portfolio (500.co/portfolio),2026-08-05T18:15:38.487875+00:00,True,
80,AORA SERVICES INC.,https://aoraservicios.com,"Marketplace, Agnostic (all)",Mexico,500 Global Portfolio (500.co/portfolio),2026-08-05T18:15:38.487875+00:00,True,
81,"Apla, Inc.",https://aplahub.com,FinTech,United States,500 Global Portfolio (500.co/portfolio),2026-08-05T18:15:38.487875+00:00,True,
82,"Apothecary, Inc.",https://www.getcakeshop.co,"AdTech, Beauty, Commerce",Singapore,500 Global Portfolio (500.co/portfolio),2026-08-05T18:15:38.487875+00:00,True,
83,APPARTA LLC,https://www.apparta.co,Food,Colombia,500 Global Portfolio (500.co/portfolio),2026-08-05T18:15:38.487875+00:00,True,
84,Appboxo Pte. Ltd.,https://appboxo.com,Developer Tools,Singapore,500 Global Portfolio (500.co/portfolio),2026-08-05T18:15:38.487875+00:00,True,
85,"App-CM, Inc.",https://www.app-cm.co.jp,"Content, Data & Analytics",Singapore,500 Global Portfolio (500.co/portfolio),2026-08-05T18:15:38.487875+00:00,True,
86,Beengo .ME LTD,https://www.appfront.ai,"Content, Data & Analytics",Israel,500 Global Portfolio (500.co/portfolio),2026-08-05T18:15:38.487875+00:00,True,
87,"Appgain, Inc.",https://appgain.io,AI/Machine Learning,Egypt,500 Global Portfolio (500.co/portfolio),2026-08-05T18:15:38.487875+00:00,True,
88,Apphive Inc.,https://apphive.io,Developer Tools,Mexico,500 Global Portfolio (500.co/portfolio),2026-08-05T18:15:38.487875+00:00,True,
89,Duchess Mercantiles Sdn Bhd,https://www.applecrumbyandfish.com,"Ecommerce, Healthcare, Consumer",Malaysia,500 Global Portfolio (500.co/portfolio),2026-08-05T18:15:38.487875+00:00,True,
90,Applyboard Inc.,https://www.applyboard.com,Education,Canada,500 Global Portfolio (500.co/portfolio),2026-08-05T18:15:38.487875+00:00,True,
91,"APP ONBOARD, INC.",https://www.apponboard.com,Developer Tools,Vietnam,500 Global Portfolio (500.co/portfolio),2026-08-05T18:15:38.487875+00:00,True,
92,App Samurai Inc.,https://appsamurai.com,"Content, Data & Analytics",United States,500 Global Portfolio (500.co/portfolio),2026-08-05T18:15:38.487875+00:00,True,
93,"Apptopia, Inc.",https://apptopia.com,"Data & Analytics, Developer Tools",United States,500 Global Portfolio (500.co/portfolio),2026-08-05T18:15:38.487875+00:00,True,
94,"AppZen, Inc.",https://www.appzen.com,FinTech,United States,500 Global Portfolio (500.co/portfolio),2026-08-05T18:15:38.487875+00:00,True,
95,Aprende Inc.,https://aprende.com,Education,Mexico,500 Global Portfolio (500.co/portfolio),2026-08-05T18:15:38.487875+00:00,True,
96,Tazel Limited,https://apurata.com,FinTech,Peru,500 Global Portfolio (500.co/portfolio),2026-08-05T18:15:38.487875+00:00,True,
97,APX Solutions Pte. Ltd.,https://apx.group,"Logistics, Mobility, B2B Marketplaces",Thailand,500 Global Portfolio (500.co/portfolio),2026-08-05T18:15:38.487875+00:00,True,
98,"Arbi, Inc.",https://www.arbilex.co,"Credit & Lending, FinTech, Marketplace",United States,500 Global Portfolio (500.co/portfolio),2026-08-05T18:15:38.487875+00:00,True,
99,"Arcade Solutions, Inc.",https://www.arcade.co,HR Tech,United States,500 Global Portfolio (500.co/portfolio),2026-08-05T18:15:38.487875+00:00,True,
100,ArcStone Pte. Ltd.,https://www.arcstone.co,Data & Analytics,Thailand,500 Global Portfolio (500.co/portfolio),2026-08-05T18:15:38.487875+00:00,True,
101,Arf Labs OÜ,https://www.arf.one,FinTech,Estonia,500 Global Portfolio (500.co/portfolio),2026-08-05T18:15:38.487875+00:00,True,
102,"Arka, Inc.",https://www.arka.com,Supply Chain,United States,500 Global Portfolio (500.co/portfolio),2026-08-05T18:15:38.487875+00:00,True,
103,"Artiphon, Inc.",https://artiphon.com,Entertainment / Media,United States,500 Global Portfolio (500.co/portfolio),2026-08-05T18:15:38.487875+00:00,True,
104,Aruna Labs Inc.,,AI/Machine Learning,UNITED STATES,500 Global Portfolio (500.co/portfolio),2026-08-05T18:15:38.487875+00:00,True,
105,Asaak Financial Services Limited Equity,https://www.asaak.com,Credit & Lending,Malaysia,500 Global Portfolio (500.co/portfolio),2026-08-05T18:15:38.487875+00:00,True,
106,Askria Ltd.,https://www.askria.ai,FinTech,United Kingdom,500 Global Portfolio (500.co/portfolio),2026-08-05T18:15:38.487875+00:00,True,
107,"Astronomer, Inc.",https://www.astronomer.io,Developer Tools,United States,500 Global Portfolio (500.co/portfolio),2026-08-05T18:15:38.487875+00:00,True,
108,"MediHealth Global Innovation, Inc.",https://at-home-doc.com,"Health Tech, Healthcare",Qatar,500 Global Portfolio (500.co/portfolio),2026-08-05T18:15:38.487875+00:00,True,
109,"TripScout, Inc.",https://athotel.com,Travel & Tourism,United States,500 Global Portfolio (500.co/portfolio),2026-08-05T18:15:38.487875+00:00,True,
110,Atomionics Pte. Ltd.,https://www.atomionics.com,Aviation,Singapore,500 Global Portfolio (500.co/portfolio),2026-08-05T18:15:38.487875+00:00,True,
111,Spot Media Solutions Sdn. Bhd.,https://www.atomx.com,Content,Malaysia,500 Global Portfolio (500.co/portfolio),2026-08-05T18:15:38.487875+00:00,True,
112,"Audiodraft, Inc.",https://www.audiodraft.com,Social Media,Finland,500 Global Portfolio (500.co/portfolio),2026-08-05T18:15:38.487875+00:00,True,
113,Aumet Medical Co.,https://aumet.com,Health Tech,United States,500 Global Portfolio (500.co/portfolio),2026-08-05T18:15:38.487875+00:00,True,
114,Aarav Unmanned Systems Pvt. Ltd,https://aus.co.in,Aviation,India,500 Global Portfolio (500.co/portfolio),2026-08-05T18:15:38.487875+00:00,True,
115,"Authlete, Inc.",https://www.authlete.com,"Cybersecurity, Developer Tools",Japan,500 Global Portfolio (500.co/portfolio),2026-08-05T18:15:38.487875+00:00,True,
116,"AutoFi, Inc.",https://www.autofi.com,Credit & Lending,United States,500 Global Portfolio (500.co/portfolio),2026-08-05T18:15:38.487875+00:00,True,
117,Autopass Inc.,https://en.autopass.xyz,Payments,Taiwan,500 Global Portfolio (500.co/portfolio),2026-08-05T18:15:38.487875+00:00,True,
118,Avantcom International Sdn. Bhd.,https://argania.my,"Fashion, Social Impact",Malaysia,500 Global Portfolio (500.co/portfolio),2026-08-05T18:15:38.487875+00:00,True,
119,Innovative Learning Kft,https://avatao.com,"Cybersecurity, Developer Tools",Hungary,500 Global Portfolio (500.co/portfolio),2026-08-05T18:15:38.487875+00:00,True,
120,Avatour Technologies Inc.,https://avatour.co,Developer Tools,United States,500 Global Portfolio (500.co/portfolio),2026-08-05T18:15:38.487875+00:00,True,
121,Avegant Corp.,https://www.avegant.com,Content,Japan,500 Global Portfolio (500.co/portfolio),2026-08-05T18:15:38.487875+00:00,True,
122,Avidbots Corp.,https://avidbots.com,Real Estate,Canada,500 Global Portfolio (500.co/portfolio),2026-08-05T18:15:38.487875+00:00,True,
123,Avify LLC,https://avify.com,SME Solution,Costa Rica,500 Global Portfolio (500.co/portfolio),2026-08-05T18:15:38.487875+00:00,True,
124,AVIONETA Global LLC,https://avioneta.org,"App, Health Tech, Impact, Subscription, Wellness, Healthcare, Social Impact",Mexico,500 Global Portfolio (500.co/portfolio),2026-08-05T18:15:38.487875+00:00,True,
125,"Avision, Inc.",https://avision.io,"Aviation, Robotics, Mobility",United States,500 Global Portfolio (500.co/portfolio),2026-08-05T18:15:38.487875+00:00,True,
126,Aviva Holdings Limited,https://www.avivacredito.com,FinTech,Mexico,500 Global Portfolio (500.co/portfolio),2026-08-05T18:15:38.487875+00:00,True,
127,"AvoMD, Inc.",https://www.avomd.io,Healthcare,United States,500 Global Portfolio (500.co/portfolio),2026-08-05T18:15:38.487875+00:00,True,
128,Awatar Innovations Sdn. Bhd.,,,MALAYSIA,500 Global Portfolio (500.co/portfolio),2026-08-05T18:15:38.487875+00:00,True,
129,"Awfar, Inc.",https://solutions.awfar.com,"AI/Machine Learning, SaaS, CRM",Egypt,500 Global Portfolio (500.co/portfolio),2026-08-05T18:15:38.487875+00:00,True,
130,"Awork App, Inc.",https://awork.ge,HR Tech,Georgia,500 Global Portfolio (500.co/portfolio),2026-08-05T18:15:38.487875+00:00,True,
131,Artwallstreet Pte. Ltd.,https://www.awst.io,Blockchain,Singapore,500 Global Portfolio (500.co/portfolio),2026-08-05T18:15:38.487875+00:00,True,
132,Grupo Axendco SAPI de CV,https://axend.io,FinTech,Mexico,500 Global Portfolio (500.co/portfolio),2026-08-05T18:15:38.487875+00:00,True,
133,"Veritas Mobile Holdings, Ltd.",https://www.ayannah.com,FinTech,Philippines,500 Global Portfolio (500.co/portfolio),2026-08-05T18:15:38.487875+00:00,True,
134,Ayenda Ltd.,https://ayenda.com,Travel & Tourism,Colombia,500 Global Portfolio (500.co/portfolio),2026-08-05T18:15:38.487875+00:00,True,
135,BAANIA (THAILAND) COMPANY LIMITED,https://www.baania.com,Real Estate,Thailand,500 Global Portfolio (500.co/portfolio),2026-08-05T18:15:38.487875+00:00,True,
136,"Baby List, Inc.",https://www.babylist.com,Social Impact,United States,500 Global Portfolio (500.co/portfolio),2026-08-05T18:15:38.487875+00:00,True,
137,"Principly, Inc.",https://backer.com,Education,United States,500 Global Portfolio (500.co/portfolio),2026-08-05T18:15:38.487875+00:00,True,
138,Backstartup S.A.P.I. de C.V.,https://www.backstartup.com,SME Solution,Colombia,500 Global Portfolio (500.co/portfolio),2026-08-05T18:15:38.487875+00:00,True,
139,BALAD CORP,https://balad.me,,UNITED STATES,500 Global Portfolio (500.co/portfolio),2026-08-05T18:15:38.487875+00:00,True,
140,"Balloonr, Inc.",https://getballoon.com,Productivity,United States,500 Global Portfolio (500.co/portfolio),2026-08-05T18:15:38.487875+00:00,True,
141,BANIQL CORP.,https://baniql.com,"Climate Tech, Sustainability",South Korea,500 Global Portfolio (500.co/portfolio),2026-08-05T18:15:38.487875+00:00,True,
142,Istidamat Albarakah Technology Holding Limited,https://barakah.app,"Food, Impact",Saudi Arabia,500 Global Portfolio (500.co/portfolio),2026-08-05T18:15:38.487875+00:00,True,
143,Bariendo Inc.,https://www.bariendo.com,Health Tech,United States,500 Global Portfolio (500.co/portfolio),2026-08-05T18:15:38.487875+00:00,True,
144,Barn & Willow Inc.,https://barnandwillow.com,Real Estate,United States,500 Global Portfolio (500.co/portfolio),2026-08-05T18:15:38.487875+00:00,True,
145,BasharSoft LLC,https://basharsoft.com,HR Tech,Egypt,500 Global Portfolio (500.co/portfolio),2026-08-05T18:15:38.487875+00:00,True,
146,BBP Holding Ltd,https://www.baubap.com,FinTech,Mexico,500 Global Portfolio (500.co/portfolio),2026-08-05T18:15:38.487875+00:00,True,
147,BayaPay Sdn Bhd,https://www.bayapay.com,Payments,Malaysia,500 Global Portfolio (500.co/portfolio),2026-08-05T18:15:38.487875+00:00,True,
148,"Baycon, Inc.",https://www.baycon.co.kr,"Telecommunications, B2B Marketplaces, Commerce",South Korea,500 Global Portfolio (500.co/portfolio),2026-08-05T18:15:38.487875+00:00,True,
149,"BDG Media, Inc.",https://www.bdg.com,"Fashion, Entertainment / Media",United States,500 Global Portfolio (500.co/portfolio),2026-08-05T18:15:38.487875+00:00,True,
150,Beatdapp Software Inc.,https://beatdapp.com,"Entertainment / Media, Social Media",Canada,500 Global Portfolio (500.co/portfolio),2026-08-05T18:15:38.487875+00:00,True,
151,Beaubble,https://beaubble.com/home,Beauty,South Korea,500 Global Portfolio (500.co/portfolio),2026-08-05T18:15:38.487875+00:00,True,
152,"Brazil B2Beauty, Ltd.",https://beautydate.com.br,"Beauty, Marketplace",Vietnam,500 Global Portfolio (500.co/portfolio),2026-08-05T18:15:38.487875+00:00,True,
153,Beervana International Limited,https://beervana.asia,"Food, Consumer",Thailand,500 Global Portfolio (500.co/portfolio),2026-08-05T18:15:38.487875+00:00,True,
154,Behja Holdings Limited,https://www.behja.co,Real Estate,Saudi Arabia,500 Global Portfolio (500.co/portfolio),2026-08-05T18:15:38.487875+00:00,True,
155,Being Global Sdn Bhd,https://www.beingjuice.com,,Malaysia,500 Global Portfolio (500.co/portfolio),2026-08-05T18:15:38.487875+00:00,True,
156,Solusi Bengkel Digital Pte. Ltd.,https://belanjaparts.com,"Automotive, Ecommerce, Marketplace",Indonesia,500 Global Portfolio (500.co/portfolio),2026-08-05T18:15:38.487875+00:00,True,
157,Scinapsis Analytics Inc,https://www.benchsci.com,BioTech & Life Sciences,United States,500 Global Portfolio (500.co/portfolio),2026-08-05T18:15:38.487875+00:00,True,
158,"Nabfly, Inc.",https://www.bespokepost.com,Fashion,Slovenia,500 Global Portfolio (500.co/portfolio),2026-08-05T18:15:38.487875+00:00,True,
159,"BESUCCESS, INC.",https://besuccess.com,Consumer,South Korea,500 Global Portfolio (500.co/portfolio),2026-08-05T18:15:38.487875+00:00,True,
160,Simplemarket Inc.,https://www.betastore.co,"CPG (Consumer packaged goods), Retail, B2B Marketplaces",Nigeria,500 Global Portfolio (500.co/portfolio),2026-08-05T18:15:38.487875+00:00,True,
161,"BetterView Marketplace, Inc.",https://www.betterview.com,Aviation,United States,500 Global Portfolio (500.co/portfolio),2026-08-05T18:15:38.487875+00:00,True,
162,Bilimber Pte. Ltd.,https://bilimber.com,Developer Tools,Kazakhstan,500 Global Portfolio (500.co/portfolio),2026-08-05T18:15:38.487875+00:00,True,
163,"BILLIONTOONE, INC.",https://billiontoone.com,"BioTech & Life Sciences, Health Tech",United States,500 Global Portfolio (500.co/portfolio),2026-08-05T18:15:38.487875+00:00,True,
164,Qapital Berhad,https://www.billplz.com,FinTech,Malaysia,500 Global Portfolio (500.co/portfolio),2026-08-05T18:15:38.487875+00:00,True,
165,BillTrim Inc.,https://www.billtrim.com,FinTech,United States,500 Global Portfolio (500.co/portfolio),2026-08-05T18:15:38.487875+00:00,True,
166,Bitacora LLC,https://www.bitacora.io,"Productivity, SaaS",Mexico,500 Global Portfolio (500.co/portfolio),2026-08-05T18:15:38.487875+00:00,True,
167,Digitasport Holdings Limited,https://bith.ai,"Content, Creative Industry, Creator Economy",Jordan,500 Global Portfolio (500.co/portfolio),2026-08-05T18:15:38.487875+00:00,True,
168,"BitPowr Technologies, Inc.",https://bitpowr.com,"Blockchain, Crypto, FinTech, Web 3",United States,500 Global Portfolio (500.co/portfolio),2026-08-05T18:15:38.487875+00:00,True,
169,Airfill Hodling AB,https://www.bitrefill.com,Payments,Sweden,500 Global Portfolio (500.co/portfolio),2026-08-05T18:15:38.487875+00:00,True,
170,Blassa Inc.,https://www.blassa.io,Supply Chain,United States,500 Global Portfolio (500.co/portfolio),2026-08-05T18:15:38.487875+00:00,True,
171,"TECH FOR GOOD, LLC",https://www.blaucorp.com,"AI/Machine Learning, CleanTech, B2B Marketplaces",Mexico,500 Global Portfolio (500.co/portfolio),2026-08-05T18:15:38.487875+00:00,True,
172,Blavity Inc.,https://blavityinc.com,"Content, Social Impact",United States,500 Global Portfolio (500.co/portfolio),2026-08-05T18:15:38.487875+00:00,True,
173,"Blind Insight, Inc.",https://www.blindinsight.io,"Cybersecurity, Infrastructure",United States,500 Global Portfolio (500.co/portfolio),2026-08-05T18:15:38.487875+00:00,True,
174,Mubarak Technologies Pte. Ltd.,https://www.blinkco.io,Productivity,Saudi Arabia,500 Global Portfolio (500.co/portfolio),2026-08-05T18:15:38.487875+00:00,True,
175,"Blissmo, Inc.",https://blissmo.com,Ecommerce,United States,500 Global Portfolio (500.co/portfolio),2026-08-05T18:15:38.487875+00:00,True,
176,"The BLVD, Inc.",https://blockblock.io,Crypto,United States,500 Global Portfolio (500.co/portfolio),2026-08-05T18:15:38.487875+00:00,True,
177,"BlockCypher, Inc.",https://www.blockcypher.com,Developer Tools,United States,500 Global Portfolio (500.co/portfolio),2026-08-05T18:15:38.487875+00:00,True,
178,"BlockVigil, Inc.",https://blockvigil.com,Developer Tools,United States,500 Global Portfolio (500.co/portfolio),2026-08-05T18:15:38.487875+00:00,True,
179,"Bloom Credit, Inc.",https://bloomcredit.io,FinTech,United States,500 Global Portfolio (500.co/portfolio),2026-08-05T18:15:38.487875+00:00,True,
180,"Bloxtel, Inc.",https://bloxtel.com,Infrastructure,United States,500 Global Portfolio (500.co/portfolio),2026-08-05T18:15:38.487875+00:00,True,
181,Canary Inc.,https://bluage.co.jp,Real Estate,Japan,500 Global Portfolio (500.co/portfolio),2026-08-05T18:15:38.487875+00:00,True,
182,"Blueleaf Wealth, Inc.",https://www.blueleaf.com,"Content, FinTech",United States,500 Global Portfolio (500.co/portfolio),2026-08-05T18:15:38.487875+00:00,True,
183,Blue Studios.io Inc.,https://www.bluestudios.io,Crypto,United States,500 Global Portfolio (500.co/portfolio),2026-08-05T18:15:38.487875+00:00,True,
184,"Blue Wire, Inc.",https://www.bluewirepods.com,"AdTech, Content, Creator Economy",United Kingdom,500 Global Portfolio (500.co/portfolio),2026-08-05T18:15:38.487875+00:00,True,
185,Elleboxco Incorporated,https://www.blume.com,Healthcare,Canada,500 Global Portfolio (500.co/portfolio),2026-08-05T18:15:38.487875+00:00,True,
186,G2D Servicos Tecnologicos S.A.,https://www.boaconsulta.com,Healthcare,Brazil,500 Global Portfolio (500.co/portfolio),2026-08-05T18:15:38.487875+00:00,True,
187,Baby2Body Limited,https://bodycollective.group,"AI/Machine Learning, FemTech (women's health)",United States,500 Global Portfolio (500.co/portfolio),2026-08-05T18:15:38.487875+00:00,True,
188,Original Inc.,https://bodygram.com,Fashion,United States,500 Global Portfolio (500.co/portfolio),2026-08-05T18:15:38.487875+00:00,True,
189,Boletia Inc.,https://boletia.com,SaaS,Mexico,500 Global Portfolio (500.co/portfolio),2026-08-05T18:15:38.487875+00:00,True,
190,Bondai Inc.,https://bondai.io,"Travel & Tourism, Social Impact",Saudi Arabia,500 Global Portfolio (500.co/portfolio),2026-08-05T18:15:38.487875+00:00,True,
191,"INGENIOTECA, S.A.P.I. DE C.V.",https://bonnus.me,AdTech,Mexico,500 Global Portfolio (500.co/portfolio),2026-08-05T18:15:38.487875+00:00,True,
192,"Bonpara, Inc",https://bonpara.com,"FinTech, Gaming, Payments, SaaS",Azerbaijan,500 Global Portfolio (500.co/portfolio),2026-08-05T18:15:38.487875+00:00,True,
193,Bonum Coaching LLC,https://www.bonumcoaching.com,SME Solution,Mexico,500 Global Portfolio (500.co/portfolio),2026-08-05T18:15:38.487875+00:00,True,
194,"Baydin, Inc.",https://boomerangapp.com,Productivity,United States,500 Global Portfolio (500.co/portfolio),2026-08-05T18:15:38.487875+00:00,True,
195,"Boon, Inc",https://goboon.co/,"Crowdsourcing, SaaS, Artificial Intelligence / Machine Learning, Work, Network Effects, B2B Marketplaces, HR Tech",United States,500 Global Portfolio (500.co/portfolio),2026-08-05T18:15:38.487875+00:00,True,
196,BorrowMyDoggy Limited,https://www.borrowmydoggy.com,Pet Tech,India,500 Global Portfolio (500.co/portfolio),2026-08-05T18:15:38.487875+00:00,True,
197,"Botanalytics, Inc.",https://botanalytics.co,"Data & Analytics, Developer Tools",United States,500 Global Portfolio (500.co/portfolio),2026-08-05T18:15:38.487875+00:00,True,
198,Bridge U.S. Inc.,https://www.bridge.legal,Travel & Tourism,United States,500 Global Portfolio (500.co/portfolio),2026-08-05T18:15:38.487875+00:00,True,
199,Bounty Hunter Inc.,https://bhuntr.com,Social Impact,Taiwan,500 Global Portfolio (500.co/portfolio),2026-08-05T18:15:38.487875+00:00,True,
200,"BoxC Logistics, Inc.",https://boxc.com,Supply Chain,China,500 Global Portfolio (500.co/portfolio),2026-08-05T18:15:38.487875+00:00,True,
201,BoxGreen Food For Good Inc.,https://www.boxgreen.co,"Direct to Consumer, Food, Consumer",Singapore,500 Global Portfolio (500.co/portfolio),2026-08-05T18:15:38.487875+00:00,True,
202,Embed Inc.,https://www.pylonlending.com,FinTech,United States,500 Global Portfolio (500.co/portfolio),2026-08-05T18:15:38.487875+00:00,True,
203,Braintree Technologies Sdn. Bhd.,https://braintreex.com,AgTech,Malaysia,500 Global Portfolio (500.co/portfolio),2026-08-05T18:15:38.487875+00:00,True,
204,Branddu Inc,https://branddu.com,,UNITED STATES,500 Global Portfolio (500.co/portfolio),2026-08-05T18:15:38.487875+00:00,True,
205,Brandripe Sdn. Bhd.,https://brandripe.com,"Creative Industry, Subscription",Malaysia,500 Global Portfolio (500.co/portfolio),2026-08-05T18:15:38.487875+00:00,True,
206,"Brandtrack, Inc.",https://brandtrack.fm,SaaS,Argentina,500 Global Portfolio (500.co/portfolio),2026-08-05T18:15:38.487875+00:00,True,
207,"Breadfast, Inc.",https://www.breadfast.com,Mobility,Egypt,500 Global Portfolio (500.co/portfolio),2026-08-05T18:15:38.487875+00:00,True,
208,"Ansel Health, Inc.",https://www.joinansel.com,Consumer,United States,500 Global Portfolio (500.co/portfolio),2026-08-05T18:15:38.487875+00:00,True,
209,"BRICKS DAG, Inc.",https://www.bricks.tools,"AI/Machine Learning, Developer Tools, Retail",Taiwan,500 Global Portfolio (500.co/portfolio),2026-08-05T18:15:38.487875+00:00,True,
210,Bridg Payment Solutions Ltd.,https://www.bridgtheapp.com,Payments,United Arab Emirates,500 Global Portfolio (500.co/portfolio),2026-08-05T18:15:38.487875+00:00,True,
211,Shine Analytics Ltd.,https://brightflag.com,"FinTech, Legal",Ireland,500 Global Portfolio (500.co/portfolio),2026-08-05T18:15:38.487875+00:00,True,
212,"Briko Robotica, S.A.P.I. DE C.V.",https://brikorobotics.com,Education,Mexico,500 Global Portfolio (500.co/portfolio),2026-08-05T18:15:38.487875+00:00,True,
213,"Brilliant Worldwide, Inc.",https://brilliant.org,Education,United States,500 Global Portfolio (500.co/portfolio),2026-08-05T18:15:38.487875+00:00,True,
214,"Bringy, Inc.",https://bringy.com,InsurTech,Egypt,500 Global Portfolio (500.co/portfolio),2026-08-05T18:15:38.487875+00:00,True,
215,"Briza, Inc.",https://www.briza.com,InsurTech,United States,500 Global Portfolio (500.co/portfolio),2026-08-05T18:15:38.487875+00:00,True,
216,BRKZ INC.,https://brkz.com,,CAYMAN ISLANDS,500 Global Portfolio (500.co/portfolio),2026-08-05T18:15:38.487875+00:00,True,
217,PT. BRODO GANESHA INDONESIA,https://bro.do,Fashion,Kuwait,500 Global Portfolio (500.co/portfolio),2026-08-05T18:15:38.487875+00:00,True,
218,BSOS Holdings INC.,https://www.bsos.co,Credit & Lending,Taiwan,500 Global Portfolio (500.co/portfolio),2026-08-05T18:15:38.487875+00:00,True,
219,EasyMate Inc.,https://www.buela.ai,,UNITED STATES,500 Global Portfolio (500.co/portfolio),2026-08-05T18:15:38.487875+00:00,True,
220,BUGSTER INC.,https://bugster.dev/,,UNITED STATES,500 Global Portfolio (500.co/portfolio),2026-08-05T18:15:38.487875+00:00,True,
221,"Buildcon, Inc",https://www.buildcon.org,Construction,Serbia,500 Global Portfolio (500.co/portfolio),2026-08-05T18:15:38.487875+00:00,True,
222,PT Bukalapak.com Tbk,https://www.bukalapak.com,"FinTech, Social Impact, Consumer",Indonesia,500 Global Portfolio (500.co/portfolio),2026-08-05T18:15:38.487875+00:00,True,
223,Tulp Street Pte. Ltd.,https://bukukas.co.id,Content,United States,500 Global Portfolio (500.co/portfolio),2026-08-05T18:15:38.487875+00:00,True,
224,Bumame Pte. Ltd.,https://bumame.com,Healthcare,Indonesia,500 Global Portfolio (500.co/portfolio),2026-08-05T18:15:38.487875+00:00,True,
225,"Bunch Live, Inc.",https://bunch.live,"Gaming, Social Impact",Canada,500 Global Portfolio (500.co/portfolio),2026-08-05T18:15:38.487875+00:00,True,
226,P5M Project Management Co. Ltd,https://www.p5m.me,Healthcare,Kuwait,500 Global Portfolio (500.co/portfolio),2026-08-05T18:15:38.487875+00:00,True,
227,"Ad Hoc Labs, Inc.",https://www.burnerapp.com,Developer Tools,United States,500 Global Portfolio (500.co/portfolio),2026-08-05T18:15:38.487875+00:00,True,
228,"BurstIQ, Inc.",https://burstiq.com,Healthcare,United States,500 Global Portfolio (500.co/portfolio),2026-08-05T18:15:38.487875+00:00,True,
229,Butlr Technologies Inc.,https://www.butlr.com,Real Estate,United States,500 Global Portfolio (500.co/portfolio),2026-08-05T18:15:38.487875+00:00,True,
230,Buy Buddy Elektronik Güvenlik Bilişim Reklam Telekomünikasyon Sanayi Ve Ticaret A.Ş.,https://buybuddy.co,Data & Analytics,United States,500 Global Portfolio (500.co/portfolio),2026-08-05T18:15:38.487875+00:00,True,
231,Byanat Holdings Limited,https://byanat.ai,"AI/Machine Learning, Data & Analytics, Big Data",Oman,500 Global Portfolio (500.co/portfolio),2026-08-05T18:15:38.487875+00:00,True,
232,Bytez Inc.,https://bytez.com,Developer Tools,United States,500 Global Portfolio (500.co/portfolio),2026-08-05T18:15:38.487875+00:00,True,
233,"Cabify, Inc.",https://cabify.com,"Travel & Tourism, Mobility",Mexico,500 Global Portfolio (500.co/portfolio),2026-08-05T18:15:38.487875+00:00,True,
234,"Cadana, Inc.",https://cadanapay.com,Consumer,Ghana,500 Global Portfolio (500.co/portfolio),2026-08-05T18:15:38.487875+00:00,True,
235,"SeekPanda, Inc.",https://www.cadencetranslate.com,,United States,500 Global Portfolio (500.co/portfolio),2026-08-05T18:15:38.487875+00:00,True,
236,"Cado Gifts, Inc.",https://cadogifting.com,Consumer,United Arab Emirates,500 Global Portfolio (500.co/portfolio),2026-08-05T18:15:38.487875+00:00,True,
237,Calificadas LLC,https://www.calificadas.com,Education,Argentina,500 Global Portfolio (500.co/portfolio),2026-08-05T18:15:38.487875+00:00,True,
238,Call Levels Pte. Ltd.,https://www.call-levels.com,Real Estate,Singapore,500 Global Portfolio (500.co/portfolio),2026-08-05T18:15:38.487875+00:00,True,
239,Calo Inc.,https://www.calo.app,Content,Bahrain,500 Global Portfolio (500.co/portfolio),2026-08-05T18:15:38.487875+00:00,True,
240,Scalare Partners Holdings Limited,https://www.candyclub.com,Ecommerce,Australia,500 Global Portfolio (500.co/portfolio),2026-08-05T18:15:38.487875+00:00,True,
241,"Encarte, Inc.",https://www.heycanopy.com,FinTech,United States,500 Global Portfolio (500.co/portfolio),2026-08-05T18:15:38.487875+00:00,True,
242,Canva Inc.,https://www.canva.com,Social Media,Australia,500 Global Portfolio (500.co/portfolio),2026-08-05T18:15:38.487875+00:00,True,
243,"CapLinked, Inc.",https://www.caplinked.com,"Developer Tools, FinTech",United States,500 Global Portfolio (500.co/portfolio),2026-08-05T18:15:38.487875+00:00,True,
244,CAPS Inc.,https://caps365.jp,"Wellness, Healthcare",Japan,500 Global Portfolio (500.co/portfolio),2026-08-05T18:15:38.487875+00:00,True,
245,Capy Inc.,https://www.leminnow.com,"AI/Machine Learning, Cybersecurity",United States,500 Global Portfolio (500.co/portfolio),2026-08-05T18:15:38.487875+00:00,True,
246,JCDT Inc,https://carbon.ai,"Ecommerce, Logistics, Supply Chain",United States,500 Global Portfolio (500.co/portfolio),2026-08-05T18:15:38.487875+00:00,True,
247,"Carbon Health Technologies, Inc.",https://carbonhealth.com,Healthcare,United States,500 Global Portfolio (500.co/portfolio),2026-08-05T18:15:38.487875+00:00,True,
248,FairPay Ltd.,https://www.carbonsifr.com,"AI/Machine Learning, CleanTech, Climate Tech",United Arab Emirates,500 Global Portfolio (500.co/portfolio),2026-08-05T18:15:38.487875+00:00,True,
249,CardMonster Inc.,https://cardmon.com,Gaming,South Korea,500 Global Portfolio (500.co/portfolio),2026-08-05T18:15:38.487875+00:00,True,
250,CareGuide Inc.,https://www.careguide.com,Healthcare,United States,500 Global Portfolio (500.co/portfolio),2026-08-05T18:15:38.487875+00:00,True,
251,"CareLuLu, Inc.",https://www.carelulu.com,Education,United States,500 Global Portfolio (500.co/portfolio),2026-08-05T18:15:38.487875+00:00,True,
252,Caresense Pte. Ltd.,https://www.caresense.com,,UNITED STATES,500 Global Portfolio (500.co/portfolio),2026-08-05T18:15:38.487875+00:00,True,
253,Carevision Inc.,https://carevisionai.com,,UNITED STATES,500 Global Portfolio (500.co/portfolio),2026-08-05T18:15:38.487875+00:00,True,
254,Cargobase Pte. Ltd.,https://www.cargobase.com,"Logistics, Supply Chain",Indonesia,500 Global Portfolio (500.co/portfolio),2026-08-05T18:15:38.487875+00:00,True,
255,Cargon Tech B.V.,https://cargon.com,,NETHERLANDS,500 Global Portfolio (500.co/portfolio),2026-08-05T18:15:38.487875+00:00,True,
256,CARNOT FLEET PTE. LTD.,https://www.carnotfleet.com,Supply Chain,Singapore,500 Global Portfolio (500.co/portfolio),2026-08-05T18:15:38.487875+00:00,True,
257,Carousell Pte. Ltd,https://www.carousell.sg,"Ecommerce, FinTech, Marketplace",Singapore,500 Global Portfolio (500.co/portfolio),2026-08-05T18:15:38.487875+00:00,True,
258,Carreira Beauty Portal da Beleza Ltda,https://carreirabeauty.com,Consumer,Brazil,500 Global Portfolio (500.co/portfolio),2026-08-05T18:15:38.487875+00:00,True,
259,GLOBAL CAR GROUP PTE. LTD.,https://www.cars24.com,Mobility,India,500 Global Portfolio (500.co/portfolio),2026-08-05T18:15:38.487875+00:00,True,
260,Carsome Group Inc.,https://www.carsome.my,Mobility,Malaysia,500 Global Portfolio (500.co/portfolio),2026-08-05T18:15:38.487875+00:00,True,
261,CarSwitch Ltd.,https://carswitch.com,Mobility,United Arab Emirates,500 Global Portfolio (500.co/portfolio),2026-08-05T18:15:38.487875+00:00,True,
262,Catch That Bus Pte Ltd,https://www.catchthatbus.com,Travel & Tourism,Malaysia,500 Global Portfolio (500.co/portfolio),2026-08-05T18:15:38.487875+00:00,True,
263,"Cenos, SIA",https://www.cenos-platform.com,,United States,500 Global Portfolio (500.co/portfolio),2026-08-05T18:15:38.487875+00:00,True,
264,"Cerberus Tech, Inc.",https://c7-security.com/cerberus,"Cybersecurity, Artificial Intelligence / Machine Learning",UNITED STATES,500 Global Portfolio (500.co/portfolio),2026-08-05T18:15:38.487875+00:00,True,
265,Cesanta Software Limited,https://cesanta.com,Developer Tools,Ireland,500 Global Portfolio (500.co/portfolio),2026-08-05T18:15:38.487875+00:00,True,
266,"Chaart, Inc.",https://www.chaart.co,"App, Marketplace",South Korea,500 Global Portfolio (500.co/portfolio),2026-08-05T18:15:38.487875+00:00,True,
267,"ChalDal, Inc.",https://chaldal.com,"Ecommerce, Food",Bangladesh,500 Global Portfolio (500.co/portfolio),2026-08-05T18:15:38.487875+00:00,True,
268,"ChannelMeter, Inc.",https://channelmeter.com,Data & Analytics,Japan,500 Global Portfolio (500.co/portfolio),2026-08-05T18:15:38.487875+00:00,True,
269,"ChargeMate AI, Inc.",,AI/Machine Learning,UNITED STATES,500 Global Portfolio (500.co/portfolio),2026-08-05T18:15:38.487875+00:00,True,
270,Charlie HR Ltd.,https://www.charliehr.com,HR Tech,United Kingdom,500 Global Portfolio (500.co/portfolio),2026-08-05T18:15:38.487875+00:00,True,
271,"200 Labs, Inc.",https://chatfuel.com,"Entertainment / Media, Social Impact",United States,500 Global Portfolio (500.co/portfolio),2026-08-05T18:15:38.487875+00:00,True,
272,Chatsimple Inc.,https://www.chatsimple.ai,AI/Machine Learning,Canada,500 Global Portfolio (500.co/portfolio),2026-08-05T18:15:38.487875+00:00,True,
273,CHEAF TECHNOLOGIES INC,https://cheaf.com,Food,Mexico,500 Global Portfolio (500.co/portfolio),2026-08-05T18:15:38.487875+00:00,True,
274,"Cheddar Up, Inc.",https://www.cheddarup.com,Payments,United States,500 Global Portfolio (500.co/portfolio),2026-08-05T18:15:38.487875+00:00,True,
275,Chefaa Inc.,https://chefaa.com,"Data & Analytics, Health Tech, Healthcare",Egypt,500 Global Portfolio (500.co/portfolio),2026-08-05T18:15:38.487875+00:00,True,
276,"Chefs for Seniors, Inc",https://chefsforseniors.com,"Ecommerce, Food",United States,500 Global Portfolio (500.co/portfolio),2026-08-05T18:15:38.487875+00:00,True,
277,"Chemical Technologies, Inc.",https://www.chmtch.com,"AI/Machine Learning, Industrials",United States,500 Global Portfolio (500.co/portfolio),2026-08-05T18:15:38.487875+00:00,True,
278,Chickin Pte. Ltd.,https://chickin.id,"AgTech, Food",Indonesia,500 Global Portfolio (500.co/portfolio),2026-08-05T18:15:38.487875+00:00,True,
279,Chikaku Inc.,https://www.chikaku.co.jp,Content,Japan,500 Global Portfolio (500.co/portfolio),2026-08-05T18:15:38.487875+00:00,True,
280,CTM Longevity Holdings Pte. Ltd.,https://www.chilongevity.com,,SINGAPORE,500 Global Portfolio (500.co/portfolio),2026-08-05T18:15:38.487875+00:00,True,
281,Chimelabs Holdings PTY LTD,https://www.chimelabs.ai,"Construction, Artificial Intelligence / Machine Learning",AUSTRALIA,500 Global Portfolio (500.co/portfolio),2026-08-05T18:15:38.487875+00:00,True,
282,Chipax Inc.,https://www.chipax.com,"Accounting, SaaS, Subscription",Chile,500 Global Portfolio (500.co/portfolio),2026-08-05T18:15:38.487875+00:00,True,
283,"Critical Ideas, Inc.",https://chippercash.com,Payments,United States,500 Global Portfolio (500.co/portfolio),2026-08-05T18:15:38.487875+00:00,True,
284,"Innovative Hospitality, LLC",https://www.chouxbox.com,FinTech,United States,500 Global Portfolio (500.co/portfolio),2026-08-05T18:15:38.487875+00:00,True,
285,Cicada Technologies Inc.,https://cicada.io,"Banking & Exchange, Cybersecurity, FinTech",Mexico,500 Global Portfolio (500.co/portfolio),2026-08-05T18:15:38.487875+00:00,True,
286,Circle Asia Technologies Pte. Ltd.,https://www.getcircle.ai,FinTech,SINGAPORE,500 Global Portfolio (500.co/portfolio),2026-08-05T18:15:38.487875+00:00,True,
287,"Circle Internet Services, Inc.",https://circleci.com,Developer Tools,United States,500 Global Portfolio (500.co/portfolio),2026-08-05T18:15:38.487875+00:00,True,
288,Circulo de Belleza LLC,https://www.circulodebelleza.com,"Beauty, B2B Marketplaces, Commerce",Mexico,500 Global Portfolio (500.co/portfolio),2026-08-05T18:15:38.487875+00:00,True,
289,"Cirrus Identity, Inc.",https://www.cirrusidentity.com,Developer Tools,United States,500 Global Portfolio (500.co/portfolio),2026-08-05T18:15:38.487875+00:00,True,
290,Civet Biosciences Limited,https://civetbio.com,BioTech & Life Sciences,China,500 Global Portfolio (500.co/portfolio),2026-08-05T18:15:38.487875+00:00,True,
291,Civica Digital Mexico S.A.P.I. DE C.V.,https://www.civica.digital,CivicTech,Mexico,500 Global Portfolio (500.co/portfolio),2026-08-05T18:15:38.487875+00:00,True,
292,"Anywhere 2 Go Co., Ltd",https://claimdi.com,InsurTech,United States,500 Global Portfolio (500.co/portfolio),2026-08-05T18:15:38.487875+00:00,True,
293,"Clanbeat, Inc.",https://clanbeat.com,Education,Estonia,500 Global Portfolio (500.co/portfolio),2026-08-05T18:15:38.487875+00:00,True,
294,DWhale Inc.,https://welcome.clap.company,"Education, SaaS, Talent Management, HR Tech",South Korea,500 Global Portfolio (500.co/portfolio),2026-08-05T18:15:38.487875+00:00,True,
295,"Lex Labs Holdings, Inc",https://clara.co,Legal,United Arab Emirates,500 Global Portfolio (500.co/portfolio),2026-08-05T18:15:38.487875+00:00,True,
296,CLASSERA HOLDING INC,https://classera.com,"Education, Impact, SaaS",Saudi Arabia,500 Global Portfolio (500.co/portfolio),2026-08-05T18:15:38.487875+00:00,True,
297,Cleanly Inc.,https://cleanly.com,"Direct to Consumer, Consumer",United States,500 Global Portfolio (500.co/portfolio),2026-08-05T18:15:38.487875+00:00,True,
298,"Clearcover, Inc.",https://clearcover.com,InsurTech,United States,500 Global Portfolio (500.co/portfolio),2026-08-05T18:15:38.487875+00:00,True,
299,ClickMechanic LTD,https://www.clickmechanic.com,Automotive,United Kingdom,500 Global Portfolio (500.co/portfolio),2026-08-05T18:15:38.487875+00:00,True,
300,Ohealer Healthcare Services Pvt. Ltd.,https://www.clinikk.com,"Health Tech, Wellness, Healthcare",India,500 Global Portfolio (500.co/portfolio),2026-08-05T18:15:38.487875+00:00,True,
301,Clinova Inc,https://clinova.ai,,UNITED STATES,500 Global Portfolio (500.co/portfolio),2026-08-05T18:15:38.487875+00:00,True,
302,"PayClip, Inc.",https://clip.mx,FinTech,Mexico,500 Global Portfolio (500.co/portfolio),2026-08-05T18:15:38.487875+00:00,True,
303,BRK Health Solutions,https://clivi.com.mx,Healthcare,Mexico,500 Global Portfolio (500.co/portfolio),2026-08-05T18:15:38.487875+00:00,True,
304,Clockster Pte. Ltd.,https://clockster.com,"Work, HR Tech",Singapore,500 Global Portfolio (500.co/portfolio),2026-08-05T18:15:38.487875+00:00,True,
305,CloudAStructure Inc,https://www.cloudastructure.com,AI/Machine Learning,UNITED STATES,500 Global Portfolio (500.co/portfolio),2026-08-05T18:15:38.487875+00:00,True,
306,"Cloud Commerce Co., Ltd.",https://cloudcommerce.co,"Content, Supply Chain",Thailand,500 Global Portfolio (500.co/portfolio),2026-08-05T18:15:38.487875+00:00,True,
307,Clout Technologies Inc.,https://www.cloutdesk.com,"AdTech, Entertainment / Media, Infrastructure",United States,500 Global Portfolio (500.co/portfolio),2026-08-05T18:15:38.487875+00:00,True,
308,Cobalt Labs Inc.,https://www.cobalt.io,Cybersecurity,United States,500 Global Portfolio (500.co/portfolio),2026-08-05T18:15:38.487875+00:00,True,
309,Coded Ltd,https://www.joincoded.com,HR Tech,Kuwait,500 Global Portfolio (500.co/portfolio),2026-08-05T18:15:38.487875+00:00,True,
310,"Peeridea, Inc.",https://www.codementor.io,Developer Tools,United States,500 Global Portfolio (500.co/portfolio),2026-08-05T18:15:38.487875+00:00,True,
311,Cognium Inc.,,,UNITED STATES,500 Global Portfolio (500.co/portfolio),2026-08-05T18:15:38.487875+00:00,True,
312,"Cognuse, Inc.",https://www.cognuse.com,Healthcare,United States,500 Global Portfolio (500.co/portfolio),2026-08-05T18:15:38.487875+00:00,True,
313,Grupo Devan SAPI de CV,https://comebien.mx,Food,Mexico,500 Global Portfolio (500.co/portfolio),2026-08-05T18:15:38.487875+00:00,True,
314,"Comento, Co. Ltd.",https://www.comento.kr,"Content, Education, HR Tech",South Korea,500 Global Portfolio (500.co/portfolio),2026-08-05T18:15:38.487875+00:00,True,
315,Maango Holdings Limited,https://www.getcometa.com,Education,Mexico,500 Global Portfolio (500.co/portfolio),2026-08-05T18:15:38.487875+00:00,True,
316,Comfi Holdings Limited,https://www.comfi.ai,FinTech,United Arab Emirates,500 Global Portfolio (500.co/portfolio),2026-08-05T18:15:38.487875+00:00,True,
317,CommitChange Corp.,https://commitchange.com,FinTech,United States,500 Global Portfolio (500.co/portfolio),2026-08-05T18:15:38.487875+00:00,True,
318,"Community.com, Inc.",https://www.community.com,Social Impact,United States,500 Global Portfolio (500.co/portfolio),2026-08-05T18:15:38.487875+00:00,True,
319,"ComplyBridge, Inc.",https://complybridge.xyz,,UNITED STATES,500 Global Portfolio (500.co/portfolio),2026-08-05T18:15:38.487875+00:00,True,
320,"CompStak, Inc.",https://www.compstak.com,Real Estate,United States,500 Global Portfolio (500.co/portfolio),2026-08-05T18:15:38.487875+00:00,True,
321,ConceptDrop Inc,https://conceptdrop.com,Social Media,United States,500 Global Portfolio (500.co/portfolio),2026-08-05T18:15:38.487875+00:00,True,
322,"TopHatch, Inc.",https://concepts.app,Creative Industry,United States,500 Global Portfolio (500.co/portfolio),2026-08-05T18:15:38.487875+00:00,True,
323,Grupo Conektame S.A. de C.V,https://www.conekta.com,FinTech,Mexico,500 Global Portfolio (500.co/portfolio),2026-08-05T18:15:38.487875+00:00,True,
324,CONFIABOGADO LLC,https://confiabogado.com,"FinTech, Legal, Consumer",Mexico,500 Global Portfolio (500.co/portfolio),2026-08-05T18:15:38.487875+00:00,True,
325,"Conicle Co., Ltd.",https://conicle.com,HR Tech,Thailand,500 Global Portfolio (500.co/portfolio),2026-08-05T18:15:38.487875+00:00,True,
326,"C2M Technologies, Inc.",https://connected2.me,Telecommunications,Turkey,500 Global Portfolio (500.co/portfolio),2026-08-05T18:15:38.487875+00:00,True,
327,Connected Robotics Inc.,https://connected-robotics.com,Robotics,Japan,500 Global Portfolio (500.co/portfolio),2026-08-05T18:15:38.487875+00:00,True,
328,ContaAzul Software LTDA,https://contaazul.com,FinTech,Brazil,500 Global Portfolio (500.co/portfolio),2026-08-05T18:15:38.487875+00:00,True,
329,Contalink Inc.,https://www.contalink.com,Accounting,Mexico,500 Global Portfolio (500.co/portfolio),2026-08-05T18:15:38.487875+00:00,True,
330,Conteller Inc.,https://www.conteller.com,"AI/Machine Learning, Marketplace, Creator Economy",Mexico,500 Global Portfolio (500.co/portfolio),2026-08-05T18:15:38.487875+00:00,True,
331,"Contently, Inc.",https://contently.com,Content,United States,500 Global Portfolio (500.co/portfolio),2026-08-05T18:15:38.487875+00:00,True,
332,CoolSo Technology Inc.,https://coolsotech.com,"Hardware, Health Tech, Impact",Taiwan,500 Global Portfolio (500.co/portfolio),2026-08-05T18:15:38.487875+00:00,True,
333,COR Worldwide Inc.,https://projectcor.com,AI/Machine Learning,United States,500 Global Portfolio (500.co/portfolio),2026-08-05T18:15:38.487875+00:00,True,
334,"Core Labs, Inc.",https://www.corelabs.xyz,HR Tech,United States,500 Global Portfolio (500.co/portfolio),2026-08-05T18:15:38.487875+00:00,True,
335,"OurHealthMate, Inc.",https://corporate.ourhealthmate.com,Healthcare,United States,500 Global Portfolio (500.co/portfolio),2026-08-05T18:15:38.487875+00:00,True,
336,"Cortex Robot, Inc",,,UNITED STATES,500 Global Portfolio (500.co/portfolio),2026-08-05T18:15:38.487875+00:00,True,
337,Cosmic Labs Technologies INC,,,UNITED STATES,500 Global Portfolio (500.co/portfolio),2026-08-05T18:15:38.487875+00:00,True,
338,"Cognitive Operational Systems, Inc.",https://www.cosyrobo.com,Supply Chain,United States,500 Global Portfolio (500.co/portfolio),2026-08-05T18:15:38.487875+00:00,True,
339,"Kitterly, Inc.",https://www.cottoncuts.com,Fashion,United States,500 Global Portfolio (500.co/portfolio),2026-08-05T18:15:38.487875+00:00,True,
340,"Coursebase, Inc.",https://coursebase.co,HR Tech,United States,500 Global Portfolio (500.co/portfolio),2026-08-05T18:15:38.487875+00:00,True,
341,Coveti Inc.,https://coveti.com,Fashion,United Arab Emirates,500 Global Portfolio (500.co/portfolio),2026-08-05T18:15:38.487875+00:00,True,
342,"Crabi, Inc.",https://www.crabi.com,InsurTech,Mexico,500 Global Portfolio (500.co/portfolio),2026-08-05T18:15:38.487875+00:00,True,
343,"Crafting, Inc.",https://www.crafting.dev,CloudTech,United States,500 Global Portfolio (500.co/portfolio),2026-08-05T18:15:38.487875+00:00,True,
344,PlanetAI Technologies Private Limited,https://craon.ai,"AI/Machine Learning, Content, Creator Economy",India,500 Global Portfolio (500.co/portfolio),2026-08-05T18:15:38.487875+00:00,True,
345,CRAVE ROBOTICS INC.,,,UNITED STATES,500 Global Portfolio (500.co/portfolio),2026-08-05T18:15:38.487875+00:00,True,
346,"Creative Market Labs, Inc.",https://creativemarket.com,,United States,500 Global Portfolio (500.co/portfolio),2026-08-05T18:15:38.487875+00:00,True,
347,DeepLinq A.I Pte. Ltd.,https://www.credilinq.ai,FinTech,Singapore,500 Global Portfolio (500.co/portfolio),2026-08-05T18:15:38.487875+00:00,True,
348,"Credit Karma, Inc.",https://creditkarma.com,FinTech,United States,500 Global Portfolio (500.co/portfolio),2026-08-05T18:15:38.487875+00:00,True,
349,CreoPop Pte Ltd,https://creopop.com,Social Media,Singapore,500 Global Portfolio (500.co/portfolio),2026-08-05T18:15:38.487875+00:00,True,
350,Crescendo Lab,https://www.cresclab.com,Content,Taiwan,500 Global Portfolio (500.co/portfolio),2026-08-05T18:15:38.487875+00:00,True,
351,"Croissant, Inc.",https://www.getcroissant.com,Work,United States,500 Global Portfolio (500.co/portfolio),2026-08-05T18:15:38.487875+00:00,True,
352,"Crowdmade, Inc.",https://crowdmade.com,Fashion,United States,500 Global Portfolio (500.co/portfolio),2026-08-05T18:15:38.487875+00:00,True,
353,"CrowdPlat, Inc.",https://crowdplat.com,HR Tech,United States,500 Global Portfolio (500.co/portfolio),2026-08-05T18:15:38.487875+00:00,True,
354,"Statsbot, Inc.",https://cube.dev,Productivity,Hong Kong,500 Global Portfolio (500.co/portfolio),2026-08-05T18:15:38.487875+00:00,True,
355,"Cuidamimascota, Ltd",https://www.cuidamimascota.com.mx,Marketplace,Mexico,500 Global Portfolio (500.co/portfolio),2026-08-05T18:15:38.487875+00:00,True,
356,Cultivaet Technologies Holding Ltd.,https://cultivaet.net,,UNITED ARAB EMIRATES,500 Global Portfolio (500.co/portfolio),2026-08-05T18:15:38.487875+00:00,True,
357,Lighthouse Lead Holdings LLC,https://www.cuponomia.com.br,Ecommerce,Brazil,500 Global Portfolio (500.co/portfolio),2026-08-05T18:15:38.487875+00:00,True,
358,"CurieVision, Inc.",https://www.curie.co,"AI/Machine Learning, Ecommerce, Retail, VR/AR, Deep Tech, Artificial Intelligence / Machine Learning, Augmented Reality / Virtual Reality, Mobile, Commerce",United States,500 Global Portfolio (500.co/portfolio),2026-08-05T18:15:38.487875+00:00,True,
359,Curios Labs Limited,https://curio.io,"AudioTech, Content, Consumer",United Kingdom,500 Global Portfolio (500.co/portfolio),2026-08-05T18:15:38.487875+00:00,True,
360,"Current Labs, Inc.",https://getfishbit.com,Pet Tech,United States,500 Global Portfolio (500.co/portfolio),2026-08-05T18:15:38.487875+00:00,True,
361,"CUSTODIAN HUB DE INNOVACIÓN, S.A.P.I. DE C.V.",https://getcustodian.com,InsurTech,Mexico,500 Global Portfolio (500.co/portfolio),2026-08-05T18:15:38.487875+00:00,True,
362,"CXX Co., Ltd.",https://cheriexx.com,Beauty,South Korea,500 Global Portfolio (500.co/portfolio),2026-08-05T18:15:38.487875+00:00,True,
363,"CyberTalents, Inc.",https://cybertalents.com,HR Tech,Egypt,500 Global Portfolio (500.co/portfolio),2026-08-05T18:15:38.487875+00:00,True,
364,Cyberwrite Ltd.,https://cyberwrite.com,FinTech,Israel,500 Global Portfolio (500.co/portfolio),2026-08-05T18:15:38.487875+00:00,True,
365,Dabchy Groupe,https://www.dabchy.com,Fashion,Tunisia,500 Global Portfolio (500.co/portfolio),2026-08-05T18:15:38.487875+00:00,True,
366,Dagangan Pte. Ltd.,https://dagangan.com,Supply Chain,Singapore,500 Global Portfolio (500.co/portfolio),2026-08-05T18:15:38.487875+00:00,True,
367,DailyMealz Inc.,https://dailymealz.com,Food,Saudi Arabia,500 Global Portfolio (500.co/portfolio),2026-08-05T18:15:38.487875+00:00,True,
368,Motherbeing Holding B.V.,https://motherbeing.com,,NETHERLANDS,500 Global Portfolio (500.co/portfolio),2026-08-05T18:15:38.487875+00:00,True,
369,Danit Inc.,,SaaS,South Korea,500 Global Portfolio (500.co/portfolio),2026-08-05T18:15:38.487875+00:00,True,
370,Dapta Inc,https://daptatech.com,"DevOps, Developer Tools, SaaS",Colombia,500 Global Portfolio (500.co/portfolio),2026-08-05T18:15:38.487875+00:00,True,
371,DARWINBOX DIGITAL SOLUTIONS PRIVATE LIMITED,https://darwinbox.com,HR Tech,Singapore,500 Global Portfolio (500.co/portfolio),2026-08-05T18:15:38.487875+00:00,True,
372,Datafree Limited,https://datafr.ee,Developer Tools,Australia,500 Global Portfolio (500.co/portfolio),2026-08-05T18:15:38.487875+00:00,True,
373,DATAINT LLC,https://dataint.mx,SaaS,Mexico,500 Global Portfolio (500.co/portfolio),2026-08-05T18:15:38.487875+00:00,True,
374,DataKrew Pte. Ltd.,https://www.datakrew.com,,Singapore,500 Global Portfolio (500.co/portfolio),2026-08-05T18:15:38.487875+00:00,True,
375,"Data Unistream, Inc.",https://datamind.ge,"Data & Analytics, Artificial Intelligence / Machine Learning, Analytics, B2B Marketplaces",Georgia,500 Global Portfolio (500.co/portfolio),2026-08-05T18:15:38.487875+00:00,True,
376,"Datasembly, Inc.",https://datasembly.com,Data & Analytics,United States,500 Global Portfolio (500.co/portfolio),2026-08-05T18:15:38.487875+00:00,True,
377,Dawaai Technologies Pte Ltd,https://dawaai.pk,Healthcare,Singapore,500 Global Portfolio (500.co/portfolio),2026-08-05T18:15:38.487875+00:00,True,
378,MENA Wellness Corp,https://dawsat.com,Consumer,Palestine,500 Global Portfolio (500.co/portfolio),2026-08-05T18:15:38.487875+00:00,True,
379,DDC Enterprise Limited,https://daydaycook.com,Social Media,Hong Kong,500 Global Portfolio (500.co/portfolio),2026-08-05T18:15:38.487875+00:00,True,
380,DDD Invoices Ltd,https://dddinvoices.com/,"Developer Tools, FinTech, SaaS",UNITED KINGDOM,500 Global Portfolio (500.co/portfolio),2026-08-05T18:15:38.487875+00:00,True,
381,Local Tech Holdings Limited,https://dealcart.io,"Ecommerce, FinTech, Marketplace, Retail",Pakistan,500 Global Portfolio (500.co/portfolio),2026-08-05T18:15:38.487875+00:00,True,
382,Dealpad Limited,https://www.dealpad.io,Content,United Kingdom,500 Global Portfolio (500.co/portfolio),2026-08-05T18:15:38.487875+00:00,True,
383,Deben TMS,https://deben.io,"Banking & Exchange, CloudTech, FinTech",Saudi Arabia,500 Global Portfolio (500.co/portfolio),2026-08-05T18:15:38.487875+00:00,True,
384,"Decade, Inc",,,UNITED STATES,500 Global Portfolio (500.co/portfolio),2026-08-05T18:15:38.487875+00:00,True,
385,Decube Data Pte. Ltd.,https://www.decube.io,Data & Analytics,Singapore,500 Global Portfolio (500.co/portfolio),2026-08-05T18:15:38.487875+00:00,True,
386,Deep Infra Inc.,,,UNITED STATES,500 Global Portfolio (500.co/portfolio),2026-08-05T18:15:38.487875+00:00,True,
387,"DeepSparks Co., Ltd.",https://www.deepsparks.ai,AI/Machine Learning,Thailand,500 Global Portfolio (500.co/portfolio),2026-08-05T18:15:38.487875+00:00,True,
388,"Ginzamarkets, Inc.",https://www.demandsphere.com,"AI/Machine Learning, Data & Analytics",United States,500 Global Portfolio (500.co/portfolio),2026-08-05T18:15:38.487875+00:00,True,
389,Dentacarts Ltd,https://dentacarts.com,"Health Tech, Healthcare, B2B Marketplaces",Egypt,500 Global Portfolio (500.co/portfolio),2026-08-05T18:15:38.487875+00:00,True,
390,Correo Solucion S.A.P.I. de C.V.,https://www.deporprive.mx,Ecommerce,Mexico,500 Global Portfolio (500.co/portfolio),2026-08-05T18:15:38.487875+00:00,True,
391,Desaisiv Inc.,https://desaisiv.com,InsurTech,Saudi Arabia,500 Global Portfolio (500.co/portfolio),2026-08-05T18:15:38.487875+00:00,True,
392,Descomplica Ltd,https://descomplica.com.br,Education,Brazil,500 Global Portfolio (500.co/portfolio),2026-08-05T18:15:38.487875+00:00,True,
393,DESERT FARMS INC.,https://desertfarms.com,Consumer,United States,500 Global Portfolio (500.co/portfolio),2026-08-05T18:15:38.487875+00:00,True,
394,Detoure Inc,https://detoure.co,"Ecommerce, Fashion, Marketplace, Creator Economy",United States,500 Global Portfolio (500.co/portfolio),2026-08-05T18:15:38.487875+00:00,True,
395,PACKWORKS COMPANY LIMITED,https://dezpax.com,Supply Chain,Thailand,500 Global Portfolio (500.co/portfolio),2026-08-05T18:15:38.487875+00:00,True,
396,Diagnovet Inc.,,,UNITED STATES,500 Global Portfolio (500.co/portfolio),2026-08-05T18:15:38.487875+00:00,True,
397,"Dabee Brazil, Ltda.",https://dabee.com.br,FinTech,United States,500 Global Portfolio (500.co/portfolio),2026-08-05T18:15:38.487875+00:00,True,
398,Digital Media Nusantara Sdn. Bhd.,https://digitalmedianusantara.com,"Data & Analytics, FinTech",Malaysia,500 Global Portfolio (500.co/portfolio),2026-08-05T18:15:38.487875+00:00,True,
399,"Digital Mortar, Inc.",https://digitalmortar.com,"Data & Analytics, Supply Chain",United States,500 Global Portfolio (500.co/portfolio),2026-08-05T18:15:38.487875+00:00,True,
400,"Hakuna Services, Inc",https://getdimension.com,Climate Tech,United States,500 Global Portfolio (500.co/portfolio),2026-08-05T18:15:38.487875+00:00,True,
401,"Dinari, Inc.",https://www.dinari.com,"Crypto, FinTech",United States,500 Global Portfolio (500.co/portfolio),2026-08-05T18:15:38.487875+00:00,True,
402,Bryng.me Pte. Ltd.,https://www.dishdash.co,Mobility,Singapore,500 Global Portfolio (500.co/portfolio),2026-08-05T18:15:38.487875+00:00,True,
403,"Disrupt Technology Venture Co.,Ltd.",https://www.disruptignite.com,HR Tech,Thailand,500 Global Portfolio (500.co/portfolio),2026-08-05T18:15:38.487875+00:00,True,
404,Creator's Collective Inc.,https://www.divestudios.io,Social Media,United States,500 Global Portfolio (500.co/portfolio),2026-08-05T18:15:38.487875+00:00,True,
405,"DK Finechemical Co., Ltd.",https://www.dkfinechem.com,"Manufacturing, Big Data",South Korea,500 Global Portfolio (500.co/portfolio),2026-08-05T18:15:38.487875+00:00,True,
406,Docs Colombia AB,https://www.doc-doc.com,Health Tech,Colombia,500 Global Portfolio (500.co/portfolio),2026-08-05T18:15:38.487875+00:00,True,
407,DocDoc Pte Ltd.,https://www.docdoc.com,InsurTech,Singapore,500 Global Portfolio (500.co/portfolio),2026-08-05T18:15:38.487875+00:00,True,
408,"Docket Technologies, Inc.",https://www.getdocket.com,Legal,United States,500 Global Portfolio (500.co/portfolio),2026-08-05T18:15:38.487875+00:00,True,
409,DOOS HOLDING LTD,https://www.doos.sa/,Consumer,Saudi Arabia,500 Global Portfolio (500.co/portfolio),2026-08-05T18:15:38.487875+00:00,True,
410,Dora LLC,https://holadora.co,"FinTech, InsurTech, PropTech",Colombia,500 Global Portfolio (500.co/portfolio),2026-08-05T18:15:38.487875+00:00,True,
411,Lexoo Limited,https://info.lexoo.com,AI/Machine Learning,United Kingdom,500 Global Portfolio (500.co/portfolio),2026-08-05T18:15:38.487875+00:00,True,
412,Drahim Holdings,https://drahim.sa,FinTech,Saudi Arabia,500 Global Portfolio (500.co/portfolio),2026-08-05T18:15:38.487875+00:00,True,
413,Dream Labs Inc.,,,UNITED STATES,500 Global Portfolio (500.co/portfolio),2026-08-05T18:15:38.487875+00:00,True,
414,Drivemate Company Limited,https://www.drivemate.asia,Mobility,Thailand,500 Global Portfolio (500.co/portfolio),2026-08-05T18:15:38.487875+00:00,True,
415,"Drivio, Inc.",https://finenyc.com,Government,United States,500 Global Portfolio (500.co/portfolio),2026-08-05T18:15:38.487875+00:00,True,
416,Drover Inc.,https://drover.ai,Automotive,United States,500 Global Portfolio (500.co/portfolio),2026-08-05T18:15:38.487875+00:00,True,
417,Drinki Limited,https://dusk.app,Entertainment / Media,United Kingdom,500 Global Portfolio (500.co/portfolio),2026-08-05T18:15:38.487875+00:00,True,
418,ChaseFuture International Limited,https://www.dyad.com,Education,China,500 Global Portfolio (500.co/portfolio),2026-08-05T18:15:38.487875+00:00,True,
419,"Earthgen Technology Co., Ltd.",https://www.earthgen.com.tw,"AgTech, Aviation",Taiwan,500 Global Portfolio (500.co/portfolio),2026-08-05T18:15:38.487875+00:00,True,
420,"East Meet East, Inc.",https://emehive.co,Social Impact,United States,500 Global Portfolio (500.co/portfolio),2026-08-05T18:15:38.487875+00:00,True,
421,Easyship Investment (BVI) Limited,https://www.easyship.com,Supply Chain,China,500 Global Portfolio (500.co/portfolio),2026-08-05T18:15:38.487875+00:00,True,
422,Easysize ApS,https://www.easysize.me,Fashion,Denmark,500 Global Portfolio (500.co/portfolio),2026-08-05T18:15:38.487875+00:00,True,
423,Eat Holdings Ltd.,https://eatapp.co,Content,Bahrain,500 Global Portfolio (500.co/portfolio),2026-08-05T18:15:38.487875+00:00,True,
424,PT Kuliner Poll Indonesia,https://eatsii.com,Infrastructure,Indonesia,500 Global Portfolio (500.co/portfolio),2026-08-05T18:15:38.487875+00:00,True,
425,Eaze Solutions LLC,https://www.eaze.com,Healthcare,United States,500 Global Portfolio (500.co/portfolio),2026-08-05T18:15:38.487875+00:00,True,
426,Ecobites Pte. Ltd.,https://www.rec-rec.vn,,UNITED STATES,500 Global Portfolio (500.co/portfolio),2026-08-05T18:15:38.487875+00:00,True,
427,EcoCart Sciences Inc.,https://ecocart.io,Climate Tech,United States,500 Global Portfolio (500.co/portfolio),2026-08-05T18:15:38.487875+00:00,True,
428,Eco Gear,https://www.ecogear.co.kr/,AgTech,South Korea,500 Global Portfolio (500.co/portfolio),2026-08-05T18:15:38.487875+00:00,True,
429,"EcomExperts, Inc.",https://ecomexperts.com,Ecommerce,Argentina,500 Global Portfolio (500.co/portfolio),2026-08-05T18:15:38.487875+00:00,True,
430,E-Cross Saas Holdings Limited,https://www.e-cross.tech/,,CAYMAN ISLANDS,500 Global Portfolio (500.co/portfolio),2026-08-05T18:15:38.487875+00:00,True,
431,Edfa3ly LLC,https://www.edfa3ly.com,"Ecommerce, Logistics",Egypt,500 Global Portfolio (500.co/portfolio),2026-08-05T18:15:38.487875+00:00,True,
432,"EdfaPay, Inc.",https://edfapay.com,Payments,Saudi Arabia,500 Global Portfolio (500.co/portfolio),2026-08-05T18:15:38.487875+00:00,True,
433,Distinctive Education Advisor Sdn Bhd,https://eduadvisor.my,Education,Malaysia,500 Global Portfolio (500.co/portfolio),2026-08-05T18:15:38.487875+00:00,True,
434,EDUFI PTE. LTD,https://www.edufi.tech,,SINGAPORE,500 Global Portfolio (500.co/portfolio),2026-08-05T18:15:38.487875+00:00,True,
435,Edukita Pte Ltd,https://www.edukita.com,"Education, Subscription, Consumer",Indonesia,500 Global Portfolio (500.co/portfolio),2026-08-05T18:15:38.487875+00:00,True,
436,Efex Inc.,https://efexpay.com,FinTech,Mexico,500 Global Portfolio (500.co/portfolio),2026-08-05T18:15:38.487875+00:00,True,
437,Effa Corporation,https://www.effa.one,"BioTech & Life Sciences, Sustainability, Utilities (energy, water, waste)",United States,500 Global Portfolio (500.co/portfolio),2026-08-05T18:15:38.487875+00:00,True,
438,"Remnant Robotics, Inc.",https://efference.ai,,UNITED STATES,500 Global Portfolio (500.co/portfolio),2026-08-05T18:15:38.487875+00:00,True,
439,"Efflux Systems, Inc.",https://effluxsystems.com,Cybersecurity,United States,500 Global Portfolio (500.co/portfolio),2026-08-05T18:15:38.487875+00:00,True,
440,eFishery Pte Ltd,https://efishery.com,"AgTech, IoT, Deep Tech",Indonesia,500 Global Portfolio (500.co/portfolio),2026-08-05T18:15:38.487875+00:00,True,
441,Efreshli LTD,https://efreshli.com,Housing,Egypt,500 Global Portfolio (500.co/portfolio),2026-08-05T18:15:38.487875+00:00,True,
442,Egab Holdings Limited,https://egab.co,Social Media,Egypt,500 Global Portfolio (500.co/portfolio),2026-08-05T18:15:38.487875+00:00,True,
443,"Eino, Inc.",https://www.eino.ai,"AI/Machine Learning, IoT, Deep Tech",United States,500 Global Portfolio (500.co/portfolio),2026-08-05T18:15:38.487875+00:00,True,
444,Ejari Property Technologies Holdings Limited,https://ejari.sa,"FinTech, PropTech",Saudi Arabia,500 Global Portfolio (500.co/portfolio),2026-08-05T18:15:38.487875+00:00,True,
445,Ejen2u International Sdn Bhd,https://ejen2u.com,"Enterprise, SME Solution, Creator Economy",Malaysia,500 Global Portfolio (500.co/portfolio),2026-08-05T18:15:38.487875+00:00,True,
446,PT Ekomoditi Solutions Indonesia,https://ekomoditi.id,AgTech,Malaysia,500 Global Portfolio (500.co/portfolio),2026-08-05T18:15:38.487875+00:00,True,
447,Eksab Corporation,https://eksab.com,Gaming,Egypt,500 Global Portfolio (500.co/portfolio),2026-08-05T18:15:38.487875+00:00,True,
448,"ELBO AI, INC",https://www.puppetry.com,"AI/Machine Learning, SaaS",United States,500 Global Portfolio (500.co/portfolio),2026-08-05T18:15:38.487875+00:00,True,
449,"ElCoach, Inc.",https://elcoach.me,"AI/Machine Learning, Health Tech",Saudi Arabia,500 Global Portfolio (500.co/portfolio),2026-08-05T18:15:38.487875+00:00,True,
450,Element AI Inc,https://www.elementai.com,Productivity,Canada,500 Global Portfolio (500.co/portfolio),2026-08-05T18:15:38.487875+00:00,True,
451,ElePhint Inc.,https://www.elephint.ai,,UNITED STATES,500 Global Portfolio (500.co/portfolio),2026-08-05T18:15:38.487875+00:00,True,
452,EAS Innovations Inc.,https://www.elev8autosolutions.com,"Automotive, FinTech, SaaS",United States,500 Global Portfolio (500.co/portfolio),2026-08-05T18:15:38.487875+00:00,True,
453,Elevarm Technologies Pte Ltd,https://elevarm.com,"AgTech, Impact, Social Impact",Indonesia,500 Global Portfolio (500.co/portfolio),2026-08-05T18:15:38.487875+00:00,True,
454,"The Mind Company Group, Inc.",https://elevateapp.com,Education,United States,500 Global Portfolio (500.co/portfolio),2026-08-05T18:15:38.487875+00:00,True,
455,"ELKROOM CO., LTD.",https://elkroom.com,Gaming,Taiwan,500 Global Portfolio (500.co/portfolio),2026-08-05T18:15:38.487875+00:00,True,
456,Elmawkaa Inc.,https://elmawkaa.com,Construction,Egypt,500 Global Portfolio (500.co/portfolio),2026-08-05T18:15:38.487875+00:00,True,
457,"ElMetr, Inc.",https://elmetr.com,Legal,Saudi Arabia,500 Global Portfolio (500.co/portfolio),2026-08-05T18:15:38.487875+00:00,True,
458,"ELORIAN AI, INC.",,,UNITED STATES,500 Global Portfolio (500.co/portfolio),2026-08-05T18:15:38.487875+00:00,True,
459,Ematic Solutions Pte. Ltd,https://www.ematicsolutions.com,Content,Singapore,500 Global Portfolio (500.co/portfolio),2026-08-05T18:15:38.487875+00:00,True,
460,Embedded LLM Pte. Ltd.,,,SINGAPORE,500 Global Portfolio (500.co/portfolio),2026-08-05T18:15:38.487875+00:00,True,
461,"Embroker, Inc.",https://www.embroker.com,InsurTech,United States,500 Global Portfolio (500.co/portfolio),2026-08-05T18:15:38.487875+00:00,True,
462,"EMERGENCES AI, INC.",https://emergences.ai,Education,UNITED STATES,500 Global Portfolio (500.co/portfolio),2026-08-05T18:15:38.487875+00:00,True,
463,FasTest Neuro Solutions Inc.,https://emonomy.xyz,"AI/Machine Learning, AdTech",Armenia,500 Global Portfolio (500.co/portfolio),2026-08-05T18:15:38.487875+00:00,True,
464,EMQ Inc.,https://emq.com,FinTech,Hong Kong,500 Global Portfolio (500.co/portfolio),2026-08-05T18:15:38.487875+00:00,True,
465,EMTECH SOLUTIONS INC.,https://emtech.com,FinTech,Malaysia,500 Global Portfolio (500.co/portfolio),2026-08-05T18:15:38.487875+00:00,True,
466,Emtethal Inc.,https://emtethal.com,"AI/Machine Learning, Food, Retail, Agnostic (all)",CAYMAN ISLANDS,500 Global Portfolio (500.co/portfolio),2026-08-05T18:15:38.487875+00:00,True,
467,Endeavor Catalyst I LP,https://endeavor.org,Agnostic (all),UNITED STATES,500 Global Portfolio (500.co/portfolio),2026-08-05T18:15:38.487875+00:00,True,
468,Zayment Holdings Limited,https://endl.io,,UNITED ARAB EMIRATES,500 Global Portfolio (500.co/portfolio),2026-08-05T18:15:38.487875+00:00,True,
469,Endless Studios LLC,https://www.endlessstudios.com,Gaming,United Arab Emirates,500 Global Portfolio (500.co/portfolio),2026-08-05T18:15:38.487875+00:00,True,
470,EnerGaia Pte. Ltd.,https://energaia.com,Social Media,Thailand,500 Global Portfolio (500.co/portfolio),2026-08-05T18:15:38.487875+00:00,True,
471,engageSPARK Limited,https://www.engagespark.com,Developer Tools,Philippines,500 Global Portfolio (500.co/portfolio),2026-08-05T18:15:38.487875+00:00,True,
472,Englease Technologies SPV Ltd,https://englease.com,Education,United Arab Emirates,500 Global Portfolio (500.co/portfolio),2026-08-05T18:15:38.487875+00:00,True,
473,Enhance Holdings Ltd,https://www.enhance.online,"Ecommerce, Logistics, Supply Chain",United Arab Emirates,500 Global Portfolio (500.co/portfolio),2026-08-05T18:15:38.487875+00:00,True,
474,Nuren Group Limited,https://www.enlinea.asia,FemTech (women's health),Australia,500 Global Portfolio (500.co/portfolio),2026-08-05T18:15:38.487875+00:00,True,
475,"Enter, Inc.",https://www.enter.health,Healthcare,United States,500 Global Portfolio (500.co/portfolio),2026-08-05T18:15:38.487875+00:00,True,
476,"Enuma, Inc.",https://enuma.com,Education,South Korea,500 Global Portfolio (500.co/portfolio),2026-08-05T18:15:38.487875+00:00,True,
477,Enya Technologies Pte. Ltd.,https://www.enya.my,CPG (Consumer packaged goods),Singapore,500 Global Portfolio (500.co/portfolio),2026-08-05T18:15:38.487875+00:00,True,
478,Eonpass Inc,https://eonpass.com,Logistics,United States,500 Global Portfolio (500.co/portfolio),2026-08-05T18:15:38.487875+00:00,True,
479,Epoint Inc.,https://epoint.az,"FinTech, Payments, SaaS",Azerbaijan,500 Global Portfolio (500.co/portfolio),2026-08-05T18:15:38.487875+00:00,True,
480,Equipboard Inc.,https://equipboard.com,Ecommerce,United States,500 Global Portfolio (500.co/portfolio),2026-08-05T18:15:38.487875+00:00,True,
481,EQUIPTAL HOLDING LTD,https://equiptal.net,,UNITED ARAB EMIRATES,500 Global Portfolio (500.co/portfolio),2026-08-05T18:15:38.487875+00:00,True,
482,"EquityZen, Inc.",https://equityzen.com,Real Estate,United States,500 Global Portfolio (500.co/portfolio),2026-08-05T18:15:38.487875+00:00,True,
483,ERAD TECHNOLOGY HOLDING,https://www.erad.co,,CAYMAN ISLANDS,500 Global Portfolio (500.co/portfolio),2026-08-05T18:15:38.487875+00:00,True,
484,Esar Inc.,https://www.esarcar.com,Mobility,Saudi Arabia,500 Global Portfolio (500.co/portfolio),2026-08-05T18:15:38.487875+00:00,True,
485,Escavox Pty Ltd,https://www.escavox.com,Data & Analytics,Australia,500 Global Portfolio (500.co/portfolio),2026-08-05T18:15:38.487875+00:00,True,
486,Esports Pte. Ltd.,https://espl.co,"Gaming, Entertainment / Media",Singapore,500 Global Portfolio (500.co/portfolio),2026-08-05T18:15:38.487875+00:00,True,
487,"EST Media Holdings, Inc.",https://www.estmedia.com/,Creative Industry,United States,500 Global Portfolio (500.co/portfolio),2026-08-05T18:15:38.487875+00:00,True,
488,"Ethic, Inc.",https://www.ethic.com,Real Estate,United States,500 Global Portfolio (500.co/portfolio),2026-08-05T18:15:38.487875+00:00,True,
489,"Voice Eval Systems, Inc.",,AI/Machine Learning,UNITED STATES,500 Global Portfolio (500.co/portfolio),2026-08-05T18:15:38.487875+00:00,True,
490,EventXtra Limited,https://www.eventx.io,Entertainment / Media,Hong Kong,500 Global Portfolio (500.co/portfolio),2026-08-05T18:15:38.487875+00:00,True,
491,"Usermuse, Inc",https://www.evermuse.com,"AI/Machine Learning, Productivity",UNITED STATES,500 Global Portfolio (500.co/portfolio),2026-08-05T18:15:38.487875+00:00,True,
492,EverySim Inc.,https://everysim.io/en,SaaS,South Korea,500 Global Portfolio (500.co/portfolio),2026-08-05T18:15:38.487875+00:00,True,
493,EvolveApp INC.,https://evolveplatform.ai,Education,UNITED STATES,500 Global Portfolio (500.co/portfolio),2026-08-05T18:15:38.487875+00:00,True,
494,Evreka Yazılım Donanım Danışmanlık Eğitim San. Tic. A.Ş.,https://evreka.co,"Climate Tech, Government",Turkey,500 Global Portfolio (500.co/portfolio),2026-08-05T18:15:38.487875+00:00,True,
495,Paidy Inc.,https://paidy.com,Payments,Cayman Islands,500 Global Portfolio (500.co/portfolio),2026-08-05T18:15:38.487875+00:00,True,
496,Expansive Realty S.A.P.I. de C.V.,https://expansive.mx,PropTech,Peru,500 Global Portfolio (500.co/portfolio),2026-08-05T18:15:38.487875+00:00,True,
497,Eyewa Limited,https://eyewa.com,Fashion,United Arab Emirates,500 Global Portfolio (500.co/portfolio),2026-08-05T18:15:38.487875+00:00,True,
498,"EZ Farming, Inc.",https://ez-farming.com,AgTech,Nigeria,500 Global Portfolio (500.co/portfolio),2026-08-05T18:15:38.487875+00:00,True,
499,"FabFitFun, Inc.",https://www.fabfitfun.com,Fashion,United States,500 Global Portfolio (500.co/portfolio),2026-08-05T18:15:38.487875+00:00,True,
500,Faception Ltd.,https://www.faception.com,Government,Israel,500 Global Portfolio (500.co/portfolio),2026-08-05T18:15:38.487875+00:00,True,
501,Factory Licensing GmbH,https://www.factoryberlin.com,,GERMANY,500 Global Portfolio (500.co/portfolio),2026-08-05T18:15:38.487875+00:00,True,
502,"Facturama, Inc.",https://facturama.mx,FinTech,Mexico,500 Global Portfolio (500.co/portfolio),2026-08-05T18:15:38.487875+00:00,True,
503,FAI & GLOBAL SOLUTIONS HOLDING LIMITED,https://fai.sa/en/,FinTech,Saudi Arabia,500 Global Portfolio (500.co/portfolio),2026-08-05T18:15:38.487875+00:00,True,
504,Fairbanc Pte Ltd,https://fairbanc.app,"Credit & Lending, Consumer",United States,500 Global Portfolio (500.co/portfolio),2026-08-05T18:15:38.487875+00:00,True,
505,"Faqtor, Inc.",https://www.faqtor.io,,UNITED STATES,500 Global Portfolio (500.co/portfolio),2026-08-05T18:15:38.487875+00:00,True,
506,FarMart Service Private Limited,https://www.farmart.co,"AgTech, Food",India,500 Global Portfolio (500.co/portfolio),2026-08-05T18:15:38.487875+00:00,True,
507,FashionLab Nordic Inc.,https://fashionlab.tech,,UNITED STATES,500 Global Portfolio (500.co/portfolio),2026-08-05T18:15:38.487875+00:00,True,
508,Favstay Pte. Ltd.,https://www.favstay.com,Travel & Tourism,Thailand,500 Global Portfolio (500.co/portfolio),2026-08-05T18:15:38.487875+00:00,True,
509,Fawaterak,https://fawaterk.com,"FinTech, Payments, SaaS",Egypt,500 Global Portfolio (500.co/portfolio),2026-08-05T18:15:38.487875+00:00,True,
510,Fazla Gıda Anonim Şirketi,https://www.fazlagida.com,Supply Chain,Turkey,500 Global Portfolio (500.co/portfolio),2026-08-05T18:15:38.487875+00:00,True,
511,FEESABLE TECHNOLOGIES PTE. LTD.,https://feesable.ai,,SINGAPORE,500 Global Portfolio (500.co/portfolio),2026-08-05T18:15:38.487875+00:00,True,
512,FerroByte Co.,,Hardware,South Korea,500 Global Portfolio (500.co/portfolio),2026-08-05T18:15:38.487875+00:00,True,
513,Fidel Limited,https://fidelapi.com,Payments,United Kingdom,500 Global Portfolio (500.co/portfolio),2026-08-05T18:15:38.487875+00:00,True,
514,CULINARY ARTS TECH LTD,https://www.fifoplus.com,Consumer,Saudi Arabia,500 Global Portfolio (500.co/portfolio),2026-08-05T18:15:38.487875+00:00,True,
515,Hykso Inc.,https://joinfightcamp.com,"Health Tech, Wellness",Canada,500 Global Portfolio (500.co/portfolio),2026-08-05T18:15:38.487875+00:00,True,
516,Filmgrail AS,https://www.filmgrail.com,Entertainment / Media,United States,500 Global Portfolio (500.co/portfolio),2026-08-05T18:15:38.487875+00:00,True,
517,PT Avatar Nusa Antara,https://filmorebody.com,HR Tech,Australia,500 Global Portfolio (500.co/portfolio),2026-08-05T18:15:38.487875+00:00,True,
518,Kredivo Holdings Ltd,https://finaccel.co,"Credit & Lending, Consumer",Indonesia,500 Global Portfolio (500.co/portfolio),2026-08-05T18:15:38.487875+00:00,True,
519,"Backoffice.co, Inc",https://finally.com,FinTech,United States,500 Global Portfolio (500.co/portfolio),2026-08-05T18:15:38.487875+00:00,True,
520,"Finda, Inc.",https://www.finda.co.kr,FinTech,South Korea,500 Global Portfolio (500.co/portfolio),2026-08-05T18:15:38.487875+00:00,True,
521,"FineDine Menu, Inc",https://www.finedinemenu.com,"Productivity, Infrastructure",Turkey,500 Global Portfolio (500.co/portfolio),2026-08-05T18:15:38.487875+00:00,True,
522,Finflx Holding Limited,https://finflx.com,FinTech,United Arab Emirates,500 Global Portfolio (500.co/portfolio),2026-08-05T18:15:38.487875+00:00,True,
523,Finku Technologies Pte. Ltd.,https://www.finku.id,Consumer,Singapore,500 Global Portfolio (500.co/portfolio),2026-08-05T18:15:38.487875+00:00,True,
524,"Finnomena Co., Ltd.",https://www.finnomena.com,"FinTech, Real Estate",Thailand,500 Global Portfolio (500.co/portfolio),2026-08-05T18:15:38.487875+00:00,True,
525,Finomial Corporation,https://finomial.com,"Content, FinTech",United States,500 Global Portfolio (500.co/portfolio),2026-08-05T18:15:38.487875+00:00,True,
526,Fintesa Inc.,https://fintesa.co,"FinTech, SaaS",United States,500 Global Portfolio (500.co/portfolio),2026-08-05T18:15:38.487875+00:00,True,
527,"Fintor, Inc.",https://fintor.com,"FinTech, Real Estate",United States,500 Global Portfolio (500.co/portfolio),2026-08-05T18:15:38.487875+00:00,True,
528,Ozzy Media Inc.,https://www.fireflyon.com,Content,United States,500 Global Portfolio (500.co/portfolio),2026-08-05T18:15:38.487875+00:00,True,
529,FireVisor Systems Pte. Ltd.,https://www.firevisor.com,Manufacturing,Singapore,500 Global Portfolio (500.co/portfolio),2026-08-05T18:15:38.487875+00:00,True,
530,Firnas Aero Inc.,https://firnas.aero,"AI/Machine Learning, Aviation, Hardware",Saudi Arabia,500 Global Portfolio (500.co/portfolio),2026-08-05T18:15:38.487875+00:00,True,
531,first build AI PTE. LTD,,,SINGAPORE,500 Global Portfolio (500.co/portfolio),2026-08-05T18:15:38.487875+00:00,True,
532,Carabao Capital Global Pte Ltd,https://www.firstcircle.ph,Credit & Lending,Philippines,500 Global Portfolio (500.co/portfolio),2026-08-05T18:15:38.487875+00:00,True,
533,"FJ Global, Inc.",https://firstjob.me,HR Tech,Mexico,500 Global Portfolio (500.co/portfolio),2026-08-05T18:15:38.487875+00:00,True,
534,First Longevity Ltd,,,UNITED KINGDOM,500 Global Portfolio (500.co/portfolio),2026-08-05T18:15:38.487875+00:00,True,
535,Firstory Ltd.,https://firstory.me,"AI/Machine Learning, Entertainment / Media",Taiwan,500 Global Portfolio (500.co/portfolio),2026-08-05T18:15:38.487875+00:00,True,
536,CUERPOWER SAPI DE CV,https://fitbody.mx,Ecommerce,Mexico,500 Global Portfolio (500.co/portfolio),2026-08-05T18:15:38.487875+00:00,True,
537,"Fitco, Inc.",https://fitcolatam.com,Wellness,Peru,500 Global Portfolio (500.co/portfolio),2026-08-05T18:15:38.487875+00:00,True,
538,"FitzyTV, Inc.",https://www.fitzytv.com,"Entertainment / Media, Social Media",United States,500 Global Portfolio (500.co/portfolio),2026-08-05T18:15:38.487875+00:00,True,
539,FIVE JACK Co. Ltd,https://fivejack.com,Gaming,South Korea,500 Global Portfolio (500.co/portfolio),2026-08-05T18:15:38.487875+00:00,True,
540,Flat Holdings Limited,https://www.clau.com,PropTech,Mexico,500 Global Portfolio (500.co/portfolio),2026-08-05T18:15:38.487875+00:00,True,
541,Fleak Tech Inc.,,AI/Machine Learning,UNITED STATES,500 Global Portfolio (500.co/portfolio),2026-08-05T18:15:38.487875+00:00,True,
542,"FleetPanda, Inc.",https://www.fleetpanda.com,SaaS,United States,500 Global Portfolio (500.co/portfolio),2026-08-05T18:15:38.487875+00:00,True,
543,"FLEX FINANCIAL TECHNOLOGIES, INC.",https://flexfinance.ai,"FinTech, Payments, Mobile",Nigeria,500 Global Portfolio (500.co/portfolio),2026-08-05T18:15:38.487875+00:00,True,
544,"AUTOMATE MEDICAL, INC.",https://www.flexpa.com,Health Tech,Canada,500 Global Portfolio (500.co/portfolio),2026-08-05T18:15:38.487875+00:00,True,
545,Shortcut Labs AB,https://flic.io,IoT,Sweden,500 Global Portfolio (500.co/portfolio),2026-08-05T18:15:38.487875+00:00,True,
546,"FlightFox, Inc.",https://flightfox.com,Travel & Tourism,Canada,500 Global Portfolio (500.co/portfolio),2026-08-05T18:15:38.487875+00:00,True,
547,Floom Ltd.,https://www.floom.com,"Marketplace, Consumer",United Kingdom,500 Global Portfolio (500.co/portfolio),2026-08-05T18:15:38.487875+00:00,True,
548,FlowAccount Co. Ltd.,https://flowaccount.com,"FinTech, HR Tech",Thailand,500 Global Portfolio (500.co/portfolio),2026-08-05T18:15:38.487875+00:00,True,
549,Floward For Plants & Flowers Co,https://floward.com,"Ecommerce, Consumer",Saudi Arabia,500 Global Portfolio (500.co/portfolio),2026-08-05T18:15:38.487875+00:00,True,
550,Tamadé Inc,https://www.flowly.world,Productivity,United States,500 Global Portfolio (500.co/portfolio),2026-08-05T18:15:38.487875+00:00,True,
551,Fluent.ai Inc.,https://fluent.ai,Developer Tools,Canada,500 Global Portfolio (500.co/portfolio),2026-08-05T18:15:38.487875+00:00,True,
552,"Lansdowne Technologies, Inc.",https://flycrates.com,Supply Chain,United States,500 Global Portfolio (500.co/portfolio),2026-08-05T18:15:38.487875+00:00,True,
553,"Teleport Enterprises, Inc.",https://www.flye.co,Data & Analytics,United States,500 Global Portfolio (500.co/portfolio),2026-08-05T18:15:38.487875+00:00,True,
554,"Focus At Will Labs, Inc.",https://www.focusatwill.com,Healthcare,United States,500 Global Portfolio (500.co/portfolio),2026-08-05T18:15:38.487875+00:00,True,
555,"Focused Space, Inc.",https://www.focused.space,"AI/Machine Learning, Wellness, HR Tech",United States,500 Global Portfolio (500.co/portfolio),2026-08-05T18:15:38.487875+00:00,True,
556,"Folia Materials, Inc.",https://www.foliawater.com,Manufacturing,United States,500 Global Portfolio (500.co/portfolio),2026-08-05T18:15:38.487875+00:00,True,
557,"Fooda, Inc.",https://www.fooda.com,HR Tech,United States,500 Global Portfolio (500.co/portfolio),2026-08-05T18:15:38.487875+00:00,True,
558,Alwans Technology Corp,https://www.foodics.com,"Content, Productivity",Saudi Arabia,500 Global Portfolio (500.co/portfolio),2026-08-05T18:15:38.487875+00:00,True,
559,FMH Holding Pte. Ltd.,https://www.foodmarkethub.com,"Supply Chain, Infrastructure",Malaysia,500 Global Portfolio (500.co/portfolio),2026-08-05T18:15:38.487875+00:00,True,
560,"Forged Sports, Inc.",https://www.forgedsports.co,Sports,United States,500 Global Portfolio (500.co/portfolio),2026-08-05T18:15:38.487875+00:00,True,
561,FORTU WEALTH LTD,https://fortu.co.uk,Real Estate,United Kingdom,500 Global Portfolio (500.co/portfolio),2026-08-05T18:15:38.487875+00:00,True,
562,Fox-Tech Technology Co.,https://www.fox-tech.co,Infrastructure,Taiwan,500 Global Portfolio (500.co/portfolio),2026-08-05T18:15:38.487875+00:00,True,
563,freeD Group Limited,https://freedgrouptech.com,Travel & Tourism,Hong Kong,500 Global Portfolio (500.co/portfolio),2026-08-05T18:15:38.487875+00:00,True,
564,"FreightRoll, Inc.",https://www.freightroll.com,Supply Chain,United States,500 Global Portfolio (500.co/portfolio),2026-08-05T18:15:38.487875+00:00,True,
565,"Earable, Inc.",https://frenzband.com,Healthcare,United States,500 Global Portfolio (500.co/portfolio),2026-08-05T18:15:38.487875+00:00,True,
566,"POLAR BEAR MISSION CO., LTD.",https://www.freshket.co,Supply Chain,Thailand,500 Global Portfolio (500.co/portfolio),2026-08-05T18:15:38.487875+00:00,True,
567,"Freshop, Inc.",https://freshop.com,"Ecommerce, Food",United States,500 Global Portfolio (500.co/portfolio),2026-08-05T18:15:38.487875+00:00,True,
568,Frontline AI LLC,https://www.getfrontline.ai,,UNITED STATES,500 Global Portfolio (500.co/portfolio),2026-08-05T18:15:38.487875+00:00,True,
569,Nomisma Mobile Solutions Private Limited,https://www.ftcash.com,Payments,India,500 Global Portfolio (500.co/portfolio),2026-08-05T18:15:38.487875+00:00,True,
570,"Fideo Intelligence, Inc.",https://www.fullcontact.com,Content,Canada,500 Global Portfolio (500.co/portfolio),2026-08-05T18:15:38.487875+00:00,True,
571,Funding Asia Group Pte Ltd,https://fundingsocieties.com,FinTech,Singapore,500 Global Portfolio (500.co/portfolio),2026-08-05T18:15:38.487875+00:00,True,
572,Funway Esports Ltd.,https://funwayesports.com,Gaming,Taiwan,500 Global Portfolio (500.co/portfolio),2026-08-05T18:15:38.487875+00:00,True,
573,Project J Ltd,https://www.iamfy.co,Fashion,Germany,500 Global Portfolio (500.co/portfolio),2026-08-05T18:15:38.487875+00:00,True,
574,"Fyodor Biotechnologies, Inc.",https://fyodorbio.com,Health Tech,United States,500 Global Portfolio (500.co/portfolio),2026-08-05T18:15:38.487875+00:00,True,
575,"Gameball, Inc.",https://www.gameball.co,"Enterprise, SaaS",Egypt,500 Global Portfolio (500.co/portfolio),2026-08-05T18:15:38.487875+00:00,True,
576,Garaji FZ-LLC,https://www.garaji.com,Content,United Arab Emirates,500 Global Portfolio (500.co/portfolio),2026-08-05T18:15:38.487875+00:00,True,
577,INDOS Corp.,https://garment.io,"AI/Machine Learning, Data & Analytics, IoT",United States,500 Global Portfolio (500.co/portfolio),2026-08-05T18:15:38.487875+00:00,True,
578,"Gaspack, Pte. Ltd.",https://www.gaspack.xyz,Web 3,United Kingdom,500 Global Portfolio (500.co/portfolio),2026-08-05T18:15:38.487875+00:00,True,
579,"Gas POS, Inc.",https://www.gaspos.co,Payments,United States,500 Global Portfolio (500.co/portfolio),2026-08-05T18:15:38.487875+00:00,True,
580,Gathern Holding Ltd,https://gathern.co,Travel & Tourism,Saudi Arabia,500 Global Portfolio (500.co/portfolio),2026-08-05T18:15:38.487875+00:00,True,
581,Datachoice Solutions Ltd.,https://www.geckoboard.com,"Data & Analytics, Productivity",United Kingdom,500 Global Portfolio (500.co/portfolio),2026-08-05T18:15:38.487875+00:00,True,
582,"Generative Medical,  Inc.",,AI/Machine Learning,UNITED STATES,500 Global Portfolio (500.co/portfolio),2026-08-05T18:15:38.487875+00:00,True,
583,"Genomelink, Inc.",https://genomelink.io,BioTech & Life Sciences,Japan,500 Global Portfolio (500.co/portfolio),2026-08-05T18:15:38.487875+00:00,True,
584,GeoGrid,https://www.egeogrid.com,"CleanTech, Hardware",South Korea,500 Global Portfolio (500.co/portfolio),2026-08-05T18:15:38.487875+00:00,True,
585,"Gestarcoop, Inc.",https://gestarcoop.com,SME Solution,Peru,500 Global Portfolio (500.co/portfolio),2026-08-05T18:15:38.487875+00:00,True,
586,Gesund Inc.,https://gesund.ai/,Health Tech,United States,500 Global Portfolio (500.co/portfolio),2026-08-05T18:15:38.487875+00:00,True,
587,Get Global Holdings Pte. Ltd.,https://www.useget.com,"Education, FinTech",Singapore,500 Global Portfolio (500.co/portfolio),2026-08-05T18:15:38.487875+00:00,True,
588,GetAgent Ltd,https://www.getagent.co.uk,Real Estate,United Kingdom,500 Global Portfolio (500.co/portfolio),2026-08-05T18:15:38.487875+00:00,True,
589,GetCRAFT Pte Ltd,https://marketingcraft.getcraft.com,Content,Indonesia,500 Global Portfolio (500.co/portfolio),2026-08-05T18:15:38.487875+00:00,True,
590,"Get Lighthouse, Inc.",https://getlighthouse.com,HR Tech,United States,500 Global Portfolio (500.co/portfolio),2026-08-05T18:15:38.487875+00:00,True,
591,Getlinks Co Ltd.,https://getlinks.com,HR Tech,Thailand,500 Global Portfolio (500.co/portfolio),2026-08-05T18:15:38.487875+00:00,True,
592,Get On Board Holding Corp.,https://getonbrd.com,SME Solution,Chile,500 Global Portfolio (500.co/portfolio),2026-08-05T18:15:38.487875+00:00,True,
593,"HAPPY FINANCES FOR ALL, LLC",https://gigstack.pro,"Accounting, FinTech, Payments",Mexico,500 Global Portfolio (500.co/portfolio),2026-08-05T18:15:38.487875+00:00,True,
594,Gilmour Space Holdings Pty Ltd,https://www.gspacetech.com,Aviation,Australia,500 Global Portfolio (500.co/portfolio),2026-08-05T18:15:38.487875+00:00,True,
595,GITAI USA Inc.,https://gitai.tech,"Aviation, Robotics",Japan,500 Global Portfolio (500.co/portfolio),2026-08-05T18:15:38.487875+00:00,True,
596,Giztix Pte. Ltd,https://giztix.com,Supply Chain,Thailand,500 Global Portfolio (500.co/portfolio),2026-08-05T18:15:38.487875+00:00,True,
597,"Glambot, Inc.",https://www.glambot.com,Fashion,United States,500 Global Portfolio (500.co/portfolio),2026-08-05T18:15:38.487875+00:00,True,
598,Buglance Holding LTD,https://buglance.com,"Health Tech, InsurTech",Saudi Arabia,500 Global Portfolio (500.co/portfolio),2026-08-05T18:15:38.487875+00:00,True,
599,"GROA, Inc.",https://www.glance.care,"AI/Machine Learning, Healthcare",Saudi Arabia,500 Global Portfolio (500.co/portfolio),2026-08-05T18:15:38.487875+00:00,True,
600,Glife Technologies Pte Ltd,https://glife.com.sg,Supply Chain,Singapore,500 Global Portfolio (500.co/portfolio),2026-08-05T18:15:38.487875+00:00,True,
601,Glimmer Technologies Inc.,https://glimmer.io,Content,United States,500 Global Portfolio (500.co/portfolio),2026-08-05T18:15:38.487875+00:00,True,
602,Global ID Framework Inc.,https://global.id,Developer Tools,United States,500 Global Portfolio (500.co/portfolio),2026-08-05T18:15:38.487875+00:00,True,
603,GlobalTix Pte Ltd,https://globaltix.com,,SINGAPORE,500 Global Portfolio (500.co/portfolio),2026-08-05T18:15:38.487875+00:00,True,
604,"GXC, Inc.",https://globaltopround.com,Gaming,United States,500 Global Portfolio (500.co/portfolio),2026-08-05T18:15:38.487875+00:00,True,
605,GWK GLOBALWORK inc,https://globalwork.co,HR Tech,Colombia,500 Global Portfolio (500.co/portfolio),2026-08-05T18:15:38.487875+00:00,True,
606,GLOBISH ACADEMIA (THAILAND) COMPANY LIMITED,https://www.globish.co.th,Developer Tools,Thailand,500 Global Portfolio (500.co/portfolio),2026-08-05T18:15:38.487875+00:00,True,
607,"Glorri, Inc.",https://glorri.com,HR Tech,Azerbaijan,500 Global Portfolio (500.co/portfolio),2026-08-05T18:15:38.487875+00:00,True,
608,GLOSET LLC,https://gloset.mx,"Ecommerce, Fashion, Marketplace",Mexico,500 Global Portfolio (500.co/portfolio),2026-08-05T18:15:38.487875+00:00,True,
609,"SageLink, Inc.",https://glyph.earth,Fashion,United States,500 Global Portfolio (500.co/portfolio),2026-08-05T18:15:38.487875+00:00,True,
610,Gnowbe Group Ltd,https://www.gnowbe.com,"Education, SaaS, Creator Economy",Singapore,500 Global Portfolio (500.co/portfolio),2026-08-05T18:15:38.487875+00:00,True,
611,Adaptive Plus Inc.,https://goat.ai,Productivity,United States,500 Global Portfolio (500.co/portfolio),2026-08-05T18:15:38.487875+00:00,True,
612,"FELLSWOOP, INC.",,,UNITED STATES,500 Global Portfolio (500.co/portfolio),2026-08-05T18:15:38.487875+00:00,True,
613,"Jumptech, Ltd.",https://godays.co,Healthcare,United States,500 Global Portfolio (500.co/portfolio),2026-08-05T18:15:38.487875+00:00,True,
614,Eternal Meteor Sdn Bhd,https://goget.my,"Supply Chain, HR Tech",Malaysia,500 Global Portfolio (500.co/portfolio),2026-08-05T18:15:38.487875+00:00,True,
615,"Goldbelly, Inc.",https://www.goldbelly.com,Mobility,United States,500 Global Portfolio (500.co/portfolio),2026-08-05T18:15:38.487875+00:00,True,
616,Goodpeople Co.,https://goodpeople.com,"Fashion, Social Impact",Malaysia,500 Global Portfolio (500.co/portfolio),2026-08-05T18:15:38.487875+00:00,True,
617,GoodsMart International Holdings Limited,https://goodsmartegypt.com,"Ecommerce, Food",Egypt,500 Global Portfolio (500.co/portfolio),2026-08-05T18:15:38.487875+00:00,True,
618,"Goodworld, Inc.",,SaaS,,500 Global Portfolio (500.co/portfolio),2026-08-05T18:15:38.487875+00:00,True,
619,CoContest S.r.l.,https://gopillar.com,"Education, Marketplace",United States,500 Global Portfolio (500.co/portfolio),2026-08-05T18:15:38.487875+00:00,True,
620,Go Rise Ltd.,https://www.gorise.co,"FinTech, Real Estate, Consumer",United Arab Emirates,500 Global Portfolio (500.co/portfolio),2026-08-05T18:15:38.487875+00:00,True,
621,GOSKY Holding,https://www.goskyai.com,Content,Taiwan,500 Global Portfolio (500.co/portfolio),2026-08-05T18:15:38.487875+00:00,True,
622,GOTCHA Technology Inc.,https://gotcha.technology,"AI/Machine Learning, Deep Tech",Armenia,500 Global Portfolio (500.co/portfolio),2026-08-05T18:15:38.487875+00:00,True,
623,Smart Data Orchestration Holdings Limited,https://governata.com,,UNITED ARAB EMIRATES,500 Global Portfolio (500.co/portfolio),2026-08-05T18:15:38.487875+00:00,True,
624,"GoWabi (Thailand) Co., Ltd.",https://www.gowabi.com,"Beauty, Marketplace, Wellness",Thailand,500 Global Portfolio (500.co/portfolio),2026-08-05T18:15:38.487875+00:00,True,
625,"Cheetah X, Inc.",https://goxapp.com,Mobility,United States,500 Global Portfolio (500.co/portfolio),2026-08-05T18:15:38.487875+00:00,True,
626,Solv Pte. Ltd,,,SINGAPORE,500 Global Portfolio (500.co/portfolio),2026-08-05T18:15:38.487875+00:00,True,
627,Grab Inc,https://www.grab.com,Mobility,Singapore,500 Global Portfolio (500.co/portfolio),2026-08-05T18:15:38.487875+00:00,True,
628,"Graffer, Inc.",https://graffer.jp,Government,Japan,500 Global Portfolio (500.co/portfolio),2026-08-05T18:15:38.487875+00:00,True,
629,Grain Pte. Ltd.,https://grain.com.sg,"Ecommerce, Food, Healthcare",Singapore,500 Global Portfolio (500.co/portfolio),2026-08-05T18:15:38.487875+00:00,True,
630,Grana Group Limited,https://www.grana.com,Fashion,United Kingdom,500 Global Portfolio (500.co/portfolio),2026-08-05T18:15:38.487875+00:00,True,
631,Palmers & Sandsmark AS,https://www.graphiq.design,Social Media,Norway,500 Global Portfolio (500.co/portfolio),2026-08-05T18:15:38.487875+00:00,True,
632,Graviti Tech Inc.,https://www.graviti.mx,Credit & Lending,Mexico,500 Global Portfolio (500.co/portfolio),2026-08-05T18:15:38.487875+00:00,True,
633,GreenQ Ltd,https://greenq.gq,Climate Tech,Brazil,500 Global Portfolio (500.co/portfolio),2026-08-05T18:15:38.487875+00:00,True,
634,"Grow Rich Technologies, Inc.",https://www.greentoe.com,Ecommerce,United States,500 Global Portfolio (500.co/portfolio),2026-08-05T18:15:38.487875+00:00,True,
635,"Green Way Labs, Inc.",https://greenwaylabs.com,Real Estate,United States,500 Global Portfolio (500.co/portfolio),2026-08-05T18:15:38.487875+00:00,True,
636,Grinta Inc,https://grinta.ai,Wellness,Egypt,500 Global Portfolio (500.co/portfolio),2026-08-05T18:15:38.487875+00:00,True,
637,groupx media PTE.LTD,,,SINGAPORE,500 Global Portfolio (500.co/portfolio),2026-08-05T18:15:38.487875+00:00,True,
638,Grove Collaborative Inc.,https://www.grove.co,Ecommerce,United States,500 Global Portfolio (500.co/portfolio),2026-08-05T18:15:38.487875+00:00,True,
639,"IDK Labs, Inc.",https://www.resource.io,HR Tech,United States,500 Global Portfolio (500.co/portfolio),2026-08-05T18:15:38.487875+00:00,True,
640,"Guideline Technologies, Inc.",https://www.guideline.com,Real Estate,United States,500 Global Portfolio (500.co/portfolio),2026-08-05T18:15:38.487875+00:00,True,
641,GURU DE VIAJE S.A.P.I. DE C.V.,https://gurudeviaje.com,Travel & Tourism,Mexico,500 Global Portfolio (500.co/portfolio),2026-08-05T18:15:38.487875+00:00,True,
642,"GuruHotel, Inc",https://www.guruhotel.com,Travel & Tourism,Mexico,500 Global Portfolio (500.co/portfolio),2026-08-05T18:15:38.487875+00:00,True,
643,GRVT Markets Limited,https://grvt.io,"Credit & Lending, FinTech, Marketplace",Hong Kong,500 Global Portfolio (500.co/portfolio),2026-08-05T18:15:38.487875+00:00,True,
644,GymNadz Ltd.,https://gymnadz.com,Wellness,Kuwait,500 Global Portfolio (500.co/portfolio),2026-08-05T18:15:38.487875+00:00,True,
645,One Life One Technology Inc,https://h2ohospitality.io,"CRM, Hospitality",South Korea,500 Global Portfolio (500.co/portfolio),2026-08-05T18:15:38.487875+00:00,True,
646,"Habitus Associates Co., Ltd.",https://artue.io,Consumer,South Korea,500 Global Portfolio (500.co/portfolio),2026-08-05T18:15:38.487875+00:00,True,
647,HackerEarth Inc.,https://www.hackerearth.com,HR Tech,India,500 Global Portfolio (500.co/portfolio),2026-08-05T18:15:38.487875+00:00,True,
648,HAKEEM HOLDING LTD,https://hakeem.ae,Healthcare,UNITED ARAB EMIRATES,500 Global Portfolio (500.co/portfolio),2026-08-05T18:15:38.487875+00:00,True,
649,Halogen Capital Sdn. Bhd.,https://halogen.my,Crypto,Malaysia,500 Global Portfolio (500.co/portfolio),2026-08-05T18:15:38.487875+00:00,True,
650,"Hamptons Lane, Inc",https://hamptonslane.com,Food,United States,500 Global Portfolio (500.co/portfolio),2026-08-05T18:15:38.487875+00:00,True,
651,"Hamsa Pay, Inc.",https://hamsapay.com,Payments,United States,500 Global Portfolio (500.co/portfolio),2026-08-05T18:15:38.487875+00:00,True,
652,Hanah One Co.,,"CPG (Consumer packaged goods), Consumer",South Korea,500 Global Portfolio (500.co/portfolio),2026-08-05T18:15:38.487875+00:00,True,
653,WEAREHANGRY PTE. LTD.,https://www.ishangry.com,"Food, Marketplace",Indonesia,500 Global Portfolio (500.co/portfolio),2026-08-05T18:15:38.487875+00:00,True,
654,PT Indonesia Untuk Dunia,https://happy5.co,HR Tech,Indonesia,500 Global Portfolio (500.co/portfolio),2026-08-05T18:15:38.487875+00:00,True,
655,"HappyCo, Inc.",https://happy.co,"PropTech, Real Estate",United States,500 Global Portfolio (500.co/portfolio),2026-08-05T18:15:38.487875+00:00,True,
656,iCart Group Pte. Ltd.,https://www.happyfresh.com,Mobility,Malaysia,500 Global Portfolio (500.co/portfolio),2026-08-05T18:15:38.487875+00:00,True,
657,Happy World,https://getspice.com,,CAYMAN ISLANDS,500 Global Portfolio (500.co/portfolio),2026-08-05T18:15:38.487875+00:00,True,
658,Haseel Company Holding LTD,https://haseelapp.com,"Ecommerce, Food",United Arab Emirates,500 Global Portfolio (500.co/portfolio),2026-08-05T18:15:38.487875+00:00,True,
659,"Hatch, Inc",https://www.hatchearlylearning.com,Developer Tools,United States,500 Global Portfolio (500.co/portfolio),2026-08-05T18:15:38.487875+00:00,True,
660,"Havenly, Inc.",https://havenly.com,Real Estate,United States,500 Global Portfolio (500.co/portfolio),2026-08-05T18:15:38.487875+00:00,True,
661,"Headout, Inc.",https://www.headout.com,Travel & Tourism,India,500 Global Portfolio (500.co/portfolio),2026-08-05T18:15:38.487875+00:00,True,
662,Healf Intermediate Holdings LLC,https://www.healf.mx,"Health Tech, InsurTech, Healthcare",Mexico,500 Global Portfolio (500.co/portfolio),2026-08-05T18:15:38.487875+00:00,True,
663,"HeartThis, Inc.",https://heartthis.com,"Fashion, Commerce",United States,500 Global Portfolio (500.co/portfolio),2026-08-05T18:15:38.487875+00:00,True,
664,"HeavyConnect, Inc.",https://www.heavyconnect.com,AgTech,United States,500 Global Portfolio (500.co/portfolio),2026-08-05T18:15:38.487875+00:00,True,
665,Research Edge Holdings,https://app.hedgeye.com,Real Estate,United States,500 Global Portfolio (500.co/portfolio),2026-08-05T18:15:38.487875+00:00,True,
666,Helio AI LLC,https://www.helio-ai.com/,"AI/Machine Learning, HR Tech",Georgia,500 Global Portfolio (500.co/portfolio),2026-08-05T18:15:38.487875+00:00,True,
667,Fair Haven Financial Technologies Pte. Ltd.,https://www.hellogold.com,Real Estate,Malaysia,500 Global Portfolio (500.co/portfolio),2026-08-05T18:15:38.487875+00:00,True,
668,Spark Technology Global Pte. Ltd.,https://helpergo.co,Gig Economy,Hong Kong,500 Global Portfolio (500.co/portfolio),2026-08-05T18:15:38.487875+00:00,True,
669,Helpr Asia Sdn Bhd.,https://giftr.my,"Marketplace, Hospitality",Malaysia,500 Global Portfolio (500.co/portfolio),2026-08-05T18:15:38.487875+00:00,True,
670,Bloomer Inc.,https://weareher.com,Social Impact,United Kingdom,500 Global Portfolio (500.co/portfolio),2026-08-05T18:15:38.487875+00:00,True,
671,"Herbie Innovations, Inc.",https://herbieplan.com/,"AI/Machine Learning, FinTech, Legal",UNITED STATES,500 Global Portfolio (500.co/portfolio),2026-08-05T18:15:38.487875+00:00,True,
672,Hey Group GmbH,https://www.heycater.com,Food,United States,500 Global Portfolio (500.co/portfolio),2026-08-05T18:15:38.487875+00:00,True,
673,HEYMIRZA LTD,https://www.heymirza.com,Consumer,United States,500 Global Portfolio (500.co/portfolio),2026-08-05T18:15:38.487875+00:00,True,
674,"HiCustomer, Inc.",https://hicustomer.jp,Content,Japan,500 Global Portfolio (500.co/portfolio),2026-08-05T18:15:38.487875+00:00,True,
675,Mr. Alfred LLC-FZ,https://www.higuests.com,Real Estate,United Arab Emirates,500 Global Portfolio (500.co/portfolio),2026-08-05T18:15:38.487875+00:00,True,
676,PT Hijup.com,https://www.hijup.com,Fashion,Indonesia,500 Global Portfolio (500.co/portfolio),2026-08-05T18:15:38.487875+00:00,True,
677,1108 TECH,https://hilos.io,"CloudTech, Developer Tools, SaaS",Mexico,500 Global Portfolio (500.co/portfolio),2026-08-05T18:15:38.487875+00:00,True,
678,Hintsa Performance,https://www.hintsa.com,,FINLAND,500 Global Portfolio (500.co/portfolio),2026-08-05T18:15:38.487875+00:00,True,
679,"HireArt, Inc",https://www.hireart.com,HR Tech,United States,500 Global Portfolio (500.co/portfolio),2026-08-05T18:15:38.487875+00:00,True,
680,Flashratings Inc.,https://www.hodl.mobi,Real Estate,United States,500 Global Portfolio (500.co/portfolio),2026-08-05T18:15:38.487875+00:00,True,
681,"Hokan Group, Inc.",https://www.corp.hkn.jp,InsurTech,United States,500 Global Portfolio (500.co/portfolio),2026-08-05T18:15:38.487875+00:00,True,
682,Homage Co Pte Ltd,https://www.homage.sg,Healthcare,Singapore,500 Global Portfolio (500.co/portfolio),2026-08-05T18:15:38.487875+00:00,True,
683,HomeGP Sdn Bhd,https://www.homegp.asia,Healthcare,Egypt,500 Global Portfolio (500.co/portfolio),2026-08-05T18:15:38.487875+00:00,True,
684,"HomeLight, Inc.",https://www.homelight.com,Real Estate,United States,500 Global Portfolio (500.co/portfolio),2026-08-05T18:15:38.487875+00:00,True,
685,HomeTouch Care Ltd,https://www.myhometouch.com,Healthcare,United Kingdom,500 Global Portfolio (500.co/portfolio),2026-08-05T18:15:38.487875+00:00,True,
686,"Homexin Co., Ltd.",https://homexin.com.tw,Healthcare,Taiwan,500 Global Portfolio (500.co/portfolio),2026-08-05T18:15:38.487875+00:00,True,
687,Homzmart LLC,https://homzmart.com,"Ecommerce, Housing",Egypt,500 Global Portfolio (500.co/portfolio),2026-08-05T18:15:38.487875+00:00,True,
688,"Telepathic, Inc.",https://hooked.co,Social Media,United States,500 Global Portfolio (500.co/portfolio),2026-08-05T18:15:38.487875+00:00,True,
689,"Hopae, Inc.",https://www.hopae.com,"Blockchain, Cybersecurity",South Korea,500 Global Portfolio (500.co/portfolio),2026-08-05T18:15:38.487875+00:00,True,
690,HopShop Inc.,https://hopshop.ai/,"AI/Machine Learning, Marketplace, Creator Economy",United States,500 Global Portfolio (500.co/portfolio),2026-08-05T18:15:38.487875+00:00,True,
691,Hornet Networks Ltd,https://hornet.com,Social Impact,United States,500 Global Portfolio (500.co/portfolio),2026-08-05T18:15:38.487875+00:00,True,
692,"Hunger Co., Ltd.",https://hotcakeapp.com,"Direct to Consumer, Ecommerce, SaaS",Taiwan,500 Global Portfolio (500.co/portfolio),2026-08-05T18:15:38.487875+00:00,True,
693,Houst Limited,https://www.houst.com,Real Estate,United Kingdom,500 Global Portfolio (500.co/portfolio),2026-08-05T18:15:38.487875+00:00,True,
694,Headquarters XYZ Pte. Ltd,https://www.hq.xyz,Developer Tools,Singapore,500 Global Portfolio (500.co/portfolio),2026-08-05T18:15:38.487875+00:00,True,
695,Spacious Ltd,https://hubblehq.com,"Real Estate, Work",United Kingdom,500 Global Portfolio (500.co/portfolio),2026-08-05T18:15:38.487875+00:00,True,
696,Huinno Inc,https://www.huinno.com,Healthcare,South Korea,500 Global Portfolio (500.co/portfolio),2026-08-05T18:15:38.487875+00:00,True,
697,"Humans&.ai, Inc",,,UNITED STATES,500 Global Portfolio (500.co/portfolio),2026-08-05T18:15:38.487875+00:00,True,
698,"Heartex, Inc.",https://humansignal.com,"Data & Analytics, Developer Tools",United States,500 Global Portfolio (500.co/portfolio),2026-08-05T18:15:38.487875+00:00,True,
699,Huma Technologies Inc.,https://huma.finance,Credit & Lending,United States,500 Global Portfolio (500.co/portfolio),2026-08-05T18:15:38.487875+00:00,True,
700,"Humeo, INC.",https://www.humeo.com,,UNITED STATES,500 Global Portfolio (500.co/portfolio),2026-08-05T18:15:38.487875+00:00,True,
701,Humi Holdings Corp.,https://www.humi.ca,"FinTech, SaaS",Canada,500 Global Portfolio (500.co/portfolio),2026-08-05T18:15:38.487875+00:00,True,
702,"AppServation Co., Ltd.",https://web.hungryhub.com,"Food, Marketplace, Travel & Tourism",Thailand,500 Global Portfolio (500.co/portfolio),2026-08-05T18:15:38.487875+00:00,True,
703,Hydroleap Pte. Ltd.,https://hydroleap.com,"AgTech, Climate Tech",Singapore,500 Global Portfolio (500.co/portfolio),2026-08-05T18:15:38.487875+00:00,True,
704,IBEA CORP,https://www.ibea.com,,UNITED STATES,500 Global Portfolio (500.co/portfolio),2026-08-05T18:15:38.487875+00:00,True,
705,"iChase Co., Ltd.",https://www.ichase.io,"AI/Machine Learning, AgTech, IoT",Taiwan,500 Global Portfolio (500.co/portfolio),2026-08-05T18:15:38.487875+00:00,True,
706,SellingSolutions Scandinavia AB,https://icontrolapp.se,Construction,Sweden,500 Global Portfolio (500.co/portfolio),2026-08-05T18:15:38.487875+00:00,True,
707,Echo November Inc.,https://idealidx.com,FinTech,United States,500 Global Portfolio (500.co/portfolio),2026-08-05T18:15:38.487875+00:00,True,
708,iDialogue Inc.,https://idialogue.com,Education,Turkey,500 Global Portfolio (500.co/portfolio),2026-08-05T18:15:38.487875+00:00,True,
709,IDwall Technology LTDA,https://idwall.co,"Cybersecurity, Developer Tools",Chile,500 Global Portfolio (500.co/portfolio),2026-08-05T18:15:38.487875+00:00,True,
710,I.F. Technology Ltd.,https://integrated.finance/,FinTech,United Kingdom,500 Global Portfolio (500.co/portfolio),2026-08-05T18:15:38.487875+00:00,True,
711,IKAS Teknoloji A.S.,https://ikas.com,FinTech,Turkey,500 Global Portfolio (500.co/portfolio),2026-08-05T18:15:38.487875+00:00,True,
712,IKI.AI Inc.,https://iki.ai/,,UNITED STATES,500 Global Portfolio (500.co/portfolio),2026-08-05T18:15:38.487875+00:00,True,
713,IKIGAI TECHNOLOGIES PTE. LTD,https://ikigai.net,Developer Tools,Thailand,500 Global Portfolio (500.co/portfolio),2026-08-05T18:15:38.487875+00:00,True,
714,"ILIK Korea Co., Ltd.",https://ilikhealth.com,Consumer,South Korea,500 Global Portfolio (500.co/portfolio),2026-08-05T18:15:38.487875+00:00,True,
715,Imajin Technologies Pte Ltd,https://imajin.id,Robotics,Indonesia,500 Global Portfolio (500.co/portfolio),2026-08-05T18:15:38.487875+00:00,True,
716,IMAN Group Ltd.,https://imaninvest.com,"App, Credit & Lending, FinTech",Kazakhstan,500 Global Portfolio (500.co/portfolio),2026-08-05T18:15:38.487875+00:00,True,
717,Imerso AS,https://www.imerso.com,Construction,Norway,500 Global Portfolio (500.co/portfolio),2026-08-05T18:15:38.487875+00:00,True,
718,Immigram Global Limited,https://www.immigram.io,Legal,United Kingdom,500 Global Portfolio (500.co/portfolio),2026-08-05T18:15:38.487875+00:00,True,
719,iMotorbike Pte. Ltd.,https://imotorbike.com,Automotive,Malaysia,500 Global Portfolio (500.co/portfolio),2026-08-05T18:15:38.487875+00:00,True,
720,Impactyn B.V,https://impactyn.com,"Content, Creative Industry, Leisure & Entretainment",Egypt,500 Global Portfolio (500.co/portfolio),2026-08-05T18:15:38.487875+00:00,True,
721,Improvado Inc.,https://improvado.io,Data & Analytics,United States,500 Global Portfolio (500.co/portfolio),2026-08-05T18:15:38.487875+00:00,True,
722,"In Charge One, Inc.",https://incharge.one,Energy,United States,500 Global Portfolio (500.co/portfolio),2026-08-05T18:15:38.487875+00:00,True,
723,Incluyeme.com Inc,https://www.incluyeme.com,HR Tech,Argentina,500 Global Portfolio (500.co/portfolio),2026-08-05T18:15:38.487875+00:00,True,
724,Incognito Technologies Inc.,https://inctech.in,"Cybersecurity, Developer Tools",India,500 Global Portfolio (500.co/portfolio),2026-08-05T18:15:38.487875+00:00,True,
725,JuiceInnov8 Pte. Ltd.,https://incredible.inc,"BioTech & Life Sciences, Food, Consumer",Thailand,500 Global Portfolio (500.co/portfolio),2026-08-05T18:15:38.487875+00:00,True,
726,INDEX Robotics,https://index-robotics.com/,Robotics,South Korea,500 Global Portfolio (500.co/portfolio),2026-08-05T18:15:38.487875+00:00,True,
727,"InDinero, Inc.",https://www.indinero.com,FinTech,United States,500 Global Portfolio (500.co/portfolio),2026-08-05T18:15:38.487875+00:00,True,
728,Inflow Global Pte. Ltd.,https://joininflow.io,Fashion,Singapore,500 Global Portfolio (500.co/portfolio),2026-08-05T18:15:38.487875+00:00,True,
729,Influitive Corporation,https://influitive.com,Content,Canada,500 Global Portfolio (500.co/portfolio),2026-08-05T18:15:38.487875+00:00,True,
730,PT Infonesia Mega Nusantara,https://www.infonesia.fyi,"Content, Social Media",Indonesia,500 Global Portfolio (500.co/portfolio),2026-08-05T18:15:38.487875+00:00,True,
731,Infostellar Inc.,https://infostellar.net,Space Tech,Japan,500 Global Portfolio (500.co/portfolio),2026-08-05T18:15:38.487875+00:00,True,
732,"Infraspeak, LDA",https://infraspeak.com,"Enterprise, PropTech, Real Estate",Portugal,500 Global Portfolio (500.co/portfolio),2026-08-05T18:15:38.487875+00:00,True,
733,INGRESSE – INGRESSOS PARA EVENTOS SA.,https://www.ingresse.com,Travel & Tourism,Brazil,500 Global Portfolio (500.co/portfolio),2026-08-05T18:15:38.487875+00:00,True,
734,"Ingu Solutions, Inc.",https://ingu.com,"Energy, Utilities (energy, water, waste)",Canada,500 Global Portfolio (500.co/portfolio),2026-08-05T18:15:38.487875+00:00,True,
735,Init 6 Pte. Ltd.,https://init-6.fund,,SINGAPORE,500 Global Portfolio (500.co/portfolio),2026-08-05T18:15:38.487875+00:00,True,
736,"InnerSpace Technology, Inc.",https://www.innerspace.io,"Data & Analytics, Supply Chain",Canada,500 Global Portfolio (500.co/portfolio),2026-08-05T18:15:38.487875+00:00,True,
737,Innertrends Ltd,https://www.innertrends.com,Developer Tools,United Kingdom,500 Global Portfolio (500.co/portfolio),2026-08-05T18:15:38.487875+00:00,True,
738,"Innovaccer, Inc.",https://innovaccer.com,Health Tech,United States,500 Global Portfolio (500.co/portfolio),2026-08-05T18:15:38.487875+00:00,True,
739,INSIDER SG PTE. LTD.,https://useinsider.com,"Content, Data & Analytics",Turkey,500 Global Portfolio (500.co/portfolio),2026-08-05T18:15:38.487875+00:00,True,
740,"Instabeat, Inc.",https://instabeat.com,"Health Tech, Wellness",Lebanon,500 Global Portfolio (500.co/portfolio),2026-08-05T18:15:38.487875+00:00,True,
741,Instacash Preauth LLC,https://instacash.pe,FinTech,Peru,500 Global Portfolio (500.co/portfolio),2026-08-05T18:15:38.487875+00:00,True,
742,Instanture Holdings Sdn Bhd,https://www.boostorder.com,"AI/Machine Learning, Supply Chain, Big Data",Malaysia,500 Global Portfolio (500.co/portfolio),2026-08-05T18:15:38.487875+00:00,True,
743,"Instaread, Inc.",https://instaread.co,Productivity,United States,500 Global Portfolio (500.co/portfolio),2026-08-05T18:15:38.487875+00:00,True,
744,"Instrumentl, Inc.",https://www.instrumentl.com,FinTech,United States,500 Global Portfolio (500.co/portfolio),2026-08-05T18:15:38.487875+00:00,True,
745,"Intella, LTD",https://www.intellaworld.com,AI/Machine Learning,Saudi Arabia,500 Global Portfolio (500.co/portfolio),2026-08-05T18:15:38.487875+00:00,True,
746,"Intercom, Inc.",https://www.intercom.com,SaaS,United States,500 Global Portfolio (500.co/portfolio),2026-08-05T18:15:38.487875+00:00,True,
747,Ehalah Holding Inc.,https://www.intrro.com,HR Tech,United Kingdom,500 Global Portfolio (500.co/portfolio),2026-08-05T18:15:38.487875+00:00,True,
748,Invertio Investments LLC,https://invera.io,FinTech,Argentina,500 Global Portfolio (500.co/portfolio),2026-08-05T18:15:38.487875+00:00,True,
749,Involve Asia Technologies Sdn Bhd,https://involve.asia,Content,Malaysia,500 Global Portfolio (500.co/portfolio),2026-08-05T18:15:38.487875+00:00,True,
750,Invygo Limited,https://www.invygo.com,Mobility,United Arab Emirates,500 Global Portfolio (500.co/portfolio),2026-08-05T18:15:38.487875+00:00,True,
751,"In Your Shoe, Inc.",https://inyourshoe.com,Fashion,Egypt,500 Global Portfolio (500.co/portfolio),2026-08-05T18:15:38.487875+00:00,True,
752,Ion Mobility Pte. Ltd.,https://ionmobility.com,Automotive,Singapore,500 Global Portfolio (500.co/portfolio),2026-08-05T18:15:38.487875+00:00,True,
753,iPrice Group Sdn Bhd,https://ipricegroup.com,Fashion,Japan,500 Global Portfolio (500.co/portfolio),2026-08-05T18:15:38.487875+00:00,True,
754,Personalized Beauty Discovery Inc.,https://www.ipsy.com,Fashion,United States,500 Global Portfolio (500.co/portfolio),2026-08-05T18:15:38.487875+00:00,True,
755,Iris AI AS,https://iris.ai,AI/Machine Learning,Norway,500 Global Portfolio (500.co/portfolio),2026-08-05T18:15:38.487875+00:00,True,
756,"Ironclad, Inc.",https://ironcladapp.com,Legal,United States,500 Global Portfolio (500.co/portfolio),2026-08-05T18:15:38.487875+00:00,True,
757,Issara Platforms Pte. Ltd.,https://www.issacompass.com,HR Tech,Thailand,500 Global Portfolio (500.co/portfolio),2026-08-05T18:15:38.487875+00:00,True,
758,"italist, Inc",https://www.italist.com,Fashion,United States,500 Global Portfolio (500.co/portfolio),2026-08-05T18:15:38.487875+00:00,True,
759,"Iterable, Inc.",https://iterable.com,Content,United States,500 Global Portfolio (500.co/portfolio),2026-08-05T18:15:38.487875+00:00,True,
760,"Markster, Inc",,,UNITED STATES,500 Global Portfolio (500.co/portfolio),2026-08-05T18:15:38.487875+00:00,True,
761,Investacrowd Limited,https://www.is.finance,"Blockchain, SaaS",Singapore,500 Global Portfolio (500.co/portfolio),2026-08-05T18:15:38.487875+00:00,True,
762,Play for Music Limited,https://izif.com,Education,Jordan,500 Global Portfolio (500.co/portfolio),2026-08-05T18:15:38.487875+00:00,True,
763,Jackett Inc.,https://jackett.io,"AI/Machine Learning, Education",Singapore,500 Global Portfolio (500.co/portfolio),2026-08-05T18:15:38.487875+00:00,True,
764,Jade Autism LTD,https://www.jadeautism.com,"Gaming, Health Tech, Social Impact",United Arab Emirates,500 Global Portfolio (500.co/portfolio),2026-08-05T18:15:38.487875+00:00,True,
765,"ManageBGL, Inc.",https://www.jadediabetes.com,Health Tech,United States,500 Global Portfolio (500.co/portfolio),2026-08-05T18:15:38.487875+00:00,True,
766,ALETÉIA INTELIGÊNCIA EDUCACIONAL LTDA,https://jaentendi.com.br,"Social Media, HR Tech",Brazil,500 Global Portfolio (500.co/portfolio),2026-08-05T18:15:38.487875+00:00,True,
767,Jago International Pte. Ltd.,https://www.jagocoffee.com,Food,Singapore,500 Global Portfolio (500.co/portfolio),2026-08-05T18:15:38.487875+00:00,True,
768,Jala Tech Pte. Ltd.,https://jala.tech,AgTech,Indonesia,500 Global Portfolio (500.co/portfolio),2026-08-05T18:15:38.487875+00:00,True,
769,Jewelbot Inc.,https://jewelbots.com,Fashion,United States,500 Global Portfolio (500.co/portfolio),2026-08-05T18:15:38.487875+00:00,True,
770,"Jiko Group, Inc.",https://jiko.io,FinTech,United States,500 Global Portfolio (500.co/portfolio),2026-08-05T18:15:38.487875+00:00,True,
771,Acamas Ventures Holding Limited,https://jinglepay.com,FinTech,United Arab Emirates,500 Global Portfolio (500.co/portfolio),2026-08-05T18:15:38.487875+00:00,True,
772,"Jmem Tek Holding CO PTE., Ltd.",https://jmemtek.com,Cybersecurity,Taiwan,500 Global Portfolio (500.co/portfolio),2026-08-05T18:15:38.487875+00:00,True,
773,Johrh Limited,https://johrh.com,Fashion,Saudi Arabia,500 Global Portfolio (500.co/portfolio),2026-08-05T18:15:38.487875+00:00,True,
774,Jones,https://getjones.com,InsurTech,United States,500 Global Portfolio (500.co/portfolio),2026-08-05T18:15:38.487875+00:00,True,
775,Joy for Business Services Holdings Limited,https://joyapp.io,Mobility,Saudi Arabia,500 Global Portfolio (500.co/portfolio),2026-08-05T18:15:38.487875+00:00,True,
776,"JoySpace Technologies, Inc.",https://www.joyspace.ai,"AI/Machine Learning, Content, SaaS",United States,500 Global Portfolio (500.co/portfolio),2026-08-05T18:15:38.487875+00:00,True,
777,Jubilee Inc,https://www.jubileemedia.com,"Content, Entertainment / Media",United States,500 Global Portfolio (500.co/portfolio),2026-08-05T18:15:38.487875+00:00,True,
778,Buffd Inc.,https://juked.gg,"Gaming, Entertainment / Media",United States,500 Global Portfolio (500.co/portfolio),2026-08-05T18:15:38.487875+00:00,True,
779,Juleb Inc.,https://juleb.com,Content,Saudi Arabia,500 Global Portfolio (500.co/portfolio),2026-08-05T18:15:38.487875+00:00,True,
780,"Jumpcut, Inc.",https://jumpcut.com,Education,United States,500 Global Portfolio (500.co/portfolio),2026-08-05T18:15:38.487875+00:00,True,
781,Beep Productivity Inc.,https://justbeepit.com,Productivity,Azerbaijan,500 Global Portfolio (500.co/portfolio),2026-08-05T18:15:38.487875+00:00,True,
782,"JusticeText, Inc.",https://justicetext.com,Legal,United States,500 Global Portfolio (500.co/portfolio),2026-08-05T18:15:38.487875+00:00,True,
783,"justinCase Technologies, Inc. (fka P2P)",https://justincase.jp,InsurTech,Japan,500 Global Portfolio (500.co/portfolio),2026-08-05T18:15:38.487875+00:00,True,
784,"Quatro Ventures, Inc.",https://www.justlife.com,Housing,United Arab Emirates,500 Global Portfolio (500.co/portfolio),2026-08-05T18:15:38.487875+00:00,True,
785,"Justo, Inc",https://justo.mx,Ecommerce,Mexico,500 Global Portfolio (500.co/portfolio),2026-08-05T18:15:38.487875+00:00,True,
786,"Kairos AR, Inc.",https://www.kairos.com,AI/Machine Learning,United States,500 Global Portfolio (500.co/portfolio),2026-08-05T18:15:38.487875+00:00,True,
787,Kaizntree Inc.,https://www.kaizntree.com,Supply Chain,United States,500 Global Portfolio (500.co/portfolio),2026-08-05T18:15:38.487875+00:00,True,
788,"Kakehashi, Inc.",https://www.kakehashi.life,Healthcare,Japan,500 Global Portfolio (500.co/portfolio),2026-08-05T18:15:38.487875+00:00,True,
789,Kriya Inc,https://kalendar.ai,AI/Machine Learning,United States,500 Global Portfolio (500.co/portfolio),2026-08-05T18:15:38.487875+00:00,True,
790,Outsource Monetic Group,https://kalispot.com,FinTech,Senegal,500 Global Portfolio (500.co/portfolio),2026-08-05T18:15:38.487875+00:00,True,
791,KAMI GLOBAL INC.,https://wearekami.com,"Content, Entertainment / Media",UNITED STATES,500 Global Portfolio (500.co/portfolio),2026-08-05T18:15:38.487875+00:00,True,
792,"kaminashi, Inc.",https://kaminashi.jp,Productivity,Japan,500 Global Portfolio (500.co/portfolio),2026-08-05T18:15:38.487875+00:00,True,
793,"DoLightful, Inc.",https://kangoapp.co,Mobility,United States,500 Global Portfolio (500.co/portfolio),2026-08-05T18:15:38.487875+00:00,True,
794,Kaodim Group Pte. Ltd.,https://kaodim.kyte.site,"AI/Machine Learning, Ecommerce",Malaysia,500 Global Portfolio (500.co/portfolio),2026-08-05T18:15:38.487875+00:00,True,
795,Karaz Inc Holding Limited,https://karaz.app,"Health Tech, SaaS, Subscription",Saudi Arabia,500 Global Portfolio (500.co/portfolio),2026-08-05T18:15:38.487875+00:00,True,
796,3186 LTD,https://www.karpatia.tech,"Marketplace, B2B Marketplaces, HR Tech",Ukraine,500 Global Portfolio (500.co/portfolio),2026-08-05T18:15:38.487875+00:00,True,
797,YesBoss Group Indonesia PT,https://kata.ai,Talent Management,Indonesia,500 Global Portfolio (500.co/portfolio),2026-08-05T18:15:38.487875+00:00,True,
798,"KatalistAI, Inc.",https://www.katalist.ai,,United States,500 Global Portfolio (500.co/portfolio),2026-08-05T18:15:38.487875+00:00,True,
799,KAYUM SAPI DE CV,https://kayum.mx,InsurTech,Mexico,500 Global Portfolio (500.co/portfolio),2026-08-05T18:15:38.487875+00:00,True,
800,Keatext Inc.,https://www.keatext.ai,Content,Canada,500 Global Portfolio (500.co/portfolio),2026-08-05T18:15:38.487875+00:00,True,
801,"Keepface Global, Inc.",https://keepface.com,AdTech,United Arab Emirates,500 Global Portfolio (500.co/portfolio),2026-08-05T18:15:38.487875+00:00,True,
802,KENO Holdings Inc.,https://www.keno.ae,,United Arab Emirates,500 Global Portfolio (500.co/portfolio),2026-08-05T18:15:38.487875+00:00,True,
803,Kerning Cultures Company,https://kerningcultures.com,Entertainment / Media,United States,500 Global Portfolio (500.co/portfolio),2026-08-05T18:15:38.487875+00:00,True,
804,Keyo AI Inc.,https://www.keyo.com,Real Estate,United States,500 Global Portfolio (500.co/portfolio),2026-08-05T18:15:38.487875+00:00,True,
805,Khazenly for Logistics Services B.V,https://khazenly.com,,NETHERLANDS,500 Global Portfolio (500.co/portfolio),2026-08-05T18:15:38.487875+00:00,True,
806,Mekong Classifieds Pte Ltd,https://www.khmerhome.com,Real Estate,Cambodia,500 Global Portfolio (500.co/portfolio),2026-08-05T18:15:38.487875+00:00,True,
807,"Kibin, Inc.",https://www.kibin.com,Education,United States,500 Global Portfolio (500.co/portfolio),2026-08-05T18:15:38.487875+00:00,True,
808,Kiira Health Inc.,https://www.kiira.io,Healthcare,United States,500 Global Portfolio (500.co/portfolio),2026-08-05T18:15:38.487875+00:00,True,
809,Kiki Corp.,https://kiki.social,"Marketplace, Web 3, Consumer",Spain,500 Global Portfolio (500.co/portfolio),2026-08-05T18:15:38.487875+00:00,True,
810,"Kiko Labs, Inc.",https://www.kikolabs.com,Education,United States,500 Global Portfolio (500.co/portfolio),2026-08-05T18:15:38.487875+00:00,True,
811,Olik Pte. Ltd,https://kilo.vn,Ecommerce,Vietnam,500 Global Portfolio (500.co/portfolio),2026-08-05T18:15:38.487875+00:00,True,
812,Kimola Veri Teknolojileri A.S.,https://kimola.com,"Content, Data & Analytics",Turkey,500 Global Portfolio (500.co/portfolio),2026-08-05T18:15:38.487875+00:00,True,
813,"Kin Insurance, Inc.",https://www.kin.com,InsurTech,United States,500 Global Portfolio (500.co/portfolio),2026-08-05T18:15:38.487875+00:00,True,
814,KIND AI Pte Ltd,,,SINGAPORE,500 Global Portfolio (500.co/portfolio),2026-08-05T18:15:38.487875+00:00,True,
815,Kindor LLC,https://kindor.co,Developer Tools,Mexico,500 Global Portfolio (500.co/portfolio),2026-08-05T18:15:38.487875+00:00,True,
816,Edtech International LLC,https://kings.lt,Education,Lithuania,500 Global Portfolio (500.co/portfolio),2026-08-05T18:15:38.487875+00:00,True,
817,"Kinkhao Co., Ltd.",https://kinkao.co,Food,Thailand,500 Global Portfolio (500.co/portfolio),2026-08-05T18:15:38.487875+00:00,True,
818,PT Kita Bisa Indonesia,https://kitabisa.com,FinTech,Indonesia,500 Global Portfolio (500.co/portfolio),2026-08-05T18:15:38.487875+00:00,True,
819,"KiwiCo, Inc.",https://www.kiwico.com,Education,United States,500 Global Portfolio (500.co/portfolio),2026-08-05T18:15:38.487875+00:00,True,
820,Lambda Financial Technologies Inc.,https://klutchcard.com,"FinTech, Marketplace",United States,500 Global Portfolio (500.co/portfolio),2026-08-05T18:15:38.487875+00:00,True,
821,"Knotable, Inc.",https://knote.com,Work,United States,500 Global Portfolio (500.co/portfolio),2026-08-05T18:15:38.487875+00:00,True,
822,"SurfScore, Inc.",https://www.kodable.com,Education,United States,500 Global Portfolio (500.co/portfolio),2026-08-05T18:15:38.487875+00:00,True,
823,"KokkanLogis Co.,Ltd.",https://www.kokkanlogis.co.kr,Logistics,South Korea,500 Global Portfolio (500.co/portfolio),2026-08-05T18:15:38.487875+00:00,True,
824,Kolay Yazılım Anonim Şirketi,https://kolayik.com,,Turkey,500 Global Portfolio (500.co/portfolio),2026-08-05T18:15:38.487875+00:00,True,
825,Koltin Holdings Ltd,https://www.koltin.mx,InsurTech,Mexico,500 Global Portfolio (500.co/portfolio),2026-08-05T18:15:38.487875+00:00,True,
826,PT Kampung Marketerindo Berdaya,https://komerce.id,SME Solution,Indonesia,500 Global Portfolio (500.co/portfolio),2026-08-05T18:15:38.487875+00:00,True,
827,Intellikom Inc.,https://kompyte.com,"AI/Machine Learning, SaaS",United States,500 Global Portfolio (500.co/portfolio),2026-08-05T18:15:38.487875+00:00,True,
828,Kondukto Teknoloji A.Ş.,https://kondukto.io,"Cybersecurity, Developer Tools",Turkey,500 Global Portfolio (500.co/portfolio),2026-08-05T18:15:38.487875+00:00,True,
829,Konfio Limited,https://konfio.mx,FinTech,Mexico,500 Global Portfolio (500.co/portfolio),2026-08-05T18:15:38.487875+00:00,True,
830,Konn Technologies Ltd,https://www.konnhomes.com/,Housing,Jordan,500 Global Portfolio (500.co/portfolio),2026-08-05T18:15:38.487875+00:00,True,
831,Good Morning Ser Pte. Ltd.,https://app.sermorpheus.com,"CloudTech, Crypto, Web 3",Indonesia,500 Global Portfolio (500.co/portfolio),2026-08-05T18:15:38.487875+00:00,True,
832,Wihom Software LLC,https://wihom.com.co,"AI/Machine Learning, Accounting, Ecommerce, FinTech, SaaS",Colombia,500 Global Portfolio (500.co/portfolio),2026-08-05T18:15:38.487875+00:00,True,
833,"Shekar, Inc.",https://www.koreaboo.com,"Entertainment / Media, Social Media",United States,500 Global Portfolio (500.co/portfolio),2026-08-05T18:15:38.487875+00:00,True,
834,"Koska, Inc.",https://www.koska.jp,Robotics,Japan,500 Global Portfolio (500.co/portfolio),2026-08-05T18:15:38.487875+00:00,True,
835,Kovzy Co.,https://kovzy.com,"Food, No Code, SaaS",Georgia,500 Global Portfolio (500.co/portfolio),2026-08-05T18:15:38.487875+00:00,True,
836,Krosslinker Pte. Ltd.,https://www.krosslinker.com,"CleanTech, Energy, Sustainability",Singapore,500 Global Portfolio (500.co/portfolio),2026-08-05T18:15:38.487875+00:00,True,
837,Krunch Lab Limited,https://krunchdata.io,"CloudTech, DevOps, Developer Tools",Hong Kong,500 Global Portfolio (500.co/portfolio),2026-08-05T18:15:38.487875+00:00,True,
838,Kudobuzz Inc.,https://kudobuzz.com,Data & Analytics,United States,500 Global Portfolio (500.co/portfolio),2026-08-05T18:15:38.487875+00:00,True,
839,Auroratech Company,https://www.kura.tech,Entertainment / Media,Spain,500 Global Portfolio (500.co/portfolio),2026-08-05T18:15:38.487875+00:00,True,
840,"Kyndoo, Inc.",https://kyndoo.com,"Social Media, Social Impact",United States,500 Global Portfolio (500.co/portfolio),2026-08-05T18:15:38.487875+00:00,True,
841,Labayh Holding LTD,https://labayh.net,Health Tech,Saudi Arabia,500 Global Portfolio (500.co/portfolio),2026-08-05T18:15:38.487875+00:00,True,
842,"Labdoor, Inc.",https://labdoor.com,Wellness,United States,500 Global Portfolio (500.co/portfolio),2026-08-05T18:15:38.487875+00:00,True,
843,"Lablabee, Inc.",https://www.lablabee.com,HR Tech,United States,500 Global Portfolio (500.co/portfolio),2026-08-05T18:15:38.487875+00:00,True,
844,Laka Ltd,https://laka.co,InsurTech,United Kingdom,500 Global Portfolio (500.co/portfolio),2026-08-05T18:15:38.487875+00:00,True,
845,"LANG ARTIFICIAL INTELLIGENCE, INC",https://www.lang.ai,AI/Machine Learning,Spain,500 Global Portfolio (500.co/portfolio),2026-08-05T18:15:38.487875+00:00,True,
846,SIGMA ENGAGEMENT LLC,https://meetlara.ai,"SaaS, HR Tech",Argentina,500 Global Portfolio (500.co/portfolio),2026-08-05T18:15:38.487875+00:00,True,
847,"Catamorphic, Co.",https://launchdarkly.com,Developer Tools,United States,500 Global Portfolio (500.co/portfolio),2026-08-05T18:15:38.487875+00:00,True,
848,City Coin Group Sdn. Bhd.,,,UNITED STATES,500 Global Portfolio (500.co/portfolio),2026-08-05T18:15:38.487875+00:00,True,
849,"The Court Buddy Company, Inc.",https://www.lawchamps.com,Legal,United States,500 Global Portfolio (500.co/portfolio),2026-08-05T18:15:38.487875+00:00,True,
850,"Guru Ventures, Inc.",https://lawnguru.co,Real Estate,India,500 Global Portfolio (500.co/portfolio),2026-08-05T18:15:38.487875+00:00,True,
851,"LawTrades, Inc.",https://www.lawtrades.com,Legal,United States,500 Global Portfolio (500.co/portfolio),2026-08-05T18:15:38.487875+00:00,True,
852,"Lean Technologies, Ltd.",https://leantech.me,FinTech,Saudi Arabia,500 Global Portfolio (500.co/portfolio),2026-08-05T18:15:38.487875+00:00,True,
853,"Leapcure, inc.",https://leapcure.com,Healthcare,Jordan,500 Global Portfolio (500.co/portfolio),2026-08-05T18:15:38.487875+00:00,True,
854,"LeaseLock, Inc",https://leaselock.com,InsurTech,United States,500 Global Portfolio (500.co/portfolio),2026-08-05T18:15:38.487875+00:00,True,
855,LedgiFi LLC.,https://ledgifi.com,"Accounting, Crypto, FinTech",Chile,500 Global Portfolio (500.co/portfolio),2026-08-05T18:15:38.487875+00:00,True,
856,Lemonaide Pte. Ltd.,https://lemonaidegroup.com,InsurTech,Thailand,500 Global Portfolio (500.co/portfolio),2026-08-05T18:15:38.487875+00:00,True,
857,Lendo Inc.,https://lendo.sa,"Credit & Lending, Consumer",Saudi Arabia,500 Global Portfolio (500.co/portfolio),2026-08-05T18:15:38.487875+00:00,True,
858,MojiLaLa Inc,https://leoapp.com,"Social Media, Social Impact",United States,500 Global Portfolio (500.co/portfolio),2026-08-05T18:15:38.487875+00:00,True,
859,"Polyup, Inc.",https://letsmod.com,Education,United States,500 Global Portfolio (500.co/portfolio),2026-08-05T18:15:38.487875+00:00,True,
860,Lets Holding Limited,https://www.letswork.io,"Real Estate, Remote, HR Tech",United Arab Emirates,500 Global Portfolio (500.co/portfolio),2026-08-05T18:15:38.487875+00:00,True,
861,Level3 AI PTE LTD,,,SINGAPORE,500 Global Portfolio (500.co/portfolio),2026-08-05T18:15:38.487875+00:00,True,
862,"Lexyom, Inc.",https://www.lexyom.com,"AI/Machine Learning, Blockchain, Legal",Lebanon,500 Global Portfolio (500.co/portfolio),2026-08-05T18:15:38.487875+00:00,True,
863,Li̇femote Bi̇li̇şi̇m Ve Ti̇caret Anoni̇m Şi̇rketi̇,https://lifemote.com,Developer Tools,Turkey,500 Global Portfolio (500.co/portfolio),2026-08-05T18:15:38.487875+00:00,True,
864,"LifeSite, Inc.",https://www.lifesite.co,"Blockchain, Data & Analytics, Web 3",United States,500 Global Portfolio (500.co/portfolio),2026-08-05T18:15:38.487875+00:00,True,
865,Lightspeed Photonics Pte. Ltd.,https://lightspeedphotonics.com,"Telecommunications, Deep Tech",Singapore,500 Global Portfolio (500.co/portfolio),2026-08-05T18:15:38.487875+00:00,True,
866,"Likeable Local, Inc.",https://storytellit.com,"Content, Data & Analytics",United States,500 Global Portfolio (500.co/portfolio),2026-08-05T18:15:38.487875+00:00,True,
867,"LinguaTrip, Inc.",https://linguatrip.com,Education,Russia,500 Global Portfolio (500.co/portfolio),2026-08-05T18:15:38.487875+00:00,True,
868,WestonExpressions Inc.,https://linkett.com,Content,Canada,500 Global Portfolio (500.co/portfolio),2026-08-05T18:15:38.487875+00:00,True,
869,"LINSOL Co.,Ltd.",https://linsol.kr/,"Automotive, Manufacturing",South Korea,500 Global Portfolio (500.co/portfolio),2026-08-05T18:15:38.487875+00:00,True,
870,"Linte, Inc.",https://www.linte.com,Legal,Brazil,500 Global Portfolio (500.co/portfolio),2026-08-05T18:15:38.487875+00:00,True,
871,Lisan Holdings Limited,https://lisan.ai,"AI/Machine Learning, Deep Tech",United Arab Emirates,500 Global Portfolio (500.co/portfolio),2026-08-05T18:15:38.487875+00:00,True,
872,"Liveboard, Inc.",https://www.liveboard.online,"Education, SaaS, Social Impact",Armenia,500 Global Portfolio (500.co/portfolio),2026-08-05T18:15:38.487875+00:00,True,
873,"Switch Tech, Inc",https://www.livekick.com,HR Tech,United States,500 Global Portfolio (500.co/portfolio),2026-08-05T18:15:38.487875+00:00,True,
874,Livsho Holdings Limited,https://www.livsho.tv,,UNITED ARAB EMIRATES,500 Global Portfolio (500.co/portfolio),2026-08-05T18:15:38.487875+00:00,True,
875,Media Lab,,Ecommerce,Argentina,500 Global Portfolio (500.co/portfolio),2026-08-05T18:15:38.487875+00:00,True,
876,"LNKO USA, Inc.",https://lnkobrand.com,"Ecommerce, Fashion",Morocco,500 Global Portfolio (500.co/portfolio),2026-08-05T18:15:38.487875+00:00,True,
877,Local Holdings Limited,https://www.uselocal.co,"Food, Hospitality",UNITED ARAB EMIRATES,500 Global Portfolio (500.co/portfolio),2026-08-05T18:15:38.487875+00:00,True,
878,Entreprise Nexmoov inc.,https://locallogic.co,Data & Analytics,Canada,500 Global Portfolio (500.co/portfolio),2026-08-05T18:15:38.487875+00:00,True,
879,"Logiless Co., Ltd.",https://www.logiless.co.jp,"Productivity, Supply Chain",Japan,500 Global Portfolio (500.co/portfolio),2026-08-05T18:15:38.487875+00:00,True,
880,"Long-Term Stock Exchange, Inc.",https://ltse.com,"Credit & Lending, FinTech",United States,500 Global Portfolio (500.co/portfolio),2026-08-05T18:15:38.487875+00:00,True,
881,Loopay LLC,https://loopay.com,FinTech,Colombia,500 Global Portfolio (500.co/portfolio),2026-08-05T18:15:38.487875+00:00,True,
882,Lootex Holdings Inc.,https://lootex.io,"Gaming, Impact, SaaS",Taiwan,500 Global Portfolio (500.co/portfolio),2026-08-05T18:15:38.487875+00:00,True,
883,"LQN Technologies, Inc",https://loquenecesito.co,PropTech,Colombia,500 Global Portfolio (500.co/portfolio),2026-08-05T18:15:38.487875+00:00,True,
884,"Refractor, Inc",https://lore.xyz,"FinTech, Creator Economy",United States,500 Global Portfolio (500.co/portfolio),2026-08-05T18:15:38.487875+00:00,True,
885,Design Barn Inc.,https://lottiefiles.com,Creative Industry,Malaysia,500 Global Portfolio (500.co/portfolio),2026-08-05T18:15:38.487875+00:00,True,
886,EdgiLife Media Inc.,https://lovewithfood.com,"Food, Healthcare",United States,500 Global Portfolio (500.co/portfolio),2026-08-05T18:15:38.487875+00:00,True,
887,"Lucid Software, Inc.",https://lucid.co,Social Media,United States,500 Global Portfolio (500.co/portfolio),2026-08-05T18:15:38.487875+00:00,True,
888,LucidAct Inc.,https://www.lucidact.com,"Health Tech, Healthcare",United States,500 Global Portfolio (500.co/portfolio),2026-08-05T18:15:38.487875+00:00,True,
889,Lucidya Ltd,https://lucidya.com,Data & Analytics,Saudi Arabia,500 Global Portfolio (500.co/portfolio),2026-08-05T18:15:38.487875+00:00,True,
890,lunchlab Corp.,https://www.lunchlab.me,Consumer,South Korea,500 Global Portfolio (500.co/portfolio),2026-08-05T18:15:38.487875+00:00,True,
891,Luxe Nomad Pte Ltd,https://theluxenomad.com,Real Estate,Singapore,500 Global Portfolio (500.co/portfolio),2026-08-05T18:15:38.487875+00:00,True,
892,Knowtions Research o/a Lydia AI,https://www.lydia.ai,InsurTech,Estonia,500 Global Portfolio (500.co/portfolio),2026-08-05T18:15:38.487875+00:00,True,
893,"Calyx Health, Inc.",https://www.getmabel.com,Healthcare,United States,500 Global Portfolio (500.co/portfolio),2026-08-05T18:15:38.487875+00:00,True,
894,"Maestro Interactive, Inc.",https://www.maestro.io,"Social Media, Social Impact",United States,500 Global Portfolio (500.co/portfolio),2026-08-05T18:15:38.487875+00:00,True,
895,Magnetis Consultoria De Investimentos LTDA,https://magnetis.com.br,Real Estate,Cayman Islands,500 Global Portfolio (500.co/portfolio),2026-08-05T18:15:38.487875+00:00,True,
896,MAGNiTT Inc.,https://magnitt.com,Data & Analytics,United Arab Emirates,500 Global Portfolio (500.co/portfolio),2026-08-05T18:15:38.487875+00:00,True,
897,"Magoosh, Inc.",https://magoosh.com,HR Tech,United States,500 Global Portfolio (500.co/portfolio),2026-08-05T18:15:38.487875+00:00,True,
898,AIConectly OÜ,https://www.maicall.ai,"AI/Machine Learning, FinTech, SaaS",Mexico,500 Global Portfolio (500.co/portfolio),2026-08-05T18:15:38.487875+00:00,True,
899,Maison Safqa Holdings Limited,https://www.maisonsafqa.com,,UNITED ARAB EMIRATES,500 Global Portfolio (500.co/portfolio),2026-08-05T18:15:38.487875+00:00,True,
900,"Maker, Inc.",https://www.maker.co,Fashion,United States,500 Global Portfolio (500.co/portfolio),2026-08-05T18:15:38.487875+00:00,True,
901,MAKE THE DOT INC.,https://www.makethedot.com,Productivity,United States,500 Global Portfolio (500.co/portfolio),2026-08-05T18:15:38.487875+00:00,True,
902,Malaeb Limited,https://malaebapp.com,Social Impact,Bahrain,500 Global Portfolio (500.co/portfolio),2026-08-05T18:15:38.487875+00:00,True,
903,"Mall IQ, Inc.",https://www.malliq.com,"Content, Data & Analytics",United States,500 Global Portfolio (500.co/portfolio),2026-08-05T18:15:38.487875+00:00,True,
904,Appaegis Inc.,https://www.mammothcyber.com,Cybersecurity,United States,500 Global Portfolio (500.co/portfolio),2026-08-05T18:15:38.487875+00:00,True,
905,"Readymums, Inc.",https://mammy.app,Wellness,Egypt,500 Global Portfolio (500.co/portfolio),2026-08-05T18:15:38.487875+00:00,True,
906,Mamo Ltd.,https://www.mamopay.com,FinTech,United Arab Emirates,500 Global Portfolio (500.co/portfolio),2026-08-05T18:15:38.487875+00:00,True,
907,"MANTAS INSURANCE SOLUTIONS, INC.",https://mantas.ai,,UNITED STATES,500 Global Portfolio (500.co/portfolio),2026-08-05T18:15:38.487875+00:00,True,
908,"ManyChat, Inc.",https://manychat.com,SaaS,United States,500 Global Portfolio (500.co/portfolio),2026-08-05T18:15:38.487875+00:00,True,
909,PT Rekan Usaha Mikro Anda,https://mapan.id,"Ecommerce, Retail, Consumer",Indonesia,500 Global Portfolio (500.co/portfolio),2026-08-05T18:15:38.487875+00:00,True,
910,"Markerly, Inc.",https://markerly.com,Content,United States,500 Global Portfolio (500.co/portfolio),2026-08-05T18:15:38.487875+00:00,True,
911,"UNCODIE, CORP.",https://www.uncodie.com,"Content, CRM, Commerce",Mexico,500 Global Portfolio (500.co/portfolio),2026-08-05T18:15:38.487875+00:00,True,
912,Hometown Inc,https://markhor.com,Fashion,Pakistan,500 Global Portfolio (500.co/portfolio),2026-08-05T18:15:38.487875+00:00,True,
913,Mars Reel Media Corp.,https://tfiom.com,"Entertainment / Media, Social Media",United States,500 Global Portfolio (500.co/portfolio),2026-08-05T18:15:38.487875+00:00,True,
914,"Mashvisor, Inc.",https://www.mashvisor.com,Real Estate,United States,500 Global Portfolio (500.co/portfolio),2026-08-05T18:15:38.487875+00:00,True,
915,"Massive Bio, Inc.",https://massivebio.com,"Health Tech, Healthcare",United States,500 Global Portfolio (500.co/portfolio),2026-08-05T18:15:38.487875+00:00,True,
916,MAXAB B.V.,https://www.maxab.io,Supply Chain,Egypt,500 Global Portfolio (500.co/portfolio),2026-08-05T18:15:38.487875+00:00,True,
917,"Mayvenn, Inc.",https://shop.mayvenn.com,Fashion,United States,500 Global Portfolio (500.co/portfolio),2026-08-05T18:15:38.487875+00:00,True,
918,"Mealogic, Inc.",https://www.territoryfoods.com,"Ecommerce, Food",United States,500 Global Portfolio (500.co/portfolio),2026-08-05T18:15:38.487875+00:00,True,
919,MEAL PLANET HOLDING LTD,https://www.mealplanet.com,Consumer,United Arab Emirates,500 Global Portfolio (500.co/portfolio),2026-08-05T18:15:38.487875+00:00,True,
920,Meals In Minutes Sdn. Bhd.,https://mealsinminutes.co,"Food, Retail",Malaysia,500 Global Portfolio (500.co/portfolio),2026-08-05T18:15:38.487875+00:00,True,
921,Medicarri,https://www.medicarri.com,"Health Tech, Healthcare, B2B Marketplaces",Saudi Arabia,500 Global Portfolio (500.co/portfolio),2026-08-05T18:15:38.487875+00:00,True,
922,Medir Inc,https://medb.kr,"Healthcare, Consumer",South Korea,500 Global Portfolio (500.co/portfolio),2026-08-05T18:15:38.487875+00:00,True,
923,MeetTomorrow Inc.,https://meetandy.ai,Productivity,United States,500 Global Portfolio (500.co/portfolio),2026-08-05T18:15:38.487875+00:00,True,
924,"Ash Wellness, Inc.",https://www.poweredbyash.com,Wellness,United States,500 Global Portfolio (500.co/portfolio),2026-08-05T18:15:38.487875+00:00,True,
925,Deskntea Co.,https://www.meetlala.io,"Education, Marketplace, Consumer",United States,500 Global Portfolio (500.co/portfolio),2026-08-05T18:15:38.487875+00:00,True,
926,Meitre Inc,https://meitre.com,SME Solution,Uruguay,500 Global Portfolio (500.co/portfolio),2026-08-05T18:15:38.487875+00:00,True,
927,Mejuri Inc.,https://mejuri.com,Fashion,Canada,500 Global Portfolio (500.co/portfolio),2026-08-05T18:15:38.487875+00:00,True,
928,Mekan Spare parts LLC,https://somosmekan.com,"Automotive, Consumer",Colombia,500 Global Portfolio (500.co/portfolio),2026-08-05T18:15:38.487875+00:00,True,
929,Melodics Ltd.,https://melodics.com,"Education, Entertainment / Media, Creator Economy",New Zealand,500 Global Portfolio (500.co/portfolio),2026-08-05T18:15:38.487875+00:00,True,
930,MELON DIGITAL HOLDING LTD,https://melon.sa,,UNITED ARAB EMIRATES,500 Global Portfolio (500.co/portfolio),2026-08-05T18:15:38.487875+00:00,True,
931,Meme Chat Private Limited,https://memechat.app,Social Impact,India,500 Global Portfolio (500.co/portfolio),2026-08-05T18:15:38.487875+00:00,True,
932,MEMORICK S.A.P.I. DE C.V.,https://memorick.com,Crowdfunding,Mexico,500 Global Portfolio (500.co/portfolio),2026-08-05T18:15:38.487875+00:00,True,
933,Axamer LLC,https://menteo.ai,"AI/Machine Learning, Ecommerce, Marketplace, SaaS",Uruguay,500 Global Portfolio (500.co/portfolio),2026-08-05T18:15:38.487875+00:00,True,
934,Mentica Inc,,,UNITED STATES,500 Global Portfolio (500.co/portfolio),2026-08-05T18:15:38.487875+00:00,True,
935,Mentimeter AB,https://www.mentimeter.com,"Content, Productivity",Sweden,500 Global Portfolio (500.co/portfolio),2026-08-05T18:15:38.487875+00:00,True,
936,"MentorCloud, Inc.",https://www.mentorcloud.com,Enterprise,United States,500 Global Portfolio (500.co/portfolio),2026-08-05T18:15:38.487875+00:00,True,
937,My AI Inc.,https://www.meprotocol.io,Consumer,Austria,500 Global Portfolio (500.co/portfolio),2026-08-05T18:15:38.487875+00:00,True,
938,"Merchbar, Inc.",https://www.merchbar.com,Fashion,United States,500 Global Portfolio (500.co/portfolio),2026-08-05T18:15:38.487875+00:00,True,
939,"Merklebase, Inc.",https://www.merklebase.io,"Blockchain, FinTech, Analytics",United States,500 Global Portfolio (500.co/portfolio),2026-08-05T18:15:38.487875+00:00,True,
940,Stackseer Technologies Pte. Ltd.,https://www.merklescience.com,"AI/Machine Learning, SaaS, Web 3",Singapore,500 Global Portfolio (500.co/portfolio),2026-08-05T18:15:38.487875+00:00,True,
941,Mero Technologies Inc.,https://www.mero.co,Real Estate,Canada,500 Global Portfolio (500.co/portfolio),2026-08-05T18:15:38.487875+00:00,True,
942,Meshcrafts AS,https://www.current.eco,"Automotive, Energy",Norway,500 Global Portfolio (500.co/portfolio),2026-08-05T18:15:38.487875+00:00,True,
943,MessageCube Corp Inc.,https://messagecube.mobi,Social Impact,United States,500 Global Portfolio (500.co/portfolio),2026-08-05T18:15:38.487875+00:00,True,
944,"Metadata, Inc",https://metadata.io,Data & Analytics,United States,500 Global Portfolio (500.co/portfolio),2026-08-05T18:15:38.487875+00:00,True,
945,METRIC TECHNOLOGIES PTE. LTD.,https://www.metricapp.co,FinTech,United Arab Emirates,500 Global Portfolio (500.co/portfolio),2026-08-05T18:15:38.487875+00:00,True,
946,MR Singapore Pte Ltd,https://www.metroresidences.com,Real Estate,Singapore,500 Global Portfolio (500.co/portfolio),2026-08-05T18:15:38.487875+00:00,True,
947,"MeUndies, Inc.",https://www.meundies.com,Fashion,United States,500 Global Portfolio (500.co/portfolio),2026-08-05T18:15:38.487875+00:00,True,
948,"Locl Interactive, Inc.",https://www.meya.ai,Developer Tools,Canada,500 Global Portfolio (500.co/portfolio),2026-08-05T18:15:38.487875+00:00,True,
949,TRB Ventures Sdn. Bhd.,https://www.mhub.my,PropTech,Malaysia,500 Global Portfolio (500.co/portfolio),2026-08-05T18:15:38.487875+00:00,True,
950,Miconcierge S.A.P.I. DE C.V.,https://www.micnegocios.com,Travel & Tourism,Mexico,500 Global Portfolio (500.co/portfolio),2026-08-05T18:15:38.487875+00:00,True,
951,Micro Benefits Financial Consulting (Suzhou) Ltd.,https://www.microbenefits.com,HR Tech,China,500 Global Portfolio (500.co/portfolio),2026-08-05T18:15:38.487875+00:00,True,
952,Midas Technologies Inc.,https://www.midascash.app,"Data & Analytics, FinTech, SaaS",Mexico,500 Global Portfolio (500.co/portfolio),2026-08-05T18:15:38.487875+00:00,True,
953,MIENVIO DE MEXICO S.A.P.I. DE C.V.,https://mienvio.mx,Logistics,Mexico,500 Global Portfolio (500.co/portfolio),2026-08-05T18:15:38.487875+00:00,True,
954,"MightyFly, Inc.",https://mightyfly.com,"Aviation, Logistics",United States,500 Global Portfolio (500.co/portfolio),2026-08-05T18:15:38.487875+00:00,True,
955,"Openphone, Inc.",https://www.mightytext.net,"Healthcare, Consumer",United States,500 Global Portfolio (500.co/portfolio),2026-08-05T18:15:38.487875+00:00,True,
956,MILE SOLUTIONS HOLDING LTD,https://www.milenow.com,"Logistics, SaaS, Supply Chain",United Arab Emirates,500 Global Portfolio (500.co/portfolio),2026-08-05T18:15:38.487875+00:00,True,
957,MindValley Inc.,https://www.mindvalley.com,Healthcare,Malaysia,500 Global Portfolio (500.co/portfolio),2026-08-05T18:15:38.487875+00:00,True,
958,Minu Holdings Limited,https://minu.mx/,HR Tech,Mexico,500 Global Portfolio (500.co/portfolio),2026-08-05T18:15:38.487875+00:00,True,
959,"Miri Technologies, Inc",https://www.miri.health,Wellness,United States,500 Global Portfolio (500.co/portfolio),2026-08-05T18:15:38.487875+00:00,True,
960,Miruvor AI Inc.,https://www.miruvor.ai,AI/Machine Learning,UNITED STATES,500 Global Portfolio (500.co/portfolio),2026-08-05T18:15:38.487875+00:00,True,
961,MisMar,https://mismarapp.com,Mobility,Saudi Arabia,500 Global Portfolio (500.co/portfolio),2026-08-05T18:15:38.487875+00:00,True,
962,"Miso Technologies, Inc.",https://askmiso.com,"AdTech, Data & Analytics, Marketplace",United States,500 Global Portfolio (500.co/portfolio),2026-08-05T18:15:38.487875+00:00,True,
963,"Sfo84, Inc.",https://www.misterbandb.com,"Ecommerce, Travel & Tourism, Consumer",France,500 Global Portfolio (500.co/portfolio),2026-08-05T18:15:38.487875+00:00,True,
964,"Online Media Group, Inc.",https://mixrank.com,Data & Analytics,United States,500 Global Portfolio (500.co/portfolio),2026-08-05T18:15:38.487875+00:00,True,
965,"MLNETWORKSIO,INC.",https://mlnetworks.io,"AI/Machine Learning, Accounting, Data & Analytics, SaaS, Telecommunications",Morocco,500 Global Portfolio (500.co/portfolio),2026-08-05T18:15:38.487875+00:00,True,
966,Myblynk Inc,https://mnzl.co,"FinTech, Impact, PropTech",Egypt,500 Global Portfolio (500.co/portfolio),2026-08-05T18:15:38.487875+00:00,True,
967,MoBagel Inc.,https://mobagel.com,Developer Tools,United States,500 Global Portfolio (500.co/portfolio),2026-08-05T18:15:38.487875+00:00,True,
968,"Mobile Action, Inc.",https://www.mobileaction.co,"Data & Analytics, Developer Tools",United States,500 Global Portfolio (500.co/portfolio),2026-08-05T18:15:38.487875+00:00,True,
969,"Check I'm here, Inc.",https://moderncampus.com,Education,United States,500 Global Portfolio (500.co/portfolio),2026-08-05T18:15:38.487875+00:00,True,
970,Mogassam LLC,https://www.mogassam.com,Robotics,Egypt,500 Global Portfolio (500.co/portfolio),2026-08-05T18:15:38.487875+00:00,True,
971,Mogul Inc.,https://onmogul.com,HR Tech,United States,500 Global Portfolio (500.co/portfolio),2026-08-05T18:15:38.487875+00:00,True,
972,"Mojio, Inc.",https://www.moj.io,Automotive,Canada,500 Global Portfolio (500.co/portfolio),2026-08-05T18:15:38.487875+00:00,True,
973,Mediation Online LLC,https://www.mol.legal,Legal,Brazil,500 Global Portfolio (500.co/portfolio),2026-08-05T18:15:38.487875+00:00,True,
974,Wonderweeks Company Inc.,https://mom-mom.net,Consumer,South Korea,500 Global Portfolio (500.co/portfolio),2026-08-05T18:15:38.487875+00:00,True,
975,Momo Project Inc,https://meetmydogchallenge.com,Pet Tech,United States,500 Global Portfolio (500.co/portfolio),2026-08-05T18:15:38.487875+00:00,True,
976,Monak E-Services Holdings Limited,https://www.monakapp.com,"Banking & Exchange, CloudTech",Oman,500 Global Portfolio (500.co/portfolio),2026-08-05T18:15:38.487875+00:00,True,
977,MFellows Holdings Limited,https://moneyfellows.com,FinTech,Egypt,500 Global Portfolio (500.co/portfolio),2026-08-05T18:15:38.487875+00:00,True,
978,Aggra Technologies Private Limited,https://moneytor.in,Credit & Lending,India,500 Global Portfolio (500.co/portfolio),2026-08-05T18:15:38.487875+00:00,True,
979,Monkibox Holding LTD,https://monkibox.com,Education,United Arab Emirates,500 Global Portfolio (500.co/portfolio),2026-08-05T18:15:38.487875+00:00,True,
980,"Monnai, Inc.",https://monnai.com,Consumer,United States,500 Global Portfolio (500.co/portfolio),2026-08-05T18:15:38.487875+00:00,True,
981,"More Labs, Inc.",https://www.morelabs.com,"CPG (Consumer packaged goods), Healthcare, Consumer",United States,500 Global Portfolio (500.co/portfolio),2026-08-05T18:15:38.487875+00:00,True,
982,Baby Mori Limited,https://babymori.com,Fashion,United Kingdom,500 Global Portfolio (500.co/portfolio),2026-08-05T18:15:38.487875+00:00,True,
983,Morph Systems,https://morphsys.ai/,SaaS,South Korea,500 Global Portfolio (500.co/portfolio),2026-08-05T18:15:38.487875+00:00,True,
984,Motion Creative Cloud Inc.,https://motionapp.com,"Developer Tools, Productivity",Canada,500 Global Portfolio (500.co/portfolio),2026-08-05T18:15:38.487875+00:00,True,
985,MotionElements Pte. Ltd.,https://www.motionelements.com,Entertainment / Media,Singapore,500 Global Portfolio (500.co/portfolio),2026-08-05T18:15:38.487875+00:00,True,
986,Movel AI Pte Ltd,https://movel.ai,"AI/Machine Learning, Logistics, Robotics",Singapore,500 Global Portfolio (500.co/portfolio),2026-08-05T18:15:38.487875+00:00,True,
987,"Moviation, Inc.",https://www.moviationair.com,Consumer,South Korea,500 Global Portfolio (500.co/portfolio),2026-08-05T18:15:38.487875+00:00,True,
988,Binomia Limited,https://www.newpath.com,Developer Tools,United States,500 Global Portfolio (500.co/portfolio),2026-08-05T18:15:38.487875+00:00,True,
989,Apparel IQ Holding Limited,https://www.mrdraper.com,Fashion,United Arab Emirates,500 Global Portfolio (500.co/portfolio),2026-08-05T18:15:38.487875+00:00,True,
990,Mubitoperaciones S.A.P.I de C.V.,https://mubit.co,PropTech,Mexico,500 Global Portfolio (500.co/portfolio),2026-08-05T18:15:38.487875+00:00,True,
991,Mujer Financiera LLC,https://www.mujer-financiera.com,Education,Argentina,500 Global Portfolio (500.co/portfolio),2026-08-05T18:15:38.487875+00:00,True,
992,Tactivos Inc.,https://mural.co,Creative Industry,Argentina,500 Global Portfolio (500.co/portfolio),2026-08-05T18:15:38.487875+00:00,True,
993,"mxHero, Inc.",https://www.mxhero.com,Developer Tools,United States,500 Global Portfolio (500.co/portfolio),2026-08-05T18:15:38.487875+00:00,True,
994,"Global AI Group, Inc.",https://mybots.pro,"SaaS, Artificial Intelligence / Machine Learning, Infrastructure",UNITED STATES,500 Global Portfolio (500.co/portfolio),2026-08-05T18:15:38.487875+00:00,True,
995,"My BOX Co., Ltd.",https://my-box.kr,"Logistics, Supply Chain",United States,500 Global Portfolio (500.co/portfolio),2026-08-05T18:15:38.487875+00:00,True,
996,MyCash Online (SG) Pte. Ltd.,https://inremit.co,"FinTech, Consumer",Singapore,500 Global Portfolio (500.co/portfolio),2026-08-05T18:15:38.487875+00:00,True,
997,My Chinese Roots Pte. Ltd.,https://www.mychinaroots.com,"Content, Wellness, Social Impact, Consumer",China,500 Global Portfolio (500.co/portfolio),2026-08-05T18:15:38.487875+00:00,True,
998,Mycotech Pte. Ltd.,https://mycl.bio,Robotics,Indonesia,500 Global Portfolio (500.co/portfolio),2026-08-05T18:15:38.487875+00:00,True,
999,MyFavorito GmbH,https://www.myfavorito.com,Content,Germany,500 Global Portfolio (500.co/portfolio),2026-08-05T18:15:38.487875+00:00,True,
1000,"MyHealthTeams, Inc.",https://myhealthteam.com,Health Tech,Philippines,500 Global Portfolio (500.co/portfolio),2026-08-05T18:15:38.487875+00:00,True,
1001,Myndlift Ltd.,https://www.myndlift.com,Health Tech,Israel,500 Global Portfolio (500.co/portfolio),2026-08-05T18:15:38.487875+00:00,True,
1002,"Melian Labs, Inc.",https://mytime.com,"Enterprise, Retail",United States,500 Global Portfolio (500.co/portfolio),2026-08-05T18:15:38.487875+00:00,True,
1003,Fikra Ltd,https://myu.co,Education,Kuwait,500 Global Portfolio (500.co/portfolio),2026-08-05T18:15:38.487875+00:00,True,
1004,Naluri Pte. Ltd.,https://www.naluri.life,Health Tech,Singapore,500 Global Portfolio (500.co/portfolio),2026-08-05T18:15:38.487875+00:00,True,
1005,"Nanno, Inc.",https://www.nanno.com,Education,United States,500 Global Portfolio (500.co/portfolio),2026-08-05T18:15:38.487875+00:00,True,
1006,Nas Education Pte. Ltd.,https://nasdaily.com,Education,Singapore,500 Global Portfolio (500.co/portfolio),2026-08-05T18:15:38.487875+00:00,True,
1007,Nawah Scientific Holding B.V.,https://nawah-scientific.com,BioTech & Life Sciences,Egypt,500 Global Portfolio (500.co/portfolio),2026-08-05T18:15:38.487875+00:00,True,
1008,Nawy Inc.,,,UNITED STATES,500 Global Portfolio (500.co/portfolio),2026-08-05T18:15:38.487875+00:00,True,
1009,"Nazar, Inc.",https://nazar.ai,"Data & Analytics, Developer Tools",Brazil,500 Global Portfolio (500.co/portfolio),2026-08-05T18:15:38.487875+00:00,True,
1010,Nebu Lah Sdn. Bhd.,https://www.thenebu.com,,MALAYSIA,500 Global Portfolio (500.co/portfolio),2026-08-05T18:15:38.487875+00:00,True,
1011,Nebutech Med Pte. Ltd.,,,SINGAPORE,500 Global Portfolio (500.co/portfolio),2026-08-05T18:15:38.487875+00:00,True,
1012,NEO Success Pte. Ltd.,https://www.neomoney.com,"FinTech, Real Estate, Consumer",Thailand,500 Global Portfolio (500.co/portfolio),2026-08-05T18:15:38.487875+00:00,True,
1013,"Neon Financial, Inc",https://www.neonforlife.com,FinTech,United States,500 Global Portfolio (500.co/portfolio),2026-08-05T18:15:38.487875+00:00,True,
1014,NEO TECH MOBILITY HOLDINGS LIMITED,https://weareneo.co,Logistics,UNITED ARAB EMIRATES,500 Global Portfolio (500.co/portfolio),2026-08-05T18:15:38.487875+00:00,True,
1015,Neqabty Inc.,https://neqabty.com,"FemTech (women's health), Health Tech, SaaS",Egypt,500 Global Portfolio (500.co/portfolio),2026-08-05T18:15:38.487875+00:00,True,
1016,Nestrom Inc.,https://www.nestrom.com,Infrastructure,Jordan,500 Global Portfolio (500.co/portfolio),2026-08-05T18:15:38.487875+00:00,True,
1017,"Net Worth Consulting Wealth Management, S.A.P.I. DE C.V.",https://www.networth.mx,FinTech,Mexico,500 Global Portfolio (500.co/portfolio),2026-08-05T18:15:38.487875+00:00,True,
1018,Neuron Mobility Holdings Pte. Ltd.,https://www.rideneuron.com,Mobility,Singapore,500 Global Portfolio (500.co/portfolio),2026-08-05T18:15:38.487875+00:00,True,
1019,"Neuroware, Inc.",https://neuroware.io,Developer Tools,Malaysia,500 Global Portfolio (500.co/portfolio),2026-08-05T18:15:38.487875+00:00,True,
1020,"Neversitup Co., Ltd",https://neversitup.com,FinTech,Thailand,500 Global Portfolio (500.co/portfolio),2026-08-05T18:15:38.487875+00:00,True,
1021,NewCampus Pte. Ltd.,https://www.newcampus.com,HR Tech,Singapore,500 Global Portfolio (500.co/portfolio),2026-08-05T18:15:38.487875+00:00,True,
1022,"Newneek Co., Ltd.",https://newneek.co,Consumer,South Korea,500 Global Portfolio (500.co/portfolio),2026-08-05T18:15:38.487875+00:00,True,
1023,NewsWhip Media Ltd.,https://www.newswhip.com,Data & Analytics,Ireland,500 Global Portfolio (500.co/portfolio),2026-08-05T18:15:38.487875+00:00,True,
1024,Nexiu AI LLC,https://nexiu.ai/,"Enterprise, Talent Management, HR Tech",Mexico,500 Global Portfolio (500.co/portfolio),2026-08-05T18:15:38.487875+00:00,True,
1025,NexMind AI Pte. Ltd.,https://www.nexlaw.ai,"AI/Machine Learning, Enterprise, Legal",United States,500 Global Portfolio (500.co/portfolio),2026-08-05T18:15:38.487875+00:00,True,
1026,Eleventh Division Pte Ltd,https://nextacademy.com,HR Tech,Malaysia,500 Global Portfolio (500.co/portfolio),2026-08-05T18:15:38.487875+00:00,True,
1027,Nex Technologies LLC,,,UNITED STATES,500 Global Portfolio (500.co/portfolio),2026-08-05T18:15:38.487875+00:00,True,
1028,"Nexus Lab Technologies, Inc.",https://nexuslab.fr,,UNITED STATES,500 Global Portfolio (500.co/portfolio),2026-08-05T18:15:38.487875+00:00,True,
1029,Byterum Holdings Ltd,https://nftgo.io,Crypto,Singapore,500 Global Portfolio (500.co/portfolio),2026-08-05T18:15:38.487875+00:00,True,
1030,Nibbles PBC,https://nibbl.es,"FinTech, InsurTech",United States,500 Global Portfolio (500.co/portfolio),2026-08-05T18:15:38.487875+00:00,True,
1031,Nibras.com Inc,https://www.nibras.com,HR Tech,United Arab Emirates,500 Global Portfolio (500.co/portfolio),2026-08-05T18:15:38.487875+00:00,True,
1032,Zest Venture Sdn. Bhd.,https://nikahsatu.com/,Social Media,Malaysia,500 Global Portfolio (500.co/portfolio),2026-08-05T18:15:38.487875+00:00,True,
1033,Niramai Health Analytix Private Limited,https://www.niramai.com,Health Tech,India,500 Global Portfolio (500.co/portfolio),2026-08-05T18:15:38.487875+00:00,True,
1034,NITROS HOLDING LIMITED,https://gonitros.com,Logistics,Saudi Arabia,500 Global Portfolio (500.co/portfolio),2026-08-05T18:15:38.487875+00:00,True,
1035,Nizthewiz Technology Sdn Bhd,https://www.nizthewiz.com,Supply Chain,Malaysia,500 Global Portfolio (500.co/portfolio),2026-08-05T18:15:38.487875+00:00,True,
1036,NoBueno Technologies,https://nobueno.com,HR Tech,United Arab Emirates,500 Global Portfolio (500.co/portfolio),2026-08-05T18:15:38.487875+00:00,True,
1037,NodeFlair Pte. Ltd.,https://nodeflair.com,HR Tech,Singapore,500 Global Portfolio (500.co/portfolio),2026-08-05T18:15:38.487875+00:00,True,
1038,Node Inc.,https://www.node.io,Data & Analytics,United States,500 Global Portfolio (500.co/portfolio),2026-08-05T18:15:38.487875+00:00,True,
1039,"Nonnatech, Inc.",https://nonnatech.com,"AI/Machine Learning, Health Tech, Big Data, Healthcare",United States,500 Global Portfolio (500.co/portfolio),2026-08-05T18:15:38.487875+00:00,True,
1040,"Noodle Partners, Inc.",https://www.noodle.com,Developer Tools,United States,500 Global Portfolio (500.co/portfolio),2026-08-05T18:15:38.487875+00:00,True,
1041,"Nookly, Inc.",https://www.nookly.com,"AI/Machine Learning, Content",United States,500 Global Portfolio (500.co/portfolio),2026-08-05T18:15:38.487875+00:00,True,
1042,NOON EDUCATION HOLDING LTD,https://www.learnatnoon.com,Education,Saudi Arabia,500 Global Portfolio (500.co/portfolio),2026-08-05T18:15:38.487875+00:00,True,
1043,NoRedInk Corp.,https://www.noredink.com,Education,United States,500 Global Portfolio (500.co/portfolio),2026-08-05T18:15:38.487875+00:00,True,
1044,Notti Sdn Bhd,https://nottipetfood.com,Consumer,Malaysia,500 Global Portfolio (500.co/portfolio),2026-08-05T18:15:38.487875+00:00,True,
1045,Nowlun Holding Corp.,https://www.nowlun.com,,UNITED STATES,500 Global Portfolio (500.co/portfolio),2026-08-05T18:15:38.487875+00:00,True,
1046,Nowpay Inc.,https://nowpay.cash,Credit & Lending,Egypt,500 Global Portfolio (500.co/portfolio),2026-08-05T18:15:38.487875+00:00,True,
1047,Nqoodlet Holdings Limited,https://www.nqoodlet.com,FinTech,Saudi Arabia,500 Global Portfolio (500.co/portfolio),2026-08-05T18:15:38.487875+00:00,True,
1048,Nubity Inc.,https://nubity.com,Developer Tools,Argentina,500 Global Portfolio (500.co/portfolio),2026-08-05T18:15:38.487875+00:00,True,
1049,NUME LLC,https://nuevometodo.com,FemTech (women's health),Argentina,500 Global Portfolio (500.co/portfolio),2026-08-05T18:15:38.487875+00:00,True,
1050,Nugit Pte Ltd.,https://www.nugit.co,Content,Singapore,500 Global Portfolio (500.co/portfolio),2026-08-05T18:15:38.487875+00:00,True,
1051,CTY Inc,https://numina.co,Government,United Arab Emirates,500 Global Portfolio (500.co/portfolio),2026-08-05T18:15:38.487875+00:00,True,
1052,Nutrical Solution Ltd,https://www.nutrical.co,SaaS,United Arab Emirates,500 Global Portfolio (500.co/portfolio),2026-08-05T18:15:38.487875+00:00,True,
1053,"Nuve, Inc.",https://nuve.us,"Cybersecurity, Supply Chain",United States,500 Global Portfolio (500.co/portfolio),2026-08-05T18:15:38.487875+00:00,True,
1054,NXTPLabs,https://www.nxtplabs.com,Agnostic (all),ARGENTINA,500 Global Portfolio (500.co/portfolio),2026-08-05T18:15:38.487875+00:00,True,
1055,"Oasis Labs, Inc.",https://www.oasislabs.com,Developer Tools,United States,500 Global Portfolio (500.co/portfolio),2026-08-05T18:15:38.487875+00:00,True,
1056,"Oblix, Inc",https://oblixsecurity.com,"AI/Machine Learning, Cybersecurity",UNITED STATES,500 Global Portfolio (500.co/portfolio),2026-08-05T18:15:38.487875+00:00,True,
1057,DC Ventures LTD,https://denarii.cash,FinTech,United Arab Emirates,500 Global Portfolio (500.co/portfolio),2026-08-05T18:15:38.487875+00:00,True,
1058,BEYOND BORDERS LTD,https://weareocta.com,"Accounting, FinTech",United Arab Emirates,500 Global Portfolio (500.co/portfolio),2026-08-05T18:15:38.487875+00:00,True,
1059,"Oddup, Inc.",https://www.oddup.com,Real Estate,Hong Kong,500 Global Portfolio (500.co/portfolio),2026-08-05T18:15:38.487875+00:00,True,
1060,Oen Tech Co,https://www.oen.tw,"FinTech, Payments",Taiwan,500 Global Portfolio (500.co/portfolio),2026-08-05T18:15:38.487875+00:00,True,
1061,Worknmates Group Corp.,https://www.getoffi.com,Marketplace,Argentina,500 Global Portfolio (500.co/portfolio),2026-08-05T18:15:38.487875+00:00,True,
1062,"OfficeLuv, Inc.",https://officeluv.com,"FinTech, Infrastructure",United States,500 Global Portfolio (500.co/portfolio),2026-08-05T18:15:38.487875+00:00,True,
1063,OFI Limited,https://www.ofinow.com,"Content, Infrastructure",Colombia,500 Global Portfolio (500.co/portfolio),2026-08-05T18:15:38.487875+00:00,True,
1064,Ohalo Limited,https://www.ohalo.co,"Cybersecurity, Developer Tools",United Kingdom,500 Global Portfolio (500.co/portfolio),2026-08-05T18:15:38.487875+00:00,True,
1065,"Malivar, Inc.",https://ohmysynt.io,"AI/Machine Learning, AdTech",Armenia,500 Global Portfolio (500.co/portfolio),2026-08-05T18:15:38.487875+00:00,True,
1066,Solidarium Mercado e Serviços Digitais Ltda,https://olist.com,Content,Brazil,500 Global Portfolio (500.co/portfolio),2026-08-05T18:15:38.487875+00:00,True,
1067,"Omate, Inc.",https://www.omate.com,Fashion,China,500 Global Portfolio (500.co/portfolio),2026-08-05T18:15:38.487875+00:00,True,
1068,"Omniful, Inc.",https://www.omniful.com,"Ecommerce, Enterprise, Retail",Saudi Arabia,500 Global Portfolio (500.co/portfolio),2026-08-05T18:15:38.487875+00:00,True,
1069,Shoppr Labs Sdn Bhd,https://omnilytics.co,Fashion,Malaysia,500 Global Portfolio (500.co/portfolio),2026-08-05T18:15:38.487875+00:00,True,
1070,Omnitron Sensors Inc.,https://omnitronsensors.com,Automotive,United States,500 Global Portfolio (500.co/portfolio),2026-08-05T18:15:38.487875+00:00,True,
1071,Novus Via Limited,https://www.onepagecrm.com,Content,Ireland,500 Global Portfolio (500.co/portfolio),2026-08-05T18:15:38.487875+00:00,True,
1072,"One Rule, Inc.",,,UNITED STATES,500 Global Portfolio (500.co/portfolio),2026-08-05T18:15:38.487875+00:00,True,
1073,OnMyGrad Limited,https://www.onmygrad.space,HR Tech,Hong Kong,500 Global Portfolio (500.co/portfolio),2026-08-05T18:15:38.487875+00:00,True,
1074,"OpenCommerce Group ,Inc",https://www.opencommercegroup.com,"Content, Data & Analytics",Singapore,500 Global Portfolio (500.co/portfolio),2026-08-05T18:15:38.487875+00:00,True,
1075,OpenDurian Co.,https://www.opendurian.com,Education,Thailand,500 Global Portfolio (500.co/portfolio),2026-08-05T18:15:38.487875+00:00,True,
1076,"Open Presence, Inc.",https://www.presence.io,Education,United States,500 Global Portfolio (500.co/portfolio),2026-08-05T18:15:38.487875+00:00,True,
1077,"OpenSponsorship, Corp.",https://opensponsorship.com,Content,United States,500 Global Portfolio (500.co/portfolio),2026-08-05T18:15:38.487875+00:00,True,
1078,OP.GG Inc.,https://www.op.gg,Consumer,South Korea,500 Global Portfolio (500.co/portfolio),2026-08-05T18:15:38.487875+00:00,True,
1079,OpsLyft Inc.,,AI/Machine Learning,UNITED STATES,500 Global Portfolio (500.co/portfolio),2026-08-05T18:15:38.487875+00:00,True,
1080,Optimal HealthOS LLC,https://www.optimal.lat,,UNITED STATES,500 Global Portfolio (500.co/portfolio),2026-08-05T18:15:38.487875+00:00,True,
1081,"Optimity, Inc.",https://www.myoptimity.com,Healthcare,Canada,500 Global Portfolio (500.co/portfolio),2026-08-05T18:15:38.487875+00:00,True,
1082,"The App Development and Marketing Company, Inc.",https://rainlocal.com,Content,United States,500 Global Portfolio (500.co/portfolio),2026-08-05T18:15:38.487875+00:00,True,
1083,"Alta5, Inc",https://optionalpha.com,Real Estate,United States,500 Global Portfolio (500.co/portfolio),2026-08-05T18:15:38.487875+00:00,True,
1084,Orbicle Bio,https://orbiclebio.com/,AgTech,South Korea,500 Global Portfolio (500.co/portfolio),2026-08-05T18:15:38.487875+00:00,True,
1085,Orbii Tech Ltd,https://www.orbii.ai,,UNITED ARAB EMIRATES,500 Global Portfolio (500.co/portfolio),2026-08-05T18:15:38.487875+00:00,True,
1086,Orchard Labs Inc.,https://www.getorchard.com,"Ecommerce, Consumer",Canada,500 Global Portfolio (500.co/portfolio),2026-08-05T18:15:38.487875+00:00,True,
1087,"OrderCircle, Inc.",https://ordercircle.com,Supply Chain,United States,500 Global Portfolio (500.co/portfolio),2026-08-05T18:15:38.487875+00:00,True,
1088,"Orderly Health, Inc.",https://orderlyhealth.com,"AI/Machine Learning, Data & Analytics, Health Tech",United States,500 Global Portfolio (500.co/portfolio),2026-08-05T18:15:38.487875+00:00,True,
1089,"Ordoro, Inc.",https://www.ordoro.com,Supply Chain,United States,500 Global Portfolio (500.co/portfolio),2026-08-05T18:15:38.487875+00:00,True,
1090,Blend Financial Inc.,https://www.useorigin.com,Real Estate,United States,500 Global Portfolio (500.co/portfolio),2026-08-05T18:15:38.487875+00:00,True,
1091,Orori Pte. Ltd.,https://www.orori.com,Fashion,Indonesia,500 Global Portfolio (500.co/portfolio),2026-08-05T18:15:38.487875+00:00,True,
1092,ALORE AI INC.,https://pocketflow.ai,AI/Machine Learning,UNITED STATES,500 Global Portfolio (500.co/portfolio),2026-08-05T18:15:38.487875+00:00,True,
1093,OSYVA LLC,https://www.osyva.com,Pet Tech,Colombia,500 Global Portfolio (500.co/portfolio),2026-08-05T18:15:38.487875+00:00,True,
1094,"OTO Global, Inc.",https://tryoto.com,"Logistics, SaaS",Saudi Arabia,500 Global Portfolio (500.co/portfolio),2026-08-05T18:15:38.487875+00:00,True,
1095,1T9 Technology Private Limited,https://www.otocapital.in,Credit & Lending,India,500 Global Portfolio (500.co/portfolio),2026-08-05T18:15:38.487875+00:00,True,
1096,"Otter.Ai, Inc.",https://otter.ai,Productivity,United States,500 Global Portfolio (500.co/portfolio),2026-08-05T18:15:38.487875+00:00,True,
1097,"Qubiqle, Inc.",https://ottimate.com,FinTech,United States,500 Global Portfolio (500.co/portfolio),2026-08-05T18:15:38.487875+00:00,True,
1098,"Paro, Inc.",https://www.plateiq.com,FinTech,United States,500 Global Portfolio (500.co/portfolio),2026-08-05T18:15:38.487875+00:00,True,
1099,Oumla Ltd,https://www.oumla.com,,CAYMAN ISLANDS,500 Global Portfolio (500.co/portfolio),2026-08-05T18:15:38.487875+00:00,True,
1100,"Outsite, Inc.",https://www.outsite.co,Work,United States,500 Global Portfolio (500.co/portfolio),2026-08-05T18:15:38.487875+00:00,True,
1101,Ovation Up Inc.,https://ovationup.com,"SME Solution, CRM, Hospitality",United States,500 Global Portfolio (500.co/portfolio),2026-08-05T18:15:38.487875+00:00,True,
1102,OWLR Technologies Ltd.,https://owlr.com,Smart Cities,United Kingdom,500 Global Portfolio (500.co/portfolio),2026-08-05T18:15:38.487875+00:00,True,
1103,"ReliefClub, Inc.",https://oxygen.us,"Credit & Lending, FinTech",United States,500 Global Portfolio (500.co/portfolio),2026-08-05T18:15:38.487875+00:00,True,
1104,100 Milligrams Holding,https://pacemaker.net,"Entertainment / Media, Social Media",Sweden,500 Global Portfolio (500.co/portfolio),2026-08-05T18:15:38.487875+00:00,True,
1105,Pacto Inc.,https://www.pacto.co,FinTech,Mexico,500 Global Portfolio (500.co/portfolio),2026-08-05T18:15:38.487875+00:00,True,
1106,Palenca Holdings Limited,https://www.palenca.com,FinTech,Mexico,500 Global Portfolio (500.co/portfolio),2026-08-05T18:15:38.487875+00:00,True,
1107,Pandai Education Pte. Ltd.,https://pandai.org,"AI/Machine Learning, Education, Mobile",Malaysia,500 Global Portfolio (500.co/portfolio),2026-08-05T18:15:38.487875+00:00,True,
1108,Pandorum Technologies Pvt. Ltd.,https://pandorum.com,BioTech & Life Sciences,India,500 Global Portfolio (500.co/portfolio),2026-08-05T18:15:38.487875+00:00,True,
1109,Panoply Ltd,https://panoply.io,Developer Tools,Israel,500 Global Portfolio (500.co/portfolio),2026-08-05T18:15:38.487875+00:00,True,
1110,"Pantry Retail, Inc.",https://pantryretail.com,Food,United States,500 Global Portfolio (500.co/portfolio),2026-08-05T18:15:38.487875+00:00,True,
1111,Xoai Technologies Pte. Ltd.,https://www.papaya.asia,InsurTech,Vietnam,500 Global Portfolio (500.co/portfolio),2026-08-05T18:15:38.487875+00:00,True,
1112,Parcel Perform Pte Ltd,https://www.parcelperform.com,Supply Chain,Singapore,500 Global Portfolio (500.co/portfolio),2026-08-05T18:15:38.487875+00:00,True,
1113,"Pariti, Inc.",https://www.pariti.io,,Kenya,500 Global Portfolio (500.co/portfolio),2026-08-05T18:15:38.487875+00:00,True,
1114,"Partender, Inc.",https://app.partender.com,"Supply Chain, Infrastructure",United States,500 Global Portfolio (500.co/portfolio),2026-08-05T18:15:38.487875+00:00,True,
1115,"Parting, Inc.",https://www.parting.com,Marketplace,Singapore,500 Global Portfolio (500.co/portfolio),2026-08-05T18:15:38.487875+00:00,True,
1116,"Guestlist Philippines, Inc.",https://partyphile.com,Entertainment / Media,Philippines,500 Global Portfolio (500.co/portfolio),2026-08-05T18:15:38.487875+00:00,True,
1117,"Paubox, Inc.",https://paubox.com,Healthcare,United States,500 Global Portfolio (500.co/portfolio),2026-08-05T18:15:38.487875+00:00,True,
1118,Pawdlers Inc,https://www.pawdly.com,"Pet Tech, B2B Marketplaces",South Korea,500 Global Portfolio (500.co/portfolio),2026-08-05T18:15:38.487875+00:00,True,
1119,PawnHero Philippines Pte. Ltd.,https://pawnhero.ph,Credit & Lending,Philippines,500 Global Portfolio (500.co/portfolio),2026-08-05T18:15:38.487875+00:00,True,
1120,Pawsh Inc.,https://www.pawsh.app,Pet Tech,United States,500 Global Portfolio (500.co/portfolio),2026-08-05T18:15:38.487875+00:00,True,
1121,Makerdo Inc,https://payform.me,FinTech,Chile,500 Global Portfolio (500.co/portfolio),2026-08-05T18:15:38.487875+00:00,True,
1122,Payple Inc.,https://www.payple.kr,FinTech,South Korea,500 Global Portfolio (500.co/portfolio),2026-08-05T18:15:38.487875+00:00,True,
1123,PT Nara Putra Teknologi,https://www.pazpo.id,Real Estate,Indonesia,500 Global Portfolio (500.co/portfolio),2026-08-05T18:15:38.487875+00:00,True,
1124,PRECISION CARDIOVASCULAR LTD,https://www.precision-cv.com,,UNITED KINGDOM,500 Global Portfolio (500.co/portfolio),2026-08-05T18:15:38.487875+00:00,True,
1125,"Peatix, Inc.",https://peatix.com,Entertainment / Media,United States,500 Global Portfolio (500.co/portfolio),2026-08-05T18:15:38.487875+00:00,True,
1126,Peddlr Inc,https://www.peddlr.io,"Enterprise, SaaS",Philippines,500 Global Portfolio (500.co/portfolio),2026-08-05T18:15:38.487875+00:00,True,
1127,"Equitable Technologies, Inc.",,,United States,500 Global Portfolio (500.co/portfolio),2026-08-05T18:15:38.487875+00:00,True,
1128,"Pellego, Inc.",https://www.pellego.com,"Payments, PropTech, Real Estate",United States,500 Global Portfolio (500.co/portfolio),2026-08-05T18:15:38.487875+00:00,True,
1129,Penfield AI Inc.,https://penfield.ai,Cybersecurity,Canada,500 Global Portfolio (500.co/portfolio),2026-08-05T18:15:38.487875+00:00,True,
1130,"AsiaOneClick Co., Ltd.",https://www.penguin.travel,Travel & Tourism,Thailand,500 Global Portfolio (500.co/portfolio),2026-08-05T18:15:38.487875+00:00,True,
1131,"Employee Benefits Management, Inc.",https://www.perkskit.com,HR Tech,Azerbaijan,500 Global Portfolio (500.co/portfolio),2026-08-05T18:15:38.487875+00:00,True,
1132,Persona AI Pte. Ltd.,https://personastudios.ai,"AI/Machine Learning, Productivity",Singapore,500 Global Portfolio (500.co/portfolio),2026-08-05T18:15:38.487875+00:00,True,
1133,PFC Technologies Inc.,https://pfct.co.kr,"AI/Machine Learning, FinTech, Consumer",South Korea,500 Global Portfolio (500.co/portfolio),2026-08-05T18:15:38.487875+00:00,True,
1134,Progressive Generation Inc.,https://pg-studios.com,Social Media,Jordan,500 Global Portfolio (500.co/portfolio),2026-08-05T18:15:38.487875+00:00,True,
1135,Phasio Pte. Ltd.,https://phas.io,Supply Chain,Singapore,500 Global Portfolio (500.co/portfolio),2026-08-05T18:15:38.487875+00:00,True,
1136,PHYSION LABS CORPORATION,,,UNITED STATES,500 Global Portfolio (500.co/portfolio),2026-08-05T18:15:38.487875+00:00,True,
1137,"Cardinal Blue Software, Inc.",https://www.piccollage.com,"Social Media, Social Impact",United States,500 Global Portfolio (500.co/portfolio),2026-08-05T18:15:38.487875+00:00,True,
1138,Caarry Solutions Inc.,https://www.pickerexpress.com,Logistics,Ecuador,500 Global Portfolio (500.co/portfolio),2026-08-05T18:15:38.487875+00:00,True,
1139,"Pigeonly, Inc",https://pigeonly.com,Developer Tools,United States,500 Global Portfolio (500.co/portfolio),2026-08-05T18:15:38.487875+00:00,True,
1140,"Pilleve, Inc.",https://www.pilleve.com,Healthcare,United States,500 Global Portfolio (500.co/portfolio),2026-08-05T18:15:38.487875+00:00,True,
1141,"Skyhawk Holdings, INC.",https://flypilota.com,Travel & Tourism,United States,500 Global Portfolio (500.co/portfolio),2026-08-05T18:15:38.487875+00:00,True,
1142,"Pilotly, Inc.",https://www.pilot.ly,Data & Analytics,United States,500 Global Portfolio (500.co/portfolio),2026-08-05T18:15:38.487875+00:00,True,
1143,Pinoffer Inc.,https://www.converted.in,AdTech,Egypt,500 Global Portfolio (500.co/portfolio),2026-08-05T18:15:38.487875+00:00,True,
1144,"Pinshape, Inc.",https://pinshape.com,Ecommerce,United States,500 Global Portfolio (500.co/portfolio),2026-08-05T18:15:38.487875+00:00,True,
1145,"Pipefy, Inc.",https://www.pipefy.com,"Developer Tools, Infrastructure",Brazil,500 Global Portfolio (500.co/portfolio),2026-08-05T18:15:38.487875+00:00,True,
1146,"Pixc, Inc.",https://pixc.com,Social Media,Australia,500 Global Portfolio (500.co/portfolio),2026-08-05T18:15:38.487875+00:00,True,
1147,Pixyalbum S.A.P.I. DE C.V.,https://www.pixyalbum.com,Ecommerce,Mexico,500 Global Portfolio (500.co/portfolio),2026-08-05T18:15:38.487875+00:00,True,
1148,PKO Inc.,https://www.pko.xyz,Crypto,United States,500 Global Portfolio (500.co/portfolio),2026-08-05T18:15:38.487875+00:00,True,
1149,"Placer Labs, Inc.",https://www.placer.ai,Data & Analytics,United States,500 Global Portfolio (500.co/portfolio),2026-08-05T18:15:38.487875+00:00,True,
1150,"Planby Technologies, Inc.",https://www.planby.us,"AI/Machine Learning, Enterprise",South Korea,500 Global Portfolio (500.co/portfolio),2026-08-05T18:15:38.487875+00:00,True,
1151,"Plant an App, Inc.",https://www.plantanapp.com,"Developer Tools, Productivity",United States,500 Global Portfolio (500.co/portfolio),2026-08-05T18:15:38.487875+00:00,True,
1152,Plant Cartridge Sdn. Bhd.,https://plantcartridge.com,AgTech,Malaysia,500 Global Portfolio (500.co/portfolio),2026-08-05T18:15:38.487875+00:00,True,
1153,Plantner Inc.,https://www.plantner.kr,"AgTech, BioTech & Life Sciences",South Korea,500 Global Portfolio (500.co/portfolio),2026-08-05T18:15:38.487875+00:00,True,
1154,PLANTSHOP HOLDING LTD,https://www.plantshop.me/ae-en/,"Direct to Consumer, Ecommerce, Consumer",United Arab Emirates,500 Global Portfolio (500.co/portfolio),2026-08-05T18:15:38.487875+00:00,True,
1155,"Platzi, Inc.",https://platzi.com,Education,United States,500 Global Portfolio (500.co/portfolio),2026-08-05T18:15:38.487875+00:00,True,
1156,Noise Inc,https://www.playbite.com,"App, Gaming, Subscription",United States,500 Global Portfolio (500.co/portfolio),2026-08-05T18:15:38.487875+00:00,True,
1157,PLAYOOK LTD.,https://www.get-playbook.com,Education,Bahrain,500 Global Portfolio (500.co/portfolio),2026-08-05T18:15:38.487875+00:00,True,
1158,"Playcurio Co., Ltd.",https://www.play-curio.com,"Content, Education",South Korea,500 Global Portfolio (500.co/portfolio),2026-08-05T18:15:38.487875+00:00,True,
1159,Founder Bets Master SPV LLC,https://www.playhouse.so,Real Estate,United States,500 Global Portfolio (500.co/portfolio),2026-08-05T18:15:38.487875+00:00,True,
1160,"PlayHT, Inc.",https://play.ht,AI/Machine Learning,United States,500 Global Portfolio (500.co/portfolio),2026-08-05T18:15:38.487875+00:00,True,
1161,Playroom Inc,https://joinplayroom.com,"AI/Machine Learning, Developer Tools, Gaming",United States,500 Global Portfolio (500.co/portfolio),2026-08-05T18:15:38.487875+00:00,True,
1162,Plenna Holding Limited,https://www.soyplenna.com,Health Tech,Mexico,500 Global Portfolio (500.co/portfolio),2026-08-05T18:15:38.487875+00:00,True,
1163,PlotBox Inc.,https://www.plotbox.io,"SaaS, GovTech",Ireland,500 Global Portfolio (500.co/portfolio),2026-08-05T18:15:38.487875+00:00,True,
1164,Plum Fintech Limited,https://withplum.com,"Real Estate, Consumer",United Kingdom,500 Global Portfolio (500.co/portfolio),2026-08-05T18:15:38.487875+00:00,True,
1165,PlusMargin Pte Ltd,https://plusmargin.com,Content,Singapore,500 Global Portfolio (500.co/portfolio),2026-08-05T18:15:38.487875+00:00,True,
1166,"Pluto Brand, Inc.",https://plutopillow.com,Wellness,United States,500 Global Portfolio (500.co/portfolio),2026-08-05T18:15:38.487875+00:00,True,
1167,"Pluto AI, Inc.",https://plutoshift.com,Climate Tech,United States,500 Global Portfolio (500.co/portfolio),2026-08-05T18:15:38.487875+00:00,True,
1168,"Podcorn Media, Inc.",https://www.podcorn.fm,"Social Media, Consumer",United States,500 Global Portfolio (500.co/portfolio),2026-08-05T18:15:38.487875+00:00,True,
1169,PointCheckout Holding Company Ltd,https://www.pointcheckout.com,Payments,United Arab Emirates,500 Global Portfolio (500.co/portfolio),2026-08-05T18:15:38.487875+00:00,True,
1170,PolicyPal Pte Ltd,https://www.policypal.com,InsurTech,Singapore,500 Global Portfolio (500.co/portfolio),2026-08-05T18:15:38.487875+00:00,True,
1171,Polymathic Technologies Inc.,https://polymathic-ai.org,,UNITED STATES,500 Global Portfolio (500.co/portfolio),2026-08-05T18:15:38.487875+00:00,True,
1172,Pomelo Fashion Company Ltd,https://pomelofashion.com,"Ecommerce, Consumer",Thailand,500 Global Portfolio (500.co/portfolio),2026-08-05T18:15:38.487875+00:00,True,
1173,Pont INC.,https://www.pontrx.com,Health Tech,United States,500 Global Portfolio (500.co/portfolio),2026-08-05T18:15:38.487875+00:00,True,
1174,Popchill Corp.,https://www.popchill.com,Consumer,Taiwan,500 Global Portfolio (500.co/portfolio),2026-08-05T18:15:38.487875+00:00,True,
1175,Smiletime Inc.,https://pop.in,"Entertainment / Media, Social Impact",United States,500 Global Portfolio (500.co/portfolio),2026-08-05T18:15:38.487875+00:00,True,
1176,Popsa Holdings Limited,https://popsa.com,"AI/Machine Learning, Commerce",United Kingdom,500 Global Portfolio (500.co/portfolio),2026-08-05T18:15:38.487875+00:00,True,
1177,Luxeva Ltd,https://popxo.com,Fashion,India,500 Global Portfolio (500.co/portfolio),2026-08-05T18:15:38.487875+00:00,True,
1178,Porchlight Homes LLC,https://porchlighthomes.com,Real Estate,United States,500 Global Portfolio (500.co/portfolio),2026-08-05T18:15:38.487875+00:00,True,
1179,"Portal Terreno, Inc.",https://www.portalterreno.com,PropTech,Chile,500 Global Portfolio (500.co/portfolio),2026-08-05T18:15:38.487875+00:00,True,
1180,Porte Tech Inc.,https://porte.tech,"Travel & Tourism, Hospitality",Kazakhstan,500 Global Portfolio (500.co/portfolio),2026-08-05T18:15:38.487875+00:00,True,
1181,Port of Mokha Inc.,https://portofmokha.com,Consumer,United States,500 Global Portfolio (500.co/portfolio),2026-08-05T18:15:38.487875+00:00,True,
1182,"portto Co., Ltd.",https://portto.com,"Crypto, Real Estate",Singapore,500 Global Portfolio (500.co/portfolio),2026-08-05T18:15:38.487875+00:00,True,
1183,Pose Group PTE. LTD.,https://pose.vn,Entertainment / Media,Vietnam,500 Global Portfolio (500.co/portfolio),2026-08-05T18:15:38.487875+00:00,True,
1184,Postex Pte. Ltd.,https://www.postex.pk,Payments,Pakistan,500 Global Portfolio (500.co/portfolio),2026-08-05T18:15:38.487875+00:00,True,
1185,ProteinSync Holding Limited,https://poultrysync.com,"AI/Machine Learning, AgTech",United Arab Emirates,500 Global Portfolio (500.co/portfolio),2026-08-05T18:15:38.487875+00:00,True,
1186,Praktika.ai Company,https://www.praktika.ai,"AI/Machine Learning, Education",United States,500 Global Portfolio (500.co/portfolio),2026-08-05T18:15:38.487875+00:00,True,
1187,Pravica Incorporated,https://pravica.io,"Blockchain, Crypto",Egypt,500 Global Portfolio (500.co/portfolio),2026-08-05T18:15:38.487875+00:00,True,
1188,"Preciser, Inc.",https://www.preciser.io,"AI/Machine Learning, SaaS, Sports",United States,500 Global Portfolio (500.co/portfolio),2026-08-05T18:15:38.487875+00:00,True,
1189,Precursor Ventures,https://twitter.com,Agnostic (all),UNITED STATES,500 Global Portfolio (500.co/portfolio),2026-08-05T18:15:38.487875+00:00,True,
1190,Prefer Pte. Ltd.,https://prefer.bio,Food,Singapore,500 Global Portfolio (500.co/portfolio),2026-08-05T18:15:38.487875+00:00,True,
1191,PRESCRYPTO S.A.P.I. DE C.V.,https://www.prescrypto.com,Health Tech,Mexico,500 Global Portfolio (500.co/portfolio),2026-08-05T18:15:38.487875+00:00,True,
1192,Presto Automation Inc.,https://presto.com,Payments,United States,500 Global Portfolio (500.co/portfolio),2026-08-05T18:15:38.487875+00:00,True,
1193,"Preteckt, Inc.",https://preteckt.com,"AI/Machine Learning, Automotive",United States,500 Global Portfolio (500.co/portfolio),2026-08-05T18:15:38.487875+00:00,True,
1194,"Prevenotics, Inc.",https://prevenotics.com,Healthcare,South Korea,500 Global Portfolio (500.co/portfolio),2026-08-05T18:15:38.487875+00:00,True,
1195,Prezent Inc.,https://www.prezent.ai,Developer Tools,United States,500 Global Portfolio (500.co/portfolio),2026-08-05T18:15:38.487875+00:00,True,
1196,Klutter Inc,https://price.com,"AI/Machine Learning, Consumer",United States,500 Global Portfolio (500.co/portfolio),2026-08-05T18:15:38.487875+00:00,True,
1197,Vedra Holdings LLC,https://pricelabsolutions.com,Retail,Peru,500 Global Portfolio (500.co/portfolio),2026-08-05T18:15:38.487875+00:00,True,
1198,Primis Communications Limited,https://primis.cx/,Ecommerce,United Kingdom,500 Global Portfolio (500.co/portfolio),2026-08-05T18:15:38.487875+00:00,True,
1199,"Printify, Inc.",https://printify.com,Supply Chain,United States,500 Global Portfolio (500.co/portfolio),2026-08-05T18:15:38.487875+00:00,True,
1200,"Produce Pay, Inc.",https://producepay.com,Payments,United States,500 Global Portfolio (500.co/portfolio),2026-08-05T18:15:38.487875+00:00,True,
1201,PROFE SOCIAL LLC,https://profe.social,Education,Chile,500 Global Portfolio (500.co/portfolio),2026-08-05T18:15:38.487875+00:00,True,
1202,PT Sinari Generasi Indonesia,https://proglix.com,"Industrials, Manufacturing, B2B Marketplaces",Indonesia,500 Global Portfolio (500.co/portfolio),2026-08-05T18:15:38.487875+00:00,True,
1203,Project 65 Sdn Bhd,,,MALAYSIA,500 Global Portfolio (500.co/portfolio),2026-08-05T18:15:38.487875+00:00,True,
1204,Project A Research Corporation,,Crypto,United States,500 Global Portfolio (500.co/portfolio),2026-08-05T18:15:38.487875+00:00,True,
1205,"Promolta, Inc.",https://www.promolta.com,Content,United States,500 Global Portfolio (500.co/portfolio),2026-08-05T18:15:38.487875+00:00,True,
1206,"Prompt Driven, Inc.",https://promptdriven.ai/,,UNITED STATES,500 Global Portfolio (500.co/portfolio),2026-08-05T18:15:38.487875+00:00,True,
1207,"Propagate Holdings, Inc.",https://www.propagatebrands.com,"Ecommerce, Marketplace, B2B Marketplaces",United States,500 Global Portfolio (500.co/portfolio),2026-08-05T18:15:38.487875+00:00,True,
1208,Aerobotics Pty Ltd,https://www.propelleraero.com,Aviation,United States,500 Global Portfolio (500.co/portfolio),2026-08-05T18:15:38.487875+00:00,True,
1209,"Proteinea, Inc.",https://www.proteinea.com,"BioTech & Life Sciences, Health Tech",Egypt,500 Global Portfolio (500.co/portfolio),2026-08-05T18:15:38.487875+00:00,True,
1210,Prynt Corp.,https://www.pryntcases.com,Consumer,United States,500 Global Portfolio (500.co/portfolio),2026-08-05T18:15:38.487875+00:00,True,
1211,Don't Run Out Inc.,https://www.publicgoods.com,"Ecommerce, Healthcare",United States,500 Global Portfolio (500.co/portfolio),2026-08-05T18:15:38.487875+00:00,True,
1212,"Publishizer, Inc.",https://publishizer.com,Social Media,Netherlands,500 Global Portfolio (500.co/portfolio),2026-08-05T18:15:38.487875+00:00,True,
1213,PUBLY Inc,https://publy.co,Consumer,South Korea,500 Global Portfolio (500.co/portfolio),2026-08-05T18:15:38.487875+00:00,True,
1214,"PURA MENTE MEDITATION, INC.",https://puramente.app,"App, Wellness, Consumer",Argentina,500 Global Portfolio (500.co/portfolio),2026-08-05T18:15:38.487875+00:00,True,
1215,Purely B Sdn Bhd,https://www.purelyb.com,Wellness,Malaysia,500 Global Portfolio (500.co/portfolio),2026-08-05T18:15:38.487875+00:00,True,
1216,PurismEV Inc.,https://www.purism-ev.com,"Automotive, Energy, IoT",Taiwan,500 Global Portfolio (500.co/portfolio),2026-08-05T18:15:38.487875+00:00,True,
1217,"Push Technologies, S.L.",https://www.pushtech.com,Developer Tools,Spain,500 Global Portfolio (500.co/portfolio),2026-08-05T18:15:38.487875+00:00,True,
1218,Puzzlium Inc.,https://puzzlium.com,"Gaming, Social Impact",United States,500 Global Portfolio (500.co/portfolio),2026-08-05T18:15:38.487875+00:00,True,
1219,Pyme Inc,https://pyme.id,Content,Georgia,500 Global Portfolio (500.co/portfolio),2026-08-05T18:15:38.487875+00:00,True,
1220,Qanoniah Holdings Limited,https://qanoniah.com,Legal,Saudi Arabia,500 Global Portfolio (500.co/portfolio),2026-08-05T18:15:38.487875+00:00,True,
1221,Qarbotech Sdn Bhd,https://qarbotech.com,AgTech,Malaysia,500 Global Portfolio (500.co/portfolio),2026-08-05T18:15:38.487875+00:00,True,
1222,Qardy Holdings Limited,https://eqardy.com,Credit & Lending,Egypt,500 Global Portfolio (500.co/portfolio),2026-08-05T18:15:38.487875+00:00,True,
1223,Qashio Holding Company Limited,https://qashio.com,"Enterprise, FinTech",United Arab Emirates,500 Global Portfolio (500.co/portfolio),2026-08-05T18:15:38.487875+00:00,True,
1224,Como Quiero Inc.,https://clients.qcart.app,"Beauty, Food, Retail",Chile,500 Global Portfolio (500.co/portfolio),2026-08-05T18:15:38.487875+00:00,True,
1225,Qentaz LLC,https://www.qentaz.com,"Accounting, Productivity, SaaS",Colombia,500 Global Portfolio (500.co/portfolio),2026-08-05T18:15:38.487875+00:00,True,
1226,Qareer Group Asia Pte Ltd,https://qerjagroup.com,HR Tech,Singapore,500 Global Portfolio (500.co/portfolio),2026-08-05T18:15:38.487875+00:00,True,
1227,QiDZ Holding LTD,https://qidz.com,"Ecommerce, Leisure & Entretainment",United Arab Emirates,500 Global Portfolio (500.co/portfolio),2026-08-05T18:15:38.487875+00:00,True,
1228,Qirnas Holdings Limited,,Education,UNITED ARAB EMIRATES,500 Global Portfolio (500.co/portfolio),2026-08-05T18:15:38.487875+00:00,True,
1229,PT. Eatiki,https://www.qraved.com,"Food, Travel & Tourism",Indonesia,500 Global Portfolio (500.co/portfolio),2026-08-05T18:15:38.487875+00:00,True,
1230,"Qualio, Inc.",https://www.qualio.com,"BioTech & Life Sciences, Healthcare",Ireland,500 Global Portfolio (500.co/portfolio),2026-08-05T18:15:38.487875+00:00,True,
1231,"Georama, Inc.",https://www.qualsights.com,Developer Tools,United States,500 Global Portfolio (500.co/portfolio),2026-08-05T18:15:38.487875+00:00,True,
1232,Quantum Marketing Technologies Ltd.,https://www.quantums.com.sa,"Content, Data & Analytics",Saudi Arabia,500 Global Portfolio (500.co/portfolio),2026-08-05T18:15:38.487875+00:00,True,
1233,Qubit Labs Inc.,https://boletosqubit.co,"SaaS, Ticketing",Colombia,500 Global Portfolio (500.co/portfolio),2026-08-05T18:15:38.487875+00:00,True,
1234,"Rede Alumni, Inc.",https://sobre.quero.com,Education,Brazil,500 Global Portfolio (500.co/portfolio),2026-08-05T18:15:38.487875+00:00,True,
1235,QueroQuitar Ltda.,https://www.queroquitar.com.br,Credit & Lending,Brazil,500 Global Portfolio (500.co/portfolio),2026-08-05T18:15:38.487875+00:00,True,
1236,Quickshipper Inc.,https://qshpr.com,"Ecommerce, Logistics, Supply Chain",Georgia,500 Global Portfolio (500.co/portfolio),2026-08-05T18:15:38.487875+00:00,True,
1237,PT Makmur Sejahtera Organik,https://www.quiks.co.id,Logistics,Indonesia,500 Global Portfolio (500.co/portfolio),2026-08-05T18:15:38.487875+00:00,True,
1238,"QUILL NOTES, INC.",,AI/Machine Learning,UNITED STATES,500 Global Portfolio (500.co/portfolio),2026-08-05T18:15:38.487875+00:00,True,
1239,Quissly Inc.,https://www.quissly.com,,UNITED STATES,500 Global Portfolio (500.co/portfolio),2026-08-05T18:15:38.487875+00:00,True,
1240,Qunomedical GmbH,https://www.qunomedical.com,Healthcare,Germany,500 Global Portfolio (500.co/portfolio),2026-08-05T18:15:38.487875+00:00,True,
1241,Qwikwire Corporation,https://qwikwire.com,Payments,Philippines,500 Global Portfolio (500.co/portfolio),2026-08-05T18:15:38.487875+00:00,True,
1242,Rabbit Mobility,https://rabbit-app.com/,Mobility,Egypt,500 Global Portfolio (500.co/portfolio),2026-08-05T18:15:38.487875+00:00,True,
1243,"Rachio, Inc.",https://rachio.com,Climate Tech,United States,500 Global Portfolio (500.co/portfolio),2026-08-05T18:15:38.487875+00:00,True,
1244,Triple S Holdings Limited,https://www.raedhealth.com,Healthcare,Saudi Arabia,500 Global Portfolio (500.co/portfolio),2026-08-05T18:15:38.487875+00:00,True,
1245,RAFF HOLDINGS LIMITED,https://Still in Stealth mood,,UNITED ARAB EMIRATES,500 Global Portfolio (500.co/portfolio),2026-08-05T18:15:38.487875+00:00,True,
1246,Raid AI Corporation,https://raidxai.com,,UNITED STATES,500 Global Portfolio (500.co/portfolio),2026-08-05T18:15:38.487875+00:00,True,
1247,"Rain Financial, Inc.",https://www.rain.com,"Crypto, FinTech",Bahrain,500 Global Portfolio (500.co/portfolio),2026-08-05T18:15:38.487875+00:00,True,
1248,Raised Networks Inc.,https://joinraised.com/,"AI/Machine Learning, HR Tech",United States,500 Global Portfolio (500.co/portfolio),2026-08-05T18:15:38.487875+00:00,True,
1249,Rank Science Inc.,https://www.rankscience.com,"Data & Analytics, Developer Tools",United States,500 Global Portfolio (500.co/portfolio),2026-08-05T18:15:38.487875+00:00,True,
1250,"RapChat, LLC.",https://rapchat.com,"App, Mobile",United States,500 Global Portfolio (500.co/portfolio),2026-08-05T18:15:38.487875+00:00,True,
1251,"The RareLee Co., Ltd.",https://rarelee.co.kr,Beauty,South Korea,500 Global Portfolio (500.co/portfolio),2026-08-05T18:15:38.487875+00:00,True,
1252,Raseedi LLC,https://www.raseediapp.com,Consumer,Egypt,500 Global Portfolio (500.co/portfolio),2026-08-05T18:15:38.487875+00:00,True,
1253,Raspire Inc.,https://raspire.com,"Cybersecurity, SaaS",Egypt,500 Global Portfolio (500.co/portfolio),2026-08-05T18:15:38.487875+00:00,True,
1254,RAVEN RISK AI INC.,https://www.ravenrisk.ai,"AI/Machine Learning, FinTech",United States,500 Global Portfolio (500.co/portfolio),2026-08-05T18:15:38.487875+00:00,True,
1255,Meeting of Minds Inc.,https://rawapothecary.mx,CPG (Consumer packaged goods),Mexico,500 Global Portfolio (500.co/portfolio),2026-08-05T18:15:38.487875+00:00,True,
1256,Rawsome Pte. Ltd.,https://wildboocha.com,,UNITED STATES,500 Global Portfolio (500.co/portfolio),2026-08-05T18:15:38.487875+00:00,True,
1257,"REACHWARE, INC.",https://reachware.com,"SaaS, Telecommunications",Saudi Arabia,500 Global Portfolio (500.co/portfolio),2026-08-05T18:15:38.487875+00:00,True,
1258,Reality Reflection Inc.,https://realityreflection.com,Consumer,South Korea,500 Global Portfolio (500.co/portfolio),2026-08-05T18:15:38.487875+00:00,True,
1259,"Exiro Global, Inc.",https://rebookify.com/,AI/Machine Learning,UNITED STATES,500 Global Portfolio (500.co/portfolio),2026-08-05T18:15:38.487875+00:00,True,
1260,InfuseAI Inc,https://www.infuseai.io,"AI/Machine Learning, Data & Analytics",Taiwan,500 Global Portfolio (500.co/portfolio),2026-08-05T18:15:38.487875+00:00,True,
1261,Reclub PBC,,,UNITED STATES,500 Global Portfolio (500.co/portfolio),2026-08-05T18:15:38.487875+00:00,True,
1262,"Recursal AI, Inc.",https://recursal.ai,,UNITED STATES,500 Global Portfolio (500.co/portfolio),2026-08-05T18:15:38.487875+00:00,True,
1263,"Reddit, Inc.",https://www.redditinc.com,CloudTech,United States,500 Global Portfolio (500.co/portfolio),2026-08-05T18:15:38.487875+00:00,True,
1264,Commeasure Pte Ltd,https://www.reddoorz.com,Real Estate,Singapore,500 Global Portfolio (500.co/portfolio),2026-08-05T18:15:38.487875+00:00,True,
1265,"Red Tricycle, Inc.",https://redtri.com,Leisure & Entretainment,United States,500 Global Portfolio (500.co/portfolio),2026-08-05T18:15:38.487875+00:00,True,
1266,"Reelables, Inc.",https://reelables.com,"Cybersecurity, Supply Chain",United States,500 Global Portfolio (500.co/portfolio),2026-08-05T18:15:38.487875+00:00,True,
1267,Leadstate Incorporated,https://www.reelprop.ai,Real Estate,United States,500 Global Portfolio (500.co/portfolio),2026-08-05T18:15:38.487875+00:00,True,
1268,RELIV LLC,https://www.reliv.la,"Health Tech, SaaS",Ecuador,500 Global Portfolio (500.co/portfolio),2026-08-05T18:15:38.487875+00:00,True,
1269,ReMatch Holding Limited,,,UNITED ARAB EMIRATES,500 Global Portfolio (500.co/portfolio),2026-08-05T18:15:38.487875+00:00,True,
1270,Remitbee Inc,https://www.remitbee.com,Payments,Canada,500 Global Portfolio (500.co/portfolio),2026-08-05T18:15:38.487875+00:00,True,
1271,"Remoov, Inc.",https://remoovit.com,"Climate Tech, Impact",United States,500 Global Portfolio (500.co/portfolio),2026-08-05T18:15:38.487875+00:00,True,
1272,SP HOLDING LTD,,,UNITED ARAB EMIRATES,500 Global Portfolio (500.co/portfolio),2026-08-05T18:15:38.487875+00:00,True,
1273,RENO HOME HOLDINGS LIMITED,https://www.renohome.ae,Real Estate,United Arab Emirates,500 Global Portfolio (500.co/portfolio),2026-08-05T18:15:38.487875+00:00,True,
1274,Renotag Corp.,https://www.renotag.com,"FinTech, PropTech",Canada,500 Global Portfolio (500.co/portfolio),2026-08-05T18:15:38.487875+00:00,True,
1275,"NeonRain, Inc.",https://playabl.ai,Gaming,UNITED STATES,500 Global Portfolio (500.co/portfolio),2026-08-05T18:15:38.487875+00:00,True,
1276,Replyr Holdings Pte. Ltd.,https://replyr.ai,"AI/Machine Learning, Ecommerce, SME Solution",Singapore,500 Global Portfolio (500.co/portfolio),2026-08-05T18:15:38.487875+00:00,True,
1277,Reroute Commerce Inc.,https://www.rerouteretail.com,"Ecommerce, FinTech, Marketplace",United States,500 Global Portfolio (500.co/portfolio),2026-08-05T18:15:38.487875+00:00,True,
1278,"Reserveout, Ltd.",https://reserveout.com,Content,United Arab Emirates,500 Global Portfolio (500.co/portfolio),2026-08-05T18:15:38.487875+00:00,True,
1279,"Resonado, Inc.",https://www.resonado.com,Entertainment / Media,United States,500 Global Portfolio (500.co/portfolio),2026-08-05T18:15:38.487875+00:00,True,
1280,Resti Inc.,https://resti.cloud,,UNITED STATES,500 Global Portfolio (500.co/portfolio),2026-08-05T18:15:38.487875+00:00,True,
1281,Interakt Digital Group Pte. Ltd.,https://interakt.co,Data & Analytics,India,500 Global Portfolio (500.co/portfolio),2026-08-05T18:15:38.487875+00:00,True,
1282,Retailo Group Holding Limited,https://retailo.co,"Ecommerce, Food, Retail",Saudi Arabia,500 Global Portfolio (500.co/portfolio),2026-08-05T18:15:38.487875+00:00,True,
1283,Retliq LLC.,https://www.retliq.com,Retail,Mexico,500 Global Portfolio (500.co/portfolio),2026-08-05T18:15:38.487875+00:00,True,
1284,Rette Corp.,https://rette.ai,,UNITED STATES,500 Global Portfolio (500.co/portfolio),2026-08-05T18:15:38.487875+00:00,True,
1285,"Reverie Travel, Inc",https://travelreverie.com,Travel & Tourism,United States,500 Global Portfolio (500.co/portfolio),2026-08-05T18:15:38.487875+00:00,True,
1286,Revie LLC,https://revie.lat,"AI/Machine Learning, Impact, SaaS",Mexico,500 Global Portfolio (500.co/portfolio),2026-08-05T18:15:38.487875+00:00,True,
1287,Revolution Precrafted Holdings Limited,https://revolutionprecrafted.com,Real Estate,Philippines,500 Global Portfolio (500.co/portfolio),2026-08-05T18:15:38.487875+00:00,True,
1288,Rework Holdings Pte Ltd,https://rework.id,Real Estate,Indonesia,500 Global Portfolio (500.co/portfolio),2026-08-05T18:15:38.487875+00:00,True,
1289,GridCure Inc.,https://rhythmos.io,Energy,Canada,500 Global Portfolio (500.co/portfolio),2026-08-05T18:15:38.487875+00:00,True,
1290,"Riide, Inc.",https://riide.com,Mobility,United States,500 Global Portfolio (500.co/portfolio),2026-08-05T18:15:38.487875+00:00,True,
1291,Ringkas Asia Pte. Ltd.,https://ringkas.co.id,FinTech,Indonesia,500 Global Portfolio (500.co/portfolio),2026-08-05T18:15:38.487875+00:00,True,
1292,"RingRadar, Inc.",https://www.ringradar.com,Productivity,United States,500 Global Portfolio (500.co/portfolio),2026-08-05T18:15:38.487875+00:00,True,
1293,Trampoline Tech Private Limited,https://www.ripplehire.com,HR Tech,India,500 Global Portfolio (500.co/portfolio),2026-08-05T18:15:38.487875+00:00,True,
1294,Ripple Labs Inc.,https://www.ripple.com,,UNITED STATES,500 Global Portfolio (500.co/portfolio),2026-08-05T18:15:38.487875+00:00,True,
1295,Vega Corp.,https://getroi.app,"Crypto, FinTech",United States,500 Global Portfolio (500.co/portfolio),2026-08-05T18:15:38.487875+00:00,True,
1296,Plympton Inc.,https://www.plympton.com,Entertainment / Media,United States,500 Global Portfolio (500.co/portfolio),2026-08-05T18:15:38.487875+00:00,True,
1297,Rosetta.Ai Holding Pte. Ltd.,https://www.rosetta.ai,"Ecommerce, SaaS, Artificial Intelligence / Machine Learning",Taiwan,500 Global Portfolio (500.co/portfolio),2026-08-05T18:15:38.487875+00:00,True,
1298,Rover Labs Inc.,https://www.judo.app,"Gaming, SaaS",Canada,500 Global Portfolio (500.co/portfolio),2026-08-05T18:15:38.487875+00:00,True,
1299,"Rovilus, Inc.",https://www.rovilus.com,"Automotive, Energy",Taiwan,500 Global Portfolio (500.co/portfolio),2026-08-05T18:15:38.487875+00:00,True,
1300,"Ruedata, Inc.",https://ruedata.com,"Logistics, Supply Chain",Colombia,500 Global Portfolio (500.co/portfolio),2026-08-05T18:15:38.487875+00:00,True,
1301,Suplait LLC,https://www.ruka.ai,"AI/Machine Learning, Data & Analytics, SME Solution",Chile,500 Global Portfolio (500.co/portfolio),2026-08-05T18:15:38.487875+00:00,True,
1302,"Rumarocket, Inc.",https://rumarocket.com,HR Tech,Philippines,500 Global Portfolio (500.co/portfolio),2026-08-05T18:15:38.487875+00:00,True,
1303,Mais Simples Ltda,https://www.runrun.it,SaaS,Brazil,500 Global Portfolio (500.co/portfolio),2026-08-05T18:15:38.487875+00:00,True,
1304,"Runway Financial, Inc.",https://runway.com,FinTech,United States,500 Global Portfolio (500.co/portfolio),2026-08-05T18:15:38.487875+00:00,True,
1305,"RUUT Technologies, Inc",https://ruut.mx,"FinTech, Investing",Mexico,500 Global Portfolio (500.co/portfolio),2026-08-05T18:15:38.487875+00:00,True,
1306,RVDS Inc.,https://www.rvds.kr,Food,South Korea,500 Global Portfolio (500.co/portfolio),2026-08-05T18:15:38.487875+00:00,True,
1307,"Ryu Technologies, Inc.",https://ryu.games,Gaming,United States,500 Global Portfolio (500.co/portfolio),2026-08-05T18:15:38.487875+00:00,True,
1308,Sabbar Inc.,https://www.sabbar.com,HR Tech,Saudi Arabia,500 Global Portfolio (500.co/portfolio),2026-08-05T18:15:38.487875+00:00,True,
1309,Saberstack Inc,,,UNITED STATES,500 Global Portfolio (500.co/portfolio),2026-08-05T18:15:38.487875+00:00,True,
1310,Sadq Holding Limited,https://www.sadq-sa.com,Legal,Saudi Arabia,500 Global Portfolio (500.co/portfolio),2026-08-05T18:15:38.487875+00:00,True,
1311,Safqah Holdings Limited,https://safqah.co,,UNITED ARAB EMIRATES,500 Global Portfolio (500.co/portfolio),2026-08-05T18:15:38.487875+00:00,True,
1312,"Innovatrix Tech, Corp.",https://getsahl.io,,Saudi Arabia,500 Global Portfolio (500.co/portfolio),2026-08-05T18:15:38.487875+00:00,True,
1313,SAIB & Co. Inc.,https://www.saibnco.com,"Beauty, CPG (Consumer packaged goods), FemTech (women's health), Wellness, Social Impact",South Korea,500 Global Portfolio (500.co/portfolio),2026-08-05T18:15:38.487875+00:00,True,
1314,Sajilni Ltd,https://www.sajilni.com,"Entertainment / Media, Female Founders",Jordan,500 Global Portfolio (500.co/portfolio),2026-08-05T18:15:38.487875+00:00,True,
1315,Sakana AI K.K.,https://sakana.ai,Infrastructure,Japan,500 Global Portfolio (500.co/portfolio),2026-08-05T18:15:38.487875+00:00,True,
1316,SALARY HERO PTE. LTD,https://salary-hero.com,FinTech,Thailand,500 Global Portfolio (500.co/portfolio),2026-08-05T18:15:38.487875+00:00,True,
1317,Salasa Holding Ltd.,https://salasa.co,"Content, Supply Chain",Saudi Arabia,500 Global Portfolio (500.co/portfolio),2026-08-05T18:15:38.487875+00:00,True,
1318,The Sampler App Inc,https://www.sampler.io,Content,Canada,500 Global Portfolio (500.co/portfolio),2026-08-05T18:15:38.487875+00:00,True,
1319,Samu LLC,https://samu.ai/,"AI/Machine Learning, SaaS",UNITED STATES,500 Global Portfolio (500.co/portfolio),2026-08-05T18:15:38.487875+00:00,True,
1320,"Sanad Cash, Inc.",https://sanadcash.com,"App, Payments, SaaS",Saudi Arabia,500 Global Portfolio (500.co/portfolio),2026-08-05T18:15:38.487875+00:00,True,
1321,"Stonks, Inc.",https://sandhillmarkets.com,"Crowdfunding, FinTech",United States,500 Global Portfolio (500.co/portfolio),2026-08-05T18:15:38.487875+00:00,True,
1322,Sankun Inc,https://sankun.com,Real Estate,South Korea,500 Global Portfolio (500.co/portfolio),2026-08-05T18:15:38.487875+00:00,True,
1323,Sapiens Medicus Inc,https://esculap.io,"AI/Machine Learning, Health Tech, Healthcare",United States,500 Global Portfolio (500.co/portfolio),2026-08-05T18:15:38.487875+00:00,True,
1324,Sarwa Digital Wealth Limited,https://www.sarwa.co,Consumer,United Arab Emirates,500 Global Portfolio (500.co/portfolio),2026-08-05T18:15:38.487875+00:00,True,
1325,Doyobi Pte. Ltd.,https://www.saturdaykids.com,Education,Singapore,500 Global Portfolio (500.co/portfolio),2026-08-05T18:15:38.487875+00:00,True,
1326,Sav Technologies Limited,https://sav.money,FinTech,United Arab Emirates,500 Global Portfolio (500.co/portfolio),2026-08-05T18:15:38.487875+00:00,True,
1327,General Cryo Corp,https://www.flysavion.com,Aviation,United States,500 Global Portfolio (500.co/portfolio),2026-08-05T18:15:38.487875+00:00,True,
1328,The Scalable Technology Limited,https://www.thescalablecfo.com,FinTech,United Arab Emirates,500 Global Portfolio (500.co/portfolio),2026-08-05T18:15:38.487875+00:00,True,
1329,SCAPE LTD,https://Https://scape.mx,"Health Tech, Wellness",Mexico,500 Global Portfolio (500.co/portfolio),2026-08-05T18:15:38.487875+00:00,True,
1330,SCENARIO-X GLOBAL HOLDING PTE. LTD.,https://www.scenario-x.ai,"Data & Analytics, FinTech, SaaS, Deep Tech, Artificial Intelligence / Machine Learning, Analytics",Saudi Arabia,500 Global Portfolio (500.co/portfolio),2026-08-05T18:15:38.487875+00:00,True,
1331,"Scentbird, Inc.",https://www.scentbird.com,Fashion,United States,500 Global Portfolio (500.co/portfolio),2026-08-05T18:15:38.487875+00:00,True,
1332,SCHEDEX HOLDINGS LIMITED,https://www.schedex.me,,UNITED ARAB EMIRATES,500 Global Portfolio (500.co/portfolio),2026-08-05T18:15:38.487875+00:00,True,
1333,"STAREK Scientific Co., Ltd.",https://www.sciket.com,Productivity,Taiwan,500 Global Portfolio (500.co/portfolio),2026-08-05T18:15:38.487875+00:00,True,
1334,Scopio Technologies Inc,https://scop.io,Social Media,United States,500 Global Portfolio (500.co/portfolio),2026-08-05T18:15:38.487875+00:00,True,
1335,Scorce LLC,https://scorce.io,Developer Tools,Mexico,500 Global Portfolio (500.co/portfolio),2026-08-05T18:15:38.487875+00:00,True,
1336,ScoreData Corporation,https://scoredata.com,FinTech,United States,500 Global Portfolio (500.co/portfolio),2026-08-05T18:15:38.487875+00:00,True,
1337,Scouter LLC,https://scouter.com.mx,"Entertainment / Media, Creator Economy, B2B Marketplaces",Mexico,500 Global Portfolio (500.co/portfolio),2026-08-05T18:15:38.487875+00:00,True,
1338,Screencloud Limited,https://screencloud.com,Content,United Kingdom,500 Global Portfolio (500.co/portfolio),2026-08-05T18:15:38.487875+00:00,True,
1339,Seamorny Holdings Pte. Ltd.,,AgTech,Singapore,500 Global Portfolio (500.co/portfolio),2026-08-05T18:15:38.487875+00:00,True,
1340,Second Nature Healthy Habits Ltd,https://www.secondnature.io,Healthcare,United Kingdom,500 Global Portfolio (500.co/portfolio),2026-08-05T18:15:38.487875+00:00,True,
1341,Seedflex Technologies Pte Ltd,https://www.seedflex.com,"Credit & Lending, FinTech",Singapore,500 Global Portfolio (500.co/portfolio),2026-08-05T18:15:38.487875+00:00,True,
1342,"Seeloz, INC.",https://www.seeloz.com,"AI/Machine Learning, Manufacturing, Utilities (energy, water, waste)",United States,500 Global Portfolio (500.co/portfolio),2026-08-05T18:15:38.487875+00:00,True,
1343,SeeMexic S.A.P.I de C.V.,https://www.seemexico.com,Travel & Tourism,Mexico,500 Global Portfolio (500.co/portfolio),2026-08-05T18:15:38.487875+00:00,True,
1344,Seen HQ Inc.,,,UNITED STATES,500 Global Portfolio (500.co/portfolio),2026-08-05T18:15:38.487875+00:00,True,
1345,Send4 Tecnologia Ltda.,https://www.send4.com.br,"Blockchain, Crypto, Web 3",Brazil,500 Global Portfolio (500.co/portfolio),2026-08-05T18:15:38.487875+00:00,True,
1346,"SendSpark, Inc.",https://www.sendspark.com,"AI/Machine Learning, SaaS",United States,500 Global Portfolio (500.co/portfolio),2026-08-05T18:15:38.487875+00:00,True,
1347,AskSenti Ltd.,https://www.sentisum.com,"AI/Machine Learning, Analytics",United Kingdom,500 Global Portfolio (500.co/portfolio),2026-08-05T18:15:38.487875+00:00,True,
1348,"Functional Software, Inc.",https://sentry.io,Developer Tools,United States,500 Global Portfolio (500.co/portfolio),2026-08-05T18:15:38.487875+00:00,True,
1349,Seppure Pte. Ltd.,https://seppure.com,"CleanTech, Climate Tech, Manufacturing",Singapore,500 Global Portfolio (500.co/portfolio),2026-08-05T18:15:38.487875+00:00,True,
1350,Set Scouter Inc.,https://www.setscouter.com,Real Estate,Canada,500 Global Portfolio (500.co/portfolio),2026-08-05T18:15:38.487875+00:00,True,
1351,Seventh Sense Artificial Intelligence Pte Ltd,https://www.seventhsense.ai,Cybersecurity,Singapore,500 Global Portfolio (500.co/portfolio),2026-08-05T18:15:38.487875+00:00,True,
1352,"ShardSecure, Inc.",https://shardsecure.com,Cybersecurity,United States,500 Global Portfolio (500.co/portfolio),2026-08-05T18:15:38.487875+00:00,True,
1353,"ShearShare, Inc.",https://www.shearshare.com,"App, Female Founders, B2B Marketplaces",United States,500 Global Portfolio (500.co/portfolio),2026-08-05T18:15:38.487875+00:00,True,
1354,Applied Life Private,https://sheroes.com,"Content, Consumer",India,500 Global Portfolio (500.co/portfolio),2026-08-05T18:15:38.487875+00:00,True,
1355,"28 Labs, Inc.",https://sheswell.co,Healthcare,United States,500 Global Portfolio (500.co/portfolio),2026-08-05T18:15:38.487875+00:00,True,
1356,"Shezlong, Inc",https://www.shezlong.com,Healthcare,Egypt,500 Global Portfolio (500.co/portfolio),2026-08-05T18:15:38.487875+00:00,True,
1357,"ShipCash, Inc.",https://shipcash.net,Payments,Jordan,500 Global Portfolio (500.co/portfolio),2026-08-05T18:15:38.487875+00:00,True,
1358,"Shiplyst, Inc.",https://www.shiplyst.com,Supply Chain,United States,500 Global Portfolio (500.co/portfolio),2026-08-05T18:15:38.487875+00:00,True,
1359,"Shippio, Inc.",https://www.shippio.io,"FinTech, Supply Chain",Japan,500 Global Portfolio (500.co/portfolio),2026-08-05T18:15:38.487875+00:00,True,
1360,"Popout, Inc.",https://goshippo.com,Supply Chain,Ireland,500 Global Portfolio (500.co/portfolio),2026-08-05T18:15:38.487875+00:00,True,
1361,Shiprocket Limited,https://www.shiprocket.in,Developer Tools,India,500 Global Portfolio (500.co/portfolio),2026-08-05T18:15:38.487875+00:00,True,
1362,ShipTag INC,https://shiptag.com,"FinTech, Logistics, Commerce",UNITED STATES,500 Global Portfolio (500.co/portfolio),2026-08-05T18:15:38.487875+00:00,True,
1363,"Shoelace Technologies, Inc.",https://www.shoelace.com,Content,Canada,500 Global Portfolio (500.co/portfolio),2026-08-05T18:15:38.487875+00:00,True,
1364,Draycott Technology Partners Pte Ltd,https://www.shohoz.com,Travel & Tourism,United States,500 Global Portfolio (500.co/portfolio),2026-08-05T18:15:38.487875+00:00,True,
1365,ShopandBox Pte Ltd,https://shopandbox.com,Supply Chain,United States,500 Global Portfolio (500.co/portfolio),2026-08-05T18:15:38.487875+00:00,True,
1366,Shopeando SAPI de CV,https://www.shopeando.mx,Ecommerce,Mexico,500 Global Portfolio (500.co/portfolio),2026-08-05T18:15:38.487875+00:00,True,
1367,"ShopLook, Inc.",https://shoplook.io,Fashion,United States,500 Global Portfolio (500.co/portfolio),2026-08-05T18:15:38.487875+00:00,True,
1368,Murmur Technologies Inc.,https://murmurcars.com,Content,Azerbaijan,500 Global Portfolio (500.co/portfolio),2026-08-05T18:15:38.487875+00:00,True,
1369,72Lux Inc.,https://shoppable.com,"AdTech, CPG (Consumer packaged goods), Ecommerce",United States,500 Global Portfolio (500.co/portfolio),2026-08-05T18:15:38.487875+00:00,True,
1370,ShortPoint Inc.,https://www.shortpoint.com,Developer Tools,United Arab Emirates,500 Global Portfolio (500.co/portfolio),2026-08-05T18:15:38.487875+00:00,True,
1371,"Shots Studios, Inc.",https://shots.com,Social Impact,United States,500 Global Portfolio (500.co/portfolio),2026-08-05T18:15:38.487875+00:00,True,
1372,Shuttle Central Inc.,https://shuttlecentral.com,"Logistics, Travel & Tourism",Mexico,500 Global Portfolio (500.co/portfolio),2026-08-05T18:15:38.487875+00:00,True,
1373,SHUUM INC.,,AI/Machine Learning,UNITED STATES,500 Global Portfolio (500.co/portfolio),2026-08-05T18:15:38.487875+00:00,True,
1374,SG Sway Investments PTE. LTD.,https://www.shweproperty.com,Real Estate,Myanmar,500 Global Portfolio (500.co/portfolio),2026-08-05T18:15:38.487875+00:00,True,
1375,"SidelineSwap, Inc.",https://sidelineswap.com,Fashion,United States,500 Global Portfolio (500.co/portfolio),2026-08-05T18:15:38.487875+00:00,True,
1376,Voo Services Ltd.,https://sa.sideup.co,Supply Chain,Egypt,500 Global Portfolio (500.co/portfolio),2026-08-05T18:15:38.487875+00:00,True,
1377,"Sightly Enterprises, Inc.",https://www.sightly.com,Content,United States,500 Global Portfolio (500.co/portfolio),2026-08-05T18:15:38.487875+00:00,True,
1378,SILI ENERGY,https://www.silienergy.kr/home/index.php,Manufacturing,South Korea,500 Global Portfolio (500.co/portfolio),2026-08-05T18:15:38.487875+00:00,True,
1379,"Silk and Sonder, Inc.",https://www.silkandsonder.com,Wellness,United States,500 Global Portfolio (500.co/portfolio),2026-08-05T18:15:38.487875+00:00,True,
1380,Silkroad Images LLC,https://silkroad-images.com,Social Media,Jordan,500 Global Portfolio (500.co/portfolio),2026-08-05T18:15:38.487875+00:00,True,
1381,SilverPush Pte. Ltd.,https://www.silverpush.co,"AI/Machine Learning, AdTech",India,500 Global Portfolio (500.co/portfolio),2026-08-05T18:15:38.487875+00:00,True,
1382,"BiddRocket, Inc.",https://www.silversentinel.ai,Data & Analytics,United States,500 Global Portfolio (500.co/portfolio),2026-08-05T18:15:38.487875+00:00,True,
1383,"Simpatico Project, Inc.",https://www.clify.co.kr,"Health Tech, Healthcare, B2B Marketplaces",South Korea,500 Global Portfolio (500.co/portfolio),2026-08-05T18:15:38.487875+00:00,True,
1384,SimpleHoney Inc.,https://iwanthoney.com,Ecommerce,United States,500 Global Portfolio (500.co/portfolio),2026-08-05T18:15:38.487875+00:00,True,
1385,Simplex For Industrial Solutions Limited,https://simplexarabia.com,Robotics,Egypt,500 Global Portfolio (500.co/portfolio),2026-08-05T18:15:38.487875+00:00,True,
1386,Simplifai Labs Holding LTD,https://simplifailabs.com,Content,United Arab Emirates,500 Global Portfolio (500.co/portfolio),2026-08-05T18:15:38.487875+00:00,True,
1387,MENA Card Holdings Limited,https://simplifipay.com,Payments,United Arab Emirates,500 Global Portfolio (500.co/portfolio),2026-08-05T18:15:38.487875+00:00,True,
1388,SimpliRoute Inc.,https://simpliroute.com,Supply Chain,Chile,500 Global Portfolio (500.co/portfolio),2026-08-05T18:15:38.487875+00:00,True,
1389,SimplyCook Limited,https://simplycook.com,Food,United Kingdom,500 Global Portfolio (500.co/portfolio),2026-08-05T18:15:38.487875+00:00,True,
1390,Siolla,https://siolla.com,FinTech,Saudi Arabia,500 Global Portfolio (500.co/portfolio),2026-08-05T18:15:38.487875+00:00,True,
1391,Sioma LLC,https://sioma.store,AgTech,Colombia,500 Global Portfolio (500.co/portfolio),2026-08-05T18:15:38.487875+00:00,True,
1392,"Sira Medical, Inc.",https://siramedical.com,"Health Tech, Healthcare, Augmented Reality / Virtual Reality",United States,500 Global Portfolio (500.co/portfolio),2026-08-05T18:15:38.487875+00:00,True,
1393,"Siren Care, Inc.",https://siren.care,"Hardware, Deep Tech, Healthcare",United States,500 Global Portfolio (500.co/portfolio),2026-08-05T18:15:38.487875+00:00,True,
1394,Skinseoul Lab,https://www.skin-seoul.com,Ecommerce,South Korea,500 Global Portfolio (500.co/portfolio),2026-08-05T18:15:38.487875+00:00,True,
1395,Sleek EV Pte Ltd.,https://www.sleekev.com,"App, Automotive, Manufacturing, Mobility",Thailand,500 Global Portfolio (500.co/portfolio),2026-08-05T18:15:38.487875+00:00,True,
1396,"Sleepbox, Inc.",https://sleepbox.com,Travel & Tourism,United States,500 Global Portfolio (500.co/portfolio),2026-08-05T18:15:38.487875+00:00,True,
1397,"Slidebean, Inc.",https://slidebean.com,Social Media,United States,500 Global Portfolio (500.co/portfolio),2026-08-05T18:15:38.487875+00:00,True,
1398,Slik Pro Corp.,https://www.slikpro.com,HR Tech,Argentina,500 Global Portfolio (500.co/portfolio),2026-08-05T18:15:38.487875+00:00,True,
1399,Smart Bricks Holdings Limited,https://www.smart-bricks.com/,PropTech,United Arab Emirates,500 Global Portfolio (500.co/portfolio),2026-08-05T18:15:38.487875+00:00,True,
1400,Smart Crowd Ltd,https://smartcrowd.ae,Consumer,United Arab Emirates,500 Global Portfolio (500.co/portfolio),2026-08-05T18:15:38.487875+00:00,True,
1401,SmartHR Company Ltd.,https://smarthr.co.jp,HR Tech,Japan,500 Global Portfolio (500.co/portfolio),2026-08-05T18:15:38.487875+00:00,True,
1402,"Smile Identity, Inc.",https://smileidentity.com,"Cybersecurity, Developer Tools",Nigeria,500 Global Portfolio (500.co/portfolio),2026-08-05T18:15:38.487875+00:00,True,
1403,"Snapsheet, Inc.",https://www.snapsheetclaims.com,InsurTech,United States,500 Global Portfolio (500.co/portfolio),2026-08-05T18:15:38.487875+00:00,True,
1404,Avail Productivity Systems Inc,https://www.snapshyft.com,HR Tech,United States,500 Global Portfolio (500.co/portfolio),2026-08-05T18:15:38.487875+00:00,True,
1405,"Splendid Labs, Inc",https://www.snapup.com,Ecommerce,United States,500 Global Portfolio (500.co/portfolio),2026-08-05T18:15:38.487875+00:00,True,
1406,"Snout, Inc.",https://www.snoutid.com,Healthcare,United States,500 Global Portfolio (500.co/portfolio),2026-08-05T18:15:38.487875+00:00,True,
1407,Socialee Inc,https://socialee.shop,"Beauty, Content",United Arab Emirates,500 Global Portfolio (500.co/portfolio),2026-08-05T18:15:38.487875+00:00,True,
1408,"Social Tables, Inc.",https://socialtables.com,Hospitality,United States,500 Global Portfolio (500.co/portfolio),2026-08-05T18:15:38.487875+00:00,True,
1409,"Quantyzd, Inc.",https://sofy.ai,Developer Tools,United States,500 Global Portfolio (500.co/portfolio),2026-08-05T18:15:38.487875+00:00,True,
1410,Soji Test Account,,,MALAYSIA,500 Global Portfolio (500.co/portfolio),2026-08-05T18:15:38.487875+00:00,True,
1411,"Solactron, Inc.",https://solactron.com,,United States,500 Global Portfolio (500.co/portfolio),2026-08-05T18:15:38.487875+00:00,True,
1412,"Solana Labs, Inc.",https://solana.com,Web 3,United States,500 Global Portfolio (500.co/portfolio),2026-08-05T18:15:38.487875+00:00,True,
1413,Solarstic,,"Climate Tech, Sustainability",South Korea,500 Global Portfolio (500.co/portfolio),2026-08-05T18:15:38.487875+00:00,True,
1414,SOLS Energy Sdn Bhd.,https://www.solsenergy.com,"Climate Tech, Energy",Malaysia,500 Global Portfolio (500.co/portfolio),2026-08-05T18:15:38.487875+00:00,True,
1415,"Dissonance AI, Inc.",https://sonans.ai,AI/Machine Learning,United States,500 Global Portfolio (500.co/portfolio),2026-08-05T18:15:38.487875+00:00,True,
1416,"Get Sonar, Inc.",https://sonarmentalhealth.com,Health Tech,United States,500 Global Portfolio (500.co/portfolio),2026-08-05T18:15:38.487875+00:00,True,
1417,"Sorock, Inc.",,Consumer,South Korea,500 Global Portfolio (500.co/portfolio),2026-08-05T18:15:38.487875+00:00,True,
1418,So Sure Limited,https://wearesosure.com,InsurTech,United Kingdom,500 Global Portfolio (500.co/portfolio),2026-08-05T18:15:38.487875+00:00,True,
1419,"Souco, Inc.",https://www.souco.space,Real Estate,Japan,500 Global Portfolio (500.co/portfolio),2026-08-05T18:15:38.487875+00:00,True,
1420,K.K. Spacee,https://www.spacee.co.jp,"Real Estate, Work",Japan,500 Global Portfolio (500.co/portfolio),2026-08-05T18:15:38.487875+00:00,True,
1421,Spaceship Holding Limited,https://www.spaceshipapp.com,"Logistics, Supply Chain",Hong Kong,500 Global Portfolio (500.co/portfolio),2026-08-05T18:15:38.487875+00:00,True,
1422,Spare Technologies Holding Limited,https://www.tryspare.com,FinTech,Saudi Arabia,500 Global Portfolio (500.co/portfolio),2026-08-05T18:15:38.487875+00:00,True,
1423,Spare Payments,https://www.paywithspare.com,"Education, FinTech, Social Impact",Egypt,500 Global Portfolio (500.co/portfolio),2026-08-05T18:15:38.487875+00:00,True,
1424,"TAAI Labs, Inc",https://thesparkle.ai,"Cybersecurity, Developer Tools, Enterprise",UNITED STATES,500 Global Portfolio (500.co/portfolio),2026-08-05T18:15:38.487875+00:00,True,
1425,Speedrent Technology Sdn Bhd,https://speedhome.com,Real Estate,Malaysia,500 Global Portfolio (500.co/portfolio),2026-08-05T18:15:38.487875+00:00,True,
1426,Speedlancer Inc,https://speedlancer.com,HR Tech,Australia,500 Global Portfolio (500.co/portfolio),2026-08-05T18:15:38.487875+00:00,True,
1427,Speero Limited,https://speero.net,Consumer,Saudi Arabia,500 Global Portfolio (500.co/portfolio),2026-08-05T18:15:38.487875+00:00,True,
1428,Spenny Pte. Ltd.,https://spenny.com,Real Estate,India,500 Global Portfolio (500.co/portfolio),2026-08-05T18:15:38.487875+00:00,True,
1429,Spext Labs Inc.,https://www.spext.co,"AI/Machine Learning, Telecommunications",United States,500 Global Portfolio (500.co/portfolio),2026-08-05T18:15:38.487875+00:00,True,
1430,"SPIDER FLEET, S.A.P.I. DE C.V.",https://spider.com.mx,Logistics,Mexico,500 Global Portfolio (500.co/portfolio),2026-08-05T18:15:38.487875+00:00,True,
1431,Splab Inc.,https://www.sendtime.io,Productivity,South Korea,500 Global Portfolio (500.co/portfolio),2026-08-05T18:15:38.487875+00:00,True,
1432,"PODIO.XYZ, Inc.",https://www.getspokn.com,Work,United States,500 Global Portfolio (500.co/portfolio),2026-08-05T18:15:38.487875+00:00,True,
1433,Sportwey Inc S.A.P.I. DE C.V.,https://sportwey.com,Sports,Mexico,500 Global Portfolio (500.co/portfolio),2026-08-05T18:15:38.487875+00:00,True,
1434,DraftSpotting Technologies Private Limited,https://www.spotdraft.com,FinTech,India,500 Global Portfolio (500.co/portfolio),2026-08-05T18:15:38.487875+00:00,True,
1435,"SpotHero, Inc.",https://spothero.com,Supply Chain,United States,500 Global Portfolio (500.co/portfolio),2026-08-05T18:15:38.487875+00:00,True,
1436,"Spotwise, Inc.",https://spotwise.ai,,UNITED STATES,500 Global Portfolio (500.co/portfolio),2026-08-05T18:15:38.487875+00:00,True,
1437,"SlideRule Labs, Inc.",https://www.springboard.com,Education,United States,500 Global Portfolio (500.co/portfolio),2026-08-05T18:15:38.487875+00:00,True,
1438,"Springcoin, Inc.",https://springlabs.com,"Crypto, FinTech",United States,500 Global Portfolio (500.co/portfolio),2026-08-05T18:15:38.487875+00:00,True,
1439,Ibtikar Technologies SPV Ltd,https://squadio.com,"AI/Machine Learning, App",Saudi Arabia,500 Global Portfolio (500.co/portfolio),2026-08-05T18:15:38.487875+00:00,True,
1440,"Squadle, Inc",https://squadle.com,"Content, Data & Analytics, Productivity",United States,500 Global Portfolio (500.co/portfolio),2026-08-05T18:15:38.487875+00:00,True,
1441,"Squares App, Inc.",https://squares.kz,Ecommerce,Kazakhstan,500 Global Portfolio (500.co/portfolio),2026-08-05T18:15:38.487875+00:00,True,
1442,Stackers Inc.,https://stackbrowser.com,Productivity,Netherlands,500 Global Portfolio (500.co/portfolio),2026-08-05T18:15:38.487875+00:00,True,
1443,StakPak Inc.,https://stakpak.dev,,United States,500 Global Portfolio (500.co/portfolio),2026-08-05T18:15:38.487875+00:00,True,
1444,Ad Victoriam Ventures Pvt. Ltd.,https://stalkbuylove.com,Fashion,India,500 Global Portfolio (500.co/portfolio),2026-08-05T18:15:38.487875+00:00,True,
1445,Startups.com LLC,https://www.startups.com,Content,United States,500 Global Portfolio (500.co/portfolio),2026-08-05T18:15:38.487875+00:00,True,
1446,"Steel Bot, Inc.",,,UNITED STATES,500 Global Portfolio (500.co/portfolio),2026-08-05T18:15:38.487875+00:00,True,
1447,Stellapps Technologies Private Limited,https://www.stellapps.com,AgTech,India,500 Global Portfolio (500.co/portfolio),2026-08-05T18:15:38.487875+00:00,True,
1448,Stethy Health Pty Ltd,https://stethy.co,"Health Tech, SaaS, Healthcare",Australia,500 Global Portfolio (500.co/portfolio),2026-08-05T18:15:38.487875+00:00,True,
1449,Stitch Money Corporation,https://stitch.money,Payments,South Africa,500 Global Portfolio (500.co/portfolio),2026-08-05T18:15:38.487875+00:00,True,
1450,Stlllr Network Inc.,https://www.stllr.network,"AI/Machine Learning, Marketplace, B2B Marketplaces",Saudi Arabia,500 Global Portfolio (500.co/portfolio),2026-08-05T18:15:38.487875+00:00,True,
1451,Stockbit Private Limited,https://stockbit.com,Real Estate,Indonesia,500 Global Portfolio (500.co/portfolio),2026-08-05T18:15:38.487875+00:00,True,
1452,"SiamSquared Technologies (Thailand) Co., Ltd.",https://stockradars.co,3D Printing,Thailand,500 Global Portfolio (500.co/portfolio),2026-08-05T18:15:38.487875+00:00,True,
1453,OneStoreHub Pte Ltd,https://www.storehub.com,"Retail, SaaS",Malaysia,500 Global Portfolio (500.co/portfolio),2026-08-05T18:15:38.487875+00:00,True,
1454,"STORI AI, Inc.",https://storiai.com,Content,Georgia,500 Global Portfolio (500.co/portfolio),2026-08-05T18:15:38.487875+00:00,True,
1455,"Storia Originals, Inc.",https://storia.io,Social Media,United States,500 Global Portfolio (500.co/portfolio),2026-08-05T18:15:38.487875+00:00,True,
1456,Storicity Inc.,https://yodatrip.com,Consumer,South Korea,500 Global Portfolio (500.co/portfolio),2026-08-05T18:15:38.487875+00:00,True,
1457,String Technology Inc,https://www.string.xyz,Crypto,United States,500 Global Portfolio (500.co/portfolio),2026-08-05T18:15:38.487875+00:00,True,
1458,"Stripe, Inc.",https://stripe.com,FinTech,Singapore,500 Global Portfolio (500.co/portfolio),2026-08-05T18:15:38.487875+00:00,True,
1459,Strongkeep Cybersecurity Pte. Ltd.,https://www.strongkeep.com,"AI/Machine Learning, Cybersecurity",SINGAPORE,500 Global Portfolio (500.co/portfolio),2026-08-05T18:15:38.487875+00:00,True,
1460,SagaTech,https://stucktheapp.com,"Content, Productivity, SaaS",Saudi Arabia,500 Global Portfolio (500.co/portfolio),2026-08-05T18:15:38.487875+00:00,True,
1461,"Studypool, Inc.",https://www.studypool.com,Education,United States,500 Global Portfolio (500.co/portfolio),2026-08-05T18:15:38.487875+00:00,True,
1462,"StudySoup, Inc.",https://studysoup.com,Education,United States,500 Global Portfolio (500.co/portfolio),2026-08-05T18:15:38.487875+00:00,True,
1463,Stylemyle Inc.,https://stylemyle.com,"Beauty, Ecommerce, Marketplace",United States,500 Global Portfolio (500.co/portfolio),2026-08-05T18:15:38.487875+00:00,True,
1464,"StyleSeat, Inc.",https://www.styleseat.com,Beauty,United States,500 Global Portfolio (500.co/portfolio),2026-08-05T18:15:38.487875+00:00,True,
1465,Stylhunt Pte. Ltd,https://stylhunt.com,AdTech,Singapore,500 Global Portfolio (500.co/portfolio),2026-08-05T18:15:38.487875+00:00,True,
1466,"Human Plus Plus, Inc.",https://www.sudowrite.com,Productivity,United States,500 Global Portfolio (500.co/portfolio),2026-08-05T18:15:38.487875+00:00,True,
1467,Suitable AI Inc.,https://suitable.ai,HR Tech,India,500 Global Portfolio (500.co/portfolio),2026-08-05T18:15:38.487875+00:00,True,
1468,Odiggo LTD,https://www.sully.ai,"AI/Machine Learning, SaaS, Healthcare",United Arab Emirates,500 Global Portfolio (500.co/portfolio),2026-08-05T18:15:38.487875+00:00,True,
1469,"Sumutasu Co., Ltd.",https://sumutasu.co.jp,Real Estate,Japan,500 Global Portfolio (500.co/portfolio),2026-08-05T18:15:38.487875+00:00,True,
1470,Supahands Dotcom Sdn Bhd,https://www.supa.so,AI/Machine Learning,Malaysia,500 Global Portfolio (500.co/portfolio),2026-08-05T18:15:38.487875+00:00,True,
1471,"El-Dokan, Inc.",https://el-dokan.com,"Developer Tools, Ecommerce, No Code",Saudi Arabia,500 Global Portfolio (500.co/portfolio),2026-08-05T18:15:38.487875+00:00,True,
1472,"Super Free Games, Inc.",https://superluckycasino.com,Gaming,United States,500 Global Portfolio (500.co/portfolio),2026-08-05T18:15:38.487875+00:00,True,
1473,"Superhuman Labs, Inc.",https://superhuman.com,Productivity,United States,500 Global Portfolio (500.co/portfolio),2026-08-05T18:15:38.487875+00:00,True,
1474,Surglasses Inc.,https://surglasses.com,Health Tech,Taiwan,500 Global Portfolio (500.co/portfolio),2026-08-05T18:15:38.487875+00:00,True,
1475,SUSTAINFI INC.,https://www.sustainfi.com,"CleanTech, Climate Tech, FinTech",United States,500 Global Portfolio (500.co/portfolio),2026-08-05T18:15:38.487875+00:00,True,
1476,"Be School, Inc.",https://sv.academy,HR Tech,United States,500 Global Portfolio (500.co/portfolio),2026-08-05T18:15:38.487875+00:00,True,
1477,"Svastia Genetics, Inc",https://svastia.ai,"Health Tech, Healthcare",United Kingdom,500 Global Portfolio (500.co/portfolio),2026-08-05T18:15:38.487875+00:00,True,
1478,Sweater Holding Ltd,https://sweater.sa,"CleanTech, SaaS, Consumer",Saudi Arabia,500 Global Portfolio (500.co/portfolio),2026-08-05T18:15:38.487875+00:00,True,
1479,ShiftSouth (Pty) Ltd,https://sweepsouth.com,Real Estate,South Africa,500 Global Portfolio (500.co/portfolio),2026-08-05T18:15:38.487875+00:00,True,
1480,Sweply Holding Limited,https://www.sweply.com,AdTech,Saudi Arabia,500 Global Portfolio (500.co/portfolio),2026-08-05T18:15:38.487875+00:00,True,
1481,"Swept Technologies, Inc.",https://www.sweptworks.com,"Productivity, Supply Chain",Canada,500 Global Portfolio (500.co/portfolio),2026-08-05T18:15:38.487875+00:00,True,
1482,Electronic Grid Systems Inc.,https://swiftcharge.io,Energy,Canada,500 Global Portfolio (500.co/portfolio),2026-08-05T18:15:38.487875+00:00,True,
1483,"Swing Education, Inc",https://swingeducation.com,Developer Tools,United States,500 Global Portfolio (500.co/portfolio),2026-08-05T18:15:38.487875+00:00,True,
1484,mClinica Pte. Ltd.,https://www.swiperxapp.com,Healthcare,Singapore,500 Global Portfolio (500.co/portfolio),2026-08-05T18:15:38.487875+00:00,True,
1485,"SynapseMX, Inc.",https://synapsemx.com,"Aviation, Productivity, GovTech",United States,500 Global Portfolio (500.co/portfolio),2026-08-05T18:15:38.487875+00:00,True,
1486,"DEEP BLUEDOT, INC.",https://syncly.app,AI/Machine Learning,South Korea,500 Global Portfolio (500.co/portfolio),2026-08-05T18:15:38.487875+00:00,True,
1487,Synervoz Communications Inc.,https://synervoz.com,"AI/Machine Learning, AudioTech, Developer Tools, Gaming, No Code, Telecommunications, Deep Tech, Augmented Reality / Virtual Reality, Entertainment / Media, Consumer, Network Effects",Canada,500 Global Portfolio (500.co/portfolio),2026-08-05T18:15:38.487875+00:00,True,
1488,Slinger Studios Inc.,https://synthesia.club,Entertainment / Media,United States,500 Global Portfolio (500.co/portfolio),2026-08-05T18:15:38.487875+00:00,True,
1489,HEXAGONO SOLUTIONS LLC,https://syscap.com.mx,FinTech,Mexico,500 Global Portfolio (500.co/portfolio),2026-08-05T18:15:38.487875+00:00,True,
1490,T2P Holdings Company Limited,https://www.t2pco.com,Payments,Thailand,500 Global Portfolio (500.co/portfolio),2026-08-05T18:15:38.487875+00:00,True,
1491,Takenos Inc.,https://takenos.com,"Crypto, FinTech, Work",Argentina,500 Global Portfolio (500.co/portfolio),2026-08-05T18:15:38.487875+00:00,True,
1492,"Taker, Inc",https://taker.io,Consumer,Saudi Arabia,500 Global Portfolio (500.co/portfolio),2026-08-05T18:15:38.487875+00:00,True,
1493,"Talently, Inc.",https://talently.tech,Education,Peru,500 Global Portfolio (500.co/portfolio),2026-08-05T18:15:38.487875+00:00,True,
1494,"Tales, Inc.",https://talescreator.com,"AI/Machine Learning, Gaming, Creator Economy",United States,500 Global Portfolio (500.co/portfolio),2026-08-05T18:15:38.487875+00:00,True,
1495,"Talkable, Inc.",https://www.talkable.com,Content,United States,500 Global Portfolio (500.co/portfolio),2026-08-05T18:15:38.487875+00:00,True,
1496,"Talkdesk, Inc.",https://www.talkdesk.com,Developer Tools,United States,500 Global Portfolio (500.co/portfolio),2026-08-05T18:15:38.487875+00:00,True,
1497,"Talk Labs Global, Inc.",https://talk-labs.com/,Education,United States,500 Global Portfolio (500.co/portfolio),2026-08-05T18:15:38.487875+00:00,True,
1498,"Tallyfy, Inc.",https://tallyfy.com,Productivity,United States,500 Global Portfolio (500.co/portfolio),2026-08-05T18:15:38.487875+00:00,True,
1499,"Tamatem, Inc.",https://tamatem.co,"FinTech, Gaming",Jordan,500 Global Portfolio (500.co/portfolio),2026-08-05T18:15:38.487875+00:00,True,
1500,Taming Lab,,Consumer,South Korea,500 Global Portfolio (500.co/portfolio),2026-08-05T18:15:38.487875+00:00,True,
1501,"Tammwel, Inc",https://www.tamawal.sa,Credit & Lending,Saudi Arabia,500 Global Portfolio (500.co/portfolio),2026-08-05T18:15:38.487875+00:00,True,
1502,Fractional Homes Pte. Ltd.,https://taphomes.co.id,Real Estate,Indonesia,500 Global Portfolio (500.co/portfolio),2026-08-05T18:15:38.487875+00:00,True,
1503,"Tarefa, Inc.",https://www.tarefa.co,Education,Colombia,500 Global Portfolio (500.co/portfolio),2026-08-05T18:15:38.487875+00:00,True,
1504,TARTANHQ SOLUTIONS PRIVATE LIMITED,https://www.tartanhq.com,FinTech,India,500 Global Portfolio (500.co/portfolio),2026-08-05T18:15:38.487875+00:00,True,
1505,Taskeer Holdings Limited,https://taskeer.co,FinTech,Saudi Arabia,500 Global Portfolio (500.co/portfolio),2026-08-05T18:15:38.487875+00:00,True,
1506,"Wheel Go Fast, Inc.",,AI/Machine Learning,UNITED STATES,500 Global Portfolio (500.co/portfolio),2026-08-05T18:15:38.487875+00:00,True,
1507,"Taskty, Inc.",https://taskty.com,"Marketplace, Housing",Egypt,500 Global Portfolio (500.co/portfolio),2026-08-05T18:15:38.487875+00:00,True,
1508,"Tass Vision, Inc.",https://tassvision.ai,"AI/Machine Learning, Retail, SaaS",Uzbekistan,500 Global Portfolio (500.co/portfolio),2026-08-05T18:15:38.487875+00:00,True,
1509,Taxo app LLC,https://taxo.co,"Accounting, Productivity, Subscription",Mexico,500 Global Portfolio (500.co/portfolio),2026-08-05T18:15:38.487875+00:00,True,
1510,"Tealet, Inc.",https://www.tealet.com,Content,United States,500 Global Portfolio (500.co/portfolio),2026-08-05T18:15:38.487875+00:00,True,
1511,"Illuminated Futures, Inc.",https://teammachine.ai,"Productivity, HR Tech",United States,500 Global Portfolio (500.co/portfolio),2026-08-05T18:15:38.487875+00:00,True,
1512,TeamUp Inc.,https://www.fanzapp.io,Sports,Saudi Arabia,500 Global Portfolio (500.co/portfolio),2026-08-05T18:15:38.487875+00:00,True,
1513,"TechieMatter, Inc.",https://www.techiematter.com,HR Tech,Egypt,500 Global Portfolio (500.co/portfolio),2026-08-05T18:15:38.487875+00:00,True,
1514,"Convoy, Inc",https://www.techmate.com,Developer Tools,United States,500 Global Portfolio (500.co/portfolio),2026-08-05T18:15:38.487875+00:00,True,
1515,TEDI L.L.C,https://tedivirtual.com,"Construction, Education, Impact",Peru,500 Global Portfolio (500.co/portfolio),2026-08-05T18:15:38.487875+00:00,True,
1516,Tees it Together Pte Ltd.,https://tees.co.id,Fashion,Indonesia,500 Global Portfolio (500.co/portfolio),2026-08-05T18:15:38.487875+00:00,True,
1517,Telemetree Inc.,,,UNITED STATES,500 Global Portfolio (500.co/portfolio),2026-08-05T18:15:38.487875+00:00,True,
1518,Telgani Holding Limited,https://www.telgani.com,Mobility,Saudi Arabia,500 Global Portfolio (500.co/portfolio),2026-08-05T18:15:38.487875+00:00,True,
1519,Tenex Technologies,https://tenex.io,Real Estate,United Arab Emirates,500 Global Portfolio (500.co/portfolio),2026-08-05T18:15:38.487875+00:00,True,
1520,TERAPIFY NETWORK S.A.P.I. DE C.V,https://www.terapify.com,Health Tech,Mexico,500 Global Portfolio (500.co/portfolio),2026-08-05T18:15:38.487875+00:00,True,
1521,Terminal 3 HK Limited,https://www.terminal3.io,"Blockchain, Data & Analytics, Web 3",Hong Kong,500 Global Portfolio (500.co/portfolio),2026-08-05T18:15:38.487875+00:00,True,
1522,Textla Inc.,https://www.textla.com,"SaaS, Telecommunications",United States,500 Global Portfolio (500.co/portfolio),2026-08-05T18:15:38.487875+00:00,True,
1523,Text And Pay Me Inc,https://textnpayme.com,"FinTech, Payments, Subscription",Armenia,500 Global Portfolio (500.co/portfolio),2026-08-05T18:15:38.487875+00:00,True,
1524,"Tezbor, Inc.",https://tezbor.uz,,UNITED STATES,500 Global Portfolio (500.co/portfolio),2026-08-05T18:15:38.487875+00:00,True,
1525,DMKTZ Inc.,https://www.tg3ds.com,"3D Printing, App, Content",Taiwan,500 Global Portfolio (500.co/portfolio),2026-08-05T18:15:38.487875+00:00,True,
1526,Empathy Labs Inc.,https://www.theambitionapp.com,HR Tech,United States,500 Global Portfolio (500.co/portfolio),2026-08-05T18:15:38.487875+00:00,True,
1527,Thematic Inc.,https://hellothematic.com,"Marketplace, Social Media, Creator Economy",United States,500 Global Portfolio (500.co/portfolio),2026-08-05T18:15:38.487875+00:00,True,
1528,Eleanoor Berhad,https://thenoor.co,Social Impact,Malaysia,500 Global Portfolio (500.co/portfolio),2026-08-05T18:15:38.487875+00:00,True,
1529,Theres Inc,https://www.theres.co,Consumer,South Korea,500 Global Portfolio (500.co/portfolio),2026-08-05T18:15:38.487875+00:00,True,
1530,ThingLink Oy,https://www.thinglink.com,Developer Tools,Finland,500 Global Portfolio (500.co/portfolio),2026-08-05T18:15:38.487875+00:00,True,
1531,"Thinknum, Inc.",https://www.thinknum.com,Data & Analytics,United States,500 Global Portfolio (500.co/portfolio),2026-08-05T18:15:38.487875+00:00,True,
1532,ThinkParametric Inc.,https://www.thinkparametric.com,Education,Mexico,500 Global Portfolio (500.co/portfolio),2026-08-05T18:15:38.487875+00:00,True,
1533,Thread Solutions Inc.,"https://251 Little Falls Drive, Wilmington, New Castle County, Delaware 19808",AI/Machine Learning,UNITED STATES,500 Global Portfolio (500.co/portfolio),2026-08-05T18:15:38.487875+00:00,True,
1534,Thriva Ltd,https://thriva.co,Health Tech,United Kingdom,500 Global Portfolio (500.co/portfolio),2026-08-05T18:15:38.487875+00:00,True,
1535,"The Ticket Fairy, Inc.",https://www.ticketfairy.com,"AI/Machine Learning, Blockchain, Leisure & Entretainment, Marketplace, SaaS, Ticketing, Web 3, Artificial Intelligence / Machine Learning, CRM, Entertainment / Media, Social Media, B2B Marketplaces, Commerce",United States,500 Global Portfolio (500.co/portfolio),2026-08-05T18:15:38.487875+00:00,True,
1536,"TICKR HOLDINGS, INC.",https://www.ticketrev.com,"Sports, Entertainment / Media, Consumer",United States,500 Global Portfolio (500.co/portfolio),2026-08-05T18:15:38.487875+00:00,True,
1537,Glacierwater Holdings Pte. Ltd.,https://tigernewenergy.com,Automotive,Bangladesh,500 Global Portfolio (500.co/portfolio),2026-08-05T18:15:38.487875+00:00,True,
1538,Day2Life Inc.,https://day2life.com,Productivity,South Korea,500 Global Portfolio (500.co/portfolio),2026-08-05T18:15:38.487875+00:00,True,
1539,Memory AS,https://timelyapp.com,Productivity,Norway,500 Global Portfolio (500.co/portfolio),2026-08-05T18:15:38.487875+00:00,True,
1540,"The News Lens Co., Ltd.",https://www.tnlmedia.com,"AdTech, Big Data, Entertainment / Media",Taiwan,500 Global Portfolio (500.co/portfolio),2026-08-05T18:15:38.487875+00:00,True,
1541,Magical Tome Inc.,https://beta.tome.app,AI/Machine Learning,United States,500 Global Portfolio (500.co/portfolio),2026-08-05T18:15:38.487875+00:00,True,
1542,Toolhouse Technologies Inc,,"AI/Machine Learning, App, Gig Economy, No Code, Productivity, SaaS, Work",United States,500 Global Portfolio (500.co/portfolio),2026-08-05T18:15:38.487875+00:00,True,
1543,Toshl Inc.,https://toshl.com,FinTech,Slovenia,500 Global Portfolio (500.co/portfolio),2026-08-05T18:15:38.487875+00:00,True,
1544,TouchPoints Inc.,https://www.touchpoints.cx/,AI/Machine Learning,UNITED STATES,500 Global Portfolio (500.co/portfolio),2026-08-05T18:15:38.487875+00:00,True,
1545,Touchten Games Pte. Ltd.,https://www.touchten.com,Gaming,Thailand,500 Global Portfolio (500.co/portfolio),2026-08-05T18:15:38.487875+00:00,True,
1546,Tour Amigo Pty Ltd,https://touramigo.com,Content,Australia,500 Global Portfolio (500.co/portfolio),2026-08-05T18:15:38.487875+00:00,True,
1547,TourHero Pte. Ltd.,https://www.tourhero.com,Travel & Tourism,Singapore,500 Global Portfolio (500.co/portfolio),2026-08-05T18:15:38.487875+00:00,True,
1548,"PullString, Inc.",https://www.pullstring.com,Productivity,United States,500 Global Portfolio (500.co/portfolio),2026-08-05T18:15:38.487875+00:00,True,
1549,TPP GROUP INC.,https://www.tpp.network,,UNITED STATES,500 Global Portfolio (500.co/portfolio),2026-08-05T18:15:38.487875+00:00,True,
1550,"Northstar Intelligence, Inc.",https://www.tracehq.com,FinTech,United States,500 Global Portfolio (500.co/portfolio),2026-08-05T18:15:38.487875+00:00,True,
1551,"TraceAir Technologgies, Inc.",https://www.traceair.net,Construction,United States,500 Global Portfolio (500.co/portfolio),2026-08-05T18:15:38.487875+00:00,True,
1552,MyHero Limited,https://en.tradehero.mobi,Real Estate,Singapore,500 Global Portfolio (500.co/portfolio),2026-08-05T18:15:38.487875+00:00,True,
1553,Tradespace Inc.,https://www.tradespace.io,"AI/Machine Learning, Legal",United States,500 Global Portfolio (500.co/portfolio),2026-08-05T18:15:38.487875+00:00,True,
1554,Transcelestial Technologies Pte Ltd,https://transcelestial.com,"Developer Tools, Infrastructure",Singapore,500 Global Portfolio (500.co/portfolio),2026-08-05T18:15:38.487875+00:00,True,
1555,Nextransfer Limited,https://www.transfercar.co.nz,Supply Chain,New Zealand,500 Global Portfolio (500.co/portfolio),2026-08-05T18:15:38.487875+00:00,True,
1556,CONTRATOSAPP S.A.P.I. DE C.V.,https://trato.io,"AI/Machine Learning, Blockchain",Mexico,500 Global Portfolio (500.co/portfolio),2026-08-05T18:15:38.487875+00:00,True,
1557,PT Horizon Internusa Persada,https://www.travelio.com,Travel & Tourism,Indonesia,500 Global Portfolio (500.co/portfolio),2026-08-05T18:15:38.487875+00:00,True,
1558,"TravelJoy, Inc.",https://traveljoy.com,"Marketplace, Travel & Tourism",United States,500 Global Portfolio (500.co/portfolio),2026-08-05T18:15:38.487875+00:00,True,
1559,Yeuma Inc,https://www.trend.io,"Content, Marketplace, Entertainment / Media",United States,500 Global Portfolio (500.co/portfolio),2026-08-05T18:15:38.487875+00:00,True,
1560,"Tripitaca, Inc.",https://www.tripitaca.com,Content,Kenya,500 Global Portfolio (500.co/portfolio),2026-08-05T18:15:38.487875+00:00,True,
1561,Tripplus Travel Service Inc,https://www.tripplus.cc,Travel & Tourism,Taiwan,500 Global Portfolio (500.co/portfolio),2026-08-05T18:15:38.487875+00:00,True,
1562,"Trocafone, Inc.",https://www.trocafone.com.br,Ecommerce,Brazil,500 Global Portfolio (500.co/portfolio),2026-08-05T18:15:38.487875+00:00,True,
1563,"TriplePulse, Inc.",https://www.trubrain.com,Wellness,United States,500 Global Portfolio (500.co/portfolio),2026-08-05T18:15:38.487875+00:00,True,
1564,Trucks Venture Fund 1 LP,https://www.trucks.vc,Agnostic (all),UNITED STATES,500 Global Portfolio (500.co/portfolio),2026-08-05T18:15:38.487875+00:00,True,
1565,"TrueCare24, Inc.",https://www.truecare24.com,Healthcare,United States,500 Global Portfolio (500.co/portfolio),2026-08-05T18:15:38.487875+00:00,True,
1566,Sabz Inc.,https://www.truelli.com,Wellness,United States,500 Global Portfolio (500.co/portfolio),2026-08-05T18:15:38.487875+00:00,True,
1567,TruKKer Holding Limited,https://trukker.com,Supply Chain,United Arab Emirates,500 Global Portfolio (500.co/portfolio),2026-08-05T18:15:38.487875+00:00,True,
1568,PT Truktop Teknologi Global,https://www.truktop.com,"Automotive, FinTech",Indonesia,500 Global Portfolio (500.co/portfolio),2026-08-05T18:15:38.487875+00:00,True,
1569,Truly Experiences Ltd,https://trulyexperiences.com,Travel & Tourism,United Kingdom,500 Global Portfolio (500.co/portfolio),2026-08-05T18:15:38.487875+00:00,True,
1570,TRUSTDOCK Inc.,https://biz.trustdock.io,"Cybersecurity, Developer Tools",Japan,500 Global Portfolio (500.co/portfolio),2026-08-05T18:15:38.487875+00:00,True,
1571,"Trusted Insight, Inc.",https://www.thetrustedinsight.com,FinTech,United States,500 Global Portfolio (500.co/portfolio),2026-08-05T18:15:38.487875+00:00,True,
1572,Trust IQ Pte. Ltd.,https://trustingsocial.com,Credit & Lending,Singapore,500 Global Portfolio (500.co/portfolio),2026-08-05T18:15:38.487875+00:00,True,
1573,Clickgaming Distribution Group Sdn. Bhd.,https://ttracing.my,"Direct to Consumer, Gaming, Consumer",Malaysia,500 Global Portfolio (500.co/portfolio),2026-08-05T18:15:38.487875+00:00,True,
1574,"Tuckernuck, Inc.",https://tnuck.com,Fashion,United States,500 Global Portfolio (500.co/portfolio),2026-08-05T18:15:38.487875+00:00,True,
1575,"Tunable Biosystems, Inc.",https://www.linkedin.com/company/tunable-biosystems-inc/,Health Tech,South Korea,500 Global Portfolio (500.co/portfolio),2026-08-05T18:15:38.487875+00:00,True,
1576,TwentyToo Inc.,,,UNITED STATES,500 Global Portfolio (500.co/portfolio),2026-08-05T18:15:38.487875+00:00,True,
1577,"Twilio, Inc.",https://twilio.com,Developer Tools,United States,500 Global Portfolio (500.co/portfolio),2026-08-05T18:15:38.487875+00:00,True,
1578,Twinn Health Limited,https://twinn.health,BioTech & Life Sciences,United Kingdom,500 Global Portfolio (500.co/portfolio),2026-08-05T18:15:38.487875+00:00,True,
1579,Ubeya Technologies Ltd.,https://www.ubeya.com,HR Tech,Israel,500 Global Portfolio (500.co/portfolio),2026-08-05T18:15:38.487875+00:00,True,
1580,"Ubuntu Global Holdings, L.L.C.",https://utribe.one,FinTech,United States,500 Global Portfolio (500.co/portfolio),2026-08-05T18:15:38.487875+00:00,True,
1581,"Ulu Ventures Fund II, L.P.",https://www.uluventures.com,Agnostic (all),UNITED STATES,500 Global Portfolio (500.co/portfolio),2026-08-05T18:15:38.487875+00:00,True,
1582,Umbala Inc.,https://umbala.tv,Social Impact,Vietnam,500 Global Portfolio (500.co/portfolio),2026-08-05T18:15:38.487875+00:00,True,
1583,Umoja Labs Corp.,https://www.umoja.xyz,"Blockchain, Crypto, Web 3",United States,500 Global Portfolio (500.co/portfolio),2026-08-05T18:15:38.487875+00:00,True,
1584,MMA Brand Services Pte. Ltd.,https://www.una-brands.com,"Ecommerce, Retail",Singapore,500 Global Portfolio (500.co/portfolio),2026-08-05T18:15:38.487875+00:00,True,
1585,"UNest Holdings, Inc.",https://unest.co,FinTech,United States,500 Global Portfolio (500.co/portfolio),2026-08-05T18:15:38.487875+00:00,True,
1586,"Uniko, Inc",https://uniko.co,Ecommerce,Mexico,500 Global Portfolio (500.co/portfolio),2026-08-05T18:15:38.487875+00:00,True,
1587,UniSub LLC,https://unisub.io,"Blockchain, Crypto, FinTech, Gambling, Payments, SaaS, Web 3",Georgia,500 Global Portfolio (500.co/portfolio),2026-08-05T18:15:38.487875+00:00,True,
1588,Unitlab Inc.,https://unitlab.ai,,UNITED STATES,500 Global Portfolio (500.co/portfolio),2026-08-05T18:15:38.487875+00:00,True,
1589,Unito Inc.,https://unito.io,"Productivity, Work",Canada,500 Global Portfolio (500.co/portfolio),2026-08-05T18:15:38.487875+00:00,True,
1590,Unshackled Level Labs L.P.,https://www.unshackledvc.com,Agnostic (all),UNITED STATES,500 Global Portfolio (500.co/portfolio),2026-08-05T18:15:38.487875+00:00,True,
1591,"UpGuard, Inc.",https://www.upguard.com,Cybersecurity,United States,500 Global Portfolio (500.co/portfolio),2026-08-05T18:15:38.487875+00:00,True,
1592,"Upshift, Inc.",https://upshiftcars.com,"Automotive, Climate Tech, Mobility",United States,500 Global Portfolio (500.co/portfolio),2026-08-05T18:15:38.487875+00:00,True,
1593,PT Urban Teknologi Digital,https://www.urbanhire.com,HR Tech,Indonesia,500 Global Portfolio (500.co/portfolio),2026-08-05T18:15:38.487875+00:00,True,
1594,CommunityLogiq Software Inc.,https://urbanlogiq.com,Government,Canada,500 Global Portfolio (500.co/portfolio),2026-08-05T18:15:38.487875+00:00,True,
1595,Urbanmetry Pte. Ltd.,https://www.urbanmetry.com,Data & Analytics,Singapore,500 Global Portfolio (500.co/portfolio),2026-08-05T18:15:38.487875+00:00,True,
1596,User1st Ltd,https://user1st.com,Developer Tools,Israel,500 Global Portfolio (500.co/portfolio),2026-08-05T18:15:38.487875+00:00,True,
1597,"UserPilot, Inc.",https://userpilot.com,Productivity,United States,500 Global Portfolio (500.co/portfolio),2026-08-05T18:15:38.487875+00:00,True,
1598,"Uteach, Inc.",https://uteach.io,Developer Tools,Armenia,500 Global Portfolio (500.co/portfolio),2026-08-05T18:15:38.487875+00:00,True,
1599,Webedia Arabia Ltd,https://www.uturn.me,Entertainment / Media,Saudi Arabia,500 Global Portfolio (500.co/portfolio),2026-08-05T18:15:38.487875+00:00,True,
1600,"UXCam, Inc.",https://uxcam.com,Developer Tools,United Kingdom,500 Global Portfolio (500.co/portfolio),2026-08-05T18:15:38.487875+00:00,True,
1601,UX Magic Inc.,https://uxmagic.ai/,AI/Machine Learning,UNITED STATES,500 Global Portfolio (500.co/portfolio),2026-08-05T18:15:38.487875+00:00,True,
1602,Valence OS Corp.,https://www.werevalence.com,,UNITED STATES,500 Global Portfolio (500.co/portfolio),2026-08-05T18:15:38.487875+00:00,True,
1603,Valeo Health Holding Limited,https://feelvaleo.com,Health Tech,United Arab Emirates,500 Global Portfolio (500.co/portfolio),2026-08-05T18:15:38.487875+00:00,True,
1604,Selectastro Private Limited,,,INDIA,500 Global Portfolio (500.co/portfolio),2026-08-05T18:15:38.487875+00:00,True,
1605,Vault Dragon Pte Ltd,https://vaultdragon.com,Real Estate,Singapore,500 Global Portfolio (500.co/portfolio),2026-08-05T18:15:38.487875+00:00,True,
1606,Vbout SAL,https://www.vbout.com,Content,Lebanon,500 Global Portfolio (500.co/portfolio),2026-08-05T18:15:38.487875+00:00,True,
1607,VCV Incorporated,https://vcv.ai,HR Tech,Russia,500 Global Portfolio (500.co/portfolio),2026-08-05T18:15:38.487875+00:00,True,
1608,Vela Labs Inc.,https://welcome.getvela.com,"Developer Tools, Productivity",United States,500 Global Portfolio (500.co/portfolio),2026-08-05T18:15:38.487875+00:00,True,
1609,Veluga Brewery Inc.,https://business.veluga.kr,"Logistics, Consumer",South Korea,500 Global Portfolio (500.co/portfolio),2026-08-05T18:15:38.487875+00:00,True,
1610,VENNRE VENTURES HOLDING (VVH) LIMITED,https://www.vennre.com,,UNITED KINGDOM,500 Global Portfolio (500.co/portfolio),2026-08-05T18:15:38.487875+00:00,True,
1611,HELP Inc.,https://venturz.co,"AI/Machine Learning, App, Data & Analytics",United States,500 Global Portfolio (500.co/portfolio),2026-08-05T18:15:38.487875+00:00,True,
1612,"Venzee Technologies, Inc.",https://venzee.com,Supply Chain,Mexico,500 Global Portfolio (500.co/portfolio),2026-08-05T18:15:38.487875+00:00,True,
1613,"Verbal Voice Technologies, Inc",https://tryverbal.com,"AI/Machine Learning, Health Tech",United States,500 Global Portfolio (500.co/portfolio),2026-08-05T18:15:38.487875+00:00,True,
1614,"Dot Blockchain Music, Inc.",https://www.verifi.media,Developer Tools,United States,500 Global Portfolio (500.co/portfolio),2026-08-05T18:15:38.487875+00:00,True,
1615,"Verisoul, Inc.",https://www.verisoul.xyz,"AI/Machine Learning, Cybersecurity",United States,500 Global Portfolio (500.co/portfolio),2026-08-05T18:15:38.487875+00:00,True,
1616,Verofax Limited,https://verofax.com,"AI/Machine Learning, Retail, Augmented Reality / Virtual Reality",United Arab Emirates,500 Global Portfolio (500.co/portfolio),2026-08-05T18:15:38.487875+00:00,True,
1617,Vertical Bar Inc.,https://www.vertical.bar/,"AI/Machine Learning, Big Data, Analytics",United States,500 Global Portfolio (500.co/portfolio),2026-08-05T18:15:38.487875+00:00,True,
1618,Vetwork Inc.,https://vetwork.app,Pet Tech,Egypt,500 Global Portfolio (500.co/portfolio),2026-08-05T18:15:38.487875+00:00,True,
1619,"VIA Global Health, Inc.",https://viaglobalhealth.com,Supply Chain,United States,500 Global Portfolio (500.co/portfolio),2026-08-05T18:15:38.487875+00:00,True,
1620,"VICO ROOMS, Inc.",https://getvico.com,B2B Marketplaces,Colombia,500 Global Portfolio (500.co/portfolio),2026-08-05T18:15:38.487875+00:00,True,
1621,The Vida World Sdn. Bhd.,https://vidaworld.com.my,,MALAYSIA,500 Global Portfolio (500.co/portfolio),2026-08-05T18:15:38.487875+00:00,True,
1622,"Tapshot, Inc.",https://videokits.com,Social Media,United States,500 Global Portfolio (500.co/portfolio),2026-08-05T18:15:38.487875+00:00,True,
1623,"Viewabo, Inc.",https://www.viewabo.com,"Productivity, SaaS",United States,500 Global Portfolio (500.co/portfolio),2026-08-05T18:15:38.487875+00:00,True,
1624,FOPRO LLC,https://www.vioo.mx,Marketplace,Mexico,500 Global Portfolio (500.co/portfolio),2026-08-05T18:15:38.487875+00:00,True,
1625,"ViralGains, Inc.",https://www.viralgains.com,Data & Analytics,United States,500 Global Portfolio (500.co/portfolio),2026-08-05T18:15:38.487875+00:00,True,
1626,Debit Circles Sdn. Bhd.,https://www.vircle.com,Consumer,Malaysia,500 Global Portfolio (500.co/portfolio),2026-08-05T18:15:38.487875+00:00,True,
1627,Virtual Internship Partners Ltd.,https://www.virtualinternships.com,HR Tech,United Kingdom,500 Global Portfolio (500.co/portfolio),2026-08-05T18:15:38.487875+00:00,True,
1628,Virtualtech Frontier Sdn. Bhd.,https://virtualtechfrontier.com,"SaaS, Web 3, Augmented Reality / Virtual Reality",Malaysia,500 Global Portfolio (500.co/portfolio),2026-08-05T18:15:38.487875+00:00,True,
1629,"Visionful Holding, Inc.",https://www.visionful.ai,Mobility,United States,500 Global Portfolio (500.co/portfolio),2026-08-05T18:15:38.487875+00:00,True,
1630,"Vision Nexus, Inc",,,UNITED STATES,500 Global Portfolio (500.co/portfolio),2026-08-05T18:15:38.487875+00:00,True,
1631,Vision Space Inc.,https://www.visionspace.co.kr,Augmented Reality / Virtual Reality,South Korea,500 Global Portfolio (500.co/portfolio),2026-08-05T18:15:38.487875+00:00,True,
1632,Vivosens INC.,https://vivoo.io,"FemTech (women's health), Health Tech, Wellness",United States,500 Global Portfolio (500.co/portfolio),2026-08-05T18:15:38.487875+00:00,True,
1633,"First Opinion, Inc.",https://www.voi.health,"AI/Machine Learning, Health Tech",United States,500 Global Portfolio (500.co/portfolio),2026-08-05T18:15:38.487875+00:00,True,
1634,Labity LLC,https://www.voltchat.com/,Content,United States,500 Global Portfolio (500.co/portfolio),2026-08-05T18:15:38.487875+00:00,True,
1635,Volt14 Solutions Pte. Ltd.,https://volt14.com,"Energy, SaaS, Utilities (energy, water, waste)",Singapore,500 Global Portfolio (500.co/portfolio),2026-08-05T18:15:38.487875+00:00,True,
1636,&VOLUME LTD,https://nvolume.com,"AI/Machine Learning, Blockchain, Crypto, FinTech",United Kingdom,500 Global Portfolio (500.co/portfolio),2026-08-05T18:15:38.487875+00:00,True,
1637,Vonder (Thailand) Co. Ltd.,https://www.vonder.co.th,Education,Thailand,500 Global Portfolio (500.co/portfolio),2026-08-05T18:15:38.487875+00:00,True,
1638,"Vonjour, LLC",https://vonjour.com,Developer Tools,United States,500 Global Portfolio (500.co/portfolio),2026-08-05T18:15:38.487875+00:00,True,
1639,"Vouch, Inc.",https://www.vouch.us,InsurTech,United States,500 Global Portfolio (500.co/portfolio),2026-08-05T18:15:38.487875+00:00,True,
1640,VoyceMe Inc.,https://www.voyce.me,"Leisure & Entretainment, Social Media",United States,500 Global Portfolio (500.co/portfolio),2026-08-05T18:15:38.487875+00:00,True,
1641,VR Motion Corp.,https://vrmotioncorp.com,Automotive,United States,500 Global Portfolio (500.co/portfolio),2026-08-05T18:15:38.487875+00:00,True,
1642,"View the Space, Inc.",https://www.vts.com,Real Estate,United States,500 Global Portfolio (500.co/portfolio),2026-08-05T18:15:38.487875+00:00,True,
1643,360MEA Ltd.,https://vuz.com,Entertainment / Media,United Arab Emirates,500 Global Portfolio (500.co/portfolio),2026-08-05T18:15:38.487875+00:00,True,
1644,Walzay Inc.,https://walzay.com,"SaaS, Talent Management",United Arab Emirates,500 Global Portfolio (500.co/portfolio),2026-08-05T18:15:38.487875+00:00,True,
1645,Wanderu Inc.,https://www.wanderu.com,Travel & Tourism,United States,500 Global Portfolio (500.co/portfolio),2026-08-05T18:15:38.487875+00:00,True,
1646,WaveAI Inc,https://www.wave-ai.net,"AI/Machine Learning, SaaS, Entertainment / Media",United States,500 Global Portfolio (500.co/portfolio),2026-08-05T18:15:38.487875+00:00,True,
1647,"Wedgies, Inc.",https://wedgies.com,Productivity,United States,500 Global Portfolio (500.co/portfolio),2026-08-05T18:15:38.487875+00:00,True,
1648,Wellness Gamification Holdings Limited,https://www.wefitter.com,Wellness,Spain,500 Global Portfolio (500.co/portfolio),2026-08-05T18:15:38.487875+00:00,True,
1649,Nobody Eats Alone Pte. Ltd.,https://wegowhere.com,Social Impact,Thailand,500 Global Portfolio (500.co/portfolio),2026-08-05T18:15:38.487875+00:00,True,
1650,"WeGrow asia CO., LTD.",https://www.wegrow.asia,AgTech,Taiwan,500 Global Portfolio (500.co/portfolio),2026-08-05T18:15:38.487875+00:00,True,
1651,Wei Labs SAS Corp,https://weibook.us,"Beauty, SaaS",Colombia,500 Global Portfolio (500.co/portfolio),2026-08-05T18:15:38.487875+00:00,True,
1652,Wellxai Technologies Ltd,https://www.wellxai.com,"CloudTech, InsurTech, Subscription",United Arab Emirates,500 Global Portfolio (500.co/portfolio),2026-08-05T18:15:38.487875+00:00,True,
1653,LOOLY'S PBC,https://www.wethetrillions.com,Supply Chain,United States,500 Global Portfolio (500.co/portfolio),2026-08-05T18:15:38.487875+00:00,True,
1654,"Wevorce, Inc.",https://www.wevorce.com,Legal,United States,500 Global Portfolio (500.co/portfolio),2026-08-05T18:15:38.487875+00:00,True,
1655,"Whelp, Inc.",https://whelp.co,Content,United States,500 Global Portfolio (500.co/portfolio),2026-08-05T18:15:38.487875+00:00,True,
1656,"Whill, Inc.",https://whill.inc,Mobility,Japan,500 Global Portfolio (500.co/portfolio),2026-08-05T18:15:38.487875+00:00,True,
1657,"Whisperr, Inc.",https://www.whisperr.online,,UNITED STATES,500 Global Portfolio (500.co/portfolio),2026-08-05T18:15:38.487875+00:00,True,
1658,"Wholeshare, Inc.",https://wholeshare.com,Food,United States,500 Global Portfolio (500.co/portfolio),2026-08-05T18:15:38.487875+00:00,True,
1659,"Wideo, Inc.",https://wideo.co,Social Media,United States,500 Global Portfolio (500.co/portfolio),2026-08-05T18:15:38.487875+00:00,True,
1660,"Widgera, Inc.",https://widgera.com,,UNITED STATES,500 Global Portfolio (500.co/portfolio),2026-08-05T18:15:38.487875+00:00,True,
1661,Wifworld Pte. Ltd.,https://www.wifkain.com,"Fashion, Manufacturing, Marketplace",Indonesia,500 Global Portfolio (500.co/portfolio),2026-08-05T18:15:38.487875+00:00,True,
1662,"WinCL, Inc.",https://www.wincl.io,"Blockchain, Climate Tech, B2B Marketplaces",South Korea,500 Global Portfolio (500.co/portfolio),2026-08-05T18:15:38.487875+00:00,True,
1663,"Win-Win App, Inc.",https://trywinwin.com,FinTech,United States,500 Global Portfolio (500.co/portfolio),2026-08-05T18:15:38.487875+00:00,True,
1664,WISECRICKET HOLDING KY,https://www.wisecricket.ai,,Mexico,500 Global Portfolio (500.co/portfolio),2026-08-05T18:15:38.487875+00:00,True,
1665,Wishup Technology Private Limited,https://www.wishup.co,"Gig Economy, Remote",India,500 Global Portfolio (500.co/portfolio),2026-08-05T18:15:38.487875+00:00,True,
1666,Portal Educativo Inc.,https://www.wited.com,Education,Chile,500 Global Portfolio (500.co/portfolio),2026-08-05T18:15:38.487875+00:00,True,
1667,Wivity Inc.,https://www.wivity.com,"Cybersecurity, Web 3",United States,500 Global Portfolio (500.co/portfolio),2026-08-05T18:15:38.487875+00:00,True,
1668,WizerME L.S. Ltd,https://app.wizer.me,Developer Tools,Israel,500 Global Portfolio (500.co/portfolio),2026-08-05T18:15:38.487875+00:00,True,
1669,"Wonderschool, Inc",https://www.wonderschool.com,Social Impact,United States,500 Global Portfolio (500.co/portfolio),2026-08-05T18:15:38.487875+00:00,True,
1670,Woowup INC.,https://www.woowup.com,Content,Argentina,500 Global Portfolio (500.co/portfolio),2026-08-05T18:15:38.487875+00:00,True,
1671,Workclass Pte. Ltd.,https://workclass.co,HR Tech,Singapore,500 Global Portfolio (500.co/portfolio),2026-08-05T18:15:38.487875+00:00,True,
1672,"Workhint, Inc.",https://www.workhint.com,SaaS,Saudi Arabia,500 Global Portfolio (500.co/portfolio),2026-08-05T18:15:38.487875+00:00,True,
1673,Workplaced Technologies Ltd,https://www.workplaced.com,,UNITED ARAB EMIRATES,500 Global Portfolio (500.co/portfolio),2026-08-05T18:15:38.487875+00:00,True,
1674,Incompleteness Theorem Sdn Bhd,https://worq.space,"Enterprise, Real Estate, Subscription",Malaysia,500 Global Portfolio (500.co/portfolio),2026-08-05T18:15:38.487875+00:00,True,
1675,Wow AI LTD.,https://getwow.ai,AI/Machine Learning,CAYMAN ISLANDS,500 Global Portfolio (500.co/portfolio),2026-08-05T18:15:38.487875+00:00,True,
1676,"Wuilt, Inc.",https://wuilt.com,"Ecommerce, SaaS",Egypt,500 Global Portfolio (500.co/portfolio),2026-08-05T18:15:38.487875+00:00,True,
1677,"XeroSec, Inc.",,,UNITED STATES,500 Global Portfolio (500.co/portfolio),2026-08-05T18:15:38.487875+00:00,True,
1678,"Xfers, Inc",https://www.xfers.com,Payments,Singapore,500 Global Portfolio (500.co/portfolio),2026-08-05T18:15:38.487875+00:00,True,
1679,XING Technology Inc.,https://www.xingmobility.com,Automotive,Taiwan,500 Global Portfolio (500.co/portfolio),2026-08-05T18:15:38.487875+00:00,True,
1680,XSQUARE HOLDINGS LIMITED,https://www.xsquare.biz,,UNITED ARAB EMIRATES,500 Global Portfolio (500.co/portfolio),2026-08-05T18:15:38.487875+00:00,True,
1681,"XtGem, Inc.",https://xtgem.com,Developer Tools,Lithuania,500 Global Portfolio (500.co/portfolio),2026-08-05T18:15:38.487875+00:00,True,
1682,PT Urban Solusi Digital,https://xwork.co,Work,Indonesia,500 Global Portfolio (500.co/portfolio),2026-08-05T18:15:38.487875+00:00,True,
1683,SOUQALMAL Holding Limited,https://yabimoney.com,"InsurTech, Consumer",United Arab Emirates,500 Global Portfolio (500.co/portfolio),2026-08-05T18:15:38.487875+00:00,True,
1684,Yana Technologies LLC,https://www.yana.ai,Healthcare,Mexico,500 Global Portfolio (500.co/portfolio),2026-08-05T18:15:38.487875+00:00,True,
1685,YAS Digital Limited,https://yas.io,InsurTech,Hong Kong,500 Global Portfolio (500.co/portfolio),2026-08-05T18:15:38.487875+00:00,True,
1686,Yasmina Holdings Limited,https://www.yasmina.ai,"AI/Machine Learning, InsurTech",Saudi Arabia,500 Global Portfolio (500.co/portfolio),2026-08-05T18:15:38.487875+00:00,True,
1687,"Yaya Pass, Inc.",https://yaya.kz,Education,United States,500 Global Portfolio (500.co/portfolio),2026-08-05T18:15:38.487875+00:00,True,
1688,"Six Deg, Inc.",https://www.yellowdig.co,"Education, Impact, SaaS",United States,500 Global Portfolio (500.co/portfolio),2026-08-05T18:15:38.487875+00:00,True,
1689,YellowPad AI Inc.,https://yellowpad.ai,"AI/Machine Learning, Legal, SaaS",United States,500 Global Portfolio (500.co/portfolio),2026-08-05T18:15:38.487875+00:00,True,
1690,"YETCARGO, S.A.P.I. de C.V",https://yetcargo.com,Logistics,Mexico,500 Global Portfolio (500.co/portfolio),2026-08-05T18:15:38.487875+00:00,True,
1691,"YoDerm, Inc.",https://yoderm.com,Health Tech,United States,500 Global Portfolio (500.co/portfolio),2026-08-05T18:15:38.487875+00:00,True,
1692,YOFIO FINANCIAL HOLDING LLC,https://www.yofio.co,FinTech,Mexico,500 Global Portfolio (500.co/portfolio),2026-08-05T18:15:38.487875+00:00,True,
1693,YourPay Capital Group Pte. Ltd.,https://yourpay.co,FinTech,Indonesia,500 Global Portfolio (500.co/portfolio),2026-08-05T18:15:38.487875+00:00,True,
1694,"YouStake, Inc.",https://www.youstake.com,Gambling,United States,500 Global Portfolio (500.co/portfolio),2026-08-05T18:15:38.487875+00:00,True,
1695,"Caer, Inc.",https://helloyumi.com,Wellness,Singapore,500 Global Portfolio (500.co/portfolio),2026-08-05T18:15:38.487875+00:00,True,
1696,"Zappli, Inc.",https://www.zappli.com,Ecommerce,United States,500 Global Portfolio (500.co/portfolio),2026-08-05T18:15:38.487875+00:00,True,
1697,Zavu Labs Inc.,https://www.zavu.dev,"Developer Tools, SaaS, Telecommunications",UNITED STATES,500 Global Portfolio (500.co/portfolio),2026-08-05T18:15:38.487875+00:00,True,
1698,Zayn Tech Pte. Ltd.,https://zayn.fi,"Blockchain, Crypto, FinTech",Singapore,500 Global Portfolio (500.co/portfolio),2026-08-05T18:15:38.487875+00:00,True,
1699,"ZEABUR, INC.",https://zeabur.com,,UNITED STATES,500 Global Portfolio (500.co/portfolio),2026-08-05T18:15:38.487875+00:00,True,
1700,"Kalki, Inc.",https://zebec.io,FinTech,United States,500 Global Portfolio (500.co/portfolio),2026-08-05T18:15:38.487875+00:00,True,
1701,TT Media Limited,https://zeemi.tv,Entertainment / Media,Indonesia,500 Global Portfolio (500.co/portfolio),2026-08-05T18:15:38.487875+00:00,True,
1702,Zeew LTD,https://zeew.eu,Supply Chain,Estonia,500 Global Portfolio (500.co/portfolio),2026-08-05T18:15:38.487875+00:00,True,
1703,"Zehitomo Co., Ltd.",https://www.zehitomo.com,Marketplace,Japan,500 Global Portfolio (500.co/portfolio),2026-08-05T18:15:38.487875+00:00,True,
1704,Hybr1d Technologies Pte Ltd,https://www.zenadmin.ai,,SINGAPORE,500 Global Portfolio (500.co/portfolio),2026-08-05T18:15:38.487875+00:00,True,
1705,Zengaming Inc.,https://www.zengaming.com,"Gaming, Social Impact",Israel,500 Global Portfolio (500.co/portfolio),2026-08-05T18:15:38.487875+00:00,True,
1706,ZenHR Inc,https://www.zenhr.com,HR Tech,Saudi Arabia,500 Global Portfolio (500.co/portfolio),2026-08-05T18:15:38.487875+00:00,True,
1707,Zenjob GmbH,https://www.zenjob.com,HR Tech,Germany,500 Global Portfolio (500.co/portfolio),2026-08-05T18:15:38.487875+00:00,True,
1708,"Avicennas Group, Inc.",https://www.zentist.io,Healthcare,United States,500 Global Portfolio (500.co/portfolio),2026-08-05T18:15:38.487875+00:00,True,
1709,"Zenysis Technologies, Inc.",https://www.zenysis.com,Government,United States,500 Global Portfolio (500.co/portfolio),2026-08-05T18:15:38.487875+00:00,True,
1710,ZEST TECHNOLOGIES DIFC LIMITED,https://zestequity.com,Content,United Arab Emirates,500 Global Portfolio (500.co/portfolio),2026-08-05T18:15:38.487875+00:00,True,
1711,Ziro Holdings LLC,https://somosziro.com,FinTech,Colombia,500 Global Portfolio (500.co/portfolio),2026-08-05T18:15:38.487875+00:00,True,
1712,"Zolvers, Inc.",https://zolvers.com,FinTech,Argentina,500 Global Portfolio (500.co/portfolio),2026-08-05T18:15:38.487875+00:00,True,
1713,Zoog.A.I. Ltd.,https://www.getzoog.com,"Education, Augmented Reality / Virtual Reality, Consumer",Israel,500 Global Portfolio (500.co/portfolio),2026-08-05T18:15:38.487875+00:00,True,
1714,Zoomforth Inc.,https://www.zoomforth.com,"Content, Data & Analytics",United States,500 Global Portfolio (500.co/portfolio),2026-08-05T18:15:38.487875+00:00,True,
1715,Wetrade Technologies Pte Ltd,https://www.ztock.app/,FinTech,Philippines,500 Global Portfolio (500.co/portfolio),2026-08-05T18:15:38.487875+00:00,True,
1716,FazWaz Pte Ltd.,https://www.fazwaz.com,Real Estate,Singapore,500 Global Portfolio (500.co/portfolio),2026-08-05T18:15:38.487875+00:00,True,
1717,"FIGS, Inc.",https://wearfigs.com,Fashion,United States,500 Global Portfolio (500.co/portfolio),2026-08-05T18:15:38.487875+00:00,True,
1718,"Chill, Inc.",https://chill.com,Social Impact,United States,500 Global Portfolio (500.co/portfolio),2026-08-05T18:15:38.487875+00:00,True,
1719,"Hamama, Inc.",https://www.hamama.cc,Wellness,United States,500 Global Portfolio (500.co/portfolio),2026-08-05T18:15:38.487875+00:00,True,
1720,"Dil Mil, Inc.",https://dilmil.co,Social Impact,United States,500 Global Portfolio (500.co/portfolio),2026-08-05T18:15:38.487875+00:00,True,
1721,"Uberlabs, Inc.",https://gazemetrix.com,Data & Analytics,United States,500 Global Portfolio (500.co/portfolio),2026-08-05T18:15:38.487875+00:00,True,
1722,"9SLIDES, Inc.",https://9slides.com,Social Media,United States,500 Global Portfolio (500.co/portfolio),2026-08-05T18:15:38.487875+00:00,True,
1723,Elba HR İnsan Kaynakları Eğitim ve Danışmanlık AŞ,https://www.peoplise.com,"Data & Analytics, Productivity",Turkey,500 Global Portfolio (500.co/portfolio),2026-08-05T18:15:38.487875+00:00,True,
1724,Citius Holdings Limited,https://visor.io,Credit & Lending,Cayman Islands,500 Global Portfolio (500.co/portfolio),2026-08-05T18:15:38.487875+00:00,True,
1725,Homeday GmbH,https://www.homeday.de,Real Estate,Germany,500 Global Portfolio (500.co/portfolio),2026-08-05T18:15:38.487875+00:00,True,
1726,"Digital Currency Council, Inc.",https://sabr.io,Government,United States,500 Global Portfolio (500.co/portfolio),2026-08-05T18:15:38.487875+00:00,True,
1727,"Farmeron, Inc.",https://farmeron.com,AgTech,United States,500 Global Portfolio (500.co/portfolio),2026-08-05T18:15:38.487875+00:00,True,
1728,"SpeakerText, Inc.",https://speakertext.com,Developer Tools,United States,500 Global Portfolio (500.co/portfolio),2026-08-05T18:15:38.487875+00:00,True,
1729,"WorkAmerica Holdings, Inc.",https://workamerica.co,HR Tech,United States,500 Global Portfolio (500.co/portfolio),2026-08-05T18:15:38.487875+00:00,True,
1730,"Dverse, Inc.",https://www.symmetry-dimensions.com,Construction,United States,500 Global Portfolio (500.co/portfolio),2026-08-05T18:15:38.487875+00:00,True,
1731,Wise Ecommerce Ltd,https://wiser.com,Data & Analytics,United States,500 Global Portfolio (500.co/portfolio),2026-08-05T18:15:38.487875+00:00,True,
1732,Pilani Experts Technology Labs Private Limited,https://www.tapchief.com,,India,500 Global Portfolio (500.co/portfolio),2026-08-05T18:15:38.487875+00:00,True,
1733,"Gyft, Inc.",https://gyft.com,Payments,United States,500 Global Portfolio (500.co/portfolio),2026-08-05T18:15:38.487875+00:00,True,
1734,PlayCanvas Ltd.,https://playcanvas.com,Gaming,United Kingdom,500 Global Portfolio (500.co/portfolio),2026-08-05T18:15:38.487875+00:00,True,
1735,Qustn Technologies Pvt. Ltd.,https://capabiliti.co,HR Tech,India,500 Global Portfolio (500.co/portfolio),2026-08-05T18:15:38.487875+00:00,True,
1736,"WePow, Inc.",https://wepow.com,HR Tech,United States,500 Global Portfolio (500.co/portfolio),2026-08-05T18:15:38.487875+00:00,True,
1737,PT iGrow Resources Indonesia,https://igrow.asia,AgTech,Indonesia,500 Global Portfolio (500.co/portfolio),2026-08-05T18:15:38.487875+00:00,True,
1738,Double Axel PTE. LTD.,https://zumata.com,Developer Tools,Singapore,500 Global Portfolio (500.co/portfolio),2026-08-05T18:15:38.487875+00:00,True,
1739,"Silk Labs, Inc.",https://silklabs.com,"Developer Tools, Infrastructure",United States,500 Global Portfolio (500.co/portfolio),2026-08-05T18:15:38.487875+00:00,True,
1740,"Reassurance, Inc.",https://leaky.com,InsurTech,United States,500 Global Portfolio (500.co/portfolio),2026-08-05T18:15:38.487875+00:00,True,
1741,"Medico.com, Inc.",https://www.medico.com,Healthcare,United States,500 Global Portfolio (500.co/portfolio),2026-08-05T18:15:38.487875+00:00,True,
1742,"Gantto, Inc.",https://gantto.com,"Productivity, HR Tech",United States,500 Global Portfolio (500.co/portfolio),2026-08-05T18:15:38.487875+00:00,True,
1743,"Fifth Corner, Inc.",https://you-app.com,Wellness,Finland,500 Global Portfolio (500.co/portfolio),2026-08-05T18:15:38.487875+00:00,True,
1744,Hyphenmark Inc.,https://gethyphen.com,HR Tech,United States,500 Global Portfolio (500.co/portfolio),2026-08-05T18:15:38.487875+00:00,True,
1745,GlamST LLC,https://glamst.com,Augmented Reality / Virtual Reality,United States,500 Global Portfolio (500.co/portfolio),2026-08-05T18:15:38.487875+00:00,True,
1746,"SimplifiMed, Inc.",https://simplifimed.com,Healthcare,United States,500 Global Portfolio (500.co/portfolio),2026-08-05T18:15:38.487875+00:00,True,
1747,TestFairy Ltd,https://testfairy.com,Developer Tools,Israel,500 Global Portfolio (500.co/portfolio),2026-08-05T18:15:38.487875+00:00,True,
1748,"Amixr, Inc.",https://amixr.io,DevOps,United States,500 Global Portfolio (500.co/portfolio),2026-08-05T18:15:38.487875+00:00,True,
1749,"Lovely, Inc.",https://livelovely.com,Real Estate,United States,500 Global Portfolio (500.co/portfolio),2026-08-05T18:15:38.487875+00:00,True,
1750,Kratee Shopping Solution Private Limited,https://pricebaba.com,Data & Analytics,India,500 Global Portfolio (500.co/portfolio),2026-08-05T18:15:38.487875+00:00,True,
1751,INZMO Kindlustusmaakler OÜ,https://inzmo.com,InsurTech,Germany,500 Global Portfolio (500.co/portfolio),2026-08-05T18:15:38.487875+00:00,True,
1752,Novocall Pte Ltd,https://novocall.co,Content,Singapore,500 Global Portfolio (500.co/portfolio),2026-08-05T18:15:38.487875+00:00,True,
1753,"SmartHabitat, Inc.",https://brightnest.com,Real Estate,United States,500 Global Portfolio (500.co/portfolio),2026-08-05T18:15:38.487875+00:00,True,
1754,Voila Travel GmbH,https://voya.ai,Travel & Tourism,Germany,500 Global Portfolio (500.co/portfolio),2026-08-05T18:15:38.487875+00:00,True,
1755,"Enplug, Inc.",https://enplug.com,Content,United States,500 Global Portfolio (500.co/portfolio),2026-08-05T18:15:38.487875+00:00,True,
1756,"StreamLoan, Inc.",https://streamloan.io,Credit & Lending,United States,500 Global Portfolio (500.co/portfolio),2026-08-05T18:15:38.487875+00:00,True,
1757,Skimbit Ltd,https://skimlinks.com,Data & Analytics,United Kingdom,500 Global Portfolio (500.co/portfolio),2026-08-05T18:15:38.487875+00:00,True,
1758,"ClassAction Co., Ltd.",https://enjin-classaction.com,Legal,Japan,500 Global Portfolio (500.co/portfolio),2026-08-05T18:15:38.487875+00:00,True,
1759,WebMynd Corp.,https://trigger.io,Developer Tools,United States,500 Global Portfolio (500.co/portfolio),2026-08-05T18:15:38.487875+00:00,True,
1760,Upteam Corporation Limited,https://www.upteamco.com,Fashion,Hong Kong,500 Global Portfolio (500.co/portfolio),2026-08-05T18:15:38.487875+00:00,True,
1761,Hipster,https://hipster.com,"Social Media, Social Impact",United States,500 Global Portfolio (500.co/portfolio),2026-08-05T18:15:38.487875+00:00,True,
1762,ProLeadsio Inc.,https://hexa.ai,Data & Analytics,United States,500 Global Portfolio (500.co/portfolio),2026-08-05T18:15:38.487875+00:00,True,
1763,"Auto Chilango, Inc.",https://autochilango.com,"FinTech, InsurTech, Mobile",United States,500 Global Portfolio (500.co/portfolio),2026-08-05T18:15:38.487875+00:00,True,
1764,Vidcaster Inc.,https://www.vidcaster.com,Social Media,United States,500 Global Portfolio (500.co/portfolio),2026-08-05T18:15:38.487875+00:00,True,
1765,"Caffeinated Labs, Inc.",https://craftcoffee.com,"Direct to Consumer, Subscription, Consumer",United States,500 Global Portfolio (500.co/portfolio),2026-08-05T18:15:38.487875+00:00,True,
1766,WayPay Inc.,https://waypay.ca,Payments,Canada,500 Global Portfolio (500.co/portfolio),2026-08-05T18:15:38.487875+00:00,True,
1767,"BB Technology Holding, Inc.",https://www.boatbound.co,Mobility,United States,500 Global Portfolio (500.co/portfolio),2026-08-05T18:15:38.487875+00:00,True,
1768,RestAR Ltd.,https://www.rest-ar.com,Social Media,Israel,500 Global Portfolio (500.co/portfolio),2026-08-05T18:15:38.487875+00:00,True,
1769,Retailigence Corp.,https://retailigence.com,Data & Analytics,United States,500 Global Portfolio (500.co/portfolio),2026-08-05T18:15:38.487875+00:00,True,
1770,"Fitocracy, Inc.",https://fitocracy.com,Wellness,United States,500 Global Portfolio (500.co/portfolio),2026-08-05T18:15:38.487875+00:00,True,
1771,TRdata Limited,https://trdata.com,Real Estate,United Kingdom,500 Global Portfolio (500.co/portfolio),2026-08-05T18:15:38.487875+00:00,True,
1772,Borrowed Sugar,https://loku.com,"Travel & Tourism, Social Impact",United States,500 Global Portfolio (500.co/portfolio),2026-08-05T18:15:38.487875+00:00,True,
1773,OneKitchen Holding Limited,https://joinonekitchen.com,"Content, Infrastructure",British Virgin Islands,500 Global Portfolio (500.co/portfolio),2026-08-05T18:15:38.487875+00:00,True,
1774,Magalix Corporation,https://www.magalix.com,Developer Tools,United States,500 Global Portfolio (500.co/portfolio),2026-08-05T18:15:38.487875+00:00,True,
1775,Social Media Broadcasts(SMB) Ltd.,https://www.klarity-analytics.com,Data & Analytics,Hong Kong,500 Global Portfolio (500.co/portfolio),2026-08-05T18:15:38.487875+00:00,True,
1776,"Stop, Breathe & Think, PBC",https://www.stopbreathethink.com,Healthcare,United States,500 Global Portfolio (500.co/portfolio),2026-08-05T18:15:38.487875+00:00,True,
1777,"Remix Software, Inc.",https://getremix.com,Government,United States,500 Global Portfolio (500.co/portfolio),2026-08-05T18:15:38.487875+00:00,True,
1778,"Mocavo, Inc.",https://mocavo.com,Social Impact,United States,500 Global Portfolio (500.co/portfolio),2026-08-05T18:15:38.487875+00:00,True,
1779,Gentem Health Incorporated,https://gentem.com,Health Tech,United States,500 Global Portfolio (500.co/portfolio),2026-08-05T18:15:38.487875+00:00,True,
1780,"Skillbridge, Inc.",https://www.skillbridge.co,"Content, HR Tech",United States,500 Global Portfolio (500.co/portfolio),2026-08-05T18:15:38.487875+00:00,True,
1781,"Transparent Financial Services, Inc.",https://feefighters.com,Payments,United States,500 Global Portfolio (500.co/portfolio),2026-08-05T18:15:38.487875+00:00,True,
1782,"Wove Technologies, Inc.",https://wove.com,Content,United States,500 Global Portfolio (500.co/portfolio),2026-08-05T18:15:38.487875+00:00,True,
1783,"Fullstack Academy, Inc.",https://fullstackacademy.com,HR Tech,United States,500 Global Portfolio (500.co/portfolio),2026-08-05T18:15:38.487875+00:00,True,
1784,"HAT GSC, Inc.",https://gospotcheck.com,"No Code, SaaS",United States,500 Global Portfolio (500.co/portfolio),2026-08-05T18:15:38.487875+00:00,True,
1785,"AbbeyPost, Inc.",https://abbeypost.com,Fashion,United States,500 Global Portfolio (500.co/portfolio),2026-08-05T18:15:38.487875+00:00,True,
1786,"SupplyHog Holdings, LLC.",https://supplyhog.com,Construction,United States,500 Global Portfolio (500.co/portfolio),2026-08-05T18:15:38.487875+00:00,True,
1787,"SendHub, Inc.",https://sendhub.com,Developer Tools,United States,500 Global Portfolio (500.co/portfolio),2026-08-05T18:15:38.487875+00:00,True,
1788,"Anyadir Education, Inc.",https://admissiontable.com,HR Tech,United States,500 Global Portfolio (500.co/portfolio),2026-08-05T18:15:38.487875+00:00,True,
1789,Department of Better Technology Inc,https://dobt.co,Government,United States,500 Global Portfolio (500.co/portfolio),2026-08-05T18:15:38.487875+00:00,True,
1790,Discotheque Inc.,https://www.justdisco.com,HR Tech,United States,500 Global Portfolio (500.co/portfolio),2026-08-05T18:15:38.487875+00:00,True,
1791,"BacklotCars, Inc.",https://backlotcars.com,Mobility,United States,500 Global Portfolio (500.co/portfolio),2026-08-05T18:15:38.487875+00:00,True,
1792,"WeDidIt, Inc.",https://wedid.it,FinTech,United States,500 Global Portfolio (500.co/portfolio),2026-08-05T18:15:38.487875+00:00,True,
1793,"MobCom, Inc.",https://sendsonar.com,"Content, Developer Tools",United States,500 Global Portfolio (500.co/portfolio),2026-08-05T18:15:38.487875+00:00,True,
1794,Turnstyle Analytics Inc.,https://getturnstyle.com,"Content, Developer Tools",Canada,500 Global Portfolio (500.co/portfolio),2026-08-05T18:15:38.487875+00:00,True,
1795,"Fakespot, Inc.",https://www.fakespot.com,Cybersecurity,United States,500 Global Portfolio (500.co/portfolio),2026-08-05T18:15:38.487875+00:00,True,
1796,"HAAWK, Inc.",https://www.haawk.com,"AI/Machine Learning, AudioTech, Content",United States,500 Global Portfolio (500.co/portfolio),2026-08-05T18:15:38.487875+00:00,True,
1797,"Crocodoc, Inc.",https://crocodoc.com,Developer Tools,United States,500 Global Portfolio (500.co/portfolio),2026-08-05T18:15:38.487875+00:00,True,
1798,CPM Games S.R.L,https://other-guys.com,Gaming,Argentina,500 Global Portfolio (500.co/portfolio),2026-08-05T18:15:38.487875+00:00,True,
1799,"Fanbread, Inc.",https://fanbread.com,Content,United States,500 Global Portfolio (500.co/portfolio),2026-08-05T18:15:38.487875+00:00,True,
1800,Brainient Ltd.,https://brainient.com,Content,United Kingdom,500 Global Portfolio (500.co/portfolio),2026-08-05T18:15:38.487875+00:00,True,
1801,"Lujure Media, Inc.",https://heyo.com,Content,United States,500 Global Portfolio (500.co/portfolio),2026-08-05T18:15:38.487875+00:00,True,
1802,"42Floors, Inc.",https://42floors.com,Real Estate,United States,500 Global Portfolio (500.co/portfolio),2026-08-05T18:15:38.487875+00:00,True,
1803,"Visually, Inc.",https://visual.ly,Social Media,United States,500 Global Portfolio (500.co/portfolio),2026-08-05T18:15:38.487875+00:00,True,
1804,Quipper Limited,https://quipper.com,Education,United Kingdom,500 Global Portfolio (500.co/portfolio),2026-08-05T18:15:38.487875+00:00,True,
1805,"Homebot, Inc.",https://homebot.ai,Credit & Lending,United States,500 Global Portfolio (500.co/portfolio),2026-08-05T18:15:38.487875+00:00,True,
1806,"TaskRabbit, Inc.",https://taskrabbit.com,Supply Chain,United States,500 Global Portfolio (500.co/portfolio),2026-08-05T18:15:38.487875+00:00,True,
1807,"IMRSV, Inc.",https://imrsv.com,Developer Tools,United States,500 Global Portfolio (500.co/portfolio),2026-08-05T18:15:38.487875+00:00,True,
1808,"Kinnek, Inc.",https://kinnek.com,Supply Chain,United States,500 Global Portfolio (500.co/portfolio),2026-08-05T18:15:38.487875+00:00,True,
1809,Behance Inc.,https://behance.net,Social Impact,United States,500 Global Portfolio (500.co/portfolio),2026-08-05T18:15:38.487875+00:00,True,
1810,"Kindara, Inc.",https://kindara.com,Health Tech,United States,500 Global Portfolio (500.co/portfolio),2026-08-05T18:15:38.487875+00:00,True,
1811,Tripoto Travel Private Limited,https://www.tripoto.com,"Travel & Tourism, Social Impact",India,500 Global Portfolio (500.co/portfolio),2026-08-05T18:15:38.487875+00:00,True,
1812,OneTrueFan Inc.,https://onetruefan.com,Data & Analytics,United States,500 Global Portfolio (500.co/portfolio),2026-08-05T18:15:38.487875+00:00,True,
1813,"BackType, Inc.",https://backtype.com,Data & Analytics,United States,500 Global Portfolio (500.co/portfolio),2026-08-05T18:15:38.487875+00:00,True,
1814,"Stormpulse, Inc.",https://stormpulse.com,Climate Tech,United States,500 Global Portfolio (500.co/portfolio),2026-08-05T18:15:38.487875+00:00,True,
1815,Serious Fox Corp,https://userfox.com,Content,United States,500 Global Portfolio (500.co/portfolio),2026-08-05T18:15:38.487875+00:00,True,
1816,"PTA Networks, Inc.",https://thepta.com,"Travel & Tourism, Entertainment / Media",United States,500 Global Portfolio (500.co/portfolio),2026-08-05T18:15:38.487875+00:00,True,
1817,Papaya Holdings,https://www.cinepapaya.com,Payments,United States,500 Global Portfolio (500.co/portfolio),2026-08-05T18:15:38.487875+00:00,True,
1818,"The Atlas Marketplace, Co.",https://the-atlas.com,Government,United States,500 Global Portfolio (500.co/portfolio),2026-08-05T18:15:38.487875+00:00,True,
1819,"Alba Care, Inc.",https://alba-app.com,"Marketplace, Healthcare",United States,500 Global Portfolio (500.co/portfolio),2026-08-05T18:15:38.487875+00:00,True,
1820,"Clothes Horse, Inc.",https://www.clotheshor.se,Fashion,United States,500 Global Portfolio (500.co/portfolio),2026-08-05T18:15:38.487875+00:00,True,
1821,"Buc Mobile, Inc.",https://hookmobile.com,Developer Tools,United States,500 Global Portfolio (500.co/portfolio),2026-08-05T18:15:38.487875+00:00,True,
1822,"WePay, Inc.",https://wepay.com,Payments,United States,500 Global Portfolio (500.co/portfolio),2026-08-05T18:15:38.487875+00:00,True,
1823,Villoid AS,https://villoid.com,"Fashion, Social Impact",Norway,500 Global Portfolio (500.co/portfolio),2026-08-05T18:15:38.487875+00:00,True,
1824,"TasteSpace, LLC",https://tastespace.co,"Entertainment / Media, Social Impact",United States,500 Global Portfolio (500.co/portfolio),2026-08-05T18:15:38.487875+00:00,True,
1825,"Boxbee, Inc.",https://boxbee.com,Developer Tools,United States,500 Global Portfolio (500.co/portfolio),2026-08-05T18:15:38.487875+00:00,True,
1826,MakerBot Industries LLC,https://makerbot.com,Social Media,United States,500 Global Portfolio (500.co/portfolio),2026-08-05T18:15:38.487875+00:00,True,
1827,"Foodspotting, Inc.",https://foodspotting.com,Social Impact,United States,500 Global Portfolio (500.co/portfolio),2026-08-05T18:15:38.487875+00:00,True,
1828,DropShip Commerce,https://www.dsco.io,Supply Chain,United States,500 Global Portfolio (500.co/portfolio),2026-08-05T18:15:38.487875+00:00,True,
1829,"Y&S, Inc.",https://www.reservaturno.com,Productivity,United States,500 Global Portfolio (500.co/portfolio),2026-08-05T18:15:38.487875+00:00,True,
1830,"Palaran, Inc.",https://lexity.com,Content,United States,500 Global Portfolio (500.co/portfolio),2026-08-05T18:15:38.487875+00:00,True,
1831,"VCNC Co., Ltd.",https://between.us,Social Impact,South Korea,500 Global Portfolio (500.co/portfolio),2026-08-05T18:15:38.487875+00:00,True,
1832,"Binpress, Inc.",https://binpress.com,Developer Tools,United States,500 Global Portfolio (500.co/portfolio),2026-08-05T18:15:38.487875+00:00,True,
1833,"BeaconsInSpace, Inc.",https://fysical.com,Data & Analytics,United States,500 Global Portfolio (500.co/portfolio),2026-08-05T18:15:38.487875+00:00,True,
1834,Whiplash Merchandising Inc.,https://whiplashmerch.com,Supply Chain,United States,500 Global Portfolio (500.co/portfolio),2026-08-05T18:15:38.487875+00:00,True,
1835,Causera Inc.,https://www.simplycircle.com,Social Impact,United States,500 Global Portfolio (500.co/portfolio),2026-08-05T18:15:38.487875+00:00,True,
1836,OxfordCaps Pte Ltd,https://oxfordcaps.com,Real Estate,India,500 Global Portfolio (500.co/portfolio),2026-08-05T18:15:38.487875+00:00,True,
1837,"Mygola, Inc.",https://mygola.com,Travel & Tourism,United States,500 Global Portfolio (500.co/portfolio),2026-08-05T18:15:38.487875+00:00,True,
1838,Iconfinder ApS,https://iconfinder.com,Developer Tools,Denmark,500 Global Portfolio (500.co/portfolio),2026-08-05T18:15:38.487875+00:00,True,
1839,Eventtus Inc.,https://eventtus.com,HR Tech,United Arab Emirates,500 Global Portfolio (500.co/portfolio),2026-08-05T18:15:38.487875+00:00,True,
1840,"FriendlyData, Inc.",https://friendlydata.io,Productivity,United States,500 Global Portfolio (500.co/portfolio),2026-08-05T18:15:38.487875+00:00,True,
1841,"OtherInbox, Inc.",https://otherinbox.com,Productivity,United States,500 Global Portfolio (500.co/portfolio),2026-08-05T18:15:38.487875+00:00,True,
1842,RolePoint Inc.,https://rolepoint.com,HR Tech,United States,500 Global Portfolio (500.co/portfolio),2026-08-05T18:15:38.487875+00:00,True,
1843,"Beeem, Inc",https://tinypost.co,Social Impact,United States,500 Global Portfolio (500.co/portfolio),2026-08-05T18:15:38.487875+00:00,True,
1844,"BotSociety, Inc.",https://botsociety.io,Developer Tools,United States,500 Global Portfolio (500.co/portfolio),2026-08-05T18:15:38.487875+00:00,True,
1845,"Unwind Me, Inc.",https://unwind.me,"Health Tech, Wellness, Healthcare",United States,500 Global Portfolio (500.co/portfolio),2026-08-05T18:15:38.487875+00:00,True,
1846,Erply Limited,https://erply.com,Supply Chain,United Kingdom,500 Global Portfolio (500.co/portfolio),2026-08-05T18:15:38.487875+00:00,True,
1847,"Reesio, Inc.",https://reesio.com,Real Estate,United States,500 Global Portfolio (500.co/portfolio),2026-08-05T18:15:38.487875+00:00,True,
1848,"eSpark, Inc.",https://esparklearning.com,Developer Tools,United States,500 Global Portfolio (500.co/portfolio),2026-08-05T18:15:38.487875+00:00,True,
1849,Mercury Technologies,https://mercury.com,,United States,500 Global Portfolio (500.co/portfolio),2026-08-05T18:15:38.487875+00:00,True,
1850,"Ajar Online Holdings, Ltd.",https://www.ajar.com.kw,Real Estate,British Virgin Islands,500 Global Portfolio (500.co/portfolio),2026-08-05T18:15:38.487875+00:00,True,
1851,"Fine Folks, Inc.",https://wittlebee.com,Fashion,United States,500 Global Portfolio (500.co/portfolio),2026-08-05T18:15:38.487875+00:00,True,
1852,UpCode Academy Pte. Ltd.,https://40tasks.com,Content,Singapore,500 Global Portfolio (500.co/portfolio),2026-08-05T18:15:38.487875+00:00,True,
1853,Tasytt Inc.,https://obie.ai,"AI/Machine Learning, Enterprise",Canada,500 Global Portfolio (500.co/portfolio),2026-08-05T18:15:38.487875+00:00,True,
1854,"Worldly Developments, Inc.",https://plancast.com,"Entertainment / Media, Social Impact",United States,500 Global Portfolio (500.co/portfolio),2026-08-05T18:15:38.487875+00:00,True,
1855,Bloomthis Holdings Pte Ltd,https://bloomthis.co,,Singapore,500 Global Portfolio (500.co/portfolio),2026-08-05T18:15:38.487875+00:00,True,
1856,Chatter Research Inc.,https://chatterresearch.com,Data & Analytics,Canada,500 Global Portfolio (500.co/portfolio),2026-08-05T18:15:38.487875+00:00,True,
1857,"MogoTix, Inc.",https://mogotix.com,Developer Tools,United States,500 Global Portfolio (500.co/portfolio),2026-08-05T18:15:38.487875+00:00,True,
1858,TrouveMoiUnPro inc.,https://www.smartreno.com,Construction,Canada,500 Global Portfolio (500.co/portfolio),2026-08-05T18:15:38.487875+00:00,True,
1859,"Cooleaf, Inc.",https://www.cooleaf.com,HR Tech,United States,500 Global Portfolio (500.co/portfolio),2026-08-05T18:15:38.487875+00:00,True,
1860,"Ramper, Inc",https://www.ramper.xyz,,United States,500 Global Portfolio (500.co/portfolio),2026-08-05T18:15:38.487875+00:00,True,
1861,waffl.com Inc,https://postling.com,Social Impact,United States,500 Global Portfolio (500.co/portfolio),2026-08-05T18:15:38.487875+00:00,True,
1862,jobpal Ltd,https://jobpal.ai,HR Tech,United Kingdom,500 Global Portfolio (500.co/portfolio),2026-08-05T18:15:38.487875+00:00,True,
1863,"Encore HQ, Inc.",https://encorealert.com,Data & Analytics,United States,500 Global Portfolio (500.co/portfolio),2026-08-05T18:15:38.487875+00:00,True,
1864,Lightyear Corporation,https://www.lightyear.io,Developer Tools,United States,500 Global Portfolio (500.co/portfolio),2026-08-05T18:15:38.487875+00:00,True,
1865,"Winc, Inc.",https://www.winc.com,,United States,500 Global Portfolio (500.co/portfolio),2026-08-05T18:15:38.487875+00:00,True,
1866,"Pocket Menu Co., Ltd.",https://pocket-concierge.jp,Travel & Tourism,Japan,500 Global Portfolio (500.co/portfolio),2026-08-05T18:15:38.487875+00:00,True,
1867,Votizen Inc,https://www.votizen.com,Government,United States,500 Global Portfolio (500.co/portfolio),2026-08-05T18:15:38.487875+00:00,True,
1868,"Epic! Creations, Inc.",https://www.getepic.com,Education,United States,500 Global Portfolio (500.co/portfolio),2026-08-05T18:15:38.487875+00:00,True,
1869,Khush,https://www.khu.sh,Social Media,United States,500 Global Portfolio (500.co/portfolio),2026-08-05T18:15:38.487875+00:00,True,
1870,"Safe Shepherd, LLC.",https://safeshepherd.com,Cybersecurity,United States,500 Global Portfolio (500.co/portfolio),2026-08-05T18:15:38.487875+00:00,True,
1871,Juxta Labs Inc.,https://juxtalabs.com,Social Impact,United States,500 Global Portfolio (500.co/portfolio),2026-08-05T18:15:38.487875+00:00,True,
1872,"WaystoCap, Inc.",https://www.waystocap.com,,United States,500 Global Portfolio (500.co/portfolio),2026-08-05T18:15:38.487875+00:00,True,
1873,"Cadee Software, Inc.",https://cadee.co,Social Impact,Canada,500 Global Portfolio (500.co/portfolio),2026-08-05T18:15:38.487875+00:00,True,
1874,Pongalo Inc.,https://www.pongalo.com,Entertainment / Media,United States,500 Global Portfolio (500.co/portfolio),2026-08-05T18:15:38.487875+00:00,True,
1875,"Pop Up Archive, Inc.",https://popuparchive.com,Social Media,United States,500 Global Portfolio (500.co/portfolio),2026-08-05T18:15:38.487875+00:00,True,
1876,Food Advisor Sdn Bhd,https://foodadvisor.my,Travel & Tourism,Malaysia,500 Global Portfolio (500.co/portfolio),2026-08-05T18:15:38.487875+00:00,True,
1877,Jeeran Holdings,https://jeeran.com,"Travel & Tourism, Social Impact",British Virgin Islands,500 Global Portfolio (500.co/portfolio),2026-08-05T18:15:38.487875+00:00,True,
1878,"Tello, Inc.",https://tello.com,Developer Tools,United States,500 Global Portfolio (500.co/portfolio),2026-08-05T18:15:38.487875+00:00,True,
1879,"Goods Platform, Inc.",https://www.autonomous.ai,Infrastructure,United States,500 Global Portfolio (500.co/portfolio),2026-08-05T18:15:38.487875+00:00,True,
1880,"Avocode, Inc.",https://www.avocode.com,"Enterprise, Productivity, SaaS",United States,500 Global Portfolio (500.co/portfolio),2026-08-05T18:15:38.487875+00:00,True,
1881,"LaunchRock, Inc.",https://launchrock.com,Content,United States,500 Global Portfolio (500.co/portfolio),2026-08-05T18:15:38.487875+00:00,True,
1882,LendSquare USA Inc,https://lendsquare.com,Credit & Lending,United States,500 Global Portfolio (500.co/portfolio),2026-08-05T18:15:38.487875+00:00,True,
1883,"AstroPrint, Inc.",https://www.astroprint.com,Developer Tools,United States,500 Global Portfolio (500.co/portfolio),2026-08-05T18:15:38.487875+00:00,True,
1884,RegulusTechnologies株式会社,https://regulus-technologies.co.jp,"Productivity, HR Tech",Japan,500 Global Portfolio (500.co/portfolio),2026-08-05T18:15:38.487875+00:00,True,
1885,First Job,https://firstjob.me/,,United States,500 Global Portfolio (500.co/portfolio),2026-08-05T18:15:38.487875+00:00,True,
1886,Wishbird Experiences SAPI de CV.,https://wishbird.com.mx,Travel & Tourism,Mexico,500 Global Portfolio (500.co/portfolio),2026-08-05T18:15:38.487875+00:00,True,
1887,"Teleborder, Inc.",https://teleborder.com,HR Tech,United States,500 Global Portfolio (500.co/portfolio),2026-08-05T18:15:38.487875+00:00,True,
1888,"CyberPsyc Software Solutions, Inc.",https://mywelltrack.com,Healthcare,Canada,500 Global Portfolio (500.co/portfolio),2026-08-05T18:15:38.487875+00:00,True,
1889,Payment24 Group Proprietary Limited,https://payment24.co,"CloudTech, FinTech, Payments, Mobility",South Africa,500 Global Portfolio (500.co/portfolio),2026-08-05T18:15:38.487875+00:00,True,
1890,"ChirpMe, Inc.",https://chirpme.com,Social Impact,United States,500 Global Portfolio (500.co/portfolio),2026-08-05T18:15:38.487875+00:00,True,
1891,Maiden Marketing India Pvt Ltd,https://pokkt.com,Payments,Singapore,500 Global Portfolio (500.co/portfolio),2026-08-05T18:15:38.487875+00:00,True,
1892,Seekster Company Limited,https://seekster.co,"Marketplace, B2B Marketplaces",Thailand,500 Global Portfolio (500.co/portfolio),2026-08-05T18:15:38.487875+00:00,True,
1893,Apigy Inc.,https://lockitron.com,Cybersecurity,United States,500 Global Portfolio (500.co/portfolio),2026-08-05T18:15:38.487875+00:00,True,
1894,"Setter, Inc.",https://setter.com,Real Estate,Canada,500 Global Portfolio (500.co/portfolio),2026-08-05T18:15:38.487875+00:00,True,
1895,Cloudpipes Ltd,https://www.cloudpipes.com,Developer Tools,United Kingdom,500 Global Portfolio (500.co/portfolio),2026-08-05T18:15:38.487875+00:00,True,
1896,"This is L., Inc.",https://thisisl.com,Healthcare,United States,500 Global Portfolio (500.co/portfolio),2026-08-05T18:15:38.487875+00:00,True,
1897,Kudo Digital Solutions Pte. Ltd.,https://kudo.co.id,Payments,Singapore,500 Global Portfolio (500.co/portfolio),2026-08-05T18:15:38.487875+00:00,True,
1898,Littlefund Inc.,https://littlefund.co,FinTech,United States,500 Global Portfolio (500.co/portfolio),2026-08-05T18:15:38.487875+00:00,True,
1899,Open Air Publishing Inc.,https://openairpub.com,Education,United States,500 Global Portfolio (500.co/portfolio),2026-08-05T18:15:38.487875+00:00,True,
1900,Deal Connect Inc.,https://deal-connect.co.jp,"Productivity, Supply Chain",Japan,500 Global Portfolio (500.co/portfolio),2026-08-05T18:15:38.487875+00:00,True,
1901,"Gluwa, Inc.",https://gluwa.com,"Cybersecurity, FinTech, Web 3",United States,500 Global Portfolio (500.co/portfolio),2026-08-05T18:15:38.487875+00:00,True,
1902,"Jetway, Inc.",https://nextravel.com,Travel & Tourism,United States,500 Global Portfolio (500.co/portfolio),2026-08-05T18:15:38.487875+00:00,True,
1903,Booth FinTech Pvt. Ltd.,https://instapaisa.com,"Credit & Lending, FinTech",India,500 Global Portfolio (500.co/portfolio),2026-08-05T18:15:38.487875+00:00,True,
1904,Hipflat Pte Ltd,https://hipflat.co.th,Real Estate,Singapore,500 Global Portfolio (500.co/portfolio),2026-08-05T18:15:38.487875+00:00,True,
1905,Textaurant Corp.,https://textaurant.com,Content,United States,500 Global Portfolio (500.co/portfolio),2026-08-05T18:15:38.487875+00:00,True,
1906,PT Dapur Berry Indonesia,https://berrykitchen.com,Mobility,Indonesia,500 Global Portfolio (500.co/portfolio),2026-08-05T18:15:38.487875+00:00,True,
1907,"Cloudability, Inc.",https://cloudability.com,"Developer Tools, FinTech",United States,500 Global Portfolio (500.co/portfolio),2026-08-05T18:15:38.487875+00:00,True,
1908,Navut Inc,https://www.nestready.co,Real Estate,United States,500 Global Portfolio (500.co/portfolio),2026-08-05T18:15:38.487875+00:00,True,
1909,Breaker Co. Ltd,https://brkr.jp,"Creative Industry, Social Media",Japan,500 Global Portfolio (500.co/portfolio),2026-08-05T18:15:38.487875+00:00,True,
1910,Earth Education Valley Pvt Ltd.,https://edukart.com,HR Tech,India,500 Global Portfolio (500.co/portfolio),2026-08-05T18:15:38.487875+00:00,True,
1911,"Cucumbertown, Inc.",https://cucumbertown.com,Content,United States,500 Global Portfolio (500.co/portfolio),2026-08-05T18:15:38.487875+00:00,True,
1912,Mi Dulce Hogar Soluciones Domésticas S.A.P.I de C.V,https://www.midulcehogar.mx,HR Tech,Mexico,500 Global Portfolio (500.co/portfolio),2026-08-05T18:15:38.487875+00:00,True,
1913,Insightful Pvt. Ltd.,https://targetingmantra.com,Content,India,500 Global Portfolio (500.co/portfolio),2026-08-05T18:15:38.487875+00:00,True,
1914,WAH Holidays Pvt Ltd,https://weareholidays.com,Travel & Tourism,India,500 Global Portfolio (500.co/portfolio),2026-08-05T18:15:38.487875+00:00,True,
1915,Sqoot Inc,https://sqoot.com,"Content, Developer Tools",United States,500 Global Portfolio (500.co/portfolio),2026-08-05T18:15:38.487875+00:00,True,
1916,"SoundBetter, Inc.",https://soundbetter.com,Social Media,United States,500 Global Portfolio (500.co/portfolio),2026-08-05T18:15:38.487875+00:00,True,
1917,Usetrace Ltd,https://usetrace.com,Developer Tools,Finland,500 Global Portfolio (500.co/portfolio),2026-08-05T18:15:38.487875+00:00,True,
1918,Tappy Pte. Ltd,https://www.tappy.co,"Entertainment / Media, Social Impact",Singapore,500 Global Portfolio (500.co/portfolio),2026-08-05T18:15:38.487875+00:00,True,
1919,HelloFlo Inc,https://helloflo.com,Healthcare,United States,500 Global Portfolio (500.co/portfolio),2026-08-05T18:15:38.487875+00:00,True,
1920,"Recurly, Inc.",https://recurly.com,FinTech,United States,500 Global Portfolio (500.co/portfolio),2026-08-05T18:15:38.487875+00:00,True,
1921,Oneforty Inc.,https://oneforty.com,Social Impact,United States,500 Global Portfolio (500.co/portfolio),2026-08-05T18:15:38.487875+00:00,True,
1922,"StackSocial, Inc",https://stacksocial.com,Content,United States,500 Global Portfolio (500.co/portfolio),2026-08-05T18:15:38.487875+00:00,True,
1923,Amazegroup Inc,https://unikrn.com,"Gambling, Gaming",United States,500 Global Portfolio (500.co/portfolio),2026-08-05T18:15:38.487875+00:00,True,
1924,Ninja Blocks Pty Ltd,https://ninjablocks.com,Real Estate,United States,500 Global Portfolio (500.co/portfolio),2026-08-05T18:15:38.487875+00:00,True,
1925,Snips SAS,https://snips.ai,Developer Tools,United States,500 Global Portfolio (500.co/portfolio),2026-08-05T18:15:38.487875+00:00,True,
1926,Holor Media Inc.,https://www.holor.com,Entertainment / Media,United States,500 Global Portfolio (500.co/portfolio),2026-08-05T18:15:38.487875+00:00,True,
1927,Smart Toy LLC,https://ubooly.com,Education,United States,500 Global Portfolio (500.co/portfolio),2026-08-05T18:15:38.487875+00:00,True,
1928,Gathering Inc.,https://rizefs.com,FinTech,United States,500 Global Portfolio (500.co/portfolio),2026-08-05T18:15:38.487875+00:00,True,
1929,"CakeHealth, Inc.",https://cakehealth.com,Healthcare,United States,500 Global Portfolio (500.co/portfolio),2026-08-05T18:15:38.487875+00:00,True,
1930,"MonkeyLearn, LLC",https://monkeylearn.com,Developer Tools,United States,500 Global Portfolio (500.co/portfolio),2026-08-05T18:15:38.487875+00:00,True,
1931,"Vessel Group, Inc.",https://vessel.io,"Data & Analytics, Developer Tools",United States,500 Global Portfolio (500.co/portfolio),2026-08-05T18:15:38.487875+00:00,True,
1932,"Incredible Labs, Inc.",https://incredible.io,Productivity,United States,500 Global Portfolio (500.co/portfolio),2026-08-05T18:15:38.487875+00:00,True,
1933,"Pacifica Labs, Inc.",https://thinkpacifica.com,Healthcare,United States,500 Global Portfolio (500.co/portfolio),2026-08-05T18:15:38.487875+00:00,True,
1934,"FanBridge, Inc.",https://fanbridge.com,Content,United States,500 Global Portfolio (500.co/portfolio),2026-08-05T18:15:38.487875+00:00,True,
1935,DROPT INC.,https://pict.com,Social Media,United States,500 Global Portfolio (500.co/portfolio),2026-08-05T18:15:38.487875+00:00,True,
1936,"Human.co, Inc.",https://human.co,"Health Tech, Wellness",United States,500 Global Portfolio (500.co/portfolio),2026-08-05T18:15:38.487875+00:00,True,
1937,"GoSmith, Inc.",https://gosmith.com,Real Estate,United States,500 Global Portfolio (500.co/portfolio),2026-08-05T18:15:38.487875+00:00,True,
1938,"Nodal Industries, LLC",https://nodalsecurity.com,Cybersecurity,United States,500 Global Portfolio (500.co/portfolio),2026-08-05T18:15:38.487875+00:00,True,
1939,"Allevi, Inc.",https://www.allevi3d.com,BioTech & Life Sciences,United States,500 Global Portfolio (500.co/portfolio),2026-08-05T18:15:38.487875+00:00,True,
1940,"WhereFor, Inc.",https://wherefor.com,Travel & Tourism,United States,500 Global Portfolio (500.co/portfolio),2026-08-05T18:15:38.487875+00:00,True,
1941,Jobedu Inc.,https://jobedu.com,Fashion,United States,500 Global Portfolio (500.co/portfolio),2026-08-05T18:15:38.487875+00:00,True,
1942,Curlec Sdn. Bhd,https://www.curlec.com,Payments,Malaysia,500 Global Portfolio (500.co/portfolio),2026-08-05T18:15:38.487875+00:00,True,
1943,"AdEspresso, Inc.",https://adespresso.com,"Content, Data & Analytics",United States,500 Global Portfolio (500.co/portfolio),2026-08-05T18:15:38.487875+00:00,True,
1944,"Project 10K, Inc.",https://populr.me,Developer Tools,United States,500 Global Portfolio (500.co/portfolio),2026-08-05T18:15:38.487875+00:00,True,
1945,"InternMatch, Inc.",https://internmatch.com,HR Tech,United States,500 Global Portfolio (500.co/portfolio),2026-08-05T18:15:38.487875+00:00,True,
1946,"Boomtrain, Inc.",https://boomtrain.com,"Content, Data & Analytics",United States,500 Global Portfolio (500.co/portfolio),2026-08-05T18:15:38.487875+00:00,True,
1947,"Clicky, Inc.",https://clickypass.com,Wellness,United States,500 Global Portfolio (500.co/portfolio),2026-08-05T18:15:38.487875+00:00,True,
1948,Bunch Inc.,https://joinbunch.com,Social Impact,United States,500 Global Portfolio (500.co/portfolio),2026-08-05T18:15:38.487875+00:00,True,
1949,LocBox Labs Inc.,https://fetchrev.com,Content,United States,500 Global Portfolio (500.co/portfolio),2026-08-05T18:15:38.487875+00:00,True,
1950,"Kenz, Inc",https://kenzwoman.com,Fashion,United States,500 Global Portfolio (500.co/portfolio),2026-08-05T18:15:38.487875+00:00,True,
1951,"WillCall, Inc.",https://www.getwillcall.com,Content,United States,500 Global Portfolio (500.co/portfolio),2026-08-05T18:15:38.487875+00:00,True,
1952,Nuvelar Inc.,https://www.nuvelar.com,Content,United States,500 Global Portfolio (500.co/portfolio),2026-08-05T18:15:38.487875+00:00,True,
1953,"HostTonight, Inc.",https://hosttonight.com,Real Estate,United States,500 Global Portfolio (500.co/portfolio),2026-08-05T18:15:38.487875+00:00,True,
1954,Edools Tecnologias Educacionais LTDA,https://edools.com,Developer Tools,Brazil,500 Global Portfolio (500.co/portfolio),2026-08-05T18:15:38.487875+00:00,True,
1955,"Keen Labs, Inc.",https://keen.io,Developer Tools,United States,500 Global Portfolio (500.co/portfolio),2026-08-05T18:15:38.487875+00:00,True,
1956,"Meddy, Inc.",https://www.meddy.co,Healthcare,United States,500 Global Portfolio (500.co/portfolio),2026-08-05T18:15:38.487875+00:00,True,
1957,Little Eye Software Labs Pvt Ltd,https://littleeye.co,Developer Tools,India,500 Global Portfolio (500.co/portfolio),2026-08-05T18:15:38.487875+00:00,True,
1958,"Qualaroo, Inc.",https://qualaroo.com,Data & Analytics,United States,500 Global Portfolio (500.co/portfolio),2026-08-05T18:15:38.487875+00:00,True,
1959,"Beeline Bikes, Inc.",https://beelinebikes.com,Mobility,United States,500 Global Portfolio (500.co/portfolio),2026-08-05T18:15:38.487875+00:00,True,
1960,"Siftery, Inc.",https://siftery.com,Productivity,United States,500 Global Portfolio (500.co/portfolio),2026-08-05T18:15:38.487875+00:00,True,
1961,"PlateJoy, Inc.",https://platejoy.com,Wellness,United States,500 Global Portfolio (500.co/portfolio),2026-08-05T18:15:38.487875+00:00,True,
1962,"Reali Loans, Inc.",https://lenda.com,Credit & Lending,United States,500 Global Portfolio (500.co/portfolio),2026-08-05T18:15:38.487875+00:00,True,
1963,Gift Registry Services LLC,https://wanderable.com,Travel & Tourism,United States,500 Global Portfolio (500.co/portfolio),2026-08-05T18:15:38.487875+00:00,True,
1964,"Qwil, Inc.",https://qwil.co,HR Tech,United States,500 Global Portfolio (500.co/portfolio),2026-08-05T18:15:38.487875+00:00,True,
1965,Flywire Corporation,https://www.flywire.com,Payments,United States,500 Global Portfolio (500.co/portfolio),2026-08-05T18:15:38.487875+00:00,True,
1966,StoreMaven Ltd.,https://www.storemaven.com,"Data & Analytics, Developer Tools",Israel,500 Global Portfolio (500.co/portfolio),2026-08-05T18:15:38.487875+00:00,True,
1967,"Forrst, Inc.",https://www.forrst.com,"Social Media, Social Impact",United States,500 Global Portfolio (500.co/portfolio),2026-08-05T18:15:38.487875+00:00,True,
1968,"Ader, Inc.",https://getader.com,Content,United States,500 Global Portfolio (500.co/portfolio),2026-08-05T18:15:38.487875+00:00,True,
1969,"ReadyForZero, Inc.",https://readyforzero.com,"Credit & Lending, Payments",United States,500 Global Portfolio (500.co/portfolio),2026-08-05T18:15:38.487875+00:00,True,
1970,ONDiGO Ltd.,https://ondigo.me,"Content, Data & Analytics",United States,500 Global Portfolio (500.co/portfolio),2026-08-05T18:15:38.487875+00:00,True,
1971,"Vibely, Inc.",https://www.vibely.io,Social Impact,United States,500 Global Portfolio (500.co/portfolio),2026-08-05T18:15:38.487875+00:00,True,
1972,"Motion Math, Inc.",https://motionmathgames.com,Education,United States,500 Global Portfolio (500.co/portfolio),2026-08-05T18:15:38.487875+00:00,True,
1973,"Applauze, Inc.",https://www.applauze.com,Entertainment / Media,United States,500 Global Portfolio (500.co/portfolio),2026-08-05T18:15:38.487875+00:00,True,
1974,"Double Dutch Studios, Inc.",https://insparq.com,Content,United States,500 Global Portfolio (500.co/portfolio),2026-08-05T18:15:38.487875+00:00,True,
1975,Milk and Honey Shoes LLC,https://milkandhoneyshoes.com,Fashion,United States,500 Global Portfolio (500.co/portfolio),2026-08-05T18:15:38.487875+00:00,True,
1976,SambaAds Solucoes Technologicas S.A.,https://www.ycontent.com.br,Data & Analytics,Brazil,500 Global Portfolio (500.co/portfolio),2026-08-05T18:15:38.487875+00:00,True,
1977,"AllTrails, Inc.",https://alltrails.com,Travel & Tourism,United States,500 Global Portfolio (500.co/portfolio),2026-08-05T18:15:38.487875+00:00,True,
1978,"Leade.rs, Inc",https://leade.rs,HR Tech,United States,500 Global Portfolio (500.co/portfolio),2026-08-05T18:15:38.487875+00:00,True,
1979,"TeachStreet, Inc.",https://teachstreet.com,Education,United States,500 Global Portfolio (500.co/portfolio),2026-08-05T18:15:38.487875+00:00,True,
1980,"MMTG Labs, Inc.",https://appbistro.com,Data & Analytics,United States,500 Global Portfolio (500.co/portfolio),2026-08-05T18:15:38.487875+00:00,True,
1981,Emburse Inc.,https://www.emburse.com,FinTech,United States,500 Global Portfolio (500.co/portfolio),2026-08-05T18:15:38.487875+00:00,True,
1982,Saucey Inc.,https://sauceyapp.com,Mobility,United States,500 Global Portfolio (500.co/portfolio),2026-08-05T18:15:38.487875+00:00,True,
1983,Dropsuite Ltd,https://dropsuite.com,Developer Tools,Singapore,500 Global Portfolio (500.co/portfolio),2026-08-05T18:15:38.487875+00:00,True,
1984,BlackFlipper,https://connectedhq.com,Content,United States,500 Global Portfolio (500.co/portfolio),2026-08-05T18:15:38.487875+00:00,True,
1985,Stupeflix SAS,https://stupeflix.com,Social Media,France,500 Global Portfolio (500.co/portfolio),2026-08-05T18:15:38.487875+00:00,True,
1986,"Geekatoo, Inc.",https://geekatoo.com,Developer Tools,United States,500 Global Portfolio (500.co/portfolio),2026-08-05T18:15:38.487875+00:00,True,
1987,"Study Edge, LLC",https://studyedge.com,Education,United States,500 Global Portfolio (500.co/portfolio),2026-08-05T18:15:38.487875+00:00,True,
1988,"StartupDigest, Inc.",https://startupdigest.com,Content,United States,500 Global Portfolio (500.co/portfolio),2026-08-05T18:15:38.487875+00:00,True,
1989,Pathkey.AI Ltd,https://shareroot.co,Content,United States,500 Global Portfolio (500.co/portfolio),2026-08-05T18:15:38.487875+00:00,True,
1990,"Pluma, Inc.",https://pluma.co,HR Tech,United States,500 Global Portfolio (500.co/portfolio),2026-08-05T18:15:38.487875+00:00,True,
1991,214 Technologies Inc.,https://trueface.ai,AI/Machine Learning,United States,500 Global Portfolio (500.co/portfolio),2026-08-05T18:15:38.487875+00:00,True,
1992,Zencoder Inc,https://zencoder.com,Social Media,United States,500 Global Portfolio (500.co/portfolio),2026-08-05T18:15:38.487875+00:00,True,
1993,"AdStage, Inc.",https://adstage.io,"Content, Data & Analytics",United States,500 Global Portfolio (500.co/portfolio),2026-08-05T18:15:38.487875+00:00,True,
1994,Skootar Co Ltd,https://skootar.com,Supply Chain,Thailand,500 Global Portfolio (500.co/portfolio),2026-08-05T18:15:38.487875+00:00,True,
1995,"Chain, Inc.",https://chain.com,Developer Tools,United States,500 Global Portfolio (500.co/portfolio),2026-08-05T18:15:38.487875+00:00,True,
1996,"OwnLocal, Inc.",https://ownlocal.com,Content,United States,500 Global Portfolio (500.co/portfolio),2026-08-05T18:15:38.487875+00:00,True,
1997,Shakr Media Company Ltd.,https://www.shakr.com,Social Media,South Korea,500 Global Portfolio (500.co/portfolio),2026-08-05T18:15:38.487875+00:00,True,
1998,"Learning Suite, Inc.",https://prolaera.com,HR Tech,United States,500 Global Portfolio (500.co/portfolio),2026-08-05T18:15:38.487875+00:00,True,
1999,"MightyVoice, Inc.",https://mightytext.net,Social Impact,United States,500 Global Portfolio (500.co/portfolio),2026-08-05T18:15:38.487875+00:00,True,
2000,"ToutApp, Inc.",https://toutapp.com,Content,United States,500 Global Portfolio (500.co/portfolio),2026-08-05T18:15:38.487875+00:00,True,
2001,"Funderful, Inc.",https://funderful.com,FinTech,United States,500 Global Portfolio (500.co/portfolio),2026-08-05T18:15:38.487875+00:00,True,
2002,"Almabase, Inc.",https://almabase.com,Developer Tools,United States,500 Global Portfolio (500.co/portfolio),2026-08-05T18:15:38.487875+00:00,True,
2003,300 Milligrams Inc.,https://import2.com,Developer Tools,United States,500 Global Portfolio (500.co/portfolio),2026-08-05T18:15:38.487875+00:00,True,
2004,"Chromatik, Inc.",https://chromatik.com,Education,United States,500 Global Portfolio (500.co/portfolio),2026-08-05T18:15:38.487875+00:00,True,
2005,"LaunchGram, Inc.",https://launchgram.com,"Content, Data & Analytics",United States,500 Global Portfolio (500.co/portfolio),2026-08-05T18:15:38.487875+00:00,True,
2006,"Policy Cloud Insurance, Inc.",https://useindio.com,InsurTech,United States,500 Global Portfolio (500.co/portfolio),2026-08-05T18:15:38.487875+00:00,True,
2007,GamerzClass ApS,https://gamerzclass.com,Gaming,Denmark,500 Global Portfolio (500.co/portfolio),2026-08-05T18:15:38.487875+00:00,True,
2008,Shoppalive Limited,https://www.shoppa.biz,,Singapore,500 Global Portfolio (500.co/portfolio),2026-08-05T18:15:38.487875+00:00,True,
2009,Plerk Holdings LLC,https://plerk.com,"FinTech, Marketplace, SaaS",United States,500 Global Portfolio (500.co/portfolio),2026-08-05T18:15:38.487875+00:00,True,
2010,Beat Drop Inc.,https://askwhale.com,Social Impact,United States,500 Global Portfolio (500.co/portfolio),2026-08-05T18:15:38.487875+00:00,True,
2011,"Dollar Beard Club, Inc",https://thebeardclub.com,Fashion,United States,500 Global Portfolio (500.co/portfolio),2026-08-05T18:15:38.487875+00:00,True,
2012,Circle Software Corporation,https://ww5.createmycircle.com,Real Estate,United States,500 Global Portfolio (500.co/portfolio),2026-08-05T18:15:38.487875+00:00,True,
2013,Yacob Limited,https://yacob.com,Wellness,United Arab Emirates,500 Global Portfolio (500.co/portfolio),2026-08-05T18:15:38.487875+00:00,True,
2014,"Mystery Science, Inc.",https://mysteryscience.com,Social Impact,United States,500 Global Portfolio (500.co/portfolio),2026-08-05T18:15:38.487875+00:00,True,
2015,"Piper Learning, Inc.",https://www.playpiper.in,Education,United States,500 Global Portfolio (500.co/portfolio),2026-08-05T18:15:38.487875+00:00,True,
2016,Kfit Holdings,https://www.myfave.com,Investing,Singapore,500 Global Portfolio (500.co/portfolio),2026-08-05T18:15:38.487875+00:00,True,
2017,FulCourt Pte Ltd.,https://fullcourt.co,Developer Tools,Singapore,500 Global Portfolio (500.co/portfolio),2026-08-05T18:15:38.487875+00:00,True,
2018,"Vungle, Inc.",https://vungle.com,"Content, Developer Tools",United States,500 Global Portfolio (500.co/portfolio),2026-08-05T18:15:38.487875+00:00,True,
2019,Olev Taşımacılık Teknoloji Geliştirme Turizm Anonim Şirketi,https://www.olev.com.tr,Mobility,Turkey,500 Global Portfolio (500.co/portfolio),2026-08-05T18:15:38.487875+00:00,True,
2020,"Tinfoil Security, Inc.",https://tinfoilsecurity.com,"Cybersecurity, Developer Tools",United States,500 Global Portfolio (500.co/portfolio),2026-08-05T18:15:38.487875+00:00,True,
2021,"Contactually, Inc.",https://contactually.com,Content,United States,500 Global Portfolio (500.co/portfolio),2026-08-05T18:15:38.487875+00:00,True,
2022,Linkdex Ltd,https://linkdex.com,Data & Analytics,United Kingdom,500 Global Portfolio (500.co/portfolio),2026-08-05T18:15:38.487875+00:00,True,
2023,"Mision Admision, Inc",https://www.misionadmision.com,Education,Mexico,500 Global Portfolio (500.co/portfolio),2026-08-05T18:15:38.487875+00:00,True,
2024,YAYDOO S.A.P.I. de C.V.,https://yaydoo.com,"FinTech, Infrastructure",Mexico,500 Global Portfolio (500.co/portfolio),2026-08-05T18:15:38.487875+00:00,True,
2025,"Sentieo, Inc.",https://sentieo.com,Real Estate,United States,500 Global Portfolio (500.co/portfolio),2026-08-05T18:15:38.487875+00:00,True,
2026,"LATAM FINANCIAL SERVICES, INC.",https://rebajatuscuentas.com,"Credit & Lending, FinTech, Consumer",United States,500 Global Portfolio (500.co/portfolio),2026-08-05T18:15:38.487875+00:00,True,
2027,"Local Bushel, Co.",https://localbushel.com,AgTech,United States,500 Global Portfolio (500.co/portfolio),2026-08-05T18:15:38.487875+00:00,True,
2028,"Hunter Systems, LLC",https://www.huntersystems.com,"Developer Tools, Education",United States,500 Global Portfolio (500.co/portfolio),2026-08-05T18:15:38.487875+00:00,True,
2029,"Tradesy, Inc.",https://tradesy.com,Fashion,United States,500 Global Portfolio (500.co/portfolio),2026-08-05T18:15:38.487875+00:00,True,
2030,Carnot Innovations Holdings Pte. Ltd.,https://www.carnot-innovations.com,Data & Analytics,Singapore,500 Global Portfolio (500.co/portfolio),2026-08-05T18:15:38.487875+00:00,True,
2031,"iBillionaire, Inc.",https://ibillionaire.com,"Credit & Lending, Real Estate",United States,500 Global Portfolio (500.co/portfolio),2026-08-05T18:15:38.487875+00:00,True,
2032,"Mattermark, Inc.",https://mattermark.com,Data & Analytics,United States,500 Global Portfolio (500.co/portfolio),2026-08-05T18:15:38.487875+00:00,True,
2033,TradeGecko Pte Ltd,https://tradegecko.com,Supply Chain,Singapore,500 Global Portfolio (500.co/portfolio),2026-08-05T18:15:38.487875+00:00,True,
2034,Salido Inc.,https://salido.com,"Data & Analytics, Infrastructure",United States,500 Global Portfolio (500.co/portfolio),2026-08-05T18:15:38.487875+00:00,True,
2035,"QUIERO HACERLO, Inc.",https://ww.atexto.com,"Developer Tools, Productivity",United States,500 Global Portfolio (500.co/portfolio),2026-08-05T18:15:38.487875+00:00,True,
2036,ADPHORUS TEKNOLOJİ ANONİM ŞİRKETİ,https://adphorus.com,"Content, Data & Analytics",Germany,500 Global Portfolio (500.co/portfolio),2026-08-05T18:15:38.487875+00:00,True,
2037,"KURASERU, INC.",https://www.kuraseru.co.jp,Healthcare,Japan,500 Global Portfolio (500.co/portfolio),2026-08-05T18:15:38.487875+00:00,True,
2038,Source Beauty B.V.,https://www.sourcebeauty.me,,Netherlands,500 Global Portfolio (500.co/portfolio),2026-08-05T18:15:38.487875+00:00,True,
2039,"Sports And Things, Inc.",https://familyleaf.com,Social Impact,United States,500 Global Portfolio (500.co/portfolio),2026-08-05T18:15:38.487875+00:00,True,
2040,"PredictionIO, Inc.",https://prediction.io,Developer Tools,United States,500 Global Portfolio (500.co/portfolio),2026-08-05T18:15:38.487875+00:00,True,
2041,"Revivn, Inc.",https://www.revivn.com,FinTech,United States,500 Global Portfolio (500.co/portfolio),2026-08-05T18:15:38.487875+00:00,True,
2042,"ANGLERS, Inc.",https://anglers.jp,Social Impact,Japan,500 Global Portfolio (500.co/portfolio),2026-08-05T18:15:38.487875+00:00,True,
2043,Melltoo Holdings Limited,https://melltoo.com,"Blockchain, FinTech, InsurTech",British Virgin Islands,500 Global Portfolio (500.co/portfolio),2026-08-05T18:15:38.487875+00:00,True,
2044,"Clutch Learning, Inc.",https://clutchprep.com,Education,United States,500 Global Portfolio (500.co/portfolio),2026-08-05T18:15:38.487875+00:00,True,
2045,"DCHQ, Inc.",https://dchq.co,Developer Tools,United States,500 Global Portfolio (500.co/portfolio),2026-08-05T18:15:38.487875+00:00,True,
2046,"Silvernest, Inc.",https://silvernest.com,Real Estate,United States,500 Global Portfolio (500.co/portfolio),2026-08-05T18:15:38.487875+00:00,True,
2047,Shopline Ltd.,https://shoplineapp.com,Developer Tools,Cayman Islands,500 Global Portfolio (500.co/portfolio),2026-08-05T18:15:38.487875+00:00,True,
2048,"VivaReal, Inc.",https://vivareal.com.br,Real Estate,Cayman Islands,500 Global Portfolio (500.co/portfolio),2026-08-05T18:15:38.487875+00:00,True,
2049,"BetterDoctor, Inc.",https://betterdoctor.com,Healthcare,United States,500 Global Portfolio (500.co/portfolio),2026-08-05T18:15:38.487875+00:00,True,
2050,"AutoLotto, Inc.",https://lottery.com,Gambling,United States,500 Global Portfolio (500.co/portfolio),2026-08-05T18:15:38.487875+00:00,True,
2051,"Game Closure, Inc.",https://gameclosure.com,"Gaming, Social Impact",United States,500 Global Portfolio (500.co/portfolio),2026-08-05T18:15:38.487875+00:00,True,
2052,Next Door Learning Solutions Pvt. Ltd.,https://onlinetyari.com,HR Tech,India,500 Global Portfolio (500.co/portfolio),2026-08-05T18:15:38.487875+00:00,True,
2053,"FameBit, Inc.",https://famebit.com,Content,Canada,500 Global Portfolio (500.co/portfolio),2026-08-05T18:15:38.487875+00:00,True,
2054,"Hoodline, Inc.",https://www.pixellabs.io,Content,United States,500 Global Portfolio (500.co/portfolio),2026-08-05T18:15:38.487875+00:00,True,
2055,"Doochoo, Inc.",https://pick1.com,Data & Analytics,United States,500 Global Portfolio (500.co/portfolio),2026-08-05T18:15:38.487875+00:00,True,
2056,Lagoa,https://lagoa.com,Construction,Canada,500 Global Portfolio (500.co/portfolio),2026-08-05T18:15:38.487875+00:00,True,
2057,My College Options Inc.,https://www.myoptions.org,Education,United States,500 Global Portfolio (500.co/portfolio),2026-08-05T18:15:38.487875+00:00,True,
2058,"Onclusive, Inc.",https://onclusive.com,Content,United States,500 Global Portfolio (500.co/portfolio),2026-08-05T18:15:38.487875+00:00,True,
2059,"Storefront, Inc.",https://thestorefront.com,Real Estate,United States,500 Global Portfolio (500.co/portfolio),2026-08-05T18:15:38.487875+00:00,True,
2060,Campanja AB,https://campanja.com,Content,Sweden,500 Global Portfolio (500.co/portfolio),2026-08-05T18:15:38.487875+00:00,True,
2061,Paynas B.V.,https://paynas.com,FinTech,Netherlands,500 Global Portfolio (500.co/portfolio),2026-08-05T18:15:38.487875+00:00,True,
2062,"Skry, Inc.",https://www.skry.tech,Developer Tools,United States,500 Global Portfolio (500.co/portfolio),2026-08-05T18:15:38.487875+00:00,True,
2063,"MovieLaLa, Inc.",https://www.movielala.com,"Entertainment / Media, Social Impact",United States,500 Global Portfolio (500.co/portfolio),2026-08-05T18:15:38.487875+00:00,True,
2064,Attendease Software Corporation,https://attendease.com,HR Tech,Canada,500 Global Portfolio (500.co/portfolio),2026-08-05T18:15:38.487875+00:00,True,
2065,Red Brick Lane Marketing Solutions Private Limited,https://zapr.in,Data & Analytics,India,500 Global Portfolio (500.co/portfolio),2026-08-05T18:15:38.487875+00:00,True,
2066,"DataRank, Inc.",https://www.datarank.com,Data & Analytics,United States,500 Global Portfolio (500.co/portfolio),2026-08-05T18:15:38.487875+00:00,True,
2067,"Hinge, Inc.",https://hinge.co,Social Impact,United States,500 Global Portfolio (500.co/portfolio),2026-08-05T18:15:38.487875+00:00,True,
2068,CROWDFORCE INC.,https://crowdforce.io,Government,United States,500 Global Portfolio (500.co/portfolio),2026-08-05T18:15:38.487875+00:00,True,
2069,"Lettuce, Inc.",https://lettuceapps.com,"Content, Infrastructure",United States,500 Global Portfolio (500.co/portfolio),2026-08-05T18:15:38.487875+00:00,True,
2070,"Grin, Inc.",https://www.ongrin.com,Mobility,United States,500 Global Portfolio (500.co/portfolio),2026-08-05T18:15:38.487875+00:00,True,
2071,Synkers (Holding) SAL,https://synkers.com,Education,Lebanon,500 Global Portfolio (500.co/portfolio),2026-08-05T18:15:38.487875+00:00,True,
2072,Newoldstamp Inc.,https://newoldstamp.com,"Content, Developer Tools",United States,500 Global Portfolio (500.co/portfolio),2026-08-05T18:15:38.487875+00:00,True,
2073,"Bequest, Inc.",https://willing.com,Legal,United States,500 Global Portfolio (500.co/portfolio),2026-08-05T18:15:38.487875+00:00,True,
2074,"Le Tote, Inc.",https://letote.com,Fashion,United States,500 Global Portfolio (500.co/portfolio),2026-08-05T18:15:38.487875+00:00,True,
2075,"Fastwork Technologies Co., Ltd.",https://fastwork.co,HR Tech,Thailand,500 Global Portfolio (500.co/portfolio),2026-08-05T18:15:38.487875+00:00,True,
2076,"GGL Projects, Inc.",https://sitejabber.com,,United States,500 Global Portfolio (500.co/portfolio),2026-08-05T18:15:38.487875+00:00,True,
2077,Spore London Limited,https://www.codec.ai,Data & Analytics,United Kingdom,500 Global Portfolio (500.co/portfolio),2026-08-05T18:15:38.487875+00:00,True,
2078,"TotSpot, Inc.",https://totspot.me,Fashion,United States,500 Global Portfolio (500.co/portfolio),2026-08-05T18:15:38.487875+00:00,True,
2079,Good Ventures SEA Limited,https://www.leflair.vn,Fashion,Hong Kong,500 Global Portfolio (500.co/portfolio),2026-08-05T18:15:38.487875+00:00,True,
2080,Estately Inc.,https://estately.com,Real Estate,United States,500 Global Portfolio (500.co/portfolio),2026-08-05T18:15:38.487875+00:00,True,
2081,"EcoMom, Inc.",https://ecomom.com,Education,United States,500 Global Portfolio (500.co/portfolio),2026-08-05T18:15:38.487875+00:00,True,
2082,"Virool, Inc.",https://virool.com,Data & Analytics,United States,500 Global Portfolio (500.co/portfolio),2026-08-05T18:15:38.487875+00:00,True,
2083,"StoryTree, Inc.",https://getsimpleprints.com,"Social Media, Social Impact",United States,500 Global Portfolio (500.co/portfolio),2026-08-05T18:15:38.487875+00:00,True,
2084,"Comparably, Inc.",https://comparably.com,HR Tech,United States,500 Global Portfolio (500.co/portfolio),2026-08-05T18:15:38.487875+00:00,True,
2085,"Jeeng Application, Ltd",https://www.jeeng.com,Social Impact,Israel,500 Global Portfolio (500.co/portfolio),2026-08-05T18:15:38.487875+00:00,True,
2086,"Timbuktu Labs, Inc.",https://www.rebelgirls.com,Education,United States,500 Global Portfolio (500.co/portfolio),2026-08-05T18:15:38.487875+00:00,True,
2087,Junglee Games India Pvt Ltd.,https://jungleegames.com,Gaming,United States,500 Global Portfolio (500.co/portfolio),2026-08-05T18:15:38.487875+00:00,True,
2088,Inmobapp SL,https://blinkbooking.com,Travel & Tourism,United States,500 Global Portfolio (500.co/portfolio),2026-08-05T18:15:38.487875+00:00,True,
2089,"Sunrise Atelier, Inc.",https://sunrise.am,Productivity,United States,500 Global Portfolio (500.co/portfolio),2026-08-05T18:15:38.487875+00:00,True,
2090,"Exipple Studio, Inc (SL)",https://gestoos.com,"AI/Machine Learning, Automotive, IoT",United States,500 Global Portfolio (500.co/portfolio),2026-08-05T18:15:38.487875+00:00,True,
2091,Lish Inc.,https://lishfood.com,Mobility,United States,500 Global Portfolio (500.co/portfolio),2026-08-05T18:15:38.487875+00:00,True,
2092,"Oto Analytics, Inc.",https://womply.com,"Content, Data & Analytics",United States,500 Global Portfolio (500.co/portfolio),2026-08-05T18:15:38.487875+00:00,True,
2093,"FounderDating, Inc.",https://founderdating.com,Social Impact,United States,500 Global Portfolio (500.co/portfolio),2026-08-05T18:15:38.487875+00:00,True,
2094,SwitchMe Technologies and Services Private Limited.,https://switchme.in,Credit & Lending,India,500 Global Portfolio (500.co/portfolio),2026-08-05T18:15:38.487875+00:00,True,
2095,Artivest Holdings,https://artivest.co,Credit & Lending,United States,500 Global Portfolio (500.co/portfolio),2026-08-05T18:15:38.487875+00:00,True,
2096,Snapette Inc.,https://snapette.com,"Fashion, Social Impact",United States,500 Global Portfolio (500.co/portfolio),2026-08-05T18:15:38.487875+00:00,True,
2097,"PlanGrid, Inc.",https://plangrid.com,Construction,United States,500 Global Portfolio (500.co/portfolio),2026-08-05T18:15:38.487875+00:00,True,
2098,"Eloquii Design, Inc.",https://eloquii.com,Fashion,United States,500 Global Portfolio (500.co/portfolio),2026-08-05T18:15:38.487875+00:00,True,
2099,"Gengo, Inc.",https://gengo.com,HR Tech,United States,500 Global Portfolio (500.co/portfolio),2026-08-05T18:15:38.487875+00:00,True,
2100,General Workings Inc,https://streamlabs.com,Gaming,United States,500 Global Portfolio (500.co/portfolio),2026-08-05T18:15:38.487875+00:00,True,
2101,"Manifest, Inc.",https://socialwire.com,"Content, Data & Analytics",United States,500 Global Portfolio (500.co/portfolio),2026-08-05T18:15:38.487875+00:00,True,
2102,"Boostable, Inc.",https://boostable.com,Content,United States,500 Global Portfolio (500.co/portfolio),2026-08-05T18:15:38.487875+00:00,True,
2103,Between Two Ferns Inc.,https://clarity.fm,Consumer,Canada,500 Global Portfolio (500.co/portfolio),2026-08-05T18:15:38.487875+00:00,True,
2104,Cladwell Inc.,https://cladwell.com,Fashion,United States,500 Global Portfolio (500.co/portfolio),2026-08-05T18:15:38.487875+00:00,True,
2105,"Neutun Labs, Inc.",https://neutun.com,Health Tech,Canada,500 Global Portfolio (500.co/portfolio),2026-08-05T18:15:38.487875+00:00,True,
2106,"MobileWorks, Inc.",https://www.leadgenius.com,Content,United States,500 Global Portfolio (500.co/portfolio),2026-08-05T18:15:38.487875+00:00,True,
2107,"Unbounce Marketing Solutions, Inc.",https://unbounce.com,"Data & Analytics, Developer Tools",Canada,500 Global Portfolio (500.co/portfolio),2026-08-05T18:15:38.487875+00:00,True,
2108,"Speek, Inc.",https://speek.com,Developer Tools,United States,500 Global Portfolio (500.co/portfolio),2026-08-05T18:15:38.487875+00:00,True,
2109,"Rakam, Inc.",https://rakam.io,"Data & Analytics, Developer Tools",United States,500 Global Portfolio (500.co/portfolio),2026-08-05T18:15:38.487875+00:00,True,
2110,CYBAVO Pte. Ltd.,https://www.cybavo.com,"Crypto, Real Estate",Singapore,500 Global Portfolio (500.co/portfolio),2026-08-05T18:15:38.487875+00:00,True,
2111,drchrono Inc.,https://drchrono.com,Healthcare,United States,500 Global Portfolio (500.co/portfolio),2026-08-05T18:15:38.487875+00:00,True,
2112,Fulfil.IO Inc.,https://www.fulfil.io,Supply Chain,United States,500 Global Portfolio (500.co/portfolio),2026-08-05T18:15:38.487875+00:00,True,
2113,"TT Labs, Inc.",https://videopixie.com,Social Media,United States,500 Global Portfolio (500.co/portfolio),2026-08-05T18:15:38.487875+00:00,True,
2114,"Wildfire Interactive, Inc.",https://wildfireapp.com,"Content, Data & Analytics",United States,500 Global Portfolio (500.co/portfolio),2026-08-05T18:15:38.487875+00:00,True,
2115,StructionSite Inc,https://www.structionsite.com,Construction,United States,500 Global Portfolio (500.co/portfolio),2026-08-05T18:15:38.487875+00:00,True,
2116,"Walker & Co Brands, Inc",https://walkerandcompany.com,Fashion,United States,500 Global Portfolio (500.co/portfolio),2026-08-05T18:15:38.487875+00:00,True,
2117,"Optimyzee, Inc.",https://www.optimyzee.com,,United States,500 Global Portfolio (500.co/portfolio),2026-08-05T18:15:38.487875+00:00,True,
2118,"Voxeet, Inc.",https://voxeet.com,Developer Tools,United States,500 Global Portfolio (500.co/portfolio),2026-08-05T18:15:38.487875+00:00,True,
2119,TaskDock,https://versly.com,Productivity,United States,500 Global Portfolio (500.co/portfolio),2026-08-05T18:15:38.487875+00:00,True,
2120,"Swychd, Inc.",https://gradible.com,Credit & Lending,United States,500 Global Portfolio (500.co/portfolio),2026-08-05T18:15:38.487875+00:00,True,
2121,"MaktApp, Inc.",https://maktapp.com,"FinTech, SaaS",United States,500 Global Portfolio (500.co/portfolio),2026-08-05T18:15:38.487875+00:00,True,
2122,"Rever Moto, Inc.",https://rever.co,"Mobility, Social Impact",United States,500 Global Portfolio (500.co/portfolio),2026-08-05T18:15:38.487875+00:00,True,
2123,"Modus Technologies, Inc.",https://www.modusclosing.com,FinTech,United States,500 Global Portfolio (500.co/portfolio),2026-08-05T18:15:38.487875+00:00,True,
2124,"North Hawaii Trading Co, LLC",https://colourlovers.com,"Social Media, Social Impact",United States,500 Global Portfolio (500.co/portfolio),2026-08-05T18:15:38.487875+00:00,True,
2125,Mailhaven Inc.,https://mailhaven.co,Supply Chain,United States,500 Global Portfolio (500.co/portfolio),2026-08-05T18:15:38.487875+00:00,True,
2126,"Flowtown, Inc.",https://flowtown.com,Content,United States,500 Global Portfolio (500.co/portfolio),2026-08-05T18:15:38.487875+00:00,True,
2127,Storax Inc,https://shopgo.me,Payments,British Virgin Islands,500 Global Portfolio (500.co/portfolio),2026-08-05T18:15:38.487875+00:00,True,
2128,"Treat, Inc.",https://treat.co,Pet Tech,United States,500 Global Portfolio (500.co/portfolio),2026-08-05T18:15:38.487875+00:00,True,
2129,Lumific Inc,https://lumific.com,Social Media,United States,500 Global Portfolio (500.co/portfolio),2026-08-05T18:15:38.487875+00:00,True,
2130,"TouristEye, Inc.",https://touristeye.com,Travel & Tourism,United States,500 Global Portfolio (500.co/portfolio),2026-08-05T18:15:38.487875+00:00,True,
2131,MakeLeaps Corporation,https://makeleaps.jp,FinTech,United States,500 Global Portfolio (500.co/portfolio),2026-08-05T18:15:38.487875+00:00,True,
2132,"Worklife Technologies, Inc.",https://worklife.com,Productivity,United States,500 Global Portfolio (500.co/portfolio),2026-08-05T18:15:38.487875+00:00,True,
2133,"SendGrid, Inc.",https://sendgrid.com,"Content, Developer Tools",United States,500 Global Portfolio (500.co/portfolio),2026-08-05T18:15:38.487875+00:00,True,
2134,"Julu Technologies, Inc.",https://julumobile.com,Content,British Virgin Islands,500 Global Portfolio (500.co/portfolio),2026-08-05T18:15:38.487875+00:00,True,
2135,"Pressable, Inc.",https://www.pressable.com,Developer Tools,United States,500 Global Portfolio (500.co/portfolio),2026-08-05T18:15:38.487875+00:00,True,
2136,TheAmazeApp GmbH,https://theamazeapp.com,Fashion,Germany,500 Global Portfolio (500.co/portfolio),2026-08-05T18:15:38.487875+00:00,True,
2137,PlayCez Technologies Pvt. Ltd.,https://playcez.com,"Travel & Tourism, Social Impact",India,500 Global Portfolio (500.co/portfolio),2026-08-05T18:15:38.487875+00:00,True,
2138,Seed CX Ltd.,https://seedcx.com,"Crypto, Real Estate",United States,500 Global Portfolio (500.co/portfolio),2026-08-05T18:15:38.487875+00:00,True,
2139,"Pixowl, Inc",https://pixowl.com,Gaming,United States,500 Global Portfolio (500.co/portfolio),2026-08-05T18:15:38.487875+00:00,True,
2140,WhoAPI Inc.,https://whoapi.com,"Cybersecurity, DevOps, SaaS",United States,500 Global Portfolio (500.co/portfolio),2026-08-05T18:15:38.487875+00:00,True,
2141,Stamplay LTD.,https://stamplay.com,Developer Tools,United Kingdom,500 Global Portfolio (500.co/portfolio),2026-08-05T18:15:38.487875+00:00,True,
2142,"Finnoble Solutions, Inc.",https://bankons.com,"Credit & Lending, FinTech",United States,500 Global Portfolio (500.co/portfolio),2026-08-05T18:15:38.487875+00:00,True,
2143,SiteMaker Software Limited,https://moonfruit.com,Developer Tools,United Kingdom,500 Global Portfolio (500.co/portfolio),2026-08-05T18:15:38.487875+00:00,True,
2144,CompanyLine Corp.,https://hall.com,Developer Tools,United States,500 Global Portfolio (500.co/portfolio),2026-08-05T18:15:38.487875+00:00,True,
2145,"GazeHawk, Inc.",https://gazehawk.com,Data & Analytics,United States,500 Global Portfolio (500.co/portfolio),2026-08-05T18:15:38.487875+00:00,True,
2146,"ThriveCom, Inc.",https://ringcaptcha.com,Developer Tools,United States,500 Global Portfolio (500.co/portfolio),2026-08-05T18:15:38.487875+00:00,True,
2147,Crema Company,https://crema.co,,United States,500 Global Portfolio (500.co/portfolio),2026-08-05T18:15:38.487875+00:00,True,
2148,"ViKi, Inc.",https://viki.com,"Entertainment / Media, Social Media",United States,500 Global Portfolio (500.co/portfolio),2026-08-05T18:15:38.487875+00:00,True,
2149,Moveha Inc.,https://moveha.com,Real Estate,United States,500 Global Portfolio (500.co/portfolio),2026-08-05T18:15:38.487875+00:00,True,
2150,"Tivona & Haug, Inc.",https://pana.com,Travel & Tourism,United States,500 Global Portfolio (500.co/portfolio),2026-08-05T18:15:38.487875+00:00,True,
2151,Your Superfoods BV,https://yoursuper.com,Wellness,Germany,500 Global Portfolio (500.co/portfolio),2026-08-05T18:15:38.487875+00:00,True,
2152,"GiftCardZen, Inc.",https://giftcardzen.com,Payments,United States,500 Global Portfolio (500.co/portfolio),2026-08-05T18:15:38.487875+00:00,True,
2153,"Torbit, Inc.",https://torbit.com,Developer Tools,United States,500 Global Portfolio (500.co/portfolio),2026-08-05T18:15:38.487875+00:00,True,
2154,"Rapportive, Inc.",https://rapportive.com,Content,United States,500 Global Portfolio (500.co/portfolio),2026-08-05T18:15:38.487875+00:00,True,
2155,"Tapas Media, Inc.",https://tapastic.com,"Entertainment / Media, Social Impact",United States,500 Global Portfolio (500.co/portfolio),2026-08-05T18:15:38.487875+00:00,True,
2156,Prenetics Limited,https://www.prenetics.com,BioTech & Life Sciences,Hong Kong,500 Global Portfolio (500.co/portfolio),2026-08-05T18:15:38.487875+00:00,True,
2157,"Noonswoon, Inc.",https://noonswoonapp.com,Social Impact,United States,500 Global Portfolio (500.co/portfolio),2026-08-05T18:15:38.487875+00:00,True,
2158,Wrappup Inc.,https://www.wrappup.ai,Data & Analytics,United States,500 Global Portfolio (500.co/portfolio),2026-08-05T18:15:38.487875+00:00,True,
2159,"LaunchBit, Inc.",https://launchbit.com,Content,United States,500 Global Portfolio (500.co/portfolio),2026-08-05T18:15:38.487875+00:00,True,
2160,"Volta Industries, Inc.",https://www.voltacharging.com,Automotive,United States,500 Global Portfolio (500.co/portfolio),2026-08-05T18:15:38.487875+00:00,True,
2161,Simple Finance Technology Corp.,https://simple.com,FinTech,United States,500 Global Portfolio (500.co/portfolio),2026-08-05T18:15:38.487875+00:00,True,
2162,Activate Holdings LLC,https://sverve.com,Content,United States,500 Global Portfolio (500.co/portfolio),2026-08-05T18:15:38.487875+00:00,True,
2163,"Primeloop, Inc.",https://primeloop.com,Content,United States,500 Global Portfolio (500.co/portfolio),2026-08-05T18:15:38.487875+00:00,True,
2164,Socialtools.me SA,https://socialtools.me,Content,United States,500 Global Portfolio (500.co/portfolio),2026-08-05T18:15:38.487875+00:00,True,
2165,"Baker Technologies, Inc.",https://trybaker.com,Healthcare,United States,500 Global Portfolio (500.co/portfolio),2026-08-05T18:15:38.487875+00:00,True,
2166,Songline Analytics Private Limited,https://uninstall.io,"Content, Developer Tools",India,500 Global Portfolio (500.co/portfolio),2026-08-05T18:15:38.487875+00:00,True,
2167,"EVENTup, Inc.",https://eventup.com,Real Estate,United States,500 Global Portfolio (500.co/portfolio),2026-08-05T18:15:38.487875+00:00,True,
2168,"CStorePro, Inc.",https://cstorepro.com,"Data & Analytics, Infrastructure",United States,500 Global Portfolio (500.co/portfolio),2026-08-05T18:15:38.487875+00:00,True,
2169,Intap Labs Pvt. Ltd.,https://helloenglish.com,Education,India,500 Global Portfolio (500.co/portfolio),2026-08-05T18:15:38.487875+00:00,True,
2170,Strigy Media Ltd.,https://www.texel.live,Entertainment / Media,Israel,500 Global Portfolio (500.co/portfolio),2026-08-05T18:15:38.487875+00:00,True,
2171,"Bstow, Inc.",https://www.cheerfulgiving.com,FinTech,United States,500 Global Portfolio (500.co/portfolio),2026-08-05T18:15:38.487875+00:00,True,
2172,"Greply, Inc.",https://streem.com,Developer Tools,United States,500 Global Portfolio (500.co/portfolio),2026-08-05T18:15:38.487875+00:00,True,
2173,"Keen Systems, Inc.",https://keenprint.com,Developer Tools,United States,500 Global Portfolio (500.co/portfolio),2026-08-05T18:15:38.487875+00:00,True,
2174,"UniversityNow, Inc.",https://unow.com,"Developer Tools, Education",United States,500 Global Portfolio (500.co/portfolio),2026-08-05T18:15:38.487875+00:00,True,
2175,"NanoGrid Technologies, PBC",https://nanogrid.tech,Energy,United States,500 Global Portfolio (500.co/portfolio),2026-08-05T18:15:38.487875+00:00,True,
2176,YouScan Limited,https://www.leadscanr.com,Content,Cyprus,500 Global Portfolio (500.co/portfolio),2026-08-05T18:15:38.487875+00:00,True,
2177,CourseGuide Inc.,https://coursereport.com,HR Tech,United States,500 Global Portfolio (500.co/portfolio),2026-08-05T18:15:38.487875+00:00,True,
2178,HandUp PBC,https://handup.org,FinTech,United States,500 Global Portfolio (500.co/portfolio),2026-08-05T18:15:38.487875+00:00,True,
2179,Finsify Global Pte Ltd,https://hub.finsify.com,FinTech,Singapore,500 Global Portfolio (500.co/portfolio),2026-08-05T18:15:38.487875+00:00,True,
2180,Cloud Academy Inc.,https://cloudacademy.com,HR Tech,United States,500 Global Portfolio (500.co/portfolio),2026-08-05T18:15:38.487875+00:00,True,
2181,Samastha Synergy Pte. Ltd.,https://djoin.id,FinTech,United States,500 Global Portfolio (500.co/portfolio),2026-08-05T18:15:38.487875+00:00,True,
2182,Paraşüt Yazılım Teknolojileri A.Ş.,https://parasut.com,FinTech,Turkey,500 Global Portfolio (500.co/portfolio),2026-08-05T18:15:38.487875+00:00,True,
2183,Inofab Health Technologies,https://www.spirohome.io,Healthcare,Turkey,500 Global Portfolio (500.co/portfolio),2026-08-05T18:15:38.487875+00:00,True,
2184,"ChangeCoin, Inc.",https://changetip.com,"Crypto, Payments",United States,500 Global Portfolio (500.co/portfolio),2026-08-05T18:15:38.487875+00:00,True,
2185,Billplz Sdn Bhd.,https://billplz.com,Payments,Malaysia,500 Global Portfolio (500.co/portfolio),2026-08-05T18:15:38.487875+00:00,True,
2186,ZipMatch Corporation Pte Ltd,https://zipmatch.com,Real Estate,Singapore,500 Global Portfolio (500.co/portfolio),2026-08-05T18:15:38.487875+00:00,True,
2187,"Apsalar, Inc.",https://apsalar.com,"Data & Analytics, Developer Tools",United States,500 Global Portfolio (500.co/portfolio),2026-08-05T18:15:38.487875+00:00,True,
2188,Tableapp Sdn Bhd,https://tableapp.com,Infrastructure,Malaysia,500 Global Portfolio (500.co/portfolio),2026-08-05T18:15:38.487875+00:00,True,
2189,"PupBox, Inc.",https://pupbox.com,Pet Tech,United States,500 Global Portfolio (500.co/portfolio),2026-08-05T18:15:38.487875+00:00,True,
2190,"Lightbox, Inc.",https://lightbox.com,Developer Tools,United States,500 Global Portfolio (500.co/portfolio),2026-08-05T18:15:38.487875+00:00,True,
2191,Sentisis Analytics S.L.,https://www.sentisis.com,Data & Analytics,United States,500 Global Portfolio (500.co/portfolio),2026-08-05T18:15:38.487875+00:00,True,
2192,SkyGiraffe Software Ltd.,https://skygiraffe.com,Developer Tools,Israel,500 Global Portfolio (500.co/portfolio),2026-08-05T18:15:38.487875+00:00,True,
2193,"CardMunch, Inc.",https://cardmunch.com,Content,United States,500 Global Portfolio (500.co/portfolio),2026-08-05T18:15:38.487875+00:00,True,
2194,"HubLogix, Inc.",https://hublogix.com,Supply Chain,United States,500 Global Portfolio (500.co/portfolio),2026-08-05T18:15:38.487875+00:00,True,
2195,Test Account for Smoke Testing By Shahroz,,,India,500 Global Portfolio (500.co/portfolio),2026-08-05T18:15:38.487875+00:00,True,
2196,"OPN Holdings Co., Ltd.",https://www.opn.ooo,"FinTech, Payments",Japan,500 Global Portfolio (500.co/portfolio),2026-08-05T18:15:38.487875+00:00,True,
2197,Govlist Inc.,https://thegovlist.com,Government,United States,500 Global Portfolio (500.co/portfolio),2026-08-05T18:15:38.487875+00:00,True,
2198,"TicTasks, Inc.",https://proven.com,HR Tech,United States,500 Global Portfolio (500.co/portfolio),2026-08-05T18:15:38.487875+00:00,True,
2199,"Punchd Labs, Inc.",https://getpunchd.com,Content,United States,500 Global Portfolio (500.co/portfolio),2026-08-05T18:15:38.487875+00:00,True,
2200,"Woomoo, Inc.",https://www.woomoo.in,Developer Tools,United States,500 Global Portfolio (500.co/portfolio),2026-08-05T18:15:38.487875+00:00,True,
2201,"Privy, Inc.",https://privy.com,Data & Analytics,United States,500 Global Portfolio (500.co/portfolio),2026-08-05T18:15:38.487875+00:00,True,
2202,Propiedades Punto Com S.A.P.I. DE C.V.,https://propiedades.com,Real Estate,Mexico,500 Global Portfolio (500.co/portfolio),2026-08-05T18:15:38.487875+00:00,True,
2203,"Neuron Fuel, Inc.",https://tynker.com,Education,United States,500 Global Portfolio (500.co/portfolio),2026-08-05T18:15:38.487875+00:00,True,
2204,"DailyGobble, Inc.",https://relevantmobile.com,Content,United States,500 Global Portfolio (500.co/portfolio),2026-08-05T18:15:38.487875+00:00,True,
2205,"Voicevoice, Inc.",https://maestroconference.com,Developer Tools,United States,500 Global Portfolio (500.co/portfolio),2026-08-05T18:15:38.487875+00:00,True,
2206,"Front Row Education, Inc.",https://www.freckle.com,Developer Tools,United States,500 Global Portfolio (500.co/portfolio),2026-08-05T18:15:38.487875+00:00,True,
2207,"YayPay, Inc.",https://yaypay.com,FinTech,United States,500 Global Portfolio (500.co/portfolio),2026-08-05T18:15:38.487875+00:00,True,
2208,"OhmConnect, Inc.",https://www.ohmconnect.com,Energy,United States,500 Global Portfolio (500.co/portfolio),2026-08-05T18:15:38.487875+00:00,True,
2209,MCH Ventures Inc.,https://mahmee.com,Education,United States,500 Global Portfolio (500.co/portfolio),2026-08-05T18:15:38.487875+00:00,True,
2210,"Graphicly, Inc.",https://graphicly.com,Data & Analytics,United States,500 Global Portfolio (500.co/portfolio),2026-08-05T18:15:38.487875+00:00,True,
2211,"OLSET, Inc.",https://olset.com,Travel & Tourism,United States,500 Global Portfolio (500.co/portfolio),2026-08-05T18:15:38.487875+00:00,True,
2212,QueueDr LLC,https://queuedr.com,Health Tech,United States,500 Global Portfolio (500.co/portfolio),2026-08-05T18:15:38.487875+00:00,True,
2213,"Harmonica IT, Inc.",https://harmonica.life,Social Impact,United States,500 Global Portfolio (500.co/portfolio),2026-08-05T18:15:38.487875+00:00,True,
2214,ZipDial Mobile Solutions Pvt Ltd,https://zipdial.com,Content,India,500 Global Portfolio (500.co/portfolio),2026-08-05T18:15:38.487875+00:00,True,
2215,"Remind101, Inc.",https://remind.com,Education,United States,500 Global Portfolio (500.co/portfolio),2026-08-05T18:15:38.487875+00:00,True,
2216,API Fortress Inc.,https://apifortress.com,Developer Tools,United States,500 Global Portfolio (500.co/portfolio),2026-08-05T18:15:38.487875+00:00,True,
2217,Innohub Inc.,https://uplette.com,Content,Canada,500 Global Portfolio (500.co/portfolio),2026-08-05T18:15:38.487875+00:00,True,
2218,"Republic Project, Inc.",https://republicproject.com,Content,United States,500 Global Portfolio (500.co/portfolio),2026-08-05T18:15:38.487875+00:00,True,
2219,"Insurgent, Inc.",https://www.fundrocket.com,Credit & Lending,United States,500 Global Portfolio (500.co/portfolio),2026-08-05T18:15:38.487875+00:00,True,
2220,"OnFarm Systems, Inc.",https://onfarm.com,AgTech,United States,500 Global Portfolio (500.co/portfolio),2026-08-05T18:15:38.487875+00:00,True,
2221,Simless Inc,https://simless.com,Developer Tools,United States,500 Global Portfolio (500.co/portfolio),2026-08-05T18:15:38.487875+00:00,True,
2222,"BarkBox, Inc.",https://www.barkbox.com,Pet Tech,United States,500 Global Portfolio (500.co/portfolio),2026-08-05T18:15:38.487875+00:00,True,
2223,"Life360, Inc.",https://life360.com,Healthcare,United States,500 Global Portfolio (500.co/portfolio),2026-08-05T18:15:38.487875+00:00,True,
2224,Erudifi Holdings Pte. Ltd.,https://erudifi.com,Credit & Lending,Singapore,500 Global Portfolio (500.co/portfolio),2026-08-05T18:15:38.487875+00:00,True,
2225,Doodle Mobile Ltd,https://doodlemobile.com,Gaming,Cayman Islands,500 Global Portfolio (500.co/portfolio),2026-08-05T18:15:38.487875+00:00,True,
2226,"Modest, Inc.",https://modest.com,,United States,500 Global Portfolio (500.co/portfolio),2026-08-05T18:15:38.487875+00:00,True,
2227,Wallex Technologies Pte Ltd,https://wallex.asia,Payments,Singapore,500 Global Portfolio (500.co/portfolio),2026-08-05T18:15:38.487875+00:00,True,
2228,"Prodsmart, Informática, Lda.",https://prodsmart.com,"Data & Analytics, Productivity",Portugal,500 Global Portfolio (500.co/portfolio),2026-08-05T18:15:38.487875+00:00,True,
2229,"Valor Water Analytics, Inc.",https://valorwater.com,Climate Tech,United States,500 Global Portfolio (500.co/portfolio),2026-08-05T18:15:38.487875+00:00,True,
2230,"Zesty, Inc",https://zesty.com,Mobility,United States,500 Global Portfolio (500.co/portfolio),2026-08-05T18:15:38.487875+00:00,True,
2231,Bankiom Technologies LTD,https://www.bankiom.com,FinTech,United Arab Emirates,500 Global Portfolio (500.co/portfolio),2026-08-05T18:15:38.487875+00:00,True,
2232,Tokyo Otaku Mode Inc.,https://corporate.otakumode.com,Social Impact,Japan,500 Global Portfolio (500.co/portfolio),2026-08-05T18:15:38.487875+00:00,True,
2233,"OneSpot, Inc.",https://onespot.com,Content,United States,500 Global Portfolio (500.co/portfolio),2026-08-05T18:15:38.487875+00:00,True,
2234,"Nuzzel, Inc.",https://nuzzel.com,Social Impact,United States,500 Global Portfolio (500.co/portfolio),2026-08-05T18:15:38.487875+00:00,True,
2235,"Enchanted Labs, Inc.",https://likebucket.com,"Travel & Tourism, Social Impact",United States,500 Global Portfolio (500.co/portfolio),2026-08-05T18:15:38.487875+00:00,True,
2236,"Divshot, Inc.",https://divshot.com,Developer Tools,United States,500 Global Portfolio (500.co/portfolio),2026-08-05T18:15:38.487875+00:00,True,
2237,Payvment Inc,https://payvment.com,Social Impact,United States,500 Global Portfolio (500.co/portfolio),2026-08-05T18:15:38.487875+00:00,True,
2238,"Bionic Panda Games, Inc.",https://bionicpandagames.com,Gaming,United States,500 Global Portfolio (500.co/portfolio),2026-08-05T18:15:38.487875+00:00,True,
2239,BenRevo Inc.,https://benrevo.com,InsurTech,United States,500 Global Portfolio (500.co/portfolio),2026-08-05T18:15:38.487875+00:00,True,
2240,"Zya, Inc.",https://zyamusic.com,"Entertainment / Media, Social Media",United States,500 Global Portfolio (500.co/portfolio),2026-08-05T18:15:38.487875+00:00,True,
2241,"Careport Health, Inc.",https://careporthealth.com,Healthcare,United States,500 Global Portfolio (500.co/portfolio),2026-08-05T18:15:38.487875+00:00,True,
2242,"Whoosh Traffic, Inc.",https://www.marketvibe.com,Content,United States,500 Global Portfolio (500.co/portfolio),2026-08-05T18:15:38.487875+00:00,True,
