S_No,Company_name,Website,Sector,Country,Source,Updated_at,Active,No_of_employees
1,DigitalOcean,https://digitalocean.com,Cloudtech and DevOps,United States,Techstars Portfolio (techstars.com/portfolio),2026-08-05T18:36:58.568130+00:00,True,
2,Zipline,https://flyzipline.com,"Mobility tech, Robotics and Drones, Supply chain technology",United States,Techstars Portfolio (techstars.com/portfolio),2026-08-05T18:36:58.568130+00:00,True,
3,Chainalysis,https://chainalysis.com,"Cryptocurrency/Blockchain, Fintech",United States,Techstars Portfolio (techstars.com/portfolio),2026-08-05T18:36:58.568130+00:00,True,
4,ClassPass,https://classpass.com,"Lifestyles of Health and Sustainability and wellness, Mobile",United States,Techstars Portfolio (techstars.com/portfolio),2026-08-05T18:36:58.568130+00:00,True,
5,TradingView,https://tradingview.com,"Big Data, Fintech",United States,Techstars Portfolio (techstars.com/portfolio),2026-08-05T18:36:58.568130+00:00,True,
6,DataRobot,https://datarobot.com,Artificial intelligence and machine learning,United States,Techstars Portfolio (techstars.com/portfolio),2026-08-05T18:36:58.568130+00:00,True,
7,Remitly,https://remitly.com,"Fintech, Mobile",United States,Techstars Portfolio (techstars.com/portfolio),2026-08-05T18:36:58.568130+00:00,True,
8,Outreach,https://outreach.io,"Artificial intelligence and machine learning, Marketing tech, Technology, media and telecommunications",United States,Techstars Portfolio (techstars.com/portfolio),2026-08-05T18:36:58.568130+00:00,True,
9,SalesLoft,https://salesloft.com,"Marketing tech, SaaS",United States,Techstars Portfolio (techstars.com/portfolio),2026-08-05T18:36:58.568130+00:00,True,
10,SendGrid,https://sendgrid.com,Mobile,United States,Techstars Portfolio (techstars.com/portfolio),2026-08-05T18:36:58.568130+00:00,True,
11,Veho,https://shipveho.com,"Industrials, Supply chain technology",United States,Techstars Portfolio (techstars.com/portfolio),2026-08-05T18:36:58.568130+00:00,True,
12,DOOR,https://door.com,"Internet of Things, Manufacturing, Real estate tech",United States,Techstars Portfolio (techstars.com/portfolio),2026-08-05T18:36:58.568130+00:00,True,
13,Alloy,https://alloy.co,"Cybersecurity, Fintech",United States,Techstars Portfolio (techstars.com/portfolio),2026-08-05T18:36:58.568130+00:00,True,
14,Self,https://self.inc,Fintech,United States,Techstars Portfolio (techstars.com/portfolio),2026-08-05T18:36:58.568130+00:00,True,
15,Degreed,https://degreed.com,Edtech,United States,Techstars Portfolio (techstars.com/portfolio),2026-08-05T18:36:58.568130+00:00,True,
16,OpenLoop,https://openloophealth.com,"Artificial intelligence and machine learning, Digital health, Healthtech",United States,Techstars Portfolio (techstars.com/portfolio),2026-08-05T18:36:58.568130+00:00,True,
17,Twelve,https://twelve.co,"Cleantech, Climate tech",United States,Techstars Portfolio (techstars.com/portfolio),2026-08-05T18:36:58.568130+00:00,True,
18,Branch,https://branchapp.com,"Fintech, Mobile",United States,Techstars Portfolio (techstars.com/portfolio),2026-08-05T18:36:58.568130+00:00,True,
19,Preply,https://preply.com,Edtech,United States,Techstars Portfolio (techstars.com/portfolio),2026-08-05T18:36:58.568130+00:00,True,
20,GINGER.IO,https://ginger.com,"Digital health, Healthtech, Mobile",United States,Techstars Portfolio (techstars.com/portfolio),2026-08-05T18:36:58.568130+00:00,True,
21,Novo,https://novo.co,"Artificial intelligence and machine learning, Fintech",United States,Techstars Portfolio (techstars.com/portfolio),2026-08-05T18:36:58.568130+00:00,True,
22,GlossGenius,https://glossgenius.com,"Beauty, Marketing tech, Mobile",United States,Techstars Portfolio (techstars.com/portfolio),2026-08-05T18:36:58.568130+00:00,True,
23,Newsela,https://newsela.com,Edtech,United States,Techstars Portfolio (techstars.com/portfolio),2026-08-05T18:36:58.568130+00:00,True,
24,Sendbird,https://sendbird.com,Mobile,United States,Techstars Portfolio (techstars.com/portfolio),2026-08-05T18:36:58.568130+00:00,True,
25,PillPack,https://pillpack.com,Digital health,United States,Techstars Portfolio (techstars.com/portfolio),2026-08-05T18:36:58.568130+00:00,True,
26,Openly,https://openly.com,"Fintech, Insurtech",United States,Techstars Portfolio (techstars.com/portfolio),2026-08-05T18:36:58.568130+00:00,True,
27,Kadence,https://kadence.co,Mobile,United States,Techstars Portfolio (techstars.com/portfolio),2026-08-05T18:36:58.568130+00:00,True,
28,Kepler Communications,https://kepler.space,"Industrials, Infrastructure, Internet of Things, Space tech",Canada,Techstars Portfolio (techstars.com/portfolio),2026-08-05T18:36:58.568130+00:00,True,
29,Gorgias,https://gorgias.com,"Artificial intelligence and machine learning, Big Data, Technology, media and telecommunications",United States,Techstars Portfolio (techstars.com/portfolio),2026-08-05T18:36:58.568130+00:00,True,
30,Bevi,https://bevi.co,"Cleantech, Foodtech",United States,Techstars Portfolio (techstars.com/portfolio),2026-08-05T18:36:58.568130+00:00,True,
31,Artera,https://artera.io,"Digital health, Healthtech, Mobile",United States,Techstars Portfolio (techstars.com/portfolio),2026-08-05T18:36:58.568130+00:00,True,
32,Twelve Labs,https://twelvelabs.io,"Artificial intelligence and machine learning, Infrastructure",United States,Techstars Portfolio (techstars.com/portfolio),2026-08-05T18:36:58.568130+00:00,True,
33,Tive,https://tive.com,"Internet of Things, Supply chain technology",United States,Techstars Portfolio (techstars.com/portfolio),2026-08-05T18:36:58.568130+00:00,True,
34,Funnel Leasing,https://funnelleasing.com,"Marketing tech, Real estate tech, Technology, media and telecommunications",United States,Techstars Portfolio (techstars.com/portfolio),2026-08-05T18:36:58.568130+00:00,True,
35,Synack,https://synack.com,"Artificial intelligence and machine learning, Cybersecurity",United States,Techstars Portfolio (techstars.com/portfolio),2026-08-05T18:36:58.568130+00:00,True,
36,Splitty,https://splittytravel.com,Mobile commerce,Israel,Techstars Portfolio (techstars.com/portfolio),2026-08-05T18:36:58.568130+00:00,True,
37,MANTL,https://mantl.com,"Fintech, Mobile",United States,Techstars Portfolio (techstars.com/portfolio),2026-08-05T18:36:58.568130+00:00,True,
38,Ordermark,https://ordermark.com,"Foodtech, Mobility tech, Supply chain technology",United States,Techstars Portfolio (techstars.com/portfolio),2026-08-05T18:36:58.568130+00:00,True,
39,Phoenix Tailings,https://phoenixtailings.com,"Cleantech, Climate tech, Fintech, Industrials, Infrastructure, Manufacturing, Mobility tech",United States,Techstars Portfolio (techstars.com/portfolio),2026-08-05T18:36:58.568130+00:00,True,
40,StatMuse,https://statmuse.com,Artificial intelligence and machine learning,United States,Techstars Portfolio (techstars.com/portfolio),2026-08-05T18:36:58.568130+00:00,True,
41,LogicGate,https://logicgate.com,"Technology, media and telecommunications",United States,Techstars Portfolio (techstars.com/portfolio),2026-08-05T18:36:58.568130+00:00,True,
42,Narmi,https://narmi.com,Fintech,United States,Techstars Portfolio (techstars.com/portfolio),2026-08-05T18:36:58.568130+00:00,True,
43,Damon Motorcycles,https://damon.com,"Artificial intelligence and machine learning, Mobility tech",Canada,Techstars Portfolio (techstars.com/portfolio),2026-08-05T18:36:58.568130+00:00,True,
44,Community,https://community.com,Mobile,United States,Techstars Portfolio (techstars.com/portfolio),2026-08-05T18:36:58.568130+00:00,True,
45,Regard,https://regard.com,"Artificial intelligence and machine learning, Healthtech, Insurtech",United States,Techstars Portfolio (techstars.com/portfolio),2026-08-05T18:36:58.568130+00:00,True,
46,BentoBox,https://getbento.com,,United States,Techstars Portfolio (techstars.com/portfolio),2026-08-05T18:36:58.568130+00:00,True,
47,Trust & Will,https://trustandwill.com,"Fintech, Legal tech",United States,Techstars Portfolio (techstars.com/portfolio),2026-08-05T18:36:58.568130+00:00,True,
48,Lifebit Biotech,https://lifebit.ai,"Artificial intelligence and machine learning, Big Data, Healthtech",United Kingdom,Techstars Portfolio (techstars.com/portfolio),2026-08-05T18:36:58.568130+00:00,True,
49,Comet,https://comet.com,"Artificial intelligence and machine learning, Big Data",United States,Techstars Portfolio (techstars.com/portfolio),2026-08-05T18:36:58.568130+00:00,True,
50,Project Canary,https://projectcanary.com,"Cleantech, Climate tech, Industrials, Lifestyles of Health and Sustainability and wellness",United States,Techstars Portfolio (techstars.com/portfolio),2026-08-05T18:36:58.568130+00:00,True,
51,DNSFilter,https://dnsfilter.com,"Artificial intelligence and machine learning, Cybersecurity",United States,Techstars Portfolio (techstars.com/portfolio),2026-08-05T18:36:58.568130+00:00,True,
52,Solstice,https://solstice.us,"Cleantech, Climate tech",United States,Techstars Portfolio (techstars.com/portfolio),2026-08-05T18:36:58.568130+00:00,True,
53,Vitally,https://vitally.io,,United States,Techstars Portfolio (techstars.com/portfolio),2026-08-05T18:36:58.568130+00:00,True,
54,LevelTen Energy,https://leveltenenergy.com,"Cleantech, Climate tech",United States,Techstars Portfolio (techstars.com/portfolio),2026-08-05T18:36:58.568130+00:00,True,
55,Arrived,https://arrived.com,"Fintech, Real estate tech",United States,Techstars Portfolio (techstars.com/portfolio),2026-08-05T18:36:58.568130+00:00,True,
56,Healthie,https://gethealthie.com,"Healthtech, Lifestyles of Health and Sustainability and wellness",United States,Techstars Portfolio (techstars.com/portfolio),2026-08-05T18:36:58.568130+00:00,True,
57,DataCamp,https://datacamp.com,Edtech,United States,Techstars Portfolio (techstars.com/portfolio),2026-08-05T18:36:58.568130+00:00,True,
58,Slingshot Aerospace,https://slingshot.space,"Artificial intelligence and machine learning, Big Data, Robotics and Drones, Space tech",United States,Techstars Portfolio (techstars.com/portfolio),2026-08-05T18:36:58.568130+00:00,True,
59,SkySpecs,https://skyspecs.com,"Cleantech, Climate tech, Robotics and Drones",United States,Techstars Portfolio (techstars.com/portfolio),2026-08-05T18:36:58.568130+00:00,True,
60,Strategic Blue,https://strategic-blue.com,Fintech,United Kingdom,Techstars Portfolio (techstars.com/portfolio),2026-08-05T18:36:58.568130+00:00,True,
61,PadSplit,https://padsplit.com,Real estate tech,United States,Techstars Portfolio (techstars.com/portfolio),2026-08-05T18:36:58.568130+00:00,True,
62,Convey,https://getconvey.com,Supply chain technology,United States,Techstars Portfolio (techstars.com/portfolio),2026-08-05T18:36:58.568130+00:00,True,
63,Tasso,https://tassoinc.com,Healthtech,United States,Techstars Portfolio (techstars.com/portfolio),2026-08-05T18:36:58.568130+00:00,True,
64,ClassWallet,https://classwallet.com,Fintech,United States,Techstars Portfolio (techstars.com/portfolio),2026-08-05T18:36:58.568130+00:00,True,
65,Sphero,https://sphero.com,"Edtech, Mobile, Robotics and Drones, Virtual reality",United States,Techstars Portfolio (techstars.com/portfolio),2026-08-05T18:36:58.568130+00:00,True,
66,Placester,https://placester.com,"Marketing tech, Real estate tech",United States,Techstars Portfolio (techstars.com/portfolio),2026-08-05T18:36:58.568130+00:00,True,
67,SmartHop,https://smarthop.com,"Artificial intelligence and machine learning, Supply chain technology",United States,Techstars Portfolio (techstars.com/portfolio),2026-08-05T18:36:58.568130+00:00,True,
68,TomoCredit,https://tomocredit.com,"Cryptocurrency/Blockchain, Fintech",United States,Techstars Portfolio (techstars.com/portfolio),2026-08-05T18:36:58.568130+00:00,True,
69,Vita Inclinata,https://vitatech.co,Industrials,United States,Techstars Portfolio (techstars.com/portfolio),2026-08-05T18:36:58.568130+00:00,True,
70,Rasa,https://rasa.com,"Artificial intelligence and machine learning, Big Data",United States,Techstars Portfolio (techstars.com/portfolio),2026-08-05T18:36:58.568130+00:00,True,
71,Wise Systems,https://wisesystems.com,"Artificial intelligence and machine learning, Big Data, Mobility tech, Supply chain technology",United States,Techstars Portfolio (techstars.com/portfolio),2026-08-05T18:36:58.568130+00:00,True,
72,Overstory,https://20tree.ai,"Artificial intelligence and machine learning, Cleantech, Climate tech, Insurtech",Netherlands,Techstars Portfolio (techstars.com/portfolio),2026-08-05T18:36:58.568130+00:00,True,
73,Cube,https://cubesoftware.com,"Artificial intelligence and machine learning, Cloudtech and DevOps, Fintech",United States,Techstars Portfolio (techstars.com/portfolio),2026-08-05T18:36:58.568130+00:00,True,
74,Fideo Intelligence,https://fideo.ai,Big Data,United States,Techstars Portfolio (techstars.com/portfolio),2026-08-05T18:36:58.568130+00:00,True,
75,Logixboard,https://logixboard.com,"Big Data, Supply chain technology",United States,Techstars Portfolio (techstars.com/portfolio),2026-08-05T18:36:58.568130+00:00,True,
76,Cutover,https://cutover.com,SaaS,United Kingdom,Techstars Portfolio (techstars.com/portfolio),2026-08-05T18:36:58.568130+00:00,True,
77,Bark,https://bark.us,Artificial intelligence and machine learning,United States,Techstars Portfolio (techstars.com/portfolio),2026-08-05T18:36:58.568130+00:00,True,
78,Pixxel,https://pixxel.space,"Agtech, Big Data, Cleantech, Climate tech, Space tech",United States,Techstars Portfolio (techstars.com/portfolio),2026-08-05T18:36:58.568130+00:00,True,
79,Stream,https://getstream.io,"Big Data, Cloudtech and DevOps",United States,Techstars Portfolio (techstars.com/portfolio),2026-08-05T18:36:58.568130+00:00,True,
80,INSPECTORIO,https://inspectorio.com,"Artificial intelligence and machine learning, Climate tech",United States,Techstars Portfolio (techstars.com/portfolio),2026-08-05T18:36:58.568130+00:00,True,
81,Wunder,https://wewunder.com,"Artificial intelligence and machine learning, Cleantech, Climate tech, Fintech",United States,Techstars Portfolio (techstars.com/portfolio),2026-08-05T18:36:58.568130+00:00,True,
82,The Helper Bees,https://thehelperbees.com,"Fintech, Insurtech, Lifestyles of Health and Sustainability and wellness",United States,Techstars Portfolio (techstars.com/portfolio),2026-08-05T18:36:58.568130+00:00,True,
83,soona,https://soona.co,"Technology, media and telecommunications",United States,Techstars Portfolio (techstars.com/portfolio),2026-08-05T18:36:58.568130+00:00,True,
84,Mathpix,https://mathpix.com,Mobile,United States,Techstars Portfolio (techstars.com/portfolio),2026-08-05T18:36:58.568130+00:00,True,
85,Airspace Link,https://airspacelink.com,"Mobility tech, Robotics and Drones, Supply chain technology",United States,Techstars Portfolio (techstars.com/portfolio),2026-08-05T18:36:58.568130+00:00,True,
86,Plated,https://plated.com,"Foodtech, Mobile, Supply chain technology",United States,Techstars Portfolio (techstars.com/portfolio),2026-08-05T18:36:58.568130+00:00,True,
87,Applica,https://applica.ai,Artificial intelligence and machine learning,Poland,Techstars Portfolio (techstars.com/portfolio),2026-08-05T18:36:58.568130+00:00,True,
88,Mast Reforestation,https://mastreforest.com,"Artificial intelligence and machine learning, Cleantech, Fintech, Robotics and Drones",United States,Techstars Portfolio (techstars.com/portfolio),2026-08-05T18:36:58.568130+00:00,True,
89,Own Up,https://ownup.com,"Fintech, Real estate tech",United States,Techstars Portfolio (techstars.com/portfolio),2026-08-05T18:36:58.568130+00:00,True,
90,One Model,https://onemodel.co,"Artificial intelligence and machine learning, HRtech",United States,Techstars Portfolio (techstars.com/portfolio),2026-08-05T18:36:58.568130+00:00,True,
91,Blink,https://joinblink.com,"HRtech, Internet of Things, Mobile, SaaS",United Kingdom,Techstars Portfolio (techstars.com/portfolio),2026-08-05T18:36:58.568130+00:00,True,
92,Elektrik App,https://elektrikapp.com,Climate tech,United States,Techstars Portfolio (techstars.com/portfolio),2026-08-05T18:36:58.568130+00:00,True,
93,Metro Africa Xpress,https://maxdrive.ai,"Micromobility, Mobility tech, Ridesharing, Supply chain technology",Nigeria,Techstars Portfolio (techstars.com/portfolio),2026-08-05T18:36:58.568130+00:00,True,
94,App Samurai,https://appsamurai.com,"Adtech, Marketing tech, Mobile",United States,Techstars Portfolio (techstars.com/portfolio),2026-08-05T18:36:58.568130+00:00,True,
95,Lane,https://joinlane.com,Real estate tech,Canada,Techstars Portfolio (techstars.com/portfolio),2026-08-05T18:36:58.568130+00:00,True,
96,Hydrosat,https://hydrosat.com,"Artificial intelligence and machine learning, Climate tech",United States,Techstars Portfolio (techstars.com/portfolio),2026-08-05T18:36:58.568130+00:00,True,
97,Remesh,https://remesh.ai,"Adtech, Artificial intelligence and machine learning, Big Data, Marketing tech",United States,Techstars Portfolio (techstars.com/portfolio),2026-08-05T18:36:58.568130+00:00,True,
98,Testlio,https://testlio.com,"Augmented reality, Cloudtech and DevOps",United States,Techstars Portfolio (techstars.com/portfolio),2026-08-05T18:36:58.568130+00:00,True,
99,Broadlume,https://broadlume.com,Adtech,United States,Techstars Portfolio (techstars.com/portfolio),2026-08-05T18:36:58.568130+00:00,True,
100,Owlet Baby Care,https://owletcare.com,"Digital health, Healthtech, Internet of Things",United States,Techstars Portfolio (techstars.com/portfolio),2026-08-05T18:36:58.568130+00:00,True,
101,Brandfolder,https://brandfolder.com,"Marketing tech, Mobile",United States,Techstars Portfolio (techstars.com/portfolio),2026-08-05T18:36:58.568130+00:00,True,
102,Occipital,https://canvas.io,"Augmented reality, Mobile",United States,Techstars Portfolio (techstars.com/portfolio),2026-08-05T18:36:58.568130+00:00,True,
103,QuSecure,https://qusecure.com,"Cryptocurrency/Blockchain, Cybersecurity",United States,Techstars Portfolio (techstars.com/portfolio),2026-08-05T18:36:58.568130+00:00,True,
104,Morty,https://morty.com,"Fintech, Real estate tech",United States,Techstars Portfolio (techstars.com/portfolio),2026-08-05T18:36:58.568130+00:00,True,
105,Amino,https://aminoapps.com,Mobile,United States,Techstars Portfolio (techstars.com/portfolio),2026-08-05T18:36:58.568130+00:00,True,
106,Circa Labs,https://wearecirca.com,"Fintech, Mobile, Real estate tech",United States,Techstars Portfolio (techstars.com/portfolio),2026-08-05T18:36:58.568130+00:00,True,
107,Ravelin Technology,https://ravelin.com,"Artificial intelligence and machine learning, Cybersecurity",United Kingdom,Techstars Portfolio (techstars.com/portfolio),2026-08-05T18:36:58.568130+00:00,True,
108,Cuvva,https://cuvva.com,Insurtech,United Kingdom,Techstars Portfolio (techstars.com/portfolio),2026-08-05T18:36:58.568130+00:00,True,
109,HyBird,https://hybirdtech.com,"Artificial intelligence and machine learning, Fintech, Robotics and Drones",United Kingdom,Techstars Portfolio (techstars.com/portfolio),2026-08-05T18:36:58.568130+00:00,True,
110,Ground,https://ground.news,Mobile,Canada,Techstars Portfolio (techstars.com/portfolio),2026-08-05T18:36:58.568130+00:00,True,
111,Help Scout,https://helpscout.com,"SaaS, Technology, media and telecommunications",United States,Techstars Portfolio (techstars.com/portfolio),2026-08-05T18:36:58.568130+00:00,True,
112,Kencko Foods,https://kencko.com,Lifestyles of Health and Sustainability and wellness,United States,Techstars Portfolio (techstars.com/portfolio),2026-08-05T18:36:58.568130+00:00,True,
113,AnswersNow,https://getanswersnow.com,"Healthtech, Mobile",United States,Techstars Portfolio (techstars.com/portfolio),2026-08-05T18:36:58.568130+00:00,True,
114,Hydro Wind Energy,https://hw.energy,"Cleantech, Climate tech",United Kingdom,Techstars Portfolio (techstars.com/portfolio),2026-08-05T18:36:58.568130+00:00,True,
115,LawnStarter,https://lawnstarter.com,Mobile,United States,Techstars Portfolio (techstars.com/portfolio),2026-08-05T18:36:58.568130+00:00,True,
116,Ampaire,https://ampaire.com,"Climate tech, Space tech",United States,Techstars Portfolio (techstars.com/portfolio),2026-08-05T18:36:58.568130+00:00,True,
117,telnyx,https://telnyx.com,Internet of Things,United States,Techstars Portfolio (techstars.com/portfolio),2026-08-05T18:36:58.568130+00:00,True,
118,AppliedVR,https://appliedvr.io,"Healthtech, Virtual reality",United States,Techstars Portfolio (techstars.com/portfolio),2026-08-05T18:36:58.568130+00:00,True,
119,Seel,https://seel.com,"Cryptocurrency/Blockchain, Fintech, Insurtech",United States,Techstars Portfolio (techstars.com/portfolio),2026-08-05T18:36:58.568130+00:00,True,
120,Stockly,https://stockly.ai,Supply chain technology,France,Techstars Portfolio (techstars.com/portfolio),2026-08-05T18:36:58.568130+00:00,True,
121,Ultimate.ai,https://ultimate.ai,"Artificial intelligence and machine learning, Cryptocurrency/Blockchain, Fintech, Mobile",Finland,Techstars Portfolio (techstars.com/portfolio),2026-08-05T18:36:58.568130+00:00,True,
122,AppSheet,https://appsheet.com,"Artificial intelligence and machine learning, Cloudtech and DevOps, Mobile",United States,Techstars Portfolio (techstars.com/portfolio),2026-08-05T18:36:58.568130+00:00,True,
123,Freight Farms,https://freightfarms.com,"Agtech, Manufacturing",United States,Techstars Portfolio (techstars.com/portfolio),2026-08-05T18:36:58.568130+00:00,True,
124,Green Eye Technology,https://greeneye.ag,"Artificial intelligence and machine learning, Climate tech, Internet of Things",Israel,Techstars Portfolio (techstars.com/portfolio),2026-08-05T18:36:58.568130+00:00,True,
125,Kard,https://getkard.com,Fintech,United States,Techstars Portfolio (techstars.com/portfolio),2026-08-05T18:36:58.568130+00:00,True,
126,Simple Energy,https://simpleenergy.com,"Cleantech, Fintech, Mobile",United States,Techstars Portfolio (techstars.com/portfolio),2026-08-05T18:36:58.568130+00:00,True,
127,Ovia Health,https://oviahealth.com,"Digital health, Femtech, Healthtech, Lifestyles of Health and Sustainability and wellness, Mobile",United States,Techstars Portfolio (techstars.com/portfolio),2026-08-05T18:36:58.568130+00:00,True,
128,CrowdTwist,https://crowdtwist.com,"Artificial intelligence and machine learning, Big Data, Fintech, SaaS",United States,Techstars Portfolio (techstars.com/portfolio),2026-08-05T18:36:58.568130+00:00,True,
129,Cloudability,https://cloudability.com,"Artificial intelligence and machine learning, Big Data, Cloudtech and DevOps, Fintech",United States,Techstars Portfolio (techstars.com/portfolio),2026-08-05T18:36:58.568130+00:00,True,
130,Immersed,https://immersed.com,"Mobile, Virtual reality",United States,Techstars Portfolio (techstars.com/portfolio),2026-08-05T18:36:58.568130+00:00,True,
131,AND Global,https://and.global,"Artificial intelligence and machine learning, Fintech, Mobile",Mongolia,Techstars Portfolio (techstars.com/portfolio),2026-08-05T18:36:58.568130+00:00,True,
132,Slang,https://slang.ai,"Artificial intelligence and machine learning, HRtech",United States,Techstars Portfolio (techstars.com/portfolio),2026-08-05T18:36:58.568130+00:00,True,
133,Certa,https://getcerta.com,"Artificial intelligence and machine learning, Fintech, Supply chain technology",United States,Techstars Portfolio (techstars.com/portfolio),2026-08-05T18:36:58.568130+00:00,True,
134,Urban Sky,https://urbansky.com,"Artificial intelligence and machine learning, Big Data, Climate tech, Insurtech, Internet of Things, Oil and gas",United States,Techstars Portfolio (techstars.com/portfolio),2026-08-05T18:36:58.568130+00:00,True,
135,TRED,https://tred.com,E-commerce,United States,Techstars Portfolio (techstars.com/portfolio),2026-08-05T18:36:58.568130+00:00,True,
136,Circuit,https://getcircuit.com,"Micromobility, Mobile",United Kingdom,Techstars Portfolio (techstars.com/portfolio),2026-08-05T18:36:58.568130+00:00,True,
137,Pilot,https://pilotfiber.com,"Fintech, HRtech, Mobile, Technology, media and telecommunications",United States,Techstars Portfolio (techstars.com/portfolio),2026-08-05T18:36:58.568130+00:00,True,
138,Sheeva,https://sheeva.ai,"Fintech, Mobility tech, SaaS",United States,Techstars Portfolio (techstars.com/portfolio),2026-08-05T18:36:58.568130+00:00,True,
139,Jebbit,https://jebbit.com,"Adtech, Marketing tech",United States,Techstars Portfolio (techstars.com/portfolio),2026-08-05T18:36:58.568130+00:00,True,
140,SparkCharge,https://sparkcharge.io,"Cleantech, Climate tech, Mobility tech",United States,Techstars Portfolio (techstars.com/portfolio),2026-08-05T18:36:58.568130+00:00,True,
141,Revelio Labs,https://reveliolabs.com,"Artificial intelligence and machine learning, HRtech",United States,Techstars Portfolio (techstars.com/portfolio),2026-08-05T18:36:58.568130+00:00,True,
142,Mentor Collective,https://mentorcollective.org,"Cybersecurity, Edtech, Infrastructure, Technology, media and telecommunications",United States,Techstars Portfolio (techstars.com/portfolio),2026-08-05T18:36:58.568130+00:00,True,
143,Orbit Fab,https://orbitfab.com,Infrastructure,United States,Techstars Portfolio (techstars.com/portfolio),2026-08-05T18:36:58.568130+00:00,True,
144,Skopenow,https://skopenow.com,"Artificial intelligence and machine learning, Cybersecurity, Fintech, Insurtech, Mobile",United States,Techstars Portfolio (techstars.com/portfolio),2026-08-05T18:36:58.568130+00:00,True,
145,NATIX,https://natix.network,"Cryptocurrency/Blockchain, Mobility tech",Germany,Techstars Portfolio (techstars.com/portfolio),2026-08-05T18:36:58.568130+00:00,True,
146,Lazarus,https://lazarusai.com,Artificial intelligence and machine learning,United States,Techstars Portfolio (techstars.com/portfolio),2026-08-05T18:36:58.568130+00:00,True,
147,Seasats,https://seasats.com,Robotics and Drones,United States,Techstars Portfolio (techstars.com/portfolio),2026-08-05T18:36:58.568130+00:00,True,
148,Kredete,https://kredete.io,Fintech,United States,Techstars Portfolio (techstars.com/portfolio),2026-08-05T18:36:58.568130+00:00,True,
149,Nixtla,https://nixtla.io,"Artificial intelligence and machine learning, Cryptocurrency/Blockchain, Fintech",Mexico,Techstars Portfolio (techstars.com/portfolio),2026-08-05T18:36:58.568130+00:00,True,
150,Urban SDK,https://urbansdk.com,Infrastructure,United States,Techstars Portfolio (techstars.com/portfolio),2026-08-05T18:36:58.568130+00:00,True,
151,Sketchfab,https://sketchfab.com,Artificial intelligence and machine learning,United States,Techstars Portfolio (techstars.com/portfolio),2026-08-05T18:36:58.568130+00:00,True,
152,GrabCAD,https://grabcad.com,"Fintech, SaaS",United States,Techstars Portfolio (techstars.com/portfolio),2026-08-05T18:36:58.568130+00:00,True,
153,PathSpot,https://pathspot.com,"Cleantech, Internet of Things",United States,Techstars Portfolio (techstars.com/portfolio),2026-08-05T18:36:58.568130+00:00,True,
154,Vector.ai,https://raft.ai,"Artificial intelligence and machine learning, Fintech",United Kingdom,Techstars Portfolio (techstars.com/portfolio),2026-08-05T18:36:58.568130+00:00,True,
155,Rezilient Health,https://rezilienthealth.com,"Healthtech, Lifestyles of Health and Sustainability and wellness",United States,Techstars Portfolio (techstars.com/portfolio),2026-08-05T18:36:58.568130+00:00,True,
156,Mavrck,https://mavrck.co,Mobile,United States,Techstars Portfolio (techstars.com/portfolio),2026-08-05T18:36:58.568130+00:00,True,
157,Morpheus Space,https://morpheus.space,Space tech,United States,Techstars Portfolio (techstars.com/portfolio),2026-08-05T18:36:58.568130+00:00,True,
158,EnviCore,https://envicoreinc.com,"Cleantech, Climate tech, Oil and gas",Canada,Techstars Portfolio (techstars.com/portfolio),2026-08-05T18:36:58.568130+00:00,True,
159,Taizen,https://usetaizen.com,Artificial intelligence and machine learning,Estonia,Techstars Portfolio (techstars.com/portfolio),2026-08-05T18:36:58.568130+00:00,True,
160,Sensei,https://sensei.tech,Artificial intelligence and machine learning,Portugal,Techstars Portfolio (techstars.com/portfolio),2026-08-05T18:36:58.568130+00:00,True,
161,MOLG,https://molg.ai,"Artificial intelligence and machine learning, Climate tech, Industrials, Manufacturing, Robotics and Drones",United States,Techstars Portfolio (techstars.com/portfolio),2026-08-05T18:36:58.568130+00:00,True,
162,LearnPlatform,https://learnplatform.com,"Artificial intelligence and machine learning, Cybersecurity, Edtech",United States,Techstars Portfolio (techstars.com/portfolio),2026-08-05T18:36:58.568130+00:00,True,
163,Indico Data,https://indico.io,Artificial intelligence and machine learning,United States,Techstars Portfolio (techstars.com/portfolio),2026-08-05T18:36:58.568130+00:00,True,
164,Skiptown,https://skiptown.io,"Manufacturing, Pet tech, Technology, media and telecommunications",United States,Techstars Portfolio (techstars.com/portfolio),2026-08-05T18:36:58.568130+00:00,True,
165,Fig,https://figloans.com,"Fintech, Gaming",United States,Techstars Portfolio (techstars.com/portfolio),2026-08-05T18:36:58.568130+00:00,True,
166,Forward Platform,https://forwardplatform.com,Big Data,United States,Techstars Portfolio (techstars.com/portfolio),2026-08-05T18:36:58.568130+00:00,True,
167,Heights Labs,https://heightslabs.com,"Cybersecurity, Fintech, Infrastructure",United States,Techstars Portfolio (techstars.com/portfolio),2026-08-05T18:36:58.568130+00:00,True,
168,Trellis Research,https://trellis.law,Insurtech,United States,Techstars Portfolio (techstars.com/portfolio),2026-08-05T18:36:58.568130+00:00,True,
169,PlayQ,https://playq.com,"Gaming, Mobile",United States,Techstars Portfolio (techstars.com/portfolio),2026-08-05T18:36:58.568130+00:00,True,
170,Smallhold,https://smallhold.com,"Agtech, Climate tech, Technology, media and telecommunications",United States,Techstars Portfolio (techstars.com/portfolio),2026-08-05T18:36:58.568130+00:00,True,
171,Shieldpay,https://shieldpay.com,"Fintech, Mobile",United Kingdom,Techstars Portfolio (techstars.com/portfolio),2026-08-05T18:36:58.568130+00:00,True,
172,Pretred,https://pretred.com,"Cleantech, Infrastructure, Manufacturing, Oil and gas",United States,Techstars Portfolio (techstars.com/portfolio),2026-08-05T18:36:58.568130+00:00,True,
173,Endel,https://endel.io,"Artificial intelligence and machine learning, Internet of Things, Mobile",Germany,Techstars Portfolio (techstars.com/portfolio),2026-08-05T18:36:58.568130+00:00,True,
174,Milk Moovement,https://milkmoovement.com,"Agtech, Mobile",Canada,Techstars Portfolio (techstars.com/portfolio),2026-08-05T18:36:58.568130+00:00,True,
175,Cledara,https://cledara.com,Fintech,United Kingdom,Techstars Portfolio (techstars.com/portfolio),2026-08-05T18:36:58.568130+00:00,True,
176,Splash,https://splashmusic.com,"Artificial intelligence and machine learning, Gaming, Mobile",Australia,Techstars Portfolio (techstars.com/portfolio),2026-08-05T18:36:58.568130+00:00,True,
177,Traive,https://traivefinance.com,"Agtech, Fintech",Brazil,Techstars Portfolio (techstars.com/portfolio),2026-08-05T18:36:58.568130+00:00,True,
178,Yaspa,https://yaspa.com,"Fintech, Gaming, Mobile",United Kingdom,Techstars Portfolio (techstars.com/portfolio),2026-08-05T18:36:58.568130+00:00,True,
179,LinqAlpha,https://linqalpha.com,"Artificial intelligence and machine learning, Big Data, Fintech",United States,Techstars Portfolio (techstars.com/portfolio),2026-08-05T18:36:58.568130+00:00,True,
180,Distil Networks,https://distilnetworks.com,Infrastructure,United States,Techstars Portfolio (techstars.com/portfolio),2026-08-05T18:36:58.568130+00:00,True,
181,Ara,https://arascreens.com,Mobility tech,United States,Techstars Portfolio (techstars.com/portfolio),2026-08-05T18:36:58.568130+00:00,True,
182,TiLT,https://hellotilt.com,HRtech,United States,Techstars Portfolio (techstars.com/portfolio),2026-08-05T18:36:58.568130+00:00,True,
183,Player's Health,https://playershealth.com,"Fintech, Insurtech",United States,Techstars Portfolio (techstars.com/portfolio),2026-08-05T18:36:58.568130+00:00,True,
184,Swag.com,https://swag.com,"Technology, media and telecommunications",United States,Techstars Portfolio (techstars.com/portfolio),2026-08-05T18:36:58.568130+00:00,True,
185,Solestial,https://solestial.com,Cleantech,United States,Techstars Portfolio (techstars.com/portfolio),2026-08-05T18:36:58.568130+00:00,True,
186,Rwazi,https://rwazi.com,"Artificial intelligence and machine learning, Big Data, Mobile",United States,Techstars Portfolio (techstars.com/portfolio),2026-08-05T18:36:58.568130+00:00,True,
187,Fly By Jing,https://flybyjing.com,Foodtech,United States,Techstars Portfolio (techstars.com/portfolio),2026-08-05T18:36:58.568130+00:00,True,
188,Sigma Ratings,https://sigmaratings.com,Artificial intelligence and machine learning,United States,Techstars Portfolio (techstars.com/portfolio),2026-08-05T18:36:58.568130+00:00,True,
189,Wagmo,https://wagmo.io,Pet tech,United States,Techstars Portfolio (techstars.com/portfolio),2026-08-05T18:36:58.568130+00:00,True,
190,RangeForce,https://vequrity.com,Cybersecurity,United States,Techstars Portfolio (techstars.com/portfolio),2026-08-05T18:36:58.568130+00:00,True,
191,lovepop,https://lovepopcards.com,E-commerce,United States,Techstars Portfolio (techstars.com/portfolio),2026-08-05T18:36:58.568130+00:00,True,
192,Hackajob,https://hackajob.co,HRtech,United Kingdom,Techstars Portfolio (techstars.com/portfolio),2026-08-05T18:36:58.568130+00:00,True,
193,Cogni,https://getcogni.com,"Artificial intelligence and machine learning, Fintech, Mobile",United States,Techstars Portfolio (techstars.com/portfolio),2026-08-05T18:36:58.568130+00:00,True,
194,42Maru,https://42maru.ai,"Artificial intelligence and machine learning, Internet of Things, Mobile, Robotics and Drones",South Korea,Techstars Portfolio (techstars.com/portfolio),2026-08-05T18:36:58.568130+00:00,True,
195,UpsideHoM,https://joinupside.com,"Healthtech, Lifestyles of Health and Sustainability and wellness",United States,Techstars Portfolio (techstars.com/portfolio),2026-08-05T18:36:58.568130+00:00,True,
196,EdSights,https://edsights.io,Big Data,United States,Techstars Portfolio (techstars.com/portfolio),2026-08-05T18:36:58.568130+00:00,True,
197,Maxwell Financial,https://himaxwell.com,"Fintech, Real estate tech",United States,Techstars Portfolio (techstars.com/portfolio),2026-08-05T18:36:58.568130+00:00,True,
198,2ULaundry,https://2ulaundry.com,Mobile,United States,Techstars Portfolio (techstars.com/portfolio),2026-08-05T18:36:58.568130+00:00,True,
199,Knit,https://goknit.com,Mobile,United States,Techstars Portfolio (techstars.com/portfolio),2026-08-05T18:36:58.568130+00:00,True,
200,Involve.AI,https://involvesoft.com,"Artificial intelligence and machine learning, HRtech",United States,Techstars Portfolio (techstars.com/portfolio),2026-08-05T18:36:58.568130+00:00,True,
201,LISNR,https://lisnr.com,"Cloudtech and DevOps, Internet of Things, Mobile",United States,Techstars Portfolio (techstars.com/portfolio),2026-08-05T18:36:58.568130+00:00,True,
202,SkyWatch,https://skywatch.ai,"Artificial intelligence and machine learning, Big Data, Fintech, Insurtech, Robotics and Drones",Canada,Techstars Portfolio (techstars.com/portfolio),2026-08-05T18:36:58.568130+00:00,True,
203,Wakeo,https://wakeo.co,"Artificial intelligence and machine learning, Internet of Things",France,Techstars Portfolio (techstars.com/portfolio),2026-08-05T18:36:58.568130+00:00,True,
204,Vermeer,https://getvermeer.com,"Artificial intelligence and machine learning, Robotics and Drones, Virtual reality",United States,Techstars Portfolio (techstars.com/portfolio),2026-08-05T18:36:58.568130+00:00,True,
205,reTravel.io,https://retravel.io,Big Data,Israel,Techstars Portfolio (techstars.com/portfolio),2026-08-05T18:36:58.568130+00:00,True,
206,Take2.ai,https://take2.ai,"Artificial intelligence and machine learning, HRtech",United States,Techstars Portfolio (techstars.com/portfolio),2026-08-05T18:36:58.568130+00:00,True,
207,Derq,https://derq.com,"Artificial intelligence and machine learning, Big Data, Internet of Things",United Arab Emirates,Techstars Portfolio (techstars.com/portfolio),2026-08-05T18:36:58.568130+00:00,True,
208,Localytics,https://localytics.com,Mobile,United States,Techstars Portfolio (techstars.com/portfolio),2026-08-05T18:36:58.568130+00:00,True,
209,Ionic,https://ionic.io,"Cloudtech and DevOps, Mobile",United States,Techstars Portfolio (techstars.com/portfolio),2026-08-05T18:36:58.568130+00:00,True,
210,Daupler,https://daupler.com,"Infrastructure, Robotics and Drones",United States,Techstars Portfolio (techstars.com/portfolio),2026-08-05T18:36:58.568130+00:00,True,
211,Auquan,https://auquan.com,"Artificial intelligence and machine learning, Fintech",United Kingdom,Techstars Portfolio (techstars.com/portfolio),2026-08-05T18:36:58.568130+00:00,True,
212,Sea Machines Robotics,https://sea-machines.com,"Artificial intelligence and machine learning, Industrials, Robotics and Drones",United States,Techstars Portfolio (techstars.com/portfolio),2026-08-05T18:36:58.568130+00:00,True,
213,Target Arm,https://targetarm.com,Robotics and Drones,United States,Techstars Portfolio (techstars.com/portfolio),2026-08-05T18:36:58.568130+00:00,True,
214,Threat Stack,https://threatstack.com,"Cybersecurity, Infrastructure",United States,Techstars Portfolio (techstars.com/portfolio),2026-08-05T18:36:58.568130+00:00,True,
215,LocateAI,https://locate.ai,Artificial intelligence and machine learning,United States,Techstars Portfolio (techstars.com/portfolio),2026-08-05T18:36:58.568130+00:00,True,
216,Eversport,https://eversport.at,Mobile,Austria,Techstars Portfolio (techstars.com/portfolio),2026-08-05T18:36:58.568130+00:00,True,
217,Branching Minds,https://branchingminds.com,"Artificial intelligence and machine learning, Edtech",United States,Techstars Portfolio (techstars.com/portfolio),2026-08-05T18:36:58.568130+00:00,True,
218,Bokio,https://bokio.se,Fintech,Sweden,Techstars Portfolio (techstars.com/portfolio),2026-08-05T18:36:58.568130+00:00,True,
219,dopay,https://dopay.com,"Artificial intelligence and machine learning, Fintech, Mobile, SaaS",United Kingdom,Techstars Portfolio (techstars.com/portfolio),2026-08-05T18:36:58.568130+00:00,True,
220,Ephemeral Solutions,https://ephemeraltattoos.com,Lifestyles of Health and Sustainability and wellness,United States,Techstars Portfolio (techstars.com/portfolio),2026-08-05T18:36:58.568130+00:00,True,
221,Symbl.ai,https://rammer.ai,Artificial intelligence and machine learning,United States,Techstars Portfolio (techstars.com/portfolio),2026-08-05T18:36:58.568130+00:00,True,
222,Max Retail,https://maxretail.com,Supply chain technology,United States,Techstars Portfolio (techstars.com/portfolio),2026-08-05T18:36:58.568130+00:00,True,
223,Mosaic Manufacturing,https://mosaicmanufacturing.com,"Technology, media and telecommunications",Canada,Techstars Portfolio (techstars.com/portfolio),2026-08-05T18:36:58.568130+00:00,True,
224,DeepHow,https://deephow.com,Artificial intelligence and machine learning,United States,Techstars Portfolio (techstars.com/portfolio),2026-08-05T18:36:58.568130+00:00,True,
225,Allstacks,https://allstacks.com,Artificial intelligence and machine learning,United States,Techstars Portfolio (techstars.com/portfolio),2026-08-05T18:36:58.568130+00:00,True,
226,Neurala,https://neurala.com,"Artificial intelligence and machine learning, Robotics and Drones",United States,Techstars Portfolio (techstars.com/portfolio),2026-08-05T18:36:58.568130+00:00,True,
227,Lynq,https://lynqnetworks.com,"Cloudtech and DevOps, Internet of Things, Mobile, Technology, media and telecommunications",United States,Techstars Portfolio (techstars.com/portfolio),2026-08-05T18:36:58.568130+00:00,True,
228,Parlevel,https://parlevelsystems.com,"Fintech, SaaS",United States,Techstars Portfolio (techstars.com/portfolio),2026-08-05T18:36:58.568130+00:00,True,
229,WAVE,https://wavebl.com,"Artificial intelligence and machine learning, Big Data, Climate tech, Cryptocurrency/Blockchain, Fintech, Internet of Things, Manufacturing, Mobile",Israel,Techstars Portfolio (techstars.com/portfolio),2026-08-05T18:36:58.568130+00:00,True,
230,Material Evolution,https://materialevolution.co.uk,Climate tech,United Kingdom,Techstars Portfolio (techstars.com/portfolio),2026-08-05T18:36:58.568130+00:00,True,
231,Arena,https://arena.im,Mobile,United States,Techstars Portfolio (techstars.com/portfolio),2026-08-05T18:36:58.568130+00:00,True,
232,Nix,https://nixbiosensors.com,"Internet of Things, Lifestyles of Health and Sustainability and wellness",United States,Techstars Portfolio (techstars.com/portfolio),2026-08-05T18:36:58.568130+00:00,True,
233,HAAS Alert,https://haasalert.com,"Artificial intelligence and machine learning, Infrastructure, Mobile",United States,Techstars Portfolio (techstars.com/portfolio),2026-08-05T18:36:58.568130+00:00,True,
234,theCut,https://thecut.co,Mobile,United States,Techstars Portfolio (techstars.com/portfolio),2026-08-05T18:36:58.568130+00:00,True,
235,Rise Robotics,https://riserobotics.com,"Cleantech, Internet of Things, Robotics and Drones",United States,Techstars Portfolio (techstars.com/portfolio),2026-08-05T18:36:58.568130+00:00,True,
236,Simudyne,https://simudyne.com,"Big Data, Cybersecurity, Fintech",United Kingdom,Techstars Portfolio (techstars.com/portfolio),2026-08-05T18:36:58.568130+00:00,True,
237,Rheaply,https://rheaply.com,"Cleantech, E-commerce",United States,Techstars Portfolio (techstars.com/portfolio),2026-08-05T18:36:58.568130+00:00,True,
238,CometChat,https://cometchat.com,Mobile,United States,Techstars Portfolio (techstars.com/portfolio),2026-08-05T18:36:58.568130+00:00,True,
239,Skilljar,https://skilljar.com,Edtech,United States,Techstars Portfolio (techstars.com/portfolio),2026-08-05T18:36:58.568130+00:00,True,
240,Leanplum,https://leanplum.com,"Artificial intelligence and machine learning, Mobile",United States,Techstars Portfolio (techstars.com/portfolio),2026-08-05T18:36:58.568130+00:00,True,
241,Vested,https://vested.co.in,Fintech,United States,Techstars Portfolio (techstars.com/portfolio),2026-08-05T18:36:58.568130+00:00,True,
242,Vivoo,https://vivoo.io,"Healthtech, Internet of Things, Lifestyles of Health and Sustainability and wellness, Mobile",United States,Techstars Portfolio (techstars.com/portfolio),2026-08-05T18:36:58.568130+00:00,True,
243,DLT Payments,https://dltpay.com,"Cryptocurrency/Blockchain, Fintech",Estonia,Techstars Portfolio (techstars.com/portfolio),2026-08-05T18:36:58.568130+00:00,True,
244,TawkitAI,https://copilotkit.ai,"Artificial intelligence and machine learning, Cloudtech and DevOps",United States,Techstars Portfolio (techstars.com/portfolio),2026-08-05T18:36:58.568130+00:00,True,
245,Sprout.ai,https://sprout.ai,"Artificial intelligence and machine learning, Cryptocurrency/Blockchain, Fintech, Infrastructure, Insurtech",United Kingdom,Techstars Portfolio (techstars.com/portfolio),2026-08-05T18:36:58.568130+00:00,True,
246,Memrise,https://memrise.com,Edtech,United Kingdom,Techstars Portfolio (techstars.com/portfolio),2026-08-05T18:36:58.568130+00:00,True,
247,TransCrypts,https://transcrypts.com,"Big Data, Cybersecurity, Fintech, HRtech",United States,Techstars Portfolio (techstars.com/portfolio),2026-08-05T18:36:58.568130+00:00,True,
248,Olli Health,https://ollihomehealth.ai,"Artificial intelligence and machine learning, Healthtech",United States,Techstars Portfolio (techstars.com/portfolio),2026-08-05T18:36:58.568130+00:00,True,
249,Zeno Power Systems,https://zenopowersystems.com,"Cleantech, Space tech",United States,Techstars Portfolio (techstars.com/portfolio),2026-08-05T18:36:58.568130+00:00,True,
250,Rally,https://rallypwr.com,"Fintech, Mobility tech",United States,Techstars Portfolio (techstars.com/portfolio),2026-08-05T18:36:58.568130+00:00,True,
251,Bluecore,https://bluecore.com,"Adtech, Artificial intelligence and machine learning, Marketing tech",United States,Techstars Portfolio (techstars.com/portfolio),2026-08-05T18:36:58.568130+00:00,True,
252,Altru,https://altrulabs.com,HRtech,United States,Techstars Portfolio (techstars.com/portfolio),2026-08-05T18:36:58.568130+00:00,True,
253,Crux OCM,https://cruxocm.com,"Artificial intelligence and machine learning, Cleantech, Climate tech",Canada,Techstars Portfolio (techstars.com/portfolio),2026-08-05T18:36:58.568130+00:00,True,
254,Hawthorne,https://hawthorne.co,Beauty,United States,Techstars Portfolio (techstars.com/portfolio),2026-08-05T18:36:58.568130+00:00,True,
255,Frame Payments,https://framepayments.com,Fintech,United States,Techstars Portfolio (techstars.com/portfolio),2026-08-05T18:36:58.568130+00:00,True,
256,Post-Quantum,https://post-quantum.com,"Cryptocurrency/Blockchain, Cybersecurity, Infrastructure",United Kingdom,Techstars Portfolio (techstars.com/portfolio),2026-08-05T18:36:58.568130+00:00,True,
257,Gridwise,https://gridwise.io,"Big Data, Mobile, Ridesharing",United States,Techstars Portfolio (techstars.com/portfolio),2026-08-05T18:36:58.568130+00:00,True,
258,Rallyware,https://rallyware.com,"Gaming, HRtech, Mobile",United States,Techstars Portfolio (techstars.com/portfolio),2026-08-05T18:36:58.568130+00:00,True,
259,Cycle,https://cycle.eco,Mobility tech,Germany,Techstars Portfolio (techstars.com/portfolio),2026-08-05T18:36:58.568130+00:00,True,
260,Tradeverifyd,https://tradeverifyd.com,"Artificial intelligence and machine learning, Climate tech",United States,Techstars Portfolio (techstars.com/portfolio),2026-08-05T18:36:58.568130+00:00,True,
261,Mainstay,https://admithub.com,"Artificial intelligence and machine learning, Edtech, HRtech, Mobile",United States,Techstars Portfolio (techstars.com/portfolio),2026-08-05T18:36:58.568130+00:00,True,
262,Groover,https://groover.co,"Technology, media and telecommunications",France,Techstars Portfolio (techstars.com/portfolio),2026-08-05T18:36:58.568130+00:00,True,
263,PlayerData,https://playerdata.co.uk,"Internet of Things, Lifestyles of Health and Sustainability and wellness",United Kingdom,Techstars Portfolio (techstars.com/portfolio),2026-08-05T18:36:58.568130+00:00,True,
264,ConverSight.ai,https://conversight.ai,"Artificial intelligence and machine learning, Internet of Things",United States,Techstars Portfolio (techstars.com/portfolio),2026-08-05T18:36:58.568130+00:00,True,
265,Klaim,https://klaim.ai,"Climate tech, Fintech, Insurtech",United Arab Emirates,Techstars Portfolio (techstars.com/portfolio),2026-08-05T18:36:58.568130+00:00,True,
266,Resilient Power Systems,https://resilientpower.com,Cleantech,United States,Techstars Portfolio (techstars.com/portfolio),2026-08-05T18:36:58.568130+00:00,True,
267,Pana,https://pana.com,Mobile,United States,Techstars Portfolio (techstars.com/portfolio),2026-08-05T18:36:58.568130+00:00,True,
268,Case Status,https://casestatus.com,Legal tech,United States,Techstars Portfolio (techstars.com/portfolio),2026-08-05T18:36:58.568130+00:00,True,
269,Kinetic,https://wearkinetic.com,"Edtech, Fintech, Internet of Things, Technology, media and telecommunications",United States,Techstars Portfolio (techstars.com/portfolio),2026-08-05T18:36:58.568130+00:00,True,
270,Smart Diagnostics Systems,https://alden.tech,Internet of Things,United States,Techstars Portfolio (techstars.com/portfolio),2026-08-05T18:36:58.568130+00:00,True,
271,EverTrue,https://evertrue.com,Mobile,United States,Techstars Portfolio (techstars.com/portfolio),2026-08-05T18:36:58.568130+00:00,True,
272,Mesodyne,https://mesodyne.com,"Cleantech, Nanotechnology, Robotics and Drones",United States,Techstars Portfolio (techstars.com/portfolio),2026-08-05T18:36:58.568130+00:00,True,
273,Tenfold,https://tenfold.com,"Artificial intelligence and machine learning, Infrastructure, Mobile",United States,Techstars Portfolio (techstars.com/portfolio),2026-08-05T18:36:58.568130+00:00,True,
274,Cinchy,https://cinchy.com,Infrastructure,Canada,Techstars Portfolio (techstars.com/portfolio),2026-08-05T18:36:58.568130+00:00,True,
275,Azuqua,https://azuqua.com,"Artificial intelligence and machine learning, Infrastructure",United States,Techstars Portfolio (techstars.com/portfolio),2026-08-05T18:36:58.568130+00:00,True,
276,Losant,https://losant.com,Internet of Things,United States,Techstars Portfolio (techstars.com/portfolio),2026-08-05T18:36:58.568130+00:00,True,
277,Clearstep,https://clearstep.health,"Artificial intelligence and machine learning, Lifestyles of Health and Sustainability and wellness",United States,Techstars Portfolio (techstars.com/portfolio),2026-08-05T18:36:58.568130+00:00,True,
278,Hidrate,https://hidratespark.com,"Insurtech, Internet of Things, Lifestyles of Health and Sustainability and wellness, Mobile",United States,Techstars Portfolio (techstars.com/portfolio),2026-08-05T18:36:58.568130+00:00,True,
279,Gable,https://gable.to,HRtech,United States,Techstars Portfolio (techstars.com/portfolio),2026-08-05T18:36:58.568130+00:00,True,
280,AfterShoot,https://aftershoot.co,"Artificial intelligence and machine learning, Mobile",India,Techstars Portfolio (techstars.com/portfolio),2026-08-05T18:36:58.568130+00:00,True,
281,Didimo,https://mydidimo.com,"Artificial intelligence and machine learning, Gaming, Mobile, Virtual reality",Portugal,Techstars Portfolio (techstars.com/portfolio),2026-08-05T18:36:58.568130+00:00,True,
282,Cobalt,https://cobalt.pe,"Artificial intelligence and machine learning, Fintech, Robotics and Drones, Technology, media and telecommunications",United States,Techstars Portfolio (techstars.com/portfolio),2026-08-05T18:36:58.568130+00:00,True,
283,Dfns,https://dfns.co,"Cryptocurrency/Blockchain, Cybersecurity, Fintech",France,Techstars Portfolio (techstars.com/portfolio),2026-08-05T18:36:58.568130+00:00,True,
284,Sailo,https://sailo.com,"Mobility tech, Technology, media and telecommunications",United States,Techstars Portfolio (techstars.com/portfolio),2026-08-05T18:36:58.568130+00:00,True,
285,Optivolt Labs,https://optivoltlabs.com,Robotics and Drones,United States,Techstars Portfolio (techstars.com/portfolio),2026-08-05T18:36:58.568130+00:00,True,
286,Flashfood,https://flashfood.com,Mobile,Canada,Techstars Portfolio (techstars.com/portfolio),2026-08-05T18:36:58.568130+00:00,True,
287,Medzoomer,https://medzoomer.com,"Healthtech, Supply chain technology",United States,Techstars Portfolio (techstars.com/portfolio),2026-08-05T18:36:58.568130+00:00,True,
288,SocialSign.in,https://socialsign.in,Infrastructure,United States,Techstars Portfolio (techstars.com/portfolio),2026-08-05T18:36:58.568130+00:00,True,
289,FlexPoint,https://getflexpoint.com,Fintech,United States,Techstars Portfolio (techstars.com/portfolio),2026-08-05T18:36:58.568130+00:00,True,
290,Timehop,https://timehop.com,"E-commerce, Mobile",United States,Techstars Portfolio (techstars.com/portfolio),2026-08-05T18:36:58.568130+00:00,True,
291,Roll,https://tryroll.com,"Cryptocurrency/Blockchain, Fintech, Mobile",United States,Techstars Portfolio (techstars.com/portfolio),2026-08-05T18:36:58.568130+00:00,True,
292,Valence Discovery,https://valencediscovery.com,"Artificial intelligence and machine learning, Big Data, Healthtech",Canada,Techstars Portfolio (techstars.com/portfolio),2026-08-05T18:36:58.568130+00:00,True,
293,Smore,https://smore.com,Adtech,Israel,Techstars Portfolio (techstars.com/portfolio),2026-08-05T18:36:58.568130+00:00,True,
294,Kapost,https://kapost.com,"Marketing tech, Technology, media and telecommunications",United States,Techstars Portfolio (techstars.com/portfolio),2026-08-05T18:36:58.568130+00:00,True,
295,Gatsby,https://trygatsby.com,"Cryptocurrency/Blockchain, Fintech",United States,Techstars Portfolio (techstars.com/portfolio),2026-08-05T18:36:58.568130+00:00,True,
296,EcoPlant,https://ecoplant.co,"Artificial intelligence and machine learning, Cleantech, Climate tech, Internet of Things",Israel,Techstars Portfolio (techstars.com/portfolio),2026-08-05T18:36:58.568130+00:00,True,
297,Apptentive,https://apptentive.com,Mobile,United States,Techstars Portfolio (techstars.com/portfolio),2026-08-05T18:36:58.568130+00:00,True,
298,Clarisights,https://clarisights.com,"Technology, media and telecommunications",United States,Techstars Portfolio (techstars.com/portfolio),2026-08-05T18:36:58.568130+00:00,True,
299,Qovery,https://qovery.com,Mobile,France,Techstars Portfolio (techstars.com/portfolio),2026-08-05T18:36:58.568130+00:00,True,
300,tread.io,https://tread.io,Mobile,Canada,Techstars Portfolio (techstars.com/portfolio),2026-08-05T18:36:58.568130+00:00,True,
301,Fable,https://us.fablehome.co,Lifestyles of Health and Sustainability and wellness,Canada,Techstars Portfolio (techstars.com/portfolio),2026-08-05T18:36:58.568130+00:00,True,
302,Kinvey,https://kinvey.com,Mobile,United States,Techstars Portfolio (techstars.com/portfolio),2026-08-05T18:36:58.568130+00:00,True,
303,Oper Credits,https://opercredits.com,"Fintech, Real estate tech, SaaS",Belgium,Techstars Portfolio (techstars.com/portfolio),2026-08-05T18:36:58.568130+00:00,True,
304,Jome,https://jome.com,"Big Data, Real estate tech",United States,Techstars Portfolio (techstars.com/portfolio),2026-08-05T18:36:58.568130+00:00,True,
305,Warmly,https://getwarmly.com,Mobile,United States,Techstars Portfolio (techstars.com/portfolio),2026-08-05T18:36:58.568130+00:00,True,
306,Laminar,https://runlaminar.com,"Artificial intelligence and machine learning, Cleantech, Internet of Things, Manufacturing",United States,Techstars Portfolio (techstars.com/portfolio),2026-08-05T18:36:58.568130+00:00,True,
307,Prefix,https://prefixinc.com,Internet of Things,United States,Techstars Portfolio (techstars.com/portfolio),2026-08-05T18:36:58.568130+00:00,True,
308,VALID8 Financial,https://valid8financial.com,"Artificial intelligence and machine learning, Fintech",United States,Techstars Portfolio (techstars.com/portfolio),2026-08-05T18:36:58.568130+00:00,True,
309,Handl Health,https://gohandlhealth.com,Healthtech,United States,Techstars Portfolio (techstars.com/portfolio),2026-08-05T18:36:58.568130+00:00,True,
310,Grips Intelligence,https://gripsintelligence.com,Big Data,Germany,Techstars Portfolio (techstars.com/portfolio),2026-08-05T18:36:58.568130+00:00,True,
311,Asset Reality,https://assetreality.com,"Cryptocurrency/Blockchain, Fintech",United Kingdom,Techstars Portfolio (techstars.com/portfolio),2026-08-05T18:36:58.568130+00:00,True,
312,HILOS,https://hilos.studio,"Cleantech, Manufacturing",United States,Techstars Portfolio (techstars.com/portfolio),2026-08-05T18:36:58.568130+00:00,True,
313,Forecastr,https://forecastr.co,Fintech,United States,Techstars Portfolio (techstars.com/portfolio),2026-08-05T18:36:58.568130+00:00,True,
314,Aunt Flow,https://goauntflow.com,"Femtech, Lifestyles of Health and Sustainability and wellness",United States,Techstars Portfolio (techstars.com/portfolio),2026-08-05T18:36:58.568130+00:00,True,
315,Upsie,https://upsie.com,Mobile,United States,Techstars Portfolio (techstars.com/portfolio),2026-08-05T18:36:58.568130+00:00,True,
316,EyeLights,https://eye-lights.com,"Internet of Things, Mobile, Virtual reality",France,Techstars Portfolio (techstars.com/portfolio),2026-08-05T18:36:58.568130+00:00,True,
317,EcoG,https://ecog.io,"Infrastructure, Internet of Things, Mobility tech",Germany,Techstars Portfolio (techstars.com/portfolio),2026-08-05T18:36:58.568130+00:00,True,
318,Samara Aerospace,https://samaraaerospace.com,Space tech,United States,Techstars Portfolio (techstars.com/portfolio),2026-08-05T18:36:58.568130+00:00,True,
319,Voatz,https://voatz.com,"Cryptocurrency/Blockchain, Cybersecurity, Fintech, Mobile",United States,Techstars Portfolio (techstars.com/portfolio),2026-08-05T18:36:58.568130+00:00,True,
320,Anycart,https://anycart.com,Mobile,United States,Techstars Portfolio (techstars.com/portfolio),2026-08-05T18:36:58.568130+00:00,True,
321,Spoiler Alert,https://spoileralert.com,Climate tech,United States,Techstars Portfolio (techstars.com/portfolio),2026-08-05T18:36:58.568130+00:00,True,
322,CashDirector,https://cashdirector.com,"Artificial intelligence and machine learning, Fintech",Poland,Techstars Portfolio (techstars.com/portfolio),2026-08-05T18:36:58.568130+00:00,True,
323,Promoboxx,https://promoboxx.com,"Marketing tech, Technology, media and telecommunications",United States,Techstars Portfolio (techstars.com/portfolio),2026-08-05T18:36:58.568130+00:00,True,
324,Liv,https://liv.tv,"Fintech, Gaming, Lifestyles of Health and Sustainability and wellness, Virtual reality",United States,Techstars Portfolio (techstars.com/portfolio),2026-08-05T18:36:58.568130+00:00,True,
325,Autobia,https://auto.sa,Supply chain technology,Saudi Arabia,Techstars Portfolio (techstars.com/portfolio),2026-08-05T18:36:58.568130+00:00,True,
326,Nagish,https://talknagish.com,Artificial intelligence and machine learning,United States,Techstars Portfolio (techstars.com/portfolio),2026-08-05T18:36:58.568130+00:00,True,
327,Hireguide,https://hireguide.com,"Artificial intelligence and machine learning, HRtech, Mobile",United States,Techstars Portfolio (techstars.com/portfolio),2026-08-05T18:36:58.568130+00:00,True,
328,Bizible Marketing Analytics,https://bizible.com,Marketing tech,United States,Techstars Portfolio (techstars.com/portfolio),2026-08-05T18:36:58.568130+00:00,True,
329,Raenest,https://raenest.com,"Fintech, HRtech",Nigeria,Techstars Portfolio (techstars.com/portfolio),2026-08-05T18:36:58.568130+00:00,True,
330,ELV8,https://investwithscout.com,"Fintech, Mobile",United States,Techstars Portfolio (techstars.com/portfolio),2026-08-05T18:36:58.568130+00:00,True,
331,Silene Biotech,https://silenebiotech.com,Healthtech,United States,Techstars Portfolio (techstars.com/portfolio),2026-08-05T18:36:58.568130+00:00,True,
332,GoSpotCheck,https://gospotcheck.com,"Fintech, Mobile",United States,Techstars Portfolio (techstars.com/portfolio),2026-08-05T18:36:58.568130+00:00,True,
333,Whole Surplus,https://wholesurplus.com,Climate tech,Turkey,Techstars Portfolio (techstars.com/portfolio),2026-08-05T18:36:58.568130+00:00,True,
334,Conservation Labs,https://conservationlabs.com,"Artificial intelligence and machine learning, Cleantech, Climate tech, Insurtech, Internet of Things",United States,Techstars Portfolio (techstars.com/portfolio),2026-08-05T18:36:58.568130+00:00,True,
335,AceUp,https://aceup.com,HRtech,United States,Techstars Portfolio (techstars.com/portfolio),2026-08-05T18:36:58.568130+00:00,True,
336,AltScore,https://altscore.ai,Fintech,Mexico,Techstars Portfolio (techstars.com/portfolio),2026-08-05T18:36:58.568130+00:00,True,
337,Nutrisense,https://nutrisense.io,Digital health,United States,Techstars Portfolio (techstars.com/portfolio),2026-08-05T18:36:58.568130+00:00,True,
338,SyncOnSet Technologies,https://synconset.com,"Technology, media and telecommunications",United States,Techstars Portfolio (techstars.com/portfolio),2026-08-05T18:36:58.568130+00:00,True,
339,Intelligems,https://intelligems.io,E-commerce,United States,Techstars Portfolio (techstars.com/portfolio),2026-08-05T18:36:58.568130+00:00,True,
340,Pipedream,https://pipedreamlabs.co,Supply chain technology,United States,Techstars Portfolio (techstars.com/portfolio),2026-08-05T18:36:58.568130+00:00,True,
341,Safely,https://safely.com,"Fintech, Insurtech, Mobile",United States,Techstars Portfolio (techstars.com/portfolio),2026-08-05T18:36:58.568130+00:00,True,
342,DeepStream Technologies,https://deepstreamtech.com,Artificial intelligence and machine learning,United Kingdom,Techstars Portfolio (techstars.com/portfolio),2026-08-05T18:36:58.568130+00:00,True,
343,Acerta,https://acerta.ca,Artificial intelligence and machine learning,Canada,Techstars Portfolio (techstars.com/portfolio),2026-08-05T18:36:58.568130+00:00,True,
344,Keen IO,https://keen.io,Big Data,United States,Techstars Portfolio (techstars.com/portfolio),2026-08-05T18:36:58.568130+00:00,True,
345,Best Food Trucks,https://bestfoodtrucks.com,"Foodtech, Mobile",United States,Techstars Portfolio (techstars.com/portfolio),2026-08-05T18:36:58.568130+00:00,True,
346,Lingvist,https://lingvist.com,"Artificial intelligence and machine learning, Edtech",Estonia,Techstars Portfolio (techstars.com/portfolio),2026-08-05T18:36:58.568130+00:00,True,
347,UptimeHealth,https://uptimehealth.com,Healthtech,United States,Techstars Portfolio (techstars.com/portfolio),2026-08-05T18:36:58.568130+00:00,True,
348,blueflite,https://blueflite.com,Robotics and Drones,United States,Techstars Portfolio (techstars.com/portfolio),2026-08-05T18:36:58.568130+00:00,True,
349,Vartega,https://vartega.com,"Cleantech, Manufacturing",United States,Techstars Portfolio (techstars.com/portfolio),2026-08-05T18:36:58.568130+00:00,True,
350,Cubbit,https://cubbit.io,"Cybersecurity, Infrastructure, Internet of Things",Italy,Techstars Portfolio (techstars.com/portfolio),2026-08-05T18:36:58.568130+00:00,True,
351,Monitaur,https://monitaur.ai,"Artificial intelligence and machine learning, Fintech, Insurtech",United States,Techstars Portfolio (techstars.com/portfolio),2026-08-05T18:36:58.568130+00:00,True,
352,PartySlate,https://partyslate.com,"Technology, media and telecommunications",United States,Techstars Portfolio (techstars.com/portfolio),2026-08-05T18:36:58.568130+00:00,True,
353,TrojAI,https://troj.ai,"Artificial intelligence and machine learning, Cybersecurity, Healthtech, Infrastructure, Internet of Things, Virtual reality",Canada,Techstars Portfolio (techstars.com/portfolio),2026-08-05T18:36:58.568130+00:00,True,
354,Lumeon,https://lumeon.com,Healthtech,United States,Techstars Portfolio (techstars.com/portfolio),2026-08-05T18:36:58.568130+00:00,True,
355,CareAcademy,https://careacademy.com,Edtech,United States,Techstars Portfolio (techstars.com/portfolio),2026-08-05T18:36:58.568130+00:00,True,
356,Acclinate,https://acclinate.com,Lifestyles of Health and Sustainability and wellness,United States,Techstars Portfolio (techstars.com/portfolio),2026-08-05T18:36:58.568130+00:00,True,
357,MealMe,https://mealme.ai,"Fintech, Mobile",United States,Techstars Portfolio (techstars.com/portfolio),2026-08-05T18:36:58.568130+00:00,True,
358,Repeat,https://getrepeat.io,Artificial intelligence and machine learning,United States,Techstars Portfolio (techstars.com/portfolio),2026-08-05T18:36:58.568130+00:00,True,
359,Propagate Ventures,https://propagateventures.com,"Cleantech, Fintech, Impact investing",United States,Techstars Portfolio (techstars.com/portfolio),2026-08-05T18:36:58.568130+00:00,True,
360,Grubbly Farms,https://grubblyfarms.com,Climate tech,United States,Techstars Portfolio (techstars.com/portfolio),2026-08-05T18:36:58.568130+00:00,True,
361,Kinside,https://kinside.com,Fintech,United States,Techstars Portfolio (techstars.com/portfolio),2026-08-05T18:36:58.568130+00:00,True,
362,Bifrost,https://bifrost.ai,"Artificial intelligence and machine learning, Robotics and Drones",Singapore,Techstars Portfolio (techstars.com/portfolio),2026-08-05T18:36:58.568130+00:00,True,
363,Serve First,https://servefirst.co.uk,"Big Data, HRtech, Technology, media and telecommunications",United Kingdom,Techstars Portfolio (techstars.com/portfolio),2026-08-05T18:36:58.568130+00:00,True,
364,Elara Spatial,https://elaraspatial.ai,"Artificial intelligence and machine learning, Insurtech, Virtual reality",United States,Techstars Portfolio (techstars.com/portfolio),2026-08-05T18:36:58.568130+00:00,True,
365,Liveoak Technologies,https://liveoak.net,"Artificial intelligence and machine learning, Fintech, Insurtech, SaaS",United States,Techstars Portfolio (techstars.com/portfolio),2026-08-05T18:36:58.568130+00:00,True,
366,INURU,https://inuru.de,"Industrials, Internet of Things, Manufacturing",Germany,Techstars Portfolio (techstars.com/portfolio),2026-08-05T18:36:58.568130+00:00,True,
367,MD Ally,https://mdally.com,Healthtech,United States,Techstars Portfolio (techstars.com/portfolio),2026-08-05T18:36:58.568130+00:00,True,
368,Jiobit,https://jiobit.com,"Artificial intelligence and machine learning, Internet of Things, Mobile",United States,Techstars Portfolio (techstars.com/portfolio),2026-08-05T18:36:58.568130+00:00,True,
369,Donut Media,https://donut.media,"Mobility tech, Technology, media and telecommunications",United States,Techstars Portfolio (techstars.com/portfolio),2026-08-05T18:36:58.568130+00:00,True,
370,10% Happier: Meditation for Fidgety Skeptics,https://10percenthappier.com,"Lifestyles of Health and Sustainability and wellness, Mobile",United States,Techstars Portfolio (techstars.com/portfolio),2026-08-05T18:36:58.568130+00:00,True,
371,Sequel,https://sequel.io,Cloudtech and DevOps,United States,Techstars Portfolio (techstars.com/portfolio),2026-08-05T18:36:58.568130+00:00,True,
372,Ninox,https://ninoxdb.de,"Cloudtech and DevOps, Mobile",Germany,Techstars Portfolio (techstars.com/portfolio),2026-08-05T18:36:58.568130+00:00,True,
373,KiddoWear,https://kiddowear.com,"Internet of Things, Lifestyles of Health and Sustainability and wellness, Mobile",United States,Techstars Portfolio (techstars.com/portfolio),2026-08-05T18:36:58.568130+00:00,True,
374,Educative,https://educative.io,Edtech,United States,Techstars Portfolio (techstars.com/portfolio),2026-08-05T18:36:58.568130+00:00,True,
375,Oriient,https://oriient.me,"Infrastructure, Internet of Things, Virtual reality",Israel,Techstars Portfolio (techstars.com/portfolio),2026-08-05T18:36:58.568130+00:00,True,
376,Welcome,https://welcomecommerce.com,"Mobile, Technology, media and telecommunications",United States,Techstars Portfolio (techstars.com/portfolio),2026-08-05T18:36:58.568130+00:00,True,
377,Aumet,https://aumet.me,"Healthtech, Mobile",Jordan,Techstars Portfolio (techstars.com/portfolio),2026-08-05T18:36:58.568130+00:00,True,
378,Pack,https://thepack.tech,Edtech,Italy,Techstars Portfolio (techstars.com/portfolio),2026-08-05T18:36:58.568130+00:00,True,
379,TrueCoach,https://truecoach.co,"Lifestyles of Health and Sustainability and wellness, SaaS",United States,Techstars Portfolio (techstars.com/portfolio),2026-08-05T18:36:58.568130+00:00,True,
380,Zogo Finance,https://zogofinance.com,"Edtech, Fintech",United States,Techstars Portfolio (techstars.com/portfolio),2026-08-05T18:36:58.568130+00:00,True,
381,StopLight,https://stoplight.io,"Cloudtech and DevOps, SaaS",United States,Techstars Portfolio (techstars.com/portfolio),2026-08-05T18:36:58.568130+00:00,True,
382,LiveLike,https://livelikevr.com,"Mobile, Virtual reality",United States,Techstars Portfolio (techstars.com/portfolio),2026-08-05T18:36:58.568130+00:00,True,
383,PeakMetrics,https://peakmetrics.com,"Artificial intelligence and machine learning, Cybersecurity, Fintech",United States,Techstars Portfolio (techstars.com/portfolio),2026-08-05T18:36:58.568130+00:00,True,
384,LayUp Technologies,https://layup.co.za,"Fintech, Mobile",South Africa,Techstars Portfolio (techstars.com/portfolio),2026-08-05T18:36:58.568130+00:00,True,
385,Embeddable,https://trevor.io,"Technology, media and telecommunications",Germany,Techstars Portfolio (techstars.com/portfolio),2026-08-05T18:36:58.568130+00:00,True,
386,Leucine,https://leucinetech.com,"Artificial intelligence and machine learning, Big Data, Healthtech, Manufacturing",India,Techstars Portfolio (techstars.com/portfolio),2026-08-05T18:36:58.568130+00:00,True,
387,hampr,https://tryhampr.com,"Fintech, Mobile",United States,Techstars Portfolio (techstars.com/portfolio),2026-08-05T18:36:58.568130+00:00,True,
388,Simplifyber,https://simplifyber.com,Cleantech,United States,Techstars Portfolio (techstars.com/portfolio),2026-08-05T18:36:58.568130+00:00,True,
389,SafeHouse Technologies,https://safehousetech.com,"Cybersecurity, Mobile",Israel,Techstars Portfolio (techstars.com/portfolio),2026-08-05T18:36:58.568130+00:00,True,
390,Treet,https://treet.co,Climate tech,United States,Techstars Portfolio (techstars.com/portfolio),2026-08-05T18:36:58.568130+00:00,True,
391,SwingVision,https://swing.tennis,"Artificial intelligence and machine learning, Mobile, Virtual reality",United States,Techstars Portfolio (techstars.com/portfolio),2026-08-05T18:36:58.568130+00:00,True,
392,Base Operations,https://baseoperations.co,"Big Data, Mobile",United States,Techstars Portfolio (techstars.com/portfolio),2026-08-05T18:36:58.568130+00:00,True,
393,Bitfusion,https://bitfusion.io,"Artificial intelligence and machine learning, Mobile",United States,Techstars Portfolio (techstars.com/portfolio),2026-08-05T18:36:58.568130+00:00,True,
394,Focal Point Procurement Solutions,https://getfocalpoint.com,Fintech,United States,Techstars Portfolio (techstars.com/portfolio),2026-08-05T18:36:58.568130+00:00,True,
395,Tenzo,https://gotenzo.com,"Cloudtech and DevOps, Mobile",United Kingdom,Techstars Portfolio (techstars.com/portfolio),2026-08-05T18:36:58.568130+00:00,True,
396,SegmentStream,https://segmentstream.com,"Artificial intelligence and machine learning, Infrastructure",United Kingdom,Techstars Portfolio (techstars.com/portfolio),2026-08-05T18:36:58.568130+00:00,True,
397,Virgo,https://virgosvs.com,"Artificial intelligence and machine learning, Fintech, Healthtech, Mobile",United States,Techstars Portfolio (techstars.com/portfolio),2026-08-05T18:36:58.568130+00:00,True,
398,VICTUS Technologies,https://getvictus.ai,Robotics and Drones,United States,Techstars Portfolio (techstars.com/portfolio),2026-08-05T18:36:58.568130+00:00,True,
399,TO THE MARKET,https://tothemarket.com,"Cleantech, Manufacturing, Supply chain technology",United States,Techstars Portfolio (techstars.com/portfolio),2026-08-05T18:36:58.568130+00:00,True,
400,Rad.,https://rad.live,"Infrastructure, Mobile, Virtual reality",United States,Techstars Portfolio (techstars.com/portfolio),2026-08-05T18:36:58.568130+00:00,True,
401,Hammerhead,https://hammerhead.io,"Cleantech, Internet of Things, Robotics and Drones",United States,Techstars Portfolio (techstars.com/portfolio),2026-08-05T18:36:58.568130+00:00,True,
402,Lovys,https://lovys.com,"Fintech, Insurtech, Mobile",France,Techstars Portfolio (techstars.com/portfolio),2026-08-05T18:36:58.568130+00:00,True,
403,HData,https://hdata.us,"Big Data, Fintech, Oil and gas",United States,Techstars Portfolio (techstars.com/portfolio),2026-08-05T18:36:58.568130+00:00,True,
404,Cabinet Health,https://wearecabinet.com,"Climate tech, Lifestyles of Health and Sustainability and wellness, Manufacturing",United States,Techstars Portfolio (techstars.com/portfolio),2026-08-05T18:36:58.568130+00:00,True,
405,Backpack Healthcare,https://youmehealthcare.com,Healthtech,United States,Techstars Portfolio (techstars.com/portfolio),2026-08-05T18:36:58.568130+00:00,True,
406,Approve.com,https://approve.com,Fintech,United States,Techstars Portfolio (techstars.com/portfolio),2026-08-05T18:36:58.568130+00:00,True,
407,Bild,https://getbild.com,"Fintech, Infrastructure, Internet of Things",United States,Techstars Portfolio (techstars.com/portfolio),2026-08-05T18:36:58.568130+00:00,True,
408,Blockade Games,https://blockade.games,"Cryptocurrency/Blockchain, Gaming",United States,Techstars Portfolio (techstars.com/portfolio),2026-08-05T18:36:58.568130+00:00,True,
409,Voyager Portal,https://voyagerportal.com,"Artificial intelligence and machine learning, Supply chain technology",United States,Techstars Portfolio (techstars.com/portfolio),2026-08-05T18:36:58.568130+00:00,True,
410,Alexsei,https://alexi.com,Artificial intelligence and machine learning,Canada,Techstars Portfolio (techstars.com/portfolio),2026-08-05T18:36:58.568130+00:00,True,
411,Automotus,https://automotus.co,"Mobility tech, SaaS",United States,Techstars Portfolio (techstars.com/portfolio),2026-08-05T18:36:58.568130+00:00,True,
412,Motivo,https://motivohealth.com,"Healthtech, HRtech",United States,Techstars Portfolio (techstars.com/portfolio),2026-08-05T18:36:58.568130+00:00,True,
413,Eli,https://eli.health,"Artificial intelligence and machine learning, Femtech, Mobile",Canada,Techstars Portfolio (techstars.com/portfolio),2026-08-05T18:36:58.568130+00:00,True,
414,Pear Suite,https://pearsuite.com,"Healthtech, Lifestyles of Health and Sustainability and wellness, SaaS",United States,Techstars Portfolio (techstars.com/portfolio),2026-08-05T18:36:58.568130+00:00,True,
415,River Health,https://joinmountain.com,Lifestyles of Health and Sustainability and wellness,United States,Techstars Portfolio (techstars.com/portfolio),2026-08-05T18:36:58.568130+00:00,True,
416,ReelData AI,https://reeldata.ai,"Artificial intelligence and machine learning, Climate tech",Canada,Techstars Portfolio (techstars.com/portfolio),2026-08-05T18:36:58.568130+00:00,True,
417,SwiftComply,https://swiftcomply.io,"Artificial intelligence and machine learning, Climate tech, Fintech",Ireland,Techstars Portfolio (techstars.com/portfolio),2026-08-05T18:36:58.568130+00:00,True,
418,Cloverleaf AI,https://cloverleaf.ai,Artificial intelligence and machine learning,United States,Techstars Portfolio (techstars.com/portfolio),2026-08-05T18:36:58.568130+00:00,True,
419,Graphite Innovation and Technologies,https://grapheneenterprise.ca,"Cleantech, Climate tech, Nanotechnology, Oil and gas",Canada,Techstars Portfolio (techstars.com/portfolio),2026-08-05T18:36:58.568130+00:00,True,
420,thebeans,https://thebeans.io,"Fintech, HRtech",United States,Techstars Portfolio (techstars.com/portfolio),2026-08-05T18:36:58.568130+00:00,True,
421,Safello,https://safello.com,Fintech,Sweden,Techstars Portfolio (techstars.com/portfolio),2026-08-05T18:36:58.568130+00:00,True,
422,CoachUp,https://coachup.com,Mobile,United States,Techstars Portfolio (techstars.com/portfolio),2026-08-05T18:36:58.568130+00:00,True,
423,Parabol,https://parabol.co,HRtech,United States,Techstars Portfolio (techstars.com/portfolio),2026-08-05T18:36:58.568130+00:00,True,
424,Tyffon,https://tyffon.com,"Mobile, Virtual reality",United States,Techstars Portfolio (techstars.com/portfolio),2026-08-05T18:36:58.568130+00:00,True,
425,De-Ice,https://deice.io,Industrials,United States,Techstars Portfolio (techstars.com/portfolio),2026-08-05T18:36:58.568130+00:00,True,
426,Project Admission,https://projectadmission.com,,United States,Techstars Portfolio (techstars.com/portfolio),2026-08-05T18:36:58.568130+00:00,True,
427,Cashforce,https://cashforce.com,"Artificial intelligence and machine learning, Fintech",Belgium,Techstars Portfolio (techstars.com/portfolio),2026-08-05T18:36:58.568130+00:00,True,
428,Ecolectro,https://ecolectro.com,"Cleantech, Climate tech, Oil and gas",United States,Techstars Portfolio (techstars.com/portfolio),2026-08-05T18:36:58.568130+00:00,True,
429,StyleSage,https://stylesage.co,Big Data,United States,Techstars Portfolio (techstars.com/portfolio),2026-08-05T18:36:58.568130+00:00,True,
430,Revolv,https://revolv.com,"Artificial intelligence and machine learning, Internet of Things",United States,Techstars Portfolio (techstars.com/portfolio),2026-08-05T18:36:58.568130+00:00,True,
431,Kardome Technology,https://kardome.com,Artificial intelligence and machine learning,Israel,Techstars Portfolio (techstars.com/portfolio),2026-08-05T18:36:58.568130+00:00,True,
432,Naborforce,https://naborforce.com,"Healthtech, Lifestyles of Health and Sustainability and wellness, Mobile",United States,Techstars Portfolio (techstars.com/portfolio),2026-08-05T18:36:58.568130+00:00,True,
433,Aptos Orbital,https://aptosorbital.com,"Artificial intelligence and machine learning, Space tech",United States,Techstars Portfolio (techstars.com/portfolio),2026-08-05T18:36:58.568130+00:00,True,
434,QuanTemplate,https://quantemplate.com,"Artificial intelligence and machine learning, Fintech, Infrastructure, Insurtech",United States,Techstars Portfolio (techstars.com/portfolio),2026-08-05T18:36:58.568130+00:00,True,
435,Insent.ai,https://insent.ai,Marketing tech,United States,Techstars Portfolio (techstars.com/portfolio),2026-08-05T18:36:58.568130+00:00,True,
436,RealBlocks,https://realblocks.com,"Cryptocurrency/Blockchain, Fintech",United States,Techstars Portfolio (techstars.com/portfolio),2026-08-05T18:36:58.568130+00:00,True,
437,Family First,https://family-first.com,Lifestyles of Health and Sustainability and wellness,United States,Techstars Portfolio (techstars.com/portfolio),2026-08-05T18:36:58.568130+00:00,True,
438,Goodr,https://goodr.co,Climate tech,United States,Techstars Portfolio (techstars.com/portfolio),2026-08-05T18:36:58.568130+00:00,True,
439,UBIO Automation Cloud,https://ubio.ai,"Artificial intelligence and machine learning, Big Data, Fintech, Mobile, Robotics and Drones",United Kingdom,Techstars Portfolio (techstars.com/portfolio),2026-08-05T18:36:58.568130+00:00,True,
440,Open Bionics,https://openbionics.com,"3D printing, Healthtech, Robotics and Drones",United Kingdom,Techstars Portfolio (techstars.com/portfolio),2026-08-05T18:36:58.568130+00:00,True,
441,SmartMind,https://smartmind.team,"Adtech, Artificial intelligence and machine learning, Big Data, Healthtech, Infrastructure",South Korea,Techstars Portfolio (techstars.com/portfolio),2026-08-05T18:36:58.568130+00:00,True,
442,Vake,https://vake.ai,"Artificial intelligence and machine learning, Climate tech",Norway,Techstars Portfolio (techstars.com/portfolio),2026-08-05T18:36:58.568130+00:00,True,
443,Edvisor.io,https://edvisor.io,"Edtech, HRtech, Technology, media and telecommunications",Canada,Techstars Portfolio (techstars.com/portfolio),2026-08-05T18:36:58.568130+00:00,True,
444,Enertiv,https://enertiv.com,"Artificial intelligence and machine learning, Climate tech, Internet of Things",United States,Techstars Portfolio (techstars.com/portfolio),2026-08-05T18:36:58.568130+00:00,True,
445,Tennibot,https://tennibot.com,"Artificial intelligence and machine learning, Internet of Things, Mobile, Robotics and Drones",United States,Techstars Portfolio (techstars.com/portfolio),2026-08-05T18:36:58.568130+00:00,True,
446,2NDNATURE,https://2ndnaturewater.com,"Cleantech, Climate tech",United States,Techstars Portfolio (techstars.com/portfolio),2026-08-05T18:36:58.568130+00:00,True,
447,Packworks,https://thepackworks.com,"Fintech, Impact investing",Philippines,Techstars Portfolio (techstars.com/portfolio),2026-08-05T18:36:58.568130+00:00,True,
448,Driver,https://trydriver.com,"Insurtech, Mobile, Virtual reality",United States,Techstars Portfolio (techstars.com/portfolio),2026-08-05T18:36:58.568130+00:00,True,
449,LunarCrush,https://lunarcrush.com,"Big Data, Cryptocurrency/Blockchain, Fintech",United States,Techstars Portfolio (techstars.com/portfolio),2026-08-05T18:36:58.568130+00:00,True,
450,Sketchdeck.ai,https://sketchdeck.ai,"Artificial intelligence and machine learning, Real estate tech",Canada,Techstars Portfolio (techstars.com/portfolio),2026-08-05T18:36:58.568130+00:00,True,
451,StarStreet,https://starstreet.com,"Fintech, Gaming, Mobile",United States,Techstars Portfolio (techstars.com/portfolio),2026-08-05T18:36:58.568130+00:00,True,
452,Silversheet,https://silversheet.com,"Healthtech, Technology, media and telecommunications",United States,Techstars Portfolio (techstars.com/portfolio),2026-08-05T18:36:58.568130+00:00,True,
453,Realworld,https://realworldplaybook.com,"HRtech, Lifestyles of Health and Sustainability and wellness, Mobile",United States,Techstars Portfolio (techstars.com/portfolio),2026-08-05T18:36:58.568130+00:00,True,
454,Onward Delivery,https://onwarddelivery.com,Supply chain technology,United States,Techstars Portfolio (techstars.com/portfolio),2026-08-05T18:36:58.568130+00:00,True,
455,Denim,https://denim.com,"Fintech, Mobile, Mobility tech, Supply chain technology",United States,Techstars Portfolio (techstars.com/portfolio),2026-08-05T18:36:58.568130+00:00,True,
456,chowbotics,https://chowbotics.com,Robotics and Drones,United States,Techstars Portfolio (techstars.com/portfolio),2026-08-05T18:36:58.568130+00:00,True,
457,MedThread,https://parambil.com,Legal tech,United States,Techstars Portfolio (techstars.com/portfolio),2026-08-05T18:36:58.568130+00:00,True,
458,RatedPower,https://ratedpower.com,"Artificial intelligence and machine learning, Cleantech",Spain,Techstars Portfolio (techstars.com/portfolio),2026-08-05T18:36:58.568130+00:00,True,
459,InStockRx,https://instockrx.com,"Healthtech, Supply chain technology",United States,Techstars Portfolio (techstars.com/portfolio),2026-08-05T18:36:58.568130+00:00,True,
460,Natural Intelligence Systems,https://naturalsemi.com,"Artificial intelligence and machine learning, Mobile",United States,Techstars Portfolio (techstars.com/portfolio),2026-08-05T18:36:58.568130+00:00,True,
461,Ripl,https://ripl.com,Mobile,United States,Techstars Portfolio (techstars.com/portfolio),2026-08-05T18:36:58.568130+00:00,True,
462,Mani.Me,https://manime.co,"Beauty, Lifestyles of Health and Sustainability and wellness, Manufacturing",United States,Techstars Portfolio (techstars.com/portfolio),2026-08-05T18:36:58.568130+00:00,True,
463,Shippable,https://shippable.com,"Cloudtech and DevOps, Technology, media and telecommunications",United States,Techstars Portfolio (techstars.com/portfolio),2026-08-05T18:36:58.568130+00:00,True,
464,Interface Fluidics,https://interfacefluidics.com,"Cleantech, Nanotechnology, Oil and gas",Canada,Techstars Portfolio (techstars.com/portfolio),2026-08-05T18:36:58.568130+00:00,True,
465,VeriTX,https://vertix.co,Cryptocurrency/Blockchain,United States,Techstars Portfolio (techstars.com/portfolio),2026-08-05T18:36:58.568130+00:00,True,
466,UrbanFox,https://urbanfox.io,"Artificial intelligence and machine learning, Cybersecurity, Mobile",Ireland,Techstars Portfolio (techstars.com/portfolio),2026-08-05T18:36:58.568130+00:00,True,
467,BridgeCare Finance,https://getbridgecare.com,"Fintech, HRtech",United States,Techstars Portfolio (techstars.com/portfolio),2026-08-05T18:36:58.568130+00:00,True,
468,Ateios,https://ateios.com,Cleantech,United States,Techstars Portfolio (techstars.com/portfolio),2026-08-05T18:36:58.568130+00:00,True,
469,Lunasonde,https://lunasonde.com,Climate tech,United States,Techstars Portfolio (techstars.com/portfolio),2026-08-05T18:36:58.568130+00:00,True,
470,Buncha,https://gobuncha.com,Mobile,United States,Techstars Portfolio (techstars.com/portfolio),2026-08-05T18:36:58.568130+00:00,True,
471,Dispatch Goods,https://dispatchgoods.com,Climate tech,United States,Techstars Portfolio (techstars.com/portfolio),2026-08-05T18:36:58.568130+00:00,True,
472,Seed&Spark,https://seedandspark.com,Fintech,United States,Techstars Portfolio (techstars.com/portfolio),2026-08-05T18:36:58.568130+00:00,True,
473,Bold Metrics,https://boldmetrics.com,"Artificial intelligence and machine learning, Mobile",United States,Techstars Portfolio (techstars.com/portfolio),2026-08-05T18:36:58.568130+00:00,True,
474,Zagster,https://zagster.com,"Mobile, Supply chain technology",United States,Techstars Portfolio (techstars.com/portfolio),2026-08-05T18:36:58.568130+00:00,True,
475,Perch,https://perch.fit,"Artificial intelligence and machine learning, HRtech, Internet of Things, Lifestyles of Health and Sustainability and wellness, Mobile",United States,Techstars Portfolio (techstars.com/portfolio),2026-08-05T18:36:58.568130+00:00,True,
476,Next Big Sound,https://nextbigsound.com,"Fintech, SaaS",United States,Techstars Portfolio (techstars.com/portfolio),2026-08-05T18:36:58.568130+00:00,True,
477,Bitfinder,https://getawair.com,"Cleantech, Climate tech, Internet of Things, Lifestyles of Health and Sustainability and wellness",United States,Techstars Portfolio (techstars.com/portfolio),2026-08-05T18:36:58.568130+00:00,True,
478,Unmade,https://unmade.com,"Cloudtech and DevOps, E-commerce",United Kingdom,Techstars Portfolio (techstars.com/portfolio),2026-08-05T18:36:58.568130+00:00,True,
479,Rainbird Technologies,https://rainbird.ai,Artificial intelligence and machine learning,United Kingdom,Techstars Portfolio (techstars.com/portfolio),2026-08-05T18:36:58.568130+00:00,True,
480,Poppy,https://poppyflowers.com,"Technology, media and telecommunications",United States,Techstars Portfolio (techstars.com/portfolio),2026-08-05T18:36:58.568130+00:00,True,
481,Suggestic,https://suggestic.com,"Artificial intelligence and machine learning, Lifestyles of Health and Sustainability and wellness, Mobile, Virtual reality",United States,Techstars Portfolio (techstars.com/portfolio),2026-08-05T18:36:58.568130+00:00,True,
482,Atlas5D,https://atlas5d.com,Healthtech,United States,Techstars Portfolio (techstars.com/portfolio),2026-08-05T18:36:58.568130+00:00,True,
483,Linker Finance,https://linkerfinance.com,"Fintech, Insurtech, Mobile",United States,Techstars Portfolio (techstars.com/portfolio),2026-08-05T18:36:58.568130+00:00,True,
484,Novo Space,https://novo.space,Space tech,United States,Techstars Portfolio (techstars.com/portfolio),2026-08-05T18:36:58.568130+00:00,True,
485,Preveta,https://preveta.com,"Big Data, Digital health, Healthtech, Oncology",United States,Techstars Portfolio (techstars.com/portfolio),2026-08-05T18:36:58.568130+00:00,True,
486,Niricson Software,https://niricson.com,"Artificial intelligence and machine learning, Fintech, Infrastructure, Robotics and Drones",Canada,Techstars Portfolio (techstars.com/portfolio),2026-08-05T18:36:58.568130+00:00,True,
487,Aware Health,https://awarehealth.io,"Healthtech, HRtech, Lifestyles of Health and Sustainability and wellness",United States,Techstars Portfolio (techstars.com/portfolio),2026-08-05T18:36:58.568130+00:00,True,
488,Novicap,https://novicap.com,Fintech,United Kingdom,Techstars Portfolio (techstars.com/portfolio),2026-08-05T18:36:58.568130+00:00,True,
489,Aspinity,https://aspinity.com,Internet of Things,United States,Techstars Portfolio (techstars.com/portfolio),2026-08-05T18:36:58.568130+00:00,True,
490,Polly,https://polly.ai,Artificial intelligence and machine learning,United States,Techstars Portfolio (techstars.com/portfolio),2026-08-05T18:36:58.568130+00:00,True,
491,SoLo Funds,https://solofunds.com,"Fintech, Insurtech, Mobile",United States,Techstars Portfolio (techstars.com/portfolio),2026-08-05T18:36:58.568130+00:00,True,
492,Allswell,https://joinallswell.com,"Digital health, Femtech, Healthtech",United States,Techstars Portfolio (techstars.com/portfolio),2026-08-05T18:36:58.568130+00:00,True,
493,SylloTips,https://syllotips.com,"Artificial intelligence and machine learning, SaaS",Italy,Techstars Portfolio (techstars.com/portfolio),2026-08-05T18:36:58.568130+00:00,True,
494,Poppins,https://poppins.io,"Artificial intelligence and machine learning, Digital health, Technology, media and telecommunications",France,Techstars Portfolio (techstars.com/portfolio),2026-08-05T18:36:58.568130+00:00,True,
495,PopCom,https://popcom.shop,"Artificial intelligence and machine learning, Internet of Things",United States,Techstars Portfolio (techstars.com/portfolio),2026-08-05T18:36:58.568130+00:00,True,
496,Wunderite,https://wunderite.com,"Fintech, Insurtech",United States,Techstars Portfolio (techstars.com/portfolio),2026-08-05T18:36:58.568130+00:00,True,
497,Charter Space,https://charter.space,"Space tech, Supply chain technology",United Kingdom,Techstars Portfolio (techstars.com/portfolio),2026-08-05T18:36:58.568130+00:00,True,
498,Kayhan Space,https://kayhan.space,"Artificial intelligence and machine learning, Space tech",United States,Techstars Portfolio (techstars.com/portfolio),2026-08-05T18:36:58.568130+00:00,True,
499,ChangEd,https://gochanged.com,Fintech,United States,Techstars Portfolio (techstars.com/portfolio),2026-08-05T18:36:58.568130+00:00,True,
500,Tutum,https://tutum.co,Mobile,United States,Techstars Portfolio (techstars.com/portfolio),2026-08-05T18:36:58.568130+00:00,True,
501,Taylor & Hart,https://taylorandhart.com,Mobile commerce,United Kingdom,Techstars Portfolio (techstars.com/portfolio),2026-08-05T18:36:58.568130+00:00,True,
502,Credentially,https://credentially.io,"HRtech, Mobile",United Kingdom,Techstars Portfolio (techstars.com/portfolio),2026-08-05T18:36:58.568130+00:00,True,
503,Satisfi Labs,https://satisfilabs.com,Artificial intelligence and machine learning,United States,Techstars Portfolio (techstars.com/portfolio),2026-08-05T18:36:58.568130+00:00,True,
504,Aerialoop,https://aerialoop.com,Robotics and Drones,Ecuador,Techstars Portfolio (techstars.com/portfolio),2026-08-05T18:36:58.568130+00:00,True,
505,Origin,https://originmarkets.com,Fintech,United Kingdom,Techstars Portfolio (techstars.com/portfolio),2026-08-05T18:36:58.568130+00:00,True,
506,Paladin,https://joinpaladin.com,Mobile,United States,Techstars Portfolio (techstars.com/portfolio),2026-08-05T18:36:58.568130+00:00,True,
507,VanHack,https://vanhack.com,HRtech,Canada,Techstars Portfolio (techstars.com/portfolio),2026-08-05T18:36:58.568130+00:00,True,
508,AID:Tech,https://aid.technology,"Artificial intelligence and machine learning, Cryptocurrency/Blockchain, Fintech",Ireland,Techstars Portfolio (techstars.com/portfolio),2026-08-05T18:36:58.568130+00:00,True,
509,OnFrontiers,https://onfrontiers.com,"Technology, media and telecommunications",United States,Techstars Portfolio (techstars.com/portfolio),2026-08-05T18:36:58.568130+00:00,True,
510,Beem,https://trybeem.com,"Artificial intelligence and machine learning, Fintech, Mobile",United States,Techstars Portfolio (techstars.com/portfolio),2026-08-05T18:36:58.568130+00:00,True,
511,TestSprite,https://testsprite.com,Cloudtech and DevOps,United States,Techstars Portfolio (techstars.com/portfolio),2026-08-05T18:36:58.568130+00:00,True,
512,Streamroot,https://streamroot.io,"Infrastructure, Virtual reality",United States,Techstars Portfolio (techstars.com/portfolio),2026-08-05T18:36:58.568130+00:00,True,
513,Nickelytics,https://nickelytics.com,"Mobility tech, SaaS",United States,Techstars Portfolio (techstars.com/portfolio),2026-08-05T18:36:58.568130+00:00,True,
514,Downstream,https://downstreamimpact.com,Artificial intelligence and machine learning,United States,Techstars Portfolio (techstars.com/portfolio),2026-08-05T18:36:58.568130+00:00,True,
515,Deep 6 AI,https://deep6.ai,"Artificial intelligence and machine learning, Big Data, Digital health, Healthtech",United States,Techstars Portfolio (techstars.com/portfolio),2026-08-05T18:36:58.568130+00:00,True,
516,CarePort Health,https://careporthealth.com,"Fintech, Healthtech",United States,Techstars Portfolio (techstars.com/portfolio),2026-08-05T18:36:58.568130+00:00,True,
517,Esper Satellite Imagery,https://espersatellites.co,Space tech,Australia,Techstars Portfolio (techstars.com/portfolio),2026-08-05T18:36:58.568130+00:00,True,
518,TradeLanes,https://tradelanes.co,"Artificial intelligence and machine learning, Climate tech",United States,Techstars Portfolio (techstars.com/portfolio),2026-08-05T18:36:58.568130+00:00,True,
519,Valid.it,https://validit.ai,"Artificial intelligence and machine learning, Big Data, Fintech, Infrastructure, Insurtech, Mobile",Israel,Techstars Portfolio (techstars.com/portfolio),2026-08-05T18:36:58.568130+00:00,True,
520,Paperstack,https://paperstack.ca,"Artificial intelligence and machine learning, Fintech",Canada,Techstars Portfolio (techstars.com/portfolio),2026-08-05T18:36:58.568130+00:00,True,
521,AZmed,https://azmed.co,Artificial intelligence and machine learning,France,Techstars Portfolio (techstars.com/portfolio),2026-08-05T18:36:58.568130+00:00,True,
522,voiceitt,https://voiceitt.com,Mobile,Israel,Techstars Portfolio (techstars.com/portfolio),2026-08-05T18:36:58.568130+00:00,True,
523,Prediko,https://prediko.io,"Artificial intelligence and machine learning, Fintech",United Kingdom,Techstars Portfolio (techstars.com/portfolio),2026-08-05T18:36:58.568130+00:00,True,
524,Pulse Space,https://pulsespace.com,Space tech,United States,Techstars Portfolio (techstars.com/portfolio),2026-08-05T18:36:58.568130+00:00,True,
525,i-Brain Tech,https://i-brain.tech,"Artificial intelligence and machine learning, Gaming, Healthtech, Lifestyles of Health and Sustainability and wellness, Robotics and Drones",Israel,Techstars Portfolio (techstars.com/portfolio),2026-08-05T18:36:58.568130+00:00,True,
526,Coconut,https://getcoconut.com,"Fintech, Mobile",United Kingdom,Techstars Portfolio (techstars.com/portfolio),2026-08-05T18:36:58.568130+00:00,True,
527,Peer Robotics,https://peerrobotics.ai,"Artificial intelligence and machine learning, Robotics and Drones",United States,Techstars Portfolio (techstars.com/portfolio),2026-08-05T18:36:58.568130+00:00,True,
528,RentCheck,https://getrentcheck.com,"Mobile, Real estate tech",United States,Techstars Portfolio (techstars.com/portfolio),2026-08-05T18:36:58.568130+00:00,True,
529,TypingDNA,https://typingdna.com,"Artificial intelligence and machine learning, Cybersecurity, Fintech, Infrastructure",United States,Techstars Portfolio (techstars.com/portfolio),2026-08-05T18:36:58.568130+00:00,True,
530,Savvly,https://savvly.com,"Fintech, Insurtech",United States,Techstars Portfolio (techstars.com/portfolio),2026-08-05T18:36:58.568130+00:00,True,
531,PraxisPro AI,https://praxispro.ai,"Artificial intelligence and machine learning, Healthtech",United States,Techstars Portfolio (techstars.com/portfolio),2026-08-05T18:36:58.568130+00:00,True,
532,Datarade,https://datarade.ai,Artificial intelligence and machine learning,Germany,Techstars Portfolio (techstars.com/portfolio),2026-08-05T18:36:58.568130+00:00,True,
533,Muro AI,https://muro.ai,"Artificial intelligence and machine learning, Real estate tech, SaaS",United States,Techstars Portfolio (techstars.com/portfolio),2026-08-05T18:36:58.568130+00:00,True,
534,Echo Labs,https://el.ai,Artificial intelligence and machine learning,United States,Techstars Portfolio (techstars.com/portfolio),2026-08-05T18:36:58.568130+00:00,True,
535,Balance,https://balance.ca,"Cryptocurrency/Blockchain, Fintech",Canada,Techstars Portfolio (techstars.com/portfolio),2026-08-05T18:36:58.568130+00:00,True,
536,SkenarioLabs,https://skenariolabs.com,"Fintech, Real estate tech",Finland,Techstars Portfolio (techstars.com/portfolio),2026-08-05T18:36:58.568130+00:00,True,
537,LeO,https://meetleo.co,Insurtech,Israel,Techstars Portfolio (techstars.com/portfolio),2026-08-05T18:36:58.568130+00:00,True,
538,Kriptos,https://kriptos.io,"Artificial intelligence and machine learning, Cybersecurity, Infrastructure",United States,Techstars Portfolio (techstars.com/portfolio),2026-08-05T18:36:58.568130+00:00,True,
539,echo3D,https://echo3d.co,"Augmented reality, Cloudtech and DevOps, Gaming, Infrastructure, Technology, media and telecommunications, Virtual reality",United States,Techstars Portfolio (techstars.com/portfolio),2026-08-05T18:36:58.568130+00:00,True,
540,Alba Robot,https://alba-robot.com,"Internet of Things, Lifestyles of Health and Sustainability and wellness, Micromobility",Italy,Techstars Portfolio (techstars.com/portfolio),2026-08-05T18:36:58.568130+00:00,True,
541,Koda Health,https://kodahealthcare.com,Artificial intelligence and machine learning,United States,Techstars Portfolio (techstars.com/portfolio),2026-08-05T18:36:58.568130+00:00,True,
542,Forwardlane,https://forwardlane.com,"Artificial intelligence and machine learning, Fintech",United States,Techstars Portfolio (techstars.com/portfolio),2026-08-05T18:36:58.568130+00:00,True,
543,Keepe,https://keepe.com,Mobile,United States,Techstars Portfolio (techstars.com/portfolio),2026-08-05T18:36:58.568130+00:00,True,
544,VICI Sports,https://fanfest.vip,"Cryptocurrency/Blockchain, Internet of Things",United States,Techstars Portfolio (techstars.com/portfolio),2026-08-05T18:36:58.568130+00:00,True,
545,KitchenMate,https://kitchenmate.com,"Foodtech, Internet of Things",Canada,Techstars Portfolio (techstars.com/portfolio),2026-08-05T18:36:58.568130+00:00,True,
546,Finli,https://finli.com,"Fintech, Mobile",United States,Techstars Portfolio (techstars.com/portfolio),2026-08-05T18:36:58.568130+00:00,True,
547,Vanilla Forums,https://vanillaforums.com,"Cybersecurity, SaaS",Canada,Techstars Portfolio (techstars.com/portfolio),2026-08-05T18:36:58.568130+00:00,True,
548,PierSight Space,https://piersight.space,"Internet of Things, Space tech",India,Techstars Portfolio (techstars.com/portfolio),2026-08-05T18:36:58.568130+00:00,True,
549,Riverse,https://rainbowstandard.io,Climate tech,France,Techstars Portfolio (techstars.com/portfolio),2026-08-05T18:36:58.568130+00:00,True,
550,CleverPet,https://clever.pet,"Artificial intelligence and machine learning, Mobile",United States,Techstars Portfolio (techstars.com/portfolio),2026-08-05T18:36:58.568130+00:00,True,
551,Icardio.AI,https://icardio.ai,Healthtech,United States,Techstars Portfolio (techstars.com/portfolio),2026-08-05T18:36:58.568130+00:00,True,
552,Halp,https://halp.com,HRtech,United States,Techstars Portfolio (techstars.com/portfolio),2026-08-05T18:36:58.568130+00:00,True,
553,Cachet,https://cachet.me,"Fintech, Insurtech",Estonia,Techstars Portfolio (techstars.com/portfolio),2026-08-05T18:36:58.568130+00:00,True,
554,Hormona,https://hormona.io,"Femtech, Healthtech, Lifestyles of Health and Sustainability and wellness",United Kingdom,Techstars Portfolio (techstars.com/portfolio),2026-08-05T18:36:58.568130+00:00,True,
555,Planable,https://planable.io,"Adtech, Mobile",United Kingdom,Techstars Portfolio (techstars.com/portfolio),2026-08-05T18:36:58.568130+00:00,True,
556,Sirius,https://besirius.io,SaaS,Netherlands,Techstars Portfolio (techstars.com/portfolio),2026-08-05T18:36:58.568130+00:00,True,
557,AGTools,https://ag.tools,"Agtech, Artificial intelligence and machine learning, Big Data, Climate tech, Fintech, Foodtech, Impact investing, Insurtech, Supply chain technology",United States,Techstars Portfolio (techstars.com/portfolio),2026-08-05T18:36:58.568130+00:00,True,
558,Alyne,https://alyne.com,"Cybersecurity, Infrastructure",Germany,Techstars Portfolio (techstars.com/portfolio),2026-08-05T18:36:58.568130+00:00,True,
559,Upward Financial,https://upwardli.com,Fintech,United States,Techstars Portfolio (techstars.com/portfolio),2026-08-05T18:36:58.568130+00:00,True,
560,Inthegame,https://inthegame.io,"Artificial intelligence and machine learning, Gaming",Israel,Techstars Portfolio (techstars.com/portfolio),2026-08-05T18:36:58.568130+00:00,True,
561,NarrativeDx,https://narrativedx.com,"Artificial intelligence and machine learning, Healthtech",United States,Techstars Portfolio (techstars.com/portfolio),2026-08-05T18:36:58.568130+00:00,True,
562,TRIDITIVE,https://triditive.com,"Artificial intelligence and machine learning, Internet of Things, Robotics and Drones",Spain,Techstars Portfolio (techstars.com/portfolio),2026-08-05T18:36:58.568130+00:00,True,
563,REEV,https://reev.care,"Artificial intelligence and machine learning, Healthtech, Impact investing, Industrials, Manufacturing, Mobility tech, Robotics and Drones",France,Techstars Portfolio (techstars.com/portfolio),2026-08-05T18:36:58.568130+00:00,True,
564,Aspect Health,https://aspect-health.com,"Healthtech, Mobile",United Kingdom,Techstars Portfolio (techstars.com/portfolio),2026-08-05T18:36:58.568130+00:00,True,
565,Mimo,https://mimo.org,"Edtech, Mobile",Austria,Techstars Portfolio (techstars.com/portfolio),2026-08-05T18:36:58.568130+00:00,True,
566,Scout,https://scout.space,"Artificial intelligence and machine learning, Robotics and Drones",United States,Techstars Portfolio (techstars.com/portfolio),2026-08-05T18:36:58.568130+00:00,True,
567,EcoMap Technologies,https://ecomap.tech,"Artificial intelligence and machine learning, Big Data, Marketing tech, Technology, media and telecommunications",United States,Techstars Portfolio (techstars.com/portfolio),2026-08-05T18:36:58.568130+00:00,True,
568,PitchMe,https://pitchme.co,"Artificial intelligence and machine learning, Fintech, HRtech",United Kingdom,Techstars Portfolio (techstars.com/portfolio),2026-08-05T18:36:58.568130+00:00,True,
569,ThinkNear,https://thinknear.com,Mobile,United States,Techstars Portfolio (techstars.com/portfolio),2026-08-05T18:36:58.568130+00:00,True,
570,Phood Solutions,https://phoodsolutions.com,"Artificial intelligence and machine learning, Climate tech, Fintech, Foodtech",United States,Techstars Portfolio (techstars.com/portfolio),2026-08-05T18:36:58.568130+00:00,True,
571,Howler,https://howler.co.za,Mobile,South Africa,Techstars Portfolio (techstars.com/portfolio),2026-08-05T18:36:58.568130+00:00,True,
572,Cognitive Space,https://cognitivespace.com,Artificial intelligence and machine learning,United States,Techstars Portfolio (techstars.com/portfolio),2026-08-05T18:36:58.568130+00:00,True,
573,OnStation,https://onstationapp.com,"Artificial intelligence and machine learning, Infrastructure, Mobile",United States,Techstars Portfolio (techstars.com/portfolio),2026-08-05T18:36:58.568130+00:00,True,
574,Lightstream,https://golightstream.com,"Femtech, Gaming, SaaS",United States,Techstars Portfolio (techstars.com/portfolio),2026-08-05T18:36:58.568130+00:00,True,
575,FutureFit AI,https://futurefit.ai,"Artificial intelligence and machine learning, HRtech",Canada,Techstars Portfolio (techstars.com/portfolio),2026-08-05T18:36:58.568130+00:00,True,
576,Memgraph,https://memgraph.io,Artificial intelligence and machine learning,United Kingdom,Techstars Portfolio (techstars.com/portfolio),2026-08-05T18:36:58.568130+00:00,True,
577,Shyft,https://myshyft.com,Mobile,United States,Techstars Portfolio (techstars.com/portfolio),2026-08-05T18:36:58.568130+00:00,True,
578,TPS Engage,https://seeblindspot.com,"Adtech, Artificial intelligence and machine learning",United Arab Emirates,Techstars Portfolio (techstars.com/portfolio),2026-08-05T18:36:58.568130+00:00,True,
579,The Folklore,https://thefolklore.com,Lifestyles of Health and Sustainability and wellness,United States,Techstars Portfolio (techstars.com/portfolio),2026-08-05T18:36:58.568130+00:00,True,
580,CodSpeed,https://codspeed.io,"Cloudtech and DevOps, Infrastructure",France,Techstars Portfolio (techstars.com/portfolio),2026-08-05T18:36:58.568130+00:00,True,
581,Akara Robotics,https://akara.ai,Healthtech,Ireland,Techstars Portfolio (techstars.com/portfolio),2026-08-05T18:36:58.568130+00:00,True,
582,Cariqa,https://cariqa.com,"Cleantech, Climate tech, Fintech, Mobile",Germany,Techstars Portfolio (techstars.com/portfolio),2026-08-05T18:36:58.568130+00:00,True,
583,Blue Fever,https://bluefever.com,"Artificial intelligence and machine learning, Lifestyles of Health and Sustainability and wellness, Mobile",United States,Techstars Portfolio (techstars.com/portfolio),2026-08-05T18:36:58.568130+00:00,True,
584,Captain's Eye,https://captain-eye.com,"Artificial intelligence and machine learning, Infrastructure",Israel,Techstars Portfolio (techstars.com/portfolio),2026-08-05T18:36:58.568130+00:00,True,
585,Yaypay,https://yaypay.com,"Artificial intelligence and machine learning, Fintech",United States,Techstars Portfolio (techstars.com/portfolio),2026-08-05T18:36:58.568130+00:00,True,
586,Cron Systems,https://cronsystems.com,"Internet of Things, Mobile, Robotics and Drones",India,Techstars Portfolio (techstars.com/portfolio),2026-08-05T18:36:58.568130+00:00,True,
587,Noteworthy AI,https://noteworthy.ai,"Artificial intelligence and machine learning, Cleantech, Infrastructure, Internet of Things, Oil and gas",United States,Techstars Portfolio (techstars.com/portfolio),2026-08-05T18:36:58.568130+00:00,True,
588,Canopy Aerospace,https://canopyaerospace.com,"3D printing, Industrials, Manufacturing, Space tech",United States,Techstars Portfolio (techstars.com/portfolio),2026-08-05T18:36:58.568130+00:00,True,
589,ADstruc,https://adstruc.com,Adtech,United States,Techstars Portfolio (techstars.com/portfolio),2026-08-05T18:36:58.568130+00:00,True,
590,Muuktest,https://muuktest.com,Artificial intelligence and machine learning,United States,Techstars Portfolio (techstars.com/portfolio),2026-08-05T18:36:58.568130+00:00,True,
591,tbh,https://tbhtime.com,Mobile,United States,Techstars Portfolio (techstars.com/portfolio),2026-08-05T18:36:58.568130+00:00,True,
592,Quantive,https://quantive.com,"Fintech, HRtech",Bulgaria,Techstars Portfolio (techstars.com/portfolio),2026-08-05T18:36:58.568130+00:00,True,
593,PlayCanvas,https://playcanvas.com,"Gaming, SaaS, Virtual reality",United Kingdom,Techstars Portfolio (techstars.com/portfolio),2026-08-05T18:36:58.568130+00:00,True,
594,Mocavo,https://mocavo.com,"Technology, media and telecommunications",United States,Techstars Portfolio (techstars.com/portfolio),2026-08-05T18:36:58.568130+00:00,True,
595,LegalPad,https://legalpad.io,HRtech,United States,Techstars Portfolio (techstars.com/portfolio),2026-08-05T18:36:58.568130+00:00,True,
596,Harvest Platform,https://growmyharvest.com,"Artificial intelligence and machine learning, Fintech",United States,Techstars Portfolio (techstars.com/portfolio),2026-08-05T18:36:58.568130+00:00,True,
597,ENSO,https://enso.de,Cleantech,United States,Techstars Portfolio (techstars.com/portfolio),2026-08-05T18:36:58.568130+00:00,True,
598,edisn.ai,https://edisn.ai,"Artificial intelligence and machine learning, Mobile",United States,Techstars Portfolio (techstars.com/portfolio),2026-08-05T18:36:58.568130+00:00,True,
599,Adopets,https://adopets.com,Pet tech,United States,Techstars Portfolio (techstars.com/portfolio),2026-08-05T18:36:58.568130+00:00,True,
600,Cheerfy,https://cheerfy.com,"Artificial intelligence and machine learning, Big Data, Foodtech, Marketing tech, Mobile, Mobile commerce",United Kingdom,Techstars Portfolio (techstars.com/portfolio),2026-08-05T18:36:58.568130+00:00,True,
601,Unreal Estate,https://unrealestate.com,"E-commerce, Fintech, Real estate tech",United States,Techstars Portfolio (techstars.com/portfolio),2026-08-05T18:36:58.568130+00:00,True,
602,Beam,https://beam.pro,"Mobile, SaaS, Technology, media and telecommunications",United States,Techstars Portfolio (techstars.com/portfolio),2026-08-05T18:36:58.568130+00:00,True,
603,MITO Material Solutions,https://mitomaterials.com,"Cleantech, Climate tech, Industrials, Infrastructure, Manufacturing, Mobility tech, Nanotechnology",United States,Techstars Portfolio (techstars.com/portfolio),2026-08-05T18:36:58.568130+00:00,True,
604,Sunairio,https://sunairio.com,"Artificial intelligence and machine learning, Cleantech, Infrastructure, Insurtech",United States,Techstars Portfolio (techstars.com/portfolio),2026-08-05T18:36:58.568130+00:00,True,
605,Livsn Designs,https://livsndesigns.com,Manufacturing,United States,Techstars Portfolio (techstars.com/portfolio),2026-08-05T18:36:58.568130+00:00,True,
606,Kazadi Enterprises,https://kazadienterprises.com,"Cleantech, Climate tech, Industrials, Infrastructure, Manufacturing",United States,Techstars Portfolio (techstars.com/portfolio),2026-08-05T18:36:58.568130+00:00,True,
607,Rescripted,https://bestshotcare.com,Lifestyles of Health and Sustainability and wellness,United States,Techstars Portfolio (techstars.com/portfolio),2026-08-05T18:36:58.568130+00:00,True,
608,BioInteractive Technologies,https://tenzrhealth.com,"Internet of Things, Virtual reality",Canada,Techstars Portfolio (techstars.com/portfolio),2026-08-05T18:36:58.568130+00:00,True,
609,Baton Media,https://baton.media,"Infrastructure, Technology, media and telecommunications",United States,Techstars Portfolio (techstars.com/portfolio),2026-08-05T18:36:58.568130+00:00,True,
610,Ergatta,https://ergatta.com,"Healthtech, Lifestyles of Health and Sustainability and wellness",United States,Techstars Portfolio (techstars.com/portfolio),2026-08-05T18:36:58.568130+00:00,True,
611,Sunthetics,https://sunthetics.io,"Artificial intelligence and machine learning, Cleantech",United States,Techstars Portfolio (techstars.com/portfolio),2026-08-05T18:36:58.568130+00:00,True,
612,Manatee,https://getmanatee.com,"Artificial intelligence and machine learning, Lifestyles of Health and Sustainability and wellness",United States,Techstars Portfolio (techstars.com/portfolio),2026-08-05T18:36:58.568130+00:00,True,
613,FitBark,https://fitbark.com,"Insurtech, Internet of Things, Mobile",United States,Techstars Portfolio (techstars.com/portfolio),2026-08-05T18:36:58.568130+00:00,True,
614,Pass It Down,https://passitdown.com,"Cryptocurrency/Blockchain, Mobile",United States,Techstars Portfolio (techstars.com/portfolio),2026-08-05T18:36:58.568130+00:00,True,
615,Boson Motors,https://bosonmotors.com,"Cleantech, Climate tech",United States,Techstars Portfolio (techstars.com/portfolio),2026-08-05T18:36:58.568130+00:00,True,
616,Shopventory,https://shopventory.com,"Fintech, Mobile",United States,Techstars Portfolio (techstars.com/portfolio),2026-08-05T18:36:58.568130+00:00,True,
617,Heex Technologies,https://heex.io,"Artificial intelligence and machine learning, Cleantech, Cryptocurrency/Blockchain, Cybersecurity, Internet of Things, Lifestyles of Health and Sustainability and wellness",France,Techstars Portfolio (techstars.com/portfolio),2026-08-05T18:36:58.568130+00:00,True,
618,Imperson,https://imperson.com,Artificial intelligence and machine learning,United States,Techstars Portfolio (techstars.com/portfolio),2026-08-05T18:36:58.568130+00:00,True,
619,Arvist,https://arvist.ai,"Artificial intelligence and machine learning, Internet of Things, Supply chain technology",United States,Techstars Portfolio (techstars.com/portfolio),2026-08-05T18:36:58.568130+00:00,True,
620,DocStation,https://docstation.co,"Digital health, Fintech, Insurtech",United States,Techstars Portfolio (techstars.com/portfolio),2026-08-05T18:36:58.568130+00:00,True,
621,OnSwipe,https://onswipe.com,Mobile,United States,Techstars Portfolio (techstars.com/portfolio),2026-08-05T18:36:58.568130+00:00,True,
622,Rainwalk Technology,https://rainwalkpetinsurance.com,"Insurtech, Pet tech",United States,Techstars Portfolio (techstars.com/portfolio),2026-08-05T18:36:58.568130+00:00,True,
623,Spocket,https://spocket.co,Artificial intelligence and machine learning,Canada,Techstars Portfolio (techstars.com/portfolio),2026-08-05T18:36:58.568130+00:00,True,
624,Mineral Forecast,https://en.mineralforecast.com,"Climate tech, Industrials",Chile,Techstars Portfolio (techstars.com/portfolio),2026-08-05T18:36:58.568130+00:00,True,
625,Sprout Wellness Solutions,https://sproutatwork.com,"Healthtech, HRtech, Lifestyles of Health and Sustainability and wellness",Canada,Techstars Portfolio (techstars.com/portfolio),2026-08-05T18:36:58.568130+00:00,True,
626,Meal Ticket,https://getmealticket.com,"Fintech, Mobile",United States,Techstars Portfolio (techstars.com/portfolio),2026-08-05T18:36:58.568130+00:00,True,
627,Abe AI,https://abe.ai,"Artificial intelligence and machine learning, Fintech",United States,Techstars Portfolio (techstars.com/portfolio),2026-08-05T18:36:58.568130+00:00,True,
628,EDGE Sound Research,https://edgesoundresearch.com,"Audiotech, Cryptocurrency/Blockchain, Gaming, Internet of Things",United States,Techstars Portfolio (techstars.com/portfolio),2026-08-05T18:36:58.568130+00:00,True,
629,HackMD,https://hackmd.io,"Infrastructure, Internet of Things, Mobile",Taiwan,Techstars Portfolio (techstars.com/portfolio),2026-08-05T18:36:58.568130+00:00,True,
630,Prewitt Ridge,https://sysgit.io,Space tech,United States,Techstars Portfolio (techstars.com/portfolio),2026-08-05T18:36:58.568130+00:00,True,
631,dopl technologies,https://dopltechnologies.com,Healthtech,United States,Techstars Portfolio (techstars.com/portfolio),2026-08-05T18:36:58.568130+00:00,True,
632,RedWing Aerospace Laboratories,https://redwinglabs.in,Robotics and Drones,India,Techstars Portfolio (techstars.com/portfolio),2026-08-05T18:36:58.568130+00:00,True,
633,Regular Finance,https://regular.eu,Fintech,France,Techstars Portfolio (techstars.com/portfolio),2026-08-05T18:36:58.568130+00:00,True,
634,mokSa AI,https://moksa.ai,"Artificial intelligence and machine learning, Cloudtech and DevOps, Infrastructure, Technology, media and telecommunications",United States,Techstars Portfolio (techstars.com/portfolio),2026-08-05T18:36:58.568130+00:00,True,
635,Covatic,https://covatic.com,"Adtech, Artificial intelligence and machine learning, Internet of Things, Mobile",United Kingdom,Techstars Portfolio (techstars.com/portfolio),2026-08-05T18:36:58.568130+00:00,True,
636,Xairos,https://xairos.com,Cybersecurity,United States,Techstars Portfolio (techstars.com/portfolio),2026-08-05T18:36:58.568130+00:00,True,
637,Revolution RE,https://revolutionre.com,Mobile,United States,Techstars Portfolio (techstars.com/portfolio),2026-08-05T18:36:58.568130+00:00,True,
638,Matcherino,https://matcherino.com,"eSports, Fintech, Gaming",United States,Techstars Portfolio (techstars.com/portfolio),2026-08-05T18:36:58.568130+00:00,True,
639,Hrmony,https://hrmony.de,HRtech,Germany,Techstars Portfolio (techstars.com/portfolio),2026-08-05T18:36:58.568130+00:00,True,
640,Bruin,https://getbruin.com,Artificial intelligence and machine learning,Germany,Techstars Portfolio (techstars.com/portfolio),2026-08-05T18:36:58.568130+00:00,True,
641,Birdstop,https://birdstop.io,"Internet of Things, Robotics and Drones",United States,Techstars Portfolio (techstars.com/portfolio),2026-08-05T18:36:58.568130+00:00,True,
642,Liquid,https://goliquid.io,"Artificial intelligence and machine learning, Cryptocurrency/Blockchain, Fintech, HRtech, Mobile",United States,Techstars Portfolio (techstars.com/portfolio),2026-08-05T18:36:58.568130+00:00,True,
643,Neu,https://neucleans.com,HRtech,United States,Techstars Portfolio (techstars.com/portfolio),2026-08-05T18:36:58.568130+00:00,True,
644,Rexby,https://rexby.com,"Lifestyles of Health and Sustainability and wellness, Mobile",Iceland,Techstars Portfolio (techstars.com/portfolio),2026-08-05T18:36:58.568130+00:00,True,
645,Ambassador,https://getambassador.com,"Marketing tech, Technology, media and telecommunications",United States,Techstars Portfolio (techstars.com/portfolio),2026-08-05T18:36:58.568130+00:00,True,
646,Retrocausal,https://retrocausal.ai,"Artificial intelligence and machine learning, Internet of Things, Virtual reality",United States,Techstars Portfolio (techstars.com/portfolio),2026-08-05T18:36:58.568130+00:00,True,
647,AkashX,https://akashx.ai,"Big Data, Cloudtech and DevOps",United States,Techstars Portfolio (techstars.com/portfolio),2026-08-05T18:36:58.568130+00:00,True,
648,AssetVault,https://asset-vault.com,"Cybersecurity, Fintech, Insurtech, Mobile",United Kingdom,Techstars Portfolio (techstars.com/portfolio),2026-08-05T18:36:58.568130+00:00,True,
649,TalentQL,https://talentql.com,HRtech,United States,Techstars Portfolio (techstars.com/portfolio),2026-08-05T18:36:58.568130+00:00,True,
650,Spitfire Athlete,https://spitfireathlete.com,"Lifestyles of Health and Sustainability and wellness, Mobile",United States,Techstars Portfolio (techstars.com/portfolio),2026-08-05T18:36:58.568130+00:00,True,
651,Jaipur Robotics,https://jaipurrobotics.com,"Artificial intelligence and machine learning, Cleantech, Climate tech, Industrials, Robotics and Drones",Switzerland,Techstars Portfolio (techstars.com/portfolio),2026-08-05T18:36:58.568130+00:00,True,
652,Kimba,https://kimba.ai,"Digital health, Mobile",Israel,Techstars Portfolio (techstars.com/portfolio),2026-08-05T18:36:58.568130+00:00,True,
653,ECO2GROW,https://eco2grow.com,Cleantech,Germany,Techstars Portfolio (techstars.com/portfolio),2026-08-05T18:36:58.568130+00:00,True,
654,muffintech,https://muffintech.ai,"Artificial intelligence and machine learning, Fintech, Insurtech",Germany,Techstars Portfolio (techstars.com/portfolio),2026-08-05T18:36:58.568130+00:00,True,
655,Fantasmo,https://fantasmo.io,"Mobile, Robotics and Drones, Virtual reality",United States,Techstars Portfolio (techstars.com/portfolio),2026-08-05T18:36:58.568130+00:00,True,
656,Modicus Prime,https://modicusprime.com,"Artificial intelligence and machine learning, Healthtech",United States,Techstars Portfolio (techstars.com/portfolio),2026-08-05T18:36:58.568130+00:00,True,
657,Zego,https://zego.io,"Artificial intelligence and machine learning, Internet of Things, Mobile",United States,Techstars Portfolio (techstars.com/portfolio),2026-08-05T18:36:58.568130+00:00,True,
658,VidGrid,https://vidgrid.com,"Technology, media and telecommunications",United States,Techstars Portfolio (techstars.com/portfolio),2026-08-05T18:36:58.568130+00:00,True,
659,VXB Aerospace,https://vxbaerospace.com,"3D printing, Artificial intelligence and machine learning, Space tech",Australia,Techstars Portfolio (techstars.com/portfolio),2026-08-05T18:36:58.568130+00:00,True,
660,Vitrue Health,https://vitruehealth.com,"Healthtech, HRtech, Lifestyles of Health and Sustainability and wellness",United Kingdom,Techstars Portfolio (techstars.com/portfolio),2026-08-05T18:36:58.568130+00:00,True,
661,IONA,https://ionadrones.com,"Cleantech, Climate tech, Mobility tech, Robotics and Drones, Supply chain technology",United Kingdom,Techstars Portfolio (techstars.com/portfolio),2026-08-05T18:36:58.568130+00:00,True,
662,Diagon Technologies,https://diagon.ai,"Artificial intelligence and machine learning, Industrials, Manufacturing, Robotics and Drones, Supply chain technology",United States,Techstars Portfolio (techstars.com/portfolio),2026-08-05T18:36:58.568130+00:00,True,
663,FlyteDesk,https://flytedesk.com,Fintech,United States,Techstars Portfolio (techstars.com/portfolio),2026-08-05T18:36:58.568130+00:00,True,
664,Crave Retail,https://craveretail.com,"Artificial intelligence and machine learning, Big Data",United States,Techstars Portfolio (techstars.com/portfolio),2026-08-05T18:36:58.568130+00:00,True,
665,Clara,https://clara.co,"Artificial intelligence and machine learning, Fintech, Legal tech",United Arab Emirates,Techstars Portfolio (techstars.com/portfolio),2026-08-05T18:36:58.568130+00:00,True,
666,iambuddy.com,https://iambuddy.com,"Insurtech, Lifestyles of Health and Sustainability and wellness",United States,Techstars Portfolio (techstars.com/portfolio),2026-08-05T18:36:58.568130+00:00,True,
667,str8bat,https://str8bat.com,"Gaming, Internet of Things",India,Techstars Portfolio (techstars.com/portfolio),2026-08-05T18:36:58.568130+00:00,True,
668,AAZZUR,https://aazzur.com,"Fintech, Mobile",Germany,Techstars Portfolio (techstars.com/portfolio),2026-08-05T18:36:58.568130+00:00,True,
669,IndieFlow,https://indieflow.me,Audiotech,United States,Techstars Portfolio (techstars.com/portfolio),2026-08-05T18:36:58.568130+00:00,True,
670,Audigo Labs,https://audigolabs.com,"Audiotech, Mobile",United States,Techstars Portfolio (techstars.com/portfolio),2026-08-05T18:36:58.568130+00:00,True,
671,7 Chord,https://7-chord.com,"Artificial intelligence and machine learning, Big Data, Fintech",United States,Techstars Portfolio (techstars.com/portfolio),2026-08-05T18:36:58.568130+00:00,True,
672,ProcessBolt,https://processbolt.com,Cybersecurity,United States,Techstars Portfolio (techstars.com/portfolio),2026-08-05T18:36:58.568130+00:00,True,
673,Patient IO,https://patientio.com,Mobile,United States,Techstars Portfolio (techstars.com/portfolio),2026-08-05T18:36:58.568130+00:00,True,
674,FTN Network,https://ftnnetwork.com,Fintech,United States,Techstars Portfolio (techstars.com/portfolio),2026-08-05T18:36:58.568130+00:00,True,
675,Petra Power,https://petrapower.com,"Cleantech, Climate tech, Mobility tech, Oil and gas",United States,Techstars Portfolio (techstars.com/portfolio),2026-08-05T18:36:58.568130+00:00,True,
676,Pitch Aeronautics,https://pitchaero.com,"Cleantech, Climate tech, Industrials, Infrastructure, Oil and gas, Real estate tech, Robotics and Drones",United States,Techstars Portfolio (techstars.com/portfolio),2026-08-05T18:36:58.568130+00:00,True,
677,Spatialedge,https://spatialedge.co.za,"Artificial intelligence and machine learning, Big Data",South Africa,Techstars Portfolio (techstars.com/portfolio),2026-08-05T18:36:58.568130+00:00,True,
678,Mushroom Material,https://mushroommaterial.com,"Agtech, Cleantech, Climate tech, Manufacturing",New Zealand,Techstars Portfolio (techstars.com/portfolio),2026-08-05T18:36:58.568130+00:00,True,
679,Catalyx Space,https://spacerickshaw.com,Space tech,United States,Techstars Portfolio (techstars.com/portfolio),2026-08-05T18:36:58.568130+00:00,True,
680,Module,https://modulehousing.com,"Internet of Things, Mobile",United States,Techstars Portfolio (techstars.com/portfolio),2026-08-05T18:36:58.568130+00:00,True,
681,Aiva,https://aiva.ai,"Artificial intelligence and machine learning, Healthtech, Mobile",United States,Techstars Portfolio (techstars.com/portfolio),2026-08-05T18:36:58.568130+00:00,True,
682,Flecto,https://flecto.io,Climate tech,Portugal,Techstars Portfolio (techstars.com/portfolio),2026-08-05T18:36:58.568130+00:00,True,
683,KITRO,https://kitro.ch,"Artificial intelligence and machine learning, Big Data, Climate tech, Internet of Things",Switzerland,Techstars Portfolio (techstars.com/portfolio),2026-08-05T18:36:58.568130+00:00,True,
684,Brite,https://gobrite.io,"Edtech, Gaming",United States,Techstars Portfolio (techstars.com/portfolio),2026-08-05T18:36:58.568130+00:00,True,
685,Precog,https://precog.com,"Artificial intelligence and machine learning, Big Data, Fintech",United States,Techstars Portfolio (techstars.com/portfolio),2026-08-05T18:36:58.568130+00:00,True,
686,Dotterel,https://dotterel.co.nz,Robotics and Drones,New Zealand,Techstars Portfolio (techstars.com/portfolio),2026-08-05T18:36:58.568130+00:00,True,
687,TermScout,https://termscout.com,Big Data,United States,Techstars Portfolio (techstars.com/portfolio),2026-08-05T18:36:58.568130+00:00,True,
688,FundMiner,https://fundminer.com,Fintech,United States,Techstars Portfolio (techstars.com/portfolio),2026-08-05T18:36:58.568130+00:00,True,
689,Humanitru,https://toteminsights.com,"Artificial intelligence and machine learning, Big Data, Fintech",United States,Techstars Portfolio (techstars.com/portfolio),2026-08-05T18:36:58.568130+00:00,True,
690,Fueloyal,https://fueloyal.com,Internet of Things,United States,Techstars Portfolio (techstars.com/portfolio),2026-08-05T18:36:58.568130+00:00,True,
691,Remio,https://remiovr.com,"Artificial intelligence and machine learning, Mobile",United States,Techstars Portfolio (techstars.com/portfolio),2026-08-05T18:36:58.568130+00:00,True,
692,Radish Health,https://radish.health,"HRtech, Lifestyles of Health and Sustainability and wellness",United States,Techstars Portfolio (techstars.com/portfolio),2026-08-05T18:36:58.568130+00:00,True,
693,FeezBack,https://feezback.com,Fintech,Israel,Techstars Portfolio (techstars.com/portfolio),2026-08-05T18:36:58.568130+00:00,True,
694,Revvo,https://revvo.ai,Big Data,United States,Techstars Portfolio (techstars.com/portfolio),2026-08-05T18:36:58.568130+00:00,True,
695,Trelora,https://trelora.com,Real estate tech,United States,Techstars Portfolio (techstars.com/portfolio),2026-08-05T18:36:58.568130+00:00,True,
696,Bevz,https://bevz.com,"Foodtech, Mobile",United States,Techstars Portfolio (techstars.com/portfolio),2026-08-05T18:36:58.568130+00:00,True,
697,STAND+,https://weargales.com,E-commerce,United States,Techstars Portfolio (techstars.com/portfolio),2026-08-05T18:36:58.568130+00:00,True,
698,Bloomfilter,https://thebloomfilter.com,Cloudtech and DevOps,United States,Techstars Portfolio (techstars.com/portfolio),2026-08-05T18:36:58.568130+00:00,True,
699,Tozuda,https://tozuda.com,Internet of Things,United States,Techstars Portfolio (techstars.com/portfolio),2026-08-05T18:36:58.568130+00:00,True,
700,Gradient Health,https://gradientai.com,"Artificial intelligence and machine learning, Big Data, Healthtech, Infrastructure",United States,Techstars Portfolio (techstars.com/portfolio),2026-08-05T18:36:58.568130+00:00,True,
701,Wolf,https://fromwolf.com,"Artificial intelligence and machine learning, Cloudtech and DevOps, HRtech",United States,Techstars Portfolio (techstars.com/portfolio),2026-08-05T18:36:58.568130+00:00,True,
702,EINO,https://eino.ai,Artificial intelligence and machine learning,United States,Techstars Portfolio (techstars.com/portfolio),2026-08-05T18:36:58.568130+00:00,True,
703,Inkblot Therapy,https://ink.inkblottherapy.com,"Healthtech, Lifestyles of Health and Sustainability and wellness",Canada,Techstars Portfolio (techstars.com/portfolio),2026-08-05T18:36:58.568130+00:00,True,
704,CodeMentor,https://codementor.io,Edtech,United States,Techstars Portfolio (techstars.com/portfolio),2026-08-05T18:36:58.568130+00:00,True,
705,SaRA Health,https://sarahealth.io,"Healthtech, Lifestyles of Health and Sustainability and wellness",United States,Techstars Portfolio (techstars.com/portfolio),2026-08-05T18:36:58.568130+00:00,True,
706,ProGrad,https://prograd.uk,"Artificial intelligence and machine learning, Fintech",United Kingdom,Techstars Portfolio (techstars.com/portfolio),2026-08-05T18:36:58.568130+00:00,True,
707,dehaze,https://dehaze.de,"Artificial intelligence and machine learning, Digital health, Healthtech, Oncology",Germany,Techstars Portfolio (techstars.com/portfolio),2026-08-05T18:36:58.568130+00:00,True,
708,microTERRA,https://microterra.com.mx,"Cleantech, Climate tech",Mexico,Techstars Portfolio (techstars.com/portfolio),2026-08-05T18:36:58.568130+00:00,True,
709,Pelikan Mobility,https://pelikan-mobility.com,"Artificial intelligence and machine learning, Cleantech, Climate tech, Infrastructure, Mobility tech",France,Techstars Portfolio (techstars.com/portfolio),2026-08-05T18:36:58.568130+00:00,True,
710,GATE Space,https://gate.space,"Manufacturing, Space tech",United States,Techstars Portfolio (techstars.com/portfolio),2026-08-05T18:36:58.568130+00:00,True,
711,StreetMetrics,https://streetmetrics.com,Mobile,United States,Techstars Portfolio (techstars.com/portfolio),2026-08-05T18:36:58.568130+00:00,True,
712,Waffle Labs,https://trywaffle.com,"Fintech, Insurtech, Mobile",United States,Techstars Portfolio (techstars.com/portfolio),2026-08-05T18:36:58.568130+00:00,True,
713,Popp,https://joinpopp.com,"Big Data, Cryptocurrency/Blockchain, HRtech",United Kingdom,Techstars Portfolio (techstars.com/portfolio),2026-08-05T18:36:58.568130+00:00,True,
714,Matchaful,https://matchaful.com,Lifestyles of Health and Sustainability and wellness,United States,Techstars Portfolio (techstars.com/portfolio),2026-08-05T18:36:58.568130+00:00,True,
715,Wind Fisher,https://wind-fisher.com,"Cleantech, Climate tech, Impact investing, Infrastructure, Manufacturing, Robotics and Drones",France,Techstars Portfolio (techstars.com/portfolio),2026-08-05T18:36:58.568130+00:00,True,
716,backstitch,https://backstitch.io,HRtech,United States,Techstars Portfolio (techstars.com/portfolio),2026-08-05T18:36:58.568130+00:00,True,
717,555 Comic,https://555comic.com,Gaming,Japan,Techstars Portfolio (techstars.com/portfolio),2026-08-05T18:36:58.568130+00:00,True,
718,OTTO,https://myotto.net,Mobile,United States,Techstars Portfolio (techstars.com/portfolio),2026-08-05T18:36:58.568130+00:00,True,
719,Diem,https://askdiem.com,"Artificial intelligence and machine learning, Cryptocurrency/Blockchain, Femtech, Fintech, Lifestyles of Health and Sustainability and wellness, Mobile",United States,Techstars Portfolio (techstars.com/portfolio),2026-08-05T18:36:58.568130+00:00,True,
720,Wib,https://wenspiredata.com,Cybersecurity,Israel,Techstars Portfolio (techstars.com/portfolio),2026-08-05T18:36:58.568130+00:00,True,
721,Marlo Technologies,https://marlo.online,Fintech,United Kingdom,Techstars Portfolio (techstars.com/portfolio),2026-08-05T18:36:58.568130+00:00,True,
722,Pipeline Equity,https://pipelineequity.com,"Artificial intelligence and machine learning, HRtech",United States,Techstars Portfolio (techstars.com/portfolio),2026-08-05T18:36:58.568130+00:00,True,
723,EasyWay Technologies,https://easyway.ai,"3D printing, Artificial intelligence and machine learning, SaaS",Israel,Techstars Portfolio (techstars.com/portfolio),2026-08-05T18:36:58.568130+00:00,True,
724,swivl,https://tryswivl.com,Artificial intelligence and machine learning,United States,Techstars Portfolio (techstars.com/portfolio),2026-08-05T18:36:58.568130+00:00,True,
725,BrainSpec,https://brainspecmed.com,"Healthtech, Oncology",United States,Techstars Portfolio (techstars.com/portfolio),2026-08-05T18:36:58.568130+00:00,True,
726,Carbide,https://carbidesecure.com,"Cybersecurity, Infrastructure",Canada,Techstars Portfolio (techstars.com/portfolio),2026-08-05T18:36:58.568130+00:00,True,
727,Bippit,https://bippit.com,"Fintech, HRtech, Lifestyles of Health and Sustainability and wellness",United Kingdom,Techstars Portfolio (techstars.com/portfolio),2026-08-05T18:36:58.568130+00:00,True,
728,VivorCare,https://oncoverycare.com,Healthtech,United States,Techstars Portfolio (techstars.com/portfolio),2026-08-05T18:36:58.568130+00:00,True,
729,RefineRE,https://refinere.com,Real estate tech,United States,Techstars Portfolio (techstars.com/portfolio),2026-08-05T18:36:58.568130+00:00,True,
730,LendAPI,https://lendapi.com,Fintech,United States,Techstars Portfolio (techstars.com/portfolio),2026-08-05T18:36:58.568130+00:00,True,
731,ATOM,https://atomchat.io,Artificial intelligence and machine learning,United States,Techstars Portfolio (techstars.com/portfolio),2026-08-05T18:36:58.568130+00:00,True,
732,Depay,https://depayapp.com,"Cryptocurrency/Blockchain, Fintech",Argentina,Techstars Portfolio (techstars.com/portfolio),2026-08-05T18:36:58.568130+00:00,True,
733,Sworkit,https://sworkit.com,"Lifestyles of Health and Sustainability and wellness, Mobile",United States,Techstars Portfolio (techstars.com/portfolio),2026-08-05T18:36:58.568130+00:00,True,
734,SPIDR Tech,https://spidrtech.com,Big Data,United States,Techstars Portfolio (techstars.com/portfolio),2026-08-05T18:36:58.568130+00:00,True,
735,Polymorph,https://​getpolymorph.com,Mobile,United States,Techstars Portfolio (techstars.com/portfolio),2026-08-05T18:36:58.568130+00:00,True,
736,Pathgather,https://pathgather.com,HRtech,United States,Techstars Portfolio (techstars.com/portfolio),2026-08-05T18:36:58.568130+00:00,True,
737,NexLP,https://nexlp.com,"Artificial intelligence and machine learning, Big Data, Legal tech",United States,Techstars Portfolio (techstars.com/portfolio),2026-08-05T18:36:58.568130+00:00,True,
738,MorphL,https://morphl.ai,Artificial intelligence and machine learning,United States,Techstars Portfolio (techstars.com/portfolio),2026-08-05T18:36:58.568130+00:00,True,
739,Mint State Labs,https://mintstatelabs.com,"Artificial intelligence and machine learning, Cryptocurrency/Blockchain, Gaming, Infrastructure, Virtual reality",United States,Techstars Portfolio (techstars.com/portfolio),2026-08-05T18:36:58.568130+00:00,True,
740,MadKudu,https://madkudu.com,Artificial intelligence and machine learning,United States,Techstars Portfolio (techstars.com/portfolio),2026-08-05T18:36:58.568130+00:00,True,
741,Geopipe,https://geopipe.ai,"Artificial intelligence and machine learning, Big Data, Gaming",United States,Techstars Portfolio (techstars.com/portfolio),2026-08-05T18:36:58.568130+00:00,True,
742,Estated,https://estated.com,Infrastructure,Canada,Techstars Portfolio (techstars.com/portfolio),2026-08-05T18:36:58.568130+00:00,True,
743,offe market,https://offe.market,Cleantech,United States,Techstars Portfolio (techstars.com/portfolio),2026-08-05T18:36:58.568130+00:00,True,
744,Nicolette,https://nicolette.com,"Digital health, Healthtech",United States,Techstars Portfolio (techstars.com/portfolio),2026-08-05T18:36:58.568130+00:00,True,
745,Intellectible,https://intellectible.com,Artificial intelligence and machine learning,United States,Techstars Portfolio (techstars.com/portfolio),2026-08-05T18:36:58.568130+00:00,True,
746,Con.doit,https://condoit.io,Internet of Things,United States,Techstars Portfolio (techstars.com/portfolio),2026-08-05T18:36:58.568130+00:00,True,
747,Roby,https://tellroby.com,"Artificial intelligence and machine learning, Internet of Things, Real estate tech",United States,Techstars Portfolio (techstars.com/portfolio),2026-08-05T18:36:58.568130+00:00,True,
748,Asepha,https://asepha.ai,"Artificial intelligence and machine learning, Digital health, Healthtech",Canada,Techstars Portfolio (techstars.com/portfolio),2026-08-05T18:36:58.568130+00:00,True,
749,Science On Call,https://scienceoncall.com,Foodtech,United States,Techstars Portfolio (techstars.com/portfolio),2026-08-05T18:36:58.568130+00:00,True,
750,MDaaS Global,https://mdaas.io,"Digital health, Healthtech, Marketing tech, Supply chain technology",United States,Techstars Portfolio (techstars.com/portfolio),2026-08-05T18:36:58.568130+00:00,True,
751,Orbital Arc,https://orbitalarc.com,"Manufacturing, Space tech",United States,Techstars Portfolio (techstars.com/portfolio),2026-08-05T18:36:58.568130+00:00,True,
752,HeavyConnect,https://heavyconnect.com,"Agtech, Mobile",United States,Techstars Portfolio (techstars.com/portfolio),2026-08-05T18:36:58.568130+00:00,True,
753,FinGoal,https://fingoal.com,"Artificial intelligence and machine learning, Fintech",United States,Techstars Portfolio (techstars.com/portfolio),2026-08-05T18:36:58.568130+00:00,True,
754,CaptureProof,https://captureproof.com,Digital health,United States,Techstars Portfolio (techstars.com/portfolio),2026-08-05T18:36:58.568130+00:00,True,
755,Zzish,https://zzish.com,"Edtech, Mobile",United Kingdom,Techstars Portfolio (techstars.com/portfolio),2026-08-05T18:36:58.568130+00:00,True,
756,TheMonetizr,https://themonetizr.com,"Big Data, Gaming, Mobile",United States,Techstars Portfolio (techstars.com/portfolio),2026-08-05T18:36:58.568130+00:00,True,
757,Slope Software,https://slopesoftware.com,"Fintech, Insurtech",United States,Techstars Portfolio (techstars.com/portfolio),2026-08-05T18:36:58.568130+00:00,True,
758,University Startups,https://university-startups.com,Edtech,United States,Techstars Portfolio (techstars.com/portfolio),2026-08-05T18:36:58.568130+00:00,True,
759,Offr,https://offr.io,Real estate tech,Ireland,Techstars Portfolio (techstars.com/portfolio),2026-08-05T18:36:58.568130+00:00,True,
760,INBOTIQA,https://inbotiqa.com,"Fintech, SaaS, Technology, media and telecommunications",United Kingdom,Techstars Portfolio (techstars.com/portfolio),2026-08-05T18:36:58.568130+00:00,True,
761,PolyXLabs,https://poliloop.com,"Cleantech, Climate tech",Hungary,Techstars Portfolio (techstars.com/portfolio),2026-08-05T18:36:58.568130+00:00,True,
762,Trudenty,https://trudenty.com,"Artificial intelligence and machine learning, Cybersecurity, Fintech",Belgium,Techstars Portfolio (techstars.com/portfolio),2026-08-05T18:36:58.568130+00:00,True,
763,heva,https://heva.co,"Artificial intelligence and machine learning, Healthtech",United States,Techstars Portfolio (techstars.com/portfolio),2026-08-05T18:36:58.568130+00:00,True,
764,Kairos Sports Tech,https://kairostech.io,"Manufacturing, Technology, media and telecommunications",United Kingdom,Techstars Portfolio (techstars.com/portfolio),2026-08-05T18:36:58.568130+00:00,True,
765,Polygon,https://hellopolygon.com,"Internet of Things, Lifestyles of Health and Sustainability and wellness",United States,Techstars Portfolio (techstars.com/portfolio),2026-08-05T18:36:58.568130+00:00,True,
766,Naviday Health,https://navidayhealth.com,"Healthtech, Lifestyles of Health and Sustainability and wellness, Mobile",United States,Techstars Portfolio (techstars.com/portfolio),2026-08-05T18:36:58.568130+00:00,True,
767,Olive Technologies,https://olive.app,"Artificial intelligence and machine learning, Fintech",Canada,Techstars Portfolio (techstars.com/portfolio),2026-08-05T18:36:58.568130+00:00,True,
768,2ndKitchen,https://2ndkitchen.com,"Foodtech, Mobile",United States,Techstars Portfolio (techstars.com/portfolio),2026-08-05T18:36:58.568130+00:00,True,
769,Please Assist Me,https://pleaseassistme.com,"Mobile, Real estate tech",United States,Techstars Portfolio (techstars.com/portfolio),2026-08-05T18:36:58.568130+00:00,True,
770,Citruslabs,https://citruslabs.com,"Lifestyles of Health and Sustainability and wellness, Mobile",United States,Techstars Portfolio (techstars.com/portfolio),2026-08-05T18:36:58.568130+00:00,True,
771,Gimme Media,https://gimmeradio.com,Mobile,United States,Techstars Portfolio (techstars.com/portfolio),2026-08-05T18:36:58.568130+00:00,True,
772,Kestrl: Muslim Money App,https://kestrl.io,"Fintech, Impact investing, Mobile",United Kingdom,Techstars Portfolio (techstars.com/portfolio),2026-08-05T18:36:58.568130+00:00,True,
773,Lumos Helmet,https://lumoshelmet.co,Internet of Things,United States,Techstars Portfolio (techstars.com/portfolio),2026-08-05T18:36:58.568130+00:00,True,
774,Mainframe,https://mainframe.co,Cryptocurrency/Blockchain,United States,Techstars Portfolio (techstars.com/portfolio),2026-08-05T18:36:58.568130+00:00,True,
775,Modern,https://modernis.com,"Fintech, Mobile",United States,Techstars Portfolio (techstars.com/portfolio),2026-08-05T18:36:58.568130+00:00,True,
776,Atlas Wearables,https://atlaswearables.com,"Internet of Things, Lifestyles of Health and Sustainability and wellness",United States,Techstars Portfolio (techstars.com/portfolio),2026-08-05T18:36:58.568130+00:00,True,
777,Tova Earth,https://tova.earth,"Artificial intelligence and machine learning, Climate tech",United States,Techstars Portfolio (techstars.com/portfolio),2026-08-05T18:36:58.568130+00:00,True,
778,LegitFit,https://legitfit.com,"Fintech, Lifestyles of Health and Sustainability and wellness, Marketing tech, SaaS",Ireland,Techstars Portfolio (techstars.com/portfolio),2026-08-05T18:36:58.568130+00:00,True,
779,eola,https://eola.co,Fintech,United Kingdom,Techstars Portfolio (techstars.com/portfolio),2026-08-05T18:36:58.568130+00:00,True,
780,SATIM,https://satim.co,"Infrastructure, Insurtech, Oil and gas",Poland,Techstars Portfolio (techstars.com/portfolio),2026-08-05T18:36:58.568130+00:00,True,
781,Enurgen,https://enurgen.com,"Cleantech, Climate tech",Canada,Techstars Portfolio (techstars.com/portfolio),2026-08-05T18:36:58.568130+00:00,True,
782,GoAudience,https://goaudience.com,"Adtech, Artificial intelligence and machine learning, Marketing tech",United States,Techstars Portfolio (techstars.com/portfolio),2026-08-05T18:36:58.568130+00:00,True,
783,Qeepsake,https://qeepsake.com,Mobile,United States,Techstars Portfolio (techstars.com/portfolio),2026-08-05T18:36:58.568130+00:00,True,
784,Salient Energy,https://salientenergyinc.com,"Cleantech, Climate tech",Canada,Techstars Portfolio (techstars.com/portfolio),2026-08-05T18:36:58.568130+00:00,True,
785,hobbyDB,https://hobbydb.com,"E-commerce, Technology, media and telecommunications",United States,Techstars Portfolio (techstars.com/portfolio),2026-08-05T18:36:58.568130+00:00,True,
786,kelaHealth,https://kelahealth.com,"Big Data, Healthtech",United States,Techstars Portfolio (techstars.com/portfolio),2026-08-05T18:36:58.568130+00:00,True,
787,Pillar Technologies,https://pillar.tech,"Fintech, Insurtech, Internet of Things",United States,Techstars Portfolio (techstars.com/portfolio),2026-08-05T18:36:58.568130+00:00,True,
788,Revel Ai Health,https://revelaihealth.com,Healthtech,United States,Techstars Portfolio (techstars.com/portfolio),2026-08-05T18:36:58.568130+00:00,True,
789,Volteum,https://volteum.io,Mobility tech,Hungary,Techstars Portfolio (techstars.com/portfolio),2026-08-05T18:36:58.568130+00:00,True,
790,RIPA AI,https://oriongeo.com,"Artificial intelligence and machine learning, Big Data, Insurtech",United Kingdom,Techstars Portfolio (techstars.com/portfolio),2026-08-05T18:36:58.568130+00:00,True,
791,Greendeck,https://greendeck.co,"Artificial intelligence and machine learning, Fintech",United Kingdom,Techstars Portfolio (techstars.com/portfolio),2026-08-05T18:36:58.568130+00:00,True,
792,altvia,https://altvia.com,Marketing tech,United States,Techstars Portfolio (techstars.com/portfolio),2026-08-05T18:36:58.568130+00:00,True,
793,Lingco Language Labs,https://lingco.io,Edtech,United States,Techstars Portfolio (techstars.com/portfolio),2026-08-05T18:36:58.568130+00:00,True,
794,Decorte Future Industries,https://decortefutureindustries.com,"Artificial intelligence and machine learning, Digital health, Healthtech, Lifestyles of Health and Sustainability and wellness, Pet tech",United Kingdom,Techstars Portfolio (techstars.com/portfolio),2026-08-05T18:36:58.568130+00:00,True,
795,Lightning Social Ventures,https://lightningreach.org,"Fintech, Impact investing",United Kingdom,Techstars Portfolio (techstars.com/portfolio),2026-08-05T18:36:58.568130+00:00,True,
796,Fincura,https://fincura.com,"Artificial intelligence and machine learning, Fintech",United States,Techstars Portfolio (techstars.com/portfolio),2026-08-05T18:36:58.568130+00:00,True,
797,Tweezr,https://tweezr.io,"Artificial intelligence and machine learning, Big Data, Cloudtech and DevOps, Fintech",Netherlands,Techstars Portfolio (techstars.com/portfolio),2026-08-05T18:36:58.568130+00:00,True,
798,Kilsar,https://kilsar.com,"Augmented reality, Manufacturing",United States,Techstars Portfolio (techstars.com/portfolio),2026-08-05T18:36:58.568130+00:00,True,
799,Periphery,https://periphery.security,"Artificial intelligence and machine learning, Cloudtech and DevOps, Cybersecurity, Infrastructure, Internet of Things",United Kingdom,Techstars Portfolio (techstars.com/portfolio),2026-08-05T18:36:58.568130+00:00,True,
800,Codeship,https://codeship.com,Mobile,United States,Techstars Portfolio (techstars.com/portfolio),2026-08-05T18:36:58.568130+00:00,True,
801,Anam.ai,https://anam.ai,"Artificial intelligence and machine learning, Robotics and Drones",United Kingdom,Techstars Portfolio (techstars.com/portfolio),2026-08-05T18:36:58.568130+00:00,True,
802,HelioRec,https://heliorec.com,"Cleantech, Lifestyles of Health and Sustainability and wellness",France,Techstars Portfolio (techstars.com/portfolio),2026-08-05T18:36:58.568130+00:00,True,
803,Mine'd,https://doyoumined.com,"Lifestyles of Health and Sustainability and wellness, Mobile",United States,Techstars Portfolio (techstars.com/portfolio),2026-08-05T18:36:58.568130+00:00,True,
804,OneScreen AI,https://onescreen.ai,"Artificial intelligence and machine learning, Internet of Things, Mobile",United States,Techstars Portfolio (techstars.com/portfolio),2026-08-05T18:36:58.568130+00:00,True,
805,Spoon University,https://spoonuniversity.com,Mobile,United States,Techstars Portfolio (techstars.com/portfolio),2026-08-05T18:36:58.568130+00:00,True,
806,Mela Works,https://mela.work,Mobile,United Kingdom,Techstars Portfolio (techstars.com/portfolio),2026-08-05T18:36:58.568130+00:00,True,
807,Aline,https://aline.co,"Artificial intelligence and machine learning, Legal tech",United States,Techstars Portfolio (techstars.com/portfolio),2026-08-05T18:36:58.568130+00:00,True,
808,YearOne,https://joinyearone.io,HRtech,United States,Techstars Portfolio (techstars.com/portfolio),2026-08-05T18:36:58.568130+00:00,True,
809,Yoona.ai,https://yoona.ai,"Artificial intelligence and machine learning, Climate tech, Virtual reality",Germany,Techstars Portfolio (techstars.com/portfolio),2026-08-05T18:36:58.568130+00:00,True,
810,WePlayed,https://weplayed.com,Gaming,United States,Techstars Portfolio (techstars.com/portfolio),2026-08-05T18:36:58.568130+00:00,True,
811,Iomob,https://iomob.net,"Cryptocurrency/Blockchain, Mobile, Mobility tech",Estonia,Techstars Portfolio (techstars.com/portfolio),2026-08-05T18:36:58.568130+00:00,True,
812,SIQ Basketball,https://siqbasketball.com,"Digital health, Healthtech, Internet of Things, Lifestyles of Health and Sustainability and wellness",United States,Techstars Portfolio (techstars.com/portfolio),2026-08-05T18:36:58.568130+00:00,True,
813,FindMeCure,https://findmecure.com,Healthtech,United Kingdom,Techstars Portfolio (techstars.com/portfolio),2026-08-05T18:36:58.568130+00:00,True,
814,Muse Finance,https://getmymuse.com,Fintech,United Kingdom,Techstars Portfolio (techstars.com/portfolio),2026-08-05T18:36:58.568130+00:00,True,
815,Meta-Flux,https://meta-flux.com,"Artificial intelligence and machine learning, Healthtech",Ireland,Techstars Portfolio (techstars.com/portfolio),2026-08-05T18:36:58.568130+00:00,True,
816,Volta,https://volta-xr.com,Virtual reality,United Kingdom,Techstars Portfolio (techstars.com/portfolio),2026-08-05T18:36:58.568130+00:00,True,
817,Otrafy,https://otrafy.com,"Artificial intelligence and machine learning, Foodtech, Supply chain technology",United States,Techstars Portfolio (techstars.com/portfolio),2026-08-05T18:36:58.568130+00:00,True,
818,Voyc,https://voyc.ai,"Artificial intelligence and machine learning, Fintech, Insurtech",South Africa,Techstars Portfolio (techstars.com/portfolio),2026-08-05T18:36:58.568130+00:00,True,
819,gaga,https://gaga-app.com,"Edtech, Mobile",Saudi Arabia,Techstars Portfolio (techstars.com/portfolio),2026-08-05T18:36:58.568130+00:00,True,
820,TVbeat,https://tvbeat.com,"Technology, media and telecommunications",United Kingdom,Techstars Portfolio (techstars.com/portfolio),2026-08-05T18:36:58.568130+00:00,True,
821,Piction Health,https://lumindx.com,"Artificial intelligence and machine learning, Healthtech",United States,Techstars Portfolio (techstars.com/portfolio),2026-08-05T18:36:58.568130+00:00,True,
822,EveryMove,https://everymove.org,"Fintech, Mobile",United States,Techstars Portfolio (techstars.com/portfolio),2026-08-05T18:36:58.568130+00:00,True,
823,aliciabots,https://aliciabots.com,"Artificial intelligence and machine learning, Oil and gas, Robotics and Drones",United States,Techstars Portfolio (techstars.com/portfolio),2026-08-05T18:36:58.568130+00:00,True,
824,BITE Data,https://bitedata.io,"Artificial intelligence and machine learning, Supply chain technology",United States,Techstars Portfolio (techstars.com/portfolio),2026-08-05T18:36:58.568130+00:00,True,
825,SPLT,https://splt.io,"Cleantech, Mobile, Supply chain technology",United States,Techstars Portfolio (techstars.com/portfolio),2026-08-05T18:36:58.568130+00:00,True,
826,ProcessOut,https://processout.com,Fintech,United States,Techstars Portfolio (techstars.com/portfolio),2026-08-05T18:36:58.568130+00:00,True,
827,Analytical Flavor Systems,https://gastrograph.com,Artificial intelligence and machine learning,United States,Techstars Portfolio (techstars.com/portfolio),2026-08-05T18:36:58.568130+00:00,True,
828,Let's Enhance,https://letsenhance.io,"Artificial intelligence and machine learning, Mobile",Ukraine,Techstars Portfolio (techstars.com/portfolio),2026-08-05T18:36:58.568130+00:00,True,
829,Hive Power,https://hivepower.tech,Mobility tech,Switzerland,Techstars Portfolio (techstars.com/portfolio),2026-08-05T18:36:58.568130+00:00,True,
830,Season Share,https://seasonshare.com,Mobile,United States,Techstars Portfolio (techstars.com/portfolio),2026-08-05T18:36:58.568130+00:00,True,
831,MyARC Fitness,https://myarc.io,"Lifestyles of Health and Sustainability and wellness, Mobile",United Kingdom,Techstars Portfolio (techstars.com/portfolio),2026-08-05T18:36:58.568130+00:00,True,
832,Script Health,https://scripthealth.co,Digital health,United States,Techstars Portfolio (techstars.com/portfolio),2026-08-05T18:36:58.568130+00:00,True,
833,Hacware,https://hacware.com,"Artificial intelligence and machine learning, Cybersecurity, Infrastructure",United States,Techstars Portfolio (techstars.com/portfolio),2026-08-05T18:36:58.568130+00:00,True,
834,Senso.ai,https://senso.ai,"Artificial intelligence and machine learning, Fintech",Canada,Techstars Portfolio (techstars.com/portfolio),2026-08-05T18:36:58.568130+00:00,True,
835,Cast Corporation,https://cast.app,"Artificial intelligence and machine learning, Cloudtech and DevOps, Fintech, Mobile",United States,Techstars Portfolio (techstars.com/portfolio),2026-08-05T18:36:58.568130+00:00,True,
836,Unruly Studios,https://unruly-studios.com,"Gaming, Internet of Things, Mobile",United States,Techstars Portfolio (techstars.com/portfolio),2026-08-05T18:36:58.568130+00:00,True,
837,Sensefinity,https://sensefinity.com,"Cryptocurrency/Blockchain, Internet of Things, Mobile",Portugal,Techstars Portfolio (techstars.com/portfolio),2026-08-05T18:36:58.568130+00:00,True,
838,Gigmile,https://gigmile.com,"Fintech, Mobile",Ghana,Techstars Portfolio (techstars.com/portfolio),2026-08-05T18:36:58.568130+00:00,True,
839,Kadeya,https://kadeya.com,"Cleantech, Climate tech, Foodtech, Impact investing, Industrials, Internet of Things, Manufacturing, Real estate tech, Robotics and Drones, Supply chain technology",United States,Techstars Portfolio (techstars.com/portfolio),2026-08-05T18:36:58.568130+00:00,True,
840,Novel Effect,https://noveleffect.com,"Fintech, Gaming, Internet of Things, Mobile, Virtual reality",United States,Techstars Portfolio (techstars.com/portfolio),2026-08-05T18:36:58.568130+00:00,True,
841,Partsimony,https://partsimony.com,"Artificial intelligence and machine learning, Cleantech, Fintech, Infrastructure, Mobile, Oil and gas, Robotics and Drones, Virtual reality",United States,Techstars Portfolio (techstars.com/portfolio),2026-08-05T18:36:58.568130+00:00,True,
842,NICKL,https://nicklpass.com,"Cryptocurrency/Blockchain, Mobile",United States,Techstars Portfolio (techstars.com/portfolio),2026-08-05T18:36:58.568130+00:00,True,
843,Stabilitas,https://stabilitas.io,Mobile,United States,Techstars Portfolio (techstars.com/portfolio),2026-08-05T18:36:58.568130+00:00,True,
844,Realty Mogul,https://realtymogul.com,Real estate tech,United States,Techstars Portfolio (techstars.com/portfolio),2026-08-05T18:36:58.568130+00:00,True,
845,LOU Web Technologies,https://louassist.com,Edtech,United States,Techstars Portfolio (techstars.com/portfolio),2026-08-05T18:36:58.568130+00:00,True,
846,Booqed,https://booqed.com,"Mobile, Real estate tech",China,Techstars Portfolio (techstars.com/portfolio),2026-08-05T18:36:58.568130+00:00,True,
847,Augur,https://augur.io,"Adtech, Artificial intelligence and machine learning, Marketing tech",United States,Techstars Portfolio (techstars.com/portfolio),2026-08-05T18:36:58.568130+00:00,True,
848,Toolsvilla,https://toolsvilla.com,"Agtech, E-commerce, Industrials, Infrastructure, Manufacturing, Robotics and Drones, Supply chain technology",India,Techstars Portfolio (techstars.com/portfolio),2026-08-05T18:36:58.568130+00:00,True,
849,Kaavio,https://kaavio.ai,E-commerce,United States,Techstars Portfolio (techstars.com/portfolio),2026-08-05T18:36:58.568130+00:00,True,
850,Pulse Charter Connect,https://pulsecharterconnect.com,Supply chain technology,United States,Techstars Portfolio (techstars.com/portfolio),2026-08-05T18:36:58.568130+00:00,True,
851,Boldr,https://shopboldr.com,"Cleantech, Internet of Things, Manufacturing",United Kingdom,Techstars Portfolio (techstars.com/portfolio),2026-08-05T18:36:58.568130+00:00,True,
852,Peerby,https://peerby.com,"Cleantech, Climate tech, Fintech, Insurtech, Mobile, Ridesharing",Netherlands,Techstars Portfolio (techstars.com/portfolio),2026-08-05T18:36:58.568130+00:00,True,
853,Resourcly,https://resourcly.earth,"Artificial intelligence and machine learning, Big Data, Cleantech, Climate tech",Germany,Techstars Portfolio (techstars.com/portfolio),2026-08-05T18:36:58.568130+00:00,True,
854,Paid,https://paid.co.uk,Fintech,United Kingdom,Techstars Portfolio (techstars.com/portfolio),2026-08-05T18:36:58.568130+00:00,True,
855,PortF,https://portf.io,"Fintech, SaaS",United Kingdom,Techstars Portfolio (techstars.com/portfolio),2026-08-05T18:36:58.568130+00:00,True,
856,Mubit,https://mubit.ai,Adtech,United Kingdom,Techstars Portfolio (techstars.com/portfolio),2026-08-05T18:36:58.568130+00:00,True,
857,illuminem,https://illuminem.com,"Artificial intelligence and machine learning, Big Data, Climate tech, Impact investing, Marketing tech",Italy,Techstars Portfolio (techstars.com/portfolio),2026-08-05T18:36:58.568130+00:00,True,
858,Game Theory,https://gametheory.in,Gaming,India,Techstars Portfolio (techstars.com/portfolio),2026-08-05T18:36:58.568130+00:00,True,
859,flowpay.io,https://flowpay.io,Fintech,Czechia,Techstars Portfolio (techstars.com/portfolio),2026-08-05T18:36:58.568130+00:00,True,
860,Miuros,https://miuros.com,"Adtech, Artificial intelligence and machine learning",France,Techstars Portfolio (techstars.com/portfolio),2026-08-05T18:36:58.568130+00:00,True,
861,Wisear,https://wisear.io,"Artificial intelligence and machine learning, Internet of Things, Lifestyles of Health and Sustainability and wellness",France,Techstars Portfolio (techstars.com/portfolio),2026-08-05T18:36:58.568130+00:00,True,
862,Upkid,https://joinupkid.com,"Edtech, Mobile",United States,Techstars Portfolio (techstars.com/portfolio),2026-08-05T18:36:58.568130+00:00,True,
863,ThriveHive,https://thrivehive.com,Internet of Things,United States,Techstars Portfolio (techstars.com/portfolio),2026-08-05T18:36:58.568130+00:00,True,
864,Toasty,https://toasty.family,Mobile,France,Techstars Portfolio (techstars.com/portfolio),2026-08-05T18:36:58.568130+00:00,True,
865,DataSine,https://datasine.com,Artificial intelligence and machine learning,United Kingdom,Techstars Portfolio (techstars.com/portfolio),2026-08-05T18:36:58.568130+00:00,True,
866,Dimeq,https://dimeq.no,"Artificial intelligence and machine learning, Infrastructure, Internet of Things, Oil and gas, Technology, media and telecommunications",Norway,Techstars Portfolio (techstars.com/portfolio),2026-08-05T18:36:58.568130+00:00,True,
867,Clicktivated,https://clicktivated.com,Adtech,United States,Techstars Portfolio (techstars.com/portfolio),2026-08-05T18:36:58.568130+00:00,True,
868,Dyrt,https://dyrt.co,Climate tech,United States,Techstars Portfolio (techstars.com/portfolio),2026-08-05T18:36:58.568130+00:00,True,
869,Resultid,https://resultid.com,"Artificial intelligence and machine learning, Big Data",United States,Techstars Portfolio (techstars.com/portfolio),2026-08-05T18:36:58.568130+00:00,True,
870,StoreCash,https://storecashapp.com,"Fintech, Mobile",United States,Techstars Portfolio (techstars.com/portfolio),2026-08-05T18:36:58.568130+00:00,True,
871,CarServ,https://carserv.com,"Artificial intelligence and machine learning, Mobility tech",United States,Techstars Portfolio (techstars.com/portfolio),2026-08-05T18:36:58.568130+00:00,True,
872,Mentor Spaces,https://mentorspaces.com,HRtech,United States,Techstars Portfolio (techstars.com/portfolio),2026-08-05T18:36:58.568130+00:00,True,
873,Omnee,https://omnee.ca,"Mobile, Real estate tech",Canada,Techstars Portfolio (techstars.com/portfolio),2026-08-05T18:36:58.568130+00:00,True,
874,Renoster Systems,https://renostersystems.co,"Artificial intelligence and machine learning, Cleantech, Climate tech",United States,Techstars Portfolio (techstars.com/portfolio),2026-08-05T18:36:58.568130+00:00,True,
875,Eventnoire,https://eventnoire.com,E-commerce,United States,Techstars Portfolio (techstars.com/portfolio),2026-08-05T18:36:58.568130+00:00,True,
876,Shipshape Urban Farms,https://shipshapeurbanfarms.com,"Agtech, Infrastructure",United States,Techstars Portfolio (techstars.com/portfolio),2026-08-05T18:36:58.568130+00:00,True,
877,Databox,https://databox.com,"Artificial intelligence and machine learning, Mobile",United States,Techstars Portfolio (techstars.com/portfolio),2026-08-05T18:36:58.568130+00:00,True,
878,Ground AI,https://joinground.com,"Femtech, Fintech",United States,Techstars Portfolio (techstars.com/portfolio),2026-08-05T18:36:58.568130+00:00,True,
879,SPiN,https://spinintech.com,Manufacturing,Italy,Techstars Portfolio (techstars.com/portfolio),2026-08-05T18:36:58.568130+00:00,True,
880,Shelby.tv,https://shelby.tv,"Artificial intelligence and machine learning, Mobile",United States,Techstars Portfolio (techstars.com/portfolio),2026-08-05T18:36:58.568130+00:00,True,
881,Velocia,https://velocia.io,"Cleantech, Lifestyles of Health and Sustainability and wellness, Mobile",Canada,Techstars Portfolio (techstars.com/portfolio),2026-08-05T18:36:58.568130+00:00,True,
882,Curated for You,https://curatedforyou.io,"Artificial intelligence and machine learning, Big Data",United States,Techstars Portfolio (techstars.com/portfolio),2026-08-05T18:36:58.568130+00:00,True,
883,YOURIKA,https://yourika.ai,"Artificial intelligence and machine learning, Edtech",Canada,Techstars Portfolio (techstars.com/portfolio),2026-08-05T18:36:58.568130+00:00,True,
884,SIEMonster,https://siemonster.com,"Cybersecurity, Infrastructure, Internet of Things",United States,Techstars Portfolio (techstars.com/portfolio),2026-08-05T18:36:58.568130+00:00,True,
885,Zoog,https://getzoog.com,"Artificial intelligence and machine learning, Fintech, Gaming, Mobile, Virtual reality",Israel,Techstars Portfolio (techstars.com/portfolio),2026-08-05T18:36:58.568130+00:00,True,
886,Rephrase.ai,https://rephrase.ai,"Artificial intelligence and machine learning, Virtual reality",India,Techstars Portfolio (techstars.com/portfolio),2026-08-05T18:36:58.568130+00:00,True,
887,Makeswift,https://makeswift.com,"Technology, media and telecommunications",United States,Techstars Portfolio (techstars.com/portfolio),2026-08-05T18:36:58.568130+00:00,True,
888,BYBE,https://bybe.com,Mobile,United States,Techstars Portfolio (techstars.com/portfolio),2026-08-05T18:36:58.568130+00:00,True,
889,Storetasker,https://storetasker.com,Healthtech,United States,Techstars Portfolio (techstars.com/portfolio),2026-08-05T18:36:58.568130+00:00,True,
890,tagSpace,https://tagspace.com,"Adtech, Augmented reality, Cryptocurrency/Blockchain, Lifestyles of Health and Sustainability and wellness, Marketing tech, Mobile, Virtual reality",Australia,Techstars Portfolio (techstars.com/portfolio),2026-08-05T18:36:58.568130+00:00,True,
891,Eneryield,https://eneryield.com,"Artificial intelligence and machine learning, Cleantech",Sweden,Techstars Portfolio (techstars.com/portfolio),2026-08-05T18:36:58.568130+00:00,True,
892,Wave Therapeutics,https://wavetherapeuticsinc.com,"Healthtech, Internet of Things, Lifestyles of Health and Sustainability and wellness",United States,Techstars Portfolio (techstars.com/portfolio),2026-08-05T18:36:58.568130+00:00,True,
893,WOO Sports,https://woosports.com,"Internet of Things, Mobile",United States,Techstars Portfolio (techstars.com/portfolio),2026-08-05T18:36:58.568130+00:00,True,
894,Valyuu,https://valyuu.com,"Artificial intelligence and machine learning, Cleantech, Climate tech, Fintech, Mobile",Netherlands,Techstars Portfolio (techstars.com/portfolio),2026-08-05T18:36:58.568130+00:00,True,
895,taptrip.co,https://taptrip.co,Mobility tech,United Kingdom,Techstars Portfolio (techstars.com/portfolio),2026-08-05T18:36:58.568130+00:00,True,
896,Gamesight,https://gamesight.io,"Adtech, Gaming, Marketing tech",United States,Techstars Portfolio (techstars.com/portfolio),2026-08-05T18:36:58.568130+00:00,True,
897,Ambee,https://getambee.com,"Big Data, Cleantech, Climate tech, Fintech",India,Techstars Portfolio (techstars.com/portfolio),2026-08-05T18:36:58.568130+00:00,True,
898,graphenest.com,https://graphenest.com,"Cleantech, Climate tech, Nanotechnology",Portugal,Techstars Portfolio (techstars.com/portfolio),2026-08-05T18:36:58.568130+00:00,True,
899,Blue Studios,https://bluestudios.io,"Cryptocurrency/Blockchain, Edtech",United States,Techstars Portfolio (techstars.com/portfolio),2026-08-05T18:36:58.568130+00:00,True,
900,EQL Finance,https://eqlfinance.com,"Artificial intelligence and machine learning, Fintech",United States,Techstars Portfolio (techstars.com/portfolio),2026-08-05T18:36:58.568130+00:00,True,
901,Viva Benefits,https://vivabenefits.com,"Fintech, Real estate tech",United States,Techstars Portfolio (techstars.com/portfolio),2026-08-05T18:36:58.568130+00:00,True,
902,Evrim,https://evrim.ai,"Artificial intelligence and machine learning, Big Data, SaaS",United States,Techstars Portfolio (techstars.com/portfolio),2026-08-05T18:36:58.568130+00:00,True,
903,MaxRewards,https://maxrewards.com,"Fintech, Mobile",United States,Techstars Portfolio (techstars.com/portfolio),2026-08-05T18:36:58.568130+00:00,True,
904,SuperQuickQuestion,https://superquickquestion.com,"Technology, media and telecommunications",United States,Techstars Portfolio (techstars.com/portfolio),2026-08-05T18:36:58.568130+00:00,True,
905,Tatio,https://tatio.io,HRtech,Israel,Techstars Portfolio (techstars.com/portfolio),2026-08-05T18:36:58.568130+00:00,True,
906,Ordana,https://blu.ai,"Infrastructure, Mobile",United States,Techstars Portfolio (techstars.com/portfolio),2026-08-05T18:36:58.568130+00:00,True,
907,Kinometrix,https://kinometrix.com,"Artificial intelligence and machine learning, Big Data, Digital health, Healthtech",United States,Techstars Portfolio (techstars.com/portfolio),2026-08-05T18:36:58.568130+00:00,True,
908,Tutornow,https://tutornow.it,Edtech,Italy,Techstars Portfolio (techstars.com/portfolio),2026-08-05T18:36:58.568130+00:00,True,
909,Relatable.io,https://relatable.io,Healthtech,United States,Techstars Portfolio (techstars.com/portfolio),2026-08-05T18:36:58.568130+00:00,True,
910,Auditocity,https://auditocity.com,HRtech,United States,Techstars Portfolio (techstars.com/portfolio),2026-08-05T18:36:58.568130+00:00,True,
911,Cassie,https://aircassie.com,"Cleantech, Climate tech, Internet of Things",United States,Techstars Portfolio (techstars.com/portfolio),2026-08-05T18:36:58.568130+00:00,True,
912,Cabinet,https://joincabinet.com,"Lifestyles of Health and Sustainability and wellness, Manufacturing",United States,Techstars Portfolio (techstars.com/portfolio),2026-08-05T18:36:58.568130+00:00,True,
913,SuccessionMatching,https://successionmatching.com,"Big Data, Fintech, Impact investing",Canada,Techstars Portfolio (techstars.com/portfolio),2026-08-05T18:36:58.568130+00:00,True,
914,TicTacTrip,https://tictactrip.eu,Mobile commerce,France,Techstars Portfolio (techstars.com/portfolio),2026-08-05T18:36:58.568130+00:00,True,
915,Telekinesis.ai,https://telekinesis.ai,"Artificial intelligence and machine learning, Industrials, Manufacturing, Robotics and Drones",Germany,Techstars Portfolio (techstars.com/portfolio),2026-08-05T18:36:58.568130+00:00,True,
916,Avenews,https://avenews-gt.com,"Agtech, Cryptocurrency/Blockchain, Fintech, Insurtech",Israel,Techstars Portfolio (techstars.com/portfolio),2026-08-05T18:36:58.568130+00:00,True,
917,Movopack,https://movopack.com,Climate tech,Italy,Techstars Portfolio (techstars.com/portfolio),2026-08-05T18:36:58.568130+00:00,True,
918,omniX labs,https://omnixlabs.com,Artificial intelligence and machine learning,United States,Techstars Portfolio (techstars.com/portfolio),2026-08-05T18:36:58.568130+00:00,True,
919,Pulse Labs,https://pulselabs.ai,"Artificial intelligence and machine learning, Internet of Things, Mobile",United States,Techstars Portfolio (techstars.com/portfolio),2026-08-05T18:36:58.568130+00:00,True,
920,Market IQ,https://themarketiq.com,Fintech,United States,Techstars Portfolio (techstars.com/portfolio),2026-08-05T18:36:58.568130+00:00,True,
921,Loris,https://getloris.com,"Artificial intelligence and machine learning, Internet of Things, Oil and gas",United States,Techstars Portfolio (techstars.com/portfolio),2026-08-05T18:36:58.568130+00:00,True,
922,Go To-U,https://go-tou.com,"Cleantech, Mobility tech",United States,Techstars Portfolio (techstars.com/portfolio),2026-08-05T18:36:58.568130+00:00,True,
923,Qualifi,https://qualifi.hr,"Artificial intelligence and machine learning, HRtech",United States,Techstars Portfolio (techstars.com/portfolio),2026-08-05T18:36:58.568130+00:00,True,
924,Zelta,https://zelta.ai,"Infrastructure, Technology, media and telecommunications",United States,Techstars Portfolio (techstars.com/portfolio),2026-08-05T18:36:58.568130+00:00,True,
925,WizzPass,https://wizzpass.com,"Internet of Things, Mobile",South Africa,Techstars Portfolio (techstars.com/portfolio),2026-08-05T18:36:58.568130+00:00,True,
926,VendorHawk,https://vendorhawk.co,"Technology, media and telecommunications",United States,Techstars Portfolio (techstars.com/portfolio),2026-08-05T18:36:58.568130+00:00,True,
927,Shurpa,https://shurpa.com,Industrials,United States,Techstars Portfolio (techstars.com/portfolio),2026-08-05T18:36:58.568130+00:00,True,
928,Green Canopy NODE,https://greencanopynode.com,Climate tech,United States,Techstars Portfolio (techstars.com/portfolio),2026-08-05T18:36:58.568130+00:00,True,
929,Good & Co.,https://good.co,HRtech,United States,Techstars Portfolio (techstars.com/portfolio),2026-08-05T18:36:58.568130+00:00,True,
930,docTrackr,https://doctrackr.com,Cybersecurity,United States,Techstars Portfolio (techstars.com/portfolio),2026-08-05T18:36:58.568130+00:00,True,
931,Deliverart,https://deliverart.it,,Italy,Techstars Portfolio (techstars.com/portfolio),2026-08-05T18:36:58.568130+00:00,True,
932,Cuseum,https://cuseum.com,"Internet of Things, Mobile, Virtual reality",United States,Techstars Portfolio (techstars.com/portfolio),2026-08-05T18:36:58.568130+00:00,True,
933,Haekka,https://haekka.com,Cybersecurity,United States,Techstars Portfolio (techstars.com/portfolio),2026-08-05T18:36:58.568130+00:00,True,
934,alvee,https://alvee.io,Healthtech,United States,Techstars Portfolio (techstars.com/portfolio),2026-08-05T18:36:58.568130+00:00,True,
935,Keys,https://charmed.app,Mobile,United States,Techstars Portfolio (techstars.com/portfolio),2026-08-05T18:36:58.568130+00:00,True,
936,Gravel AI,https://gravelai.com,Supply chain technology,United Kingdom,Techstars Portfolio (techstars.com/portfolio),2026-08-05T18:36:58.568130+00:00,True,
937,AgadoLive,https://agadolive.com,"Artificial intelligence and machine learning, Gaming, Internet of Things, Lifestyles of Health and Sustainability and wellness, Mobile",Israel,Techstars Portfolio (techstars.com/portfolio),2026-08-05T18:36:58.568130+00:00,True,
938,Three Wheels United,https://threewheelsunited.com,"Cleantech, Fintech",India,Techstars Portfolio (techstars.com/portfolio),2026-08-05T18:36:58.568130+00:00,True,
939,EmbodyMe,https://company.embodyme.com,"Artificial intelligence and machine learning, Mobile, Virtual reality",Japan,Techstars Portfolio (techstars.com/portfolio),2026-08-05T18:36:58.568130+00:00,True,
940,Garmentory,https://garmentory.com,"E-commerce, Technology, media and telecommunications",United States,Techstars Portfolio (techstars.com/portfolio),2026-08-05T18:36:58.568130+00:00,True,
941,Haven Connect,https://havenconnect.com,"Marketing tech, Real estate tech",United States,Techstars Portfolio (techstars.com/portfolio),2026-08-05T18:36:58.568130+00:00,True,
942,Ediphi,https://goediphi.com,"HRtech, Virtual reality",United States,Techstars Portfolio (techstars.com/portfolio),2026-08-05T18:36:58.568130+00:00,True,
943,Seedsight,https://seedsight.io,"Artificial intelligence and machine learning, Foodtech, Impact investing, Manufacturing, Supply chain technology",Portugal,Techstars Portfolio (techstars.com/portfolio),2026-08-05T18:36:58.568130+00:00,True,
944,Joltsynsor,https://joltsynsor.com,Artificial intelligence and machine learning,United Kingdom,Techstars Portfolio (techstars.com/portfolio),2026-08-05T18:36:58.568130+00:00,True,
945,Right Hear,https://right-hear.com,"Artificial intelligence and machine learning, Audiotech, Augmented reality, Impact investing, Internet of Things, Real estate tech",Israel,Techstars Portfolio (techstars.com/portfolio),2026-08-05T18:36:58.568130+00:00,True,
946,Giftbit,https://giftbit.com,"Fintech, SaaS",Canada,Techstars Portfolio (techstars.com/portfolio),2026-08-05T18:36:58.568130+00:00,True,
947,Photocert,https://photocert.co.uk,"Artificial intelligence and machine learning, Cryptocurrency/Blockchain, Fintech, Insurtech",United Kingdom,Techstars Portfolio (techstars.com/portfolio),2026-08-05T18:36:58.568130+00:00,True,
948,DwellSocial,https://dwellsocial.com,Foodtech,United States,Techstars Portfolio (techstars.com/portfolio),2026-08-05T18:36:58.568130+00:00,True,
949,WeStock,https://westock.io,"Big Data, Mobile",United States,Techstars Portfolio (techstars.com/portfolio),2026-08-05T18:36:58.568130+00:00,True,
950,Lendorse,https://lendorse.com,Fintech,Germany,Techstars Portfolio (techstars.com/portfolio),2026-08-05T18:36:58.568130+00:00,True,
951,Invendor,https://invendor.com,"Artificial intelligence and machine learning, Cloudtech and DevOps, Industrials, Internet of Things, Mobile, Supply chain technology",Estonia,Techstars Portfolio (techstars.com/portfolio),2026-08-05T18:36:58.568130+00:00,True,
952,CERPRO,https://cerpro.io,Manufacturing,Germany,Techstars Portfolio (techstars.com/portfolio),2026-08-05T18:36:58.568130+00:00,True,
953,Placemeter,https://placemeter.com,"Fintech, Internet of Things, Mobile",United States,Techstars Portfolio (techstars.com/portfolio),2026-08-05T18:36:58.568130+00:00,True,
954,Lena Health,https://lena.io,"Artificial intelligence and machine learning, Healthtech, Mobile",United States,Techstars Portfolio (techstars.com/portfolio),2026-08-05T18:36:58.568130+00:00,True,
955,Arc Simulations,https://arcsim.io,Lifestyles of Health and Sustainability and wellness,United Kingdom,Techstars Portfolio (techstars.com/portfolio),2026-08-05T18:36:58.568130+00:00,True,
956,Soihtu DTx,https://soihtudtx.com,"Digital health, Gaming, Healthtech",Finland,Techstars Portfolio (techstars.com/portfolio),2026-08-05T18:36:58.568130+00:00,True,
957,Talk-A-Bot,https://talkabot.net,"Artificial intelligence and machine learning, HRtech",Hungary,Techstars Portfolio (techstars.com/portfolio),2026-08-05T18:36:58.568130+00:00,True,
958,Cooklist,https://cooklist.co,"Foodtech, Mobile",United States,Techstars Portfolio (techstars.com/portfolio),2026-08-05T18:36:58.568130+00:00,True,
959,Ellipsis Drive,https://ellipsis-drive.com,"Artificial intelligence and machine learning, Big Data, Infrastructure, Internet of Things, Oil and gas",Netherlands,Techstars Portfolio (techstars.com/portfolio),2026-08-05T18:36:58.568130+00:00,True,
960,Stack Moxie,https://stackmoxie.com,Artificial intelligence and machine learning,United States,Techstars Portfolio (techstars.com/portfolio),2026-08-05T18:36:58.568130+00:00,True,
961,Metrobi,https://metrobi.com,"Artificial intelligence and machine learning, Cleantech, Mobile, Mobility tech, Supply chain technology",United States,Techstars Portfolio (techstars.com/portfolio),2026-08-05T18:36:58.568130+00:00,True,
962,IronCore Labs,https://ironcorelabs.com,Cybersecurity,United States,Techstars Portfolio (techstars.com/portfolio),2026-08-05T18:36:58.568130+00:00,True,
963,Getro,https://getro.com,HRtech,United States,Techstars Portfolio (techstars.com/portfolio),2026-08-05T18:36:58.568130+00:00,True,
964,Aura Finance,https://aurafinance.io,"Edtech, Fintech, Lifestyles of Health and Sustainability and wellness",United States,Techstars Portfolio (techstars.com/portfolio),2026-08-05T18:36:58.568130+00:00,True,
965,Motics Technologies,https://motics.co.uk,"Healthtech, SaaS",United Kingdom,Techstars Portfolio (techstars.com/portfolio),2026-08-05T18:36:58.568130+00:00,True,
966,ValueCo,https://valuecometrics.com,"Big Data, Climate tech, Fintech, Impact investing, SaaS",France,Techstars Portfolio (techstars.com/portfolio),2026-08-05T18:36:58.568130+00:00,True,
967,ObjectBox,https://objectbox.io,"Internet of Things, Mobile",Germany,Techstars Portfolio (techstars.com/portfolio),2026-08-05T18:36:58.568130+00:00,True,
968,Pandium,https://pandium.com,"Artificial intelligence and machine learning, Infrastructure",United States,Techstars Portfolio (techstars.com/portfolio),2026-08-05T18:36:58.568130+00:00,True,
969,Improovy,https://improovy.com,Real estate tech,United States,Techstars Portfolio (techstars.com/portfolio),2026-08-05T18:36:58.568130+00:00,True,
970,Kidas,https://getkidas.com,"Artificial intelligence and machine learning, Cybersecurity, Gaming, Mobile",United States,Techstars Portfolio (techstars.com/portfolio),2026-08-05T18:36:58.568130+00:00,True,
971,BIZZON,https://agentcash.com,"Fintech, Mobile",United Kingdom,Techstars Portfolio (techstars.com/portfolio),2026-08-05T18:36:58.568130+00:00,True,
972,SaaS Vortex,https://saasvortex.com,"Artificial intelligence and machine learning, SaaS",United Kingdom,Techstars Portfolio (techstars.com/portfolio),2026-08-05T18:36:58.568130+00:00,True,
973,Nabu,https://nabu.io,"Artificial intelligence and machine learning, Cryptocurrency/Blockchain, Fintech",France,Techstars Portfolio (techstars.com/portfolio),2026-08-05T18:36:58.568130+00:00,True,
974,Employee Cycle,https://employeecycle.com,HRtech,United States,Techstars Portfolio (techstars.com/portfolio),2026-08-05T18:36:58.568130+00:00,True,
975,Sourcery.AI,https://sourcery.ai,Artificial intelligence and machine learning,United Kingdom,Techstars Portfolio (techstars.com/portfolio),2026-08-05T18:36:58.568130+00:00,True,
976,Yonder,https://newknowledge.io,"Fintech, Insurtech, Mobile",United States,Techstars Portfolio (techstars.com/portfolio),2026-08-05T18:36:58.568130+00:00,True,
977,Blink Identity,https://blinkidentity.com,Artificial intelligence and machine learning,United States,Techstars Portfolio (techstars.com/portfolio),2026-08-05T18:36:58.568130+00:00,True,
978,StoryTap,https://storytap.com,"Marketing tech, Technology, media and telecommunications",Canada,Techstars Portfolio (techstars.com/portfolio),2026-08-05T18:36:58.568130+00:00,True,
979,MYR,https://myr.io,Mobile,Canada,Techstars Portfolio (techstars.com/portfolio),2026-08-05T18:36:58.568130+00:00,True,
980,Team Wildfire,https://teamwildfire.com,"Agtech, Climate tech, Impact investing, Robotics and Drones",United States,Techstars Portfolio (techstars.com/portfolio),2026-08-05T18:36:58.568130+00:00,True,
981,AMPLY Discovery,https://amplydiscovery.com,"Artificial intelligence and machine learning, Healthtech, Oncology",United Kingdom,Techstars Portfolio (techstars.com/portfolio),2026-08-05T18:36:58.568130+00:00,True,
982,Uhura Solutions,https://uhurasolutions.com,"Artificial intelligence and machine learning, Fintech",United Kingdom,Techstars Portfolio (techstars.com/portfolio),2026-08-05T18:36:58.568130+00:00,True,
983,gameSense Sports,https://gamesensesports.com,"Artificial intelligence and machine learning, Gaming, Virtual reality",United States,Techstars Portfolio (techstars.com/portfolio),2026-08-05T18:36:58.568130+00:00,True,
984,Reveal,https://revealchat.com,"Mobile, SaaS",United States,Techstars Portfolio (techstars.com/portfolio),2026-08-05T18:36:58.568130+00:00,True,
985,Fraudfinder,https://fraudfinderai.com,"Fintech, Insurtech, Mobile",United Kingdom,Techstars Portfolio (techstars.com/portfolio),2026-08-05T18:36:58.568130+00:00,True,
986,Orbiseed,https://orbiseed.com,"Artificial intelligence and machine learning, Insurtech, Internet of Things",Canada,Techstars Portfolio (techstars.com/portfolio),2026-08-05T18:36:58.568130+00:00,True,
987,Eversend,https://eversend.co,"Cryptocurrency/Blockchain, Fintech, Insurtech, Mobile",France,Techstars Portfolio (techstars.com/portfolio),2026-08-05T18:36:58.568130+00:00,True,
988,Lauretta.io,https://lauretta.io,Artificial intelligence and machine learning,Singapore,Techstars Portfolio (techstars.com/portfolio),2026-08-05T18:36:58.568130+00:00,True,
989,Haiku Deck,https://haikudeck.com,Mobile,United States,Techstars Portfolio (techstars.com/portfolio),2026-08-05T18:36:58.568130+00:00,True,
990,Hellotickets,https://hellotickets.com,"Technology, media and telecommunications",Spain,Techstars Portfolio (techstars.com/portfolio),2026-08-05T18:36:58.568130+00:00,True,
991,WorkTorch,https://getquickhire.com,"Edtech, HRtech",United States,Techstars Portfolio (techstars.com/portfolio),2026-08-05T18:36:58.568130+00:00,True,
992,Halion,https://halion.ca,"Cleantech, Internet of Things, Mobile, Virtual reality",Canada,Techstars Portfolio (techstars.com/portfolio),2026-08-05T18:36:58.568130+00:00,True,
993,Hollo,https://hollo.io,"Artificial intelligence and machine learning, HRtech",France,Techstars Portfolio (techstars.com/portfolio),2026-08-05T18:36:58.568130+00:00,True,
994,Kanda,https://kanda.dk,"HRtech, Oil and gas, Virtual reality",Denmark,Techstars Portfolio (techstars.com/portfolio),2026-08-05T18:36:58.568130+00:00,True,
995,Beam Health,https://beam.health,Mobile,United States,Techstars Portfolio (techstars.com/portfolio),2026-08-05T18:36:58.568130+00:00,True,
996,Smart Toy,https://smarttoylabs.com,Mobile,United States,Techstars Portfolio (techstars.com/portfolio),2026-08-05T18:36:58.568130+00:00,True,
997,Doorr,https://doorr.com,"Fintech, Internet of Things, Real estate tech",Canada,Techstars Portfolio (techstars.com/portfolio),2026-08-05T18:36:58.568130+00:00,True,
998,AddStructure,https://addstructure.com,"Artificial intelligence and machine learning, Mobile",United States,Techstars Portfolio (techstars.com/portfolio),2026-08-05T18:36:58.568130+00:00,True,
999,Cnergreen,https://cnergreen.ca,"Climate tech, Oil and gas",Canada,Techstars Portfolio (techstars.com/portfolio),2026-08-05T18:36:58.568130+00:00,True,
1000,ServeScape,https://servescape.net,Climate tech,United States,Techstars Portfolio (techstars.com/portfolio),2026-08-05T18:36:58.568130+00:00,True,
1001,Transmute,https://transmute.industries,"Cryptocurrency/Blockchain, Cybersecurity, Fintech, Infrastructure, Internet of Things, Legal tech, Manufacturing, Mobile commerce, Supply chain technology",United States,Techstars Portfolio (techstars.com/portfolio),2026-08-05T18:36:58.568130+00:00,True,
1002,The Crafter's Box,https://thecraftersbox.com,,United States,Techstars Portfolio (techstars.com/portfolio),2026-08-05T18:36:58.568130+00:00,True,
1003,Renewal Mill,https://renewalmill.com,Climate tech,United States,Techstars Portfolio (techstars.com/portfolio),2026-08-05T18:36:58.568130+00:00,True,
1004,School Space,https://school-space.org,,United Kingdom,Techstars Portfolio (techstars.com/portfolio),2026-08-05T18:36:58.568130+00:00,True,
1005,FinQbit,https://finqbit.tech,"Fintech, Insurtech, Technology, media and telecommunications",Poland,Techstars Portfolio (techstars.com/portfolio),2026-08-05T18:36:58.568130+00:00,True,
1006,Reelist,https://reelist.com,"Adtech, HRtech, Marketing tech",United States,Techstars Portfolio (techstars.com/portfolio),2026-08-05T18:36:58.568130+00:00,True,
1007,CountertopSmart,https://countertopsmart.com,E-commerce,United States,Techstars Portfolio (techstars.com/portfolio),2026-08-05T18:36:58.568130+00:00,True,
1008,Parlay Finance,https://parlay.finance,"Artificial intelligence and machine learning, Fintech",United States,Techstars Portfolio (techstars.com/portfolio),2026-08-05T18:36:58.568130+00:00,True,
1009,Astro,https://hellotwist.com,Internet of Things,United States,Techstars Portfolio (techstars.com/portfolio),2026-08-05T18:36:58.568130+00:00,True,
1010,Peeq Industries,https://peeqpro.com,"Beauty, Femtech, Healthtech, Manufacturing",United States,Techstars Portfolio (techstars.com/portfolio),2026-08-05T18:36:58.568130+00:00,True,
1011,VOW,https://vow.app,"Technology, media and telecommunications",United States,Techstars Portfolio (techstars.com/portfolio),2026-08-05T18:36:58.568130+00:00,True,
1012,frnt,https://frnt.co,E-commerce,United Kingdom,Techstars Portfolio (techstars.com/portfolio),2026-08-05T18:36:58.568130+00:00,True,
1013,Ecomtent,https://ecomtent.ai,Marketing tech,Canada,Techstars Portfolio (techstars.com/portfolio),2026-08-05T18:36:58.568130+00:00,True,
1014,TempoIQ,https://tempoiq.com,"Big Data, Cloudtech and DevOps, Internet of Things",United States,Techstars Portfolio (techstars.com/portfolio),2026-08-05T18:36:58.568130+00:00,True,
1015,Riders Share,https://riders-share.com,"Carsharing, Insurtech",United States,Techstars Portfolio (techstars.com/portfolio),2026-08-05T18:36:58.568130+00:00,True,
1016,Beelinguapp,https://beelinguapp.com,"Edtech, Mobile",Germany,Techstars Portfolio (techstars.com/portfolio),2026-08-05T18:36:58.568130+00:00,True,
1017,Dapple Security,https://dapplesecurity.com,"Cybersecurity, Fintech",United States,Techstars Portfolio (techstars.com/portfolio),2026-08-05T18:36:58.568130+00:00,True,
1018,Robbie AI,https://robbie.ai,"Artificial intelligence and machine learning, Internet of Things, Lifestyles of Health and Sustainability and wellness",United States,Techstars Portfolio (techstars.com/portfolio),2026-08-05T18:36:58.568130+00:00,True,
1019,Drugviu,https://viuhealth.com,Healthtech,United States,Techstars Portfolio (techstars.com/portfolio),2026-08-05T18:36:58.568130+00:00,True,
1020,Brizi,https://brizicam.com,"Artificial intelligence and machine learning, Gaming, Internet of Things, Mobile, Robotics and Drones, Virtual reality",Canada,Techstars Portfolio (techstars.com/portfolio),2026-08-05T18:36:58.568130+00:00,True,
1021,Fabrica,https://fabrica.land,Cryptocurrency/Blockchain,United States,Techstars Portfolio (techstars.com/portfolio),2026-08-05T18:36:58.568130+00:00,True,
1022,Codiga,https://codiga.io,Cloudtech and DevOps,United States,Techstars Portfolio (techstars.com/portfolio),2026-08-05T18:36:58.568130+00:00,True,
1023,CaseCTRL,https://casectrl.com,Healthtech,United States,Techstars Portfolio (techstars.com/portfolio),2026-08-05T18:36:58.568130+00:00,True,
1024,Dynepic,https://dynepic.com,"Artificial intelligence and machine learning, Edtech, Infrastructure, Internet of Things, Virtual reality",United States,Techstars Portfolio (techstars.com/portfolio),2026-08-05T18:36:58.568130+00:00,True,
1025,ckbk,https://ckbk.com,Mobile,United Kingdom,Techstars Portfolio (techstars.com/portfolio),2026-08-05T18:36:58.568130+00:00,True,
1026,boxxtech,https://boxxtech.ai,"Artificial intelligence and machine learning, Technology, media and telecommunications",United States,Techstars Portfolio (techstars.com/portfolio),2026-08-05T18:36:58.568130+00:00,True,
1027,Fave,https://faveforfans.com,"Artificial intelligence and machine learning, Gaming, Mobile",Switzerland,Techstars Portfolio (techstars.com/portfolio),2026-08-05T18:36:58.568130+00:00,True,
1028,Assemblr,https://assemblrworld.com,"Cryptocurrency/Blockchain, Mobile, Virtual reality",Indonesia,Techstars Portfolio (techstars.com/portfolio),2026-08-05T18:36:58.568130+00:00,True,
1029,Saara,https://saara.io,"Artificial intelligence and machine learning, Climate tech",India,Techstars Portfolio (techstars.com/portfolio),2026-08-05T18:36:58.568130+00:00,True,
1030,Respeecher,https://respeecher.com,"Artificial intelligence and machine learning, Audiotech, Gaming",Ukraine,Techstars Portfolio (techstars.com/portfolio),2026-08-05T18:36:58.568130+00:00,True,
1031,PenPal Schools,https://penpalschools.com,Edtech,United States,Techstars Portfolio (techstars.com/portfolio),2026-08-05T18:36:58.568130+00:00,True,
1032,sees.ai,https://sees.ai,"Artificial intelligence and machine learning, Industrials, Infrastructure, Oil and gas, Robotics and Drones",United Kingdom,Techstars Portfolio (techstars.com/portfolio),2026-08-05T18:36:58.568130+00:00,True,
1033,GameplAI,https://gamepl.ai,Artificial intelligence and machine learning,United Kingdom,Techstars Portfolio (techstars.com/portfolio),2026-08-05T18:36:58.568130+00:00,True,
1034,The GIST,https://thegistnews.ca,Gaming,Canada,Techstars Portfolio (techstars.com/portfolio),2026-08-05T18:36:58.568130+00:00,True,
1035,Carré Mobility,https://carre-mobility.de,"Carsharing, Micromobility, Mobility tech, Real estate tech",Germany,Techstars Portfolio (techstars.com/portfolio),2026-08-05T18:36:58.568130+00:00,True,
1036,Options MD,https://optionsmd.com,"Artificial intelligence and machine learning, Lifestyles of Health and Sustainability and wellness",United States,Techstars Portfolio (techstars.com/portfolio),2026-08-05T18:36:58.568130+00:00,True,
1037,EA Global AI,https://eaglobal.ai,"Artificial intelligence and machine learning, Big Data, Fintech, SaaS",United Kingdom,Techstars Portfolio (techstars.com/portfolio),2026-08-05T18:36:58.568130+00:00,True,
1038,WriterDuet,https://writerduet.com,"Mobile, Technology, media and telecommunications",United States,Techstars Portfolio (techstars.com/portfolio),2026-08-05T18:36:58.568130+00:00,True,
1039,Zohr,https://zohr.com,"Industrials, Mobile",United States,Techstars Portfolio (techstars.com/portfolio),2026-08-05T18:36:58.568130+00:00,True,
1040,PM2,https://pm2.io,Mobile,United States,Techstars Portfolio (techstars.com/portfolio),2026-08-05T18:36:58.568130+00:00,True,
1041,Tribe XR,https://tribexr.com,Virtual reality,United States,Techstars Portfolio (techstars.com/portfolio),2026-08-05T18:36:58.568130+00:00,True,
1042,Notion,https://getnotion.com,"Insurtech, Internet of Things, Mobile",United States,Techstars Portfolio (techstars.com/portfolio),2026-08-05T18:36:58.568130+00:00,True,
1043,Notedsource,https://notedsource.io,"Artificial intelligence and machine learning, HRtech, SaaS",United States,Techstars Portfolio (techstars.com/portfolio),2026-08-05T18:36:58.568130+00:00,True,
1044,AQUAOSO Technologies,https://agcor.io,"Cleantech, Fintech",United States,Techstars Portfolio (techstars.com/portfolio),2026-08-05T18:36:58.568130+00:00,True,
1045,Freshline,https://freshline.io,"Climate tech, Mobile",Canada,Techstars Portfolio (techstars.com/portfolio),2026-08-05T18:36:58.568130+00:00,True,
1046,Inphlu,https://lunchtable.ai,"HRtech, Marketing tech",United States,Techstars Portfolio (techstars.com/portfolio),2026-08-05T18:36:58.568130+00:00,True,
1047,SoBet,https://sobet.io,Gaming,United States,Techstars Portfolio (techstars.com/portfolio),2026-08-05T18:36:58.568130+00:00,True,
1048,Wattmore,https://wattmore.com,"Cleantech, Climate tech",United States,Techstars Portfolio (techstars.com/portfolio),2026-08-05T18:36:58.568130+00:00,True,
1049,Good Agriculture,https://goodagriculture.com,"Agtech, Climate tech, Impact investing",United States,Techstars Portfolio (techstars.com/portfolio),2026-08-05T18:36:58.568130+00:00,True,
1050,Liquid Diamonds,https://liquid.diamonds,Fintech,United States,Techstars Portfolio (techstars.com/portfolio),2026-08-05T18:36:58.568130+00:00,True,
1051,Gelatex,https://gelatex.com,"Cleantech, Climate tech, Healthtech, Industrials, Manufacturing, Nanotechnology",Estonia,Techstars Portfolio (techstars.com/portfolio),2026-08-05T18:36:58.568130+00:00,True,
1052,Lo Bio,https://lo-bio.com,Healthtech,United States,Techstars Portfolio (techstars.com/portfolio),2026-08-05T18:36:58.568130+00:00,True,
1053,filtered.ai,https://filtered.ai,HRtech,United States,Techstars Portfolio (techstars.com/portfolio),2026-08-05T18:36:58.568130+00:00,True,
1054,CAALA,https://caala.de,"Climate tech, Real estate tech",Germany,Techstars Portfolio (techstars.com/portfolio),2026-08-05T18:36:58.568130+00:00,True,
1055,Ampd,https://ampd.io,Artificial intelligence and machine learning,United States,Techstars Portfolio (techstars.com/portfolio),2026-08-05T18:36:58.568130+00:00,True,
1056,Visual Feeder,https://visualfeeder.com,Adtech,United States,Techstars Portfolio (techstars.com/portfolio),2026-08-05T18:36:58.568130+00:00,True,
1057,Riverr,https://riverr.ai,"Cryptocurrency/Blockchain, HRtech",Singapore,Techstars Portfolio (techstars.com/portfolio),2026-08-05T18:36:58.568130+00:00,True,
1058,Captain AI,https://captain.ai,"Artificial intelligence and machine learning, Foodtech, Mobility tech, Supply chain technology",United Kingdom,Techstars Portfolio (techstars.com/portfolio),2026-08-05T18:36:58.568130+00:00,True,
1059,Okkular,https://okkular.io,Artificial intelligence and machine learning,Australia,Techstars Portfolio (techstars.com/portfolio),2026-08-05T18:36:58.568130+00:00,True,
1060,myTamarin,https://mytamarin.com,Artificial intelligence and machine learning,United Kingdom,Techstars Portfolio (techstars.com/portfolio),2026-08-05T18:36:58.568130+00:00,True,
1061,TruSpin Nanomaterial Innovation,https://tru-spin.com,"Femtech, Healthtech, Nanotechnology, Oil and gas",United States,Techstars Portfolio (techstars.com/portfolio),2026-08-05T18:36:58.568130+00:00,True,
1062,Cemento.AI,https://cemento.ai,"Cloudtech and DevOps, Internet of Things",Israel,Techstars Portfolio (techstars.com/portfolio),2026-08-05T18:36:58.568130+00:00,True,
1063,Sequr,https://sequr.io,Mobile,United States,Techstars Portfolio (techstars.com/portfolio),2026-08-05T18:36:58.568130+00:00,True,
1064,peel,https://getpeel.ai,"Artificial intelligence and machine learning, Marketing tech",United States,Techstars Portfolio (techstars.com/portfolio),2026-08-05T18:36:58.568130+00:00,True,
1065,Lactation Lab,https://lactationlab.com,"Femtech, Lifestyles of Health and Sustainability and wellness",United States,Techstars Portfolio (techstars.com/portfolio),2026-08-05T18:36:58.568130+00:00,True,
1066,doDOC,https://dodoc.com,SaaS,United States,Techstars Portfolio (techstars.com/portfolio),2026-08-05T18:36:58.568130+00:00,True,
1067,Beyonic,https://beyonic.com,"Fintech, Mobile",Uganda,Techstars Portfolio (techstars.com/portfolio),2026-08-05T18:36:58.568130+00:00,True,
1068,Crowdly,https://crowdly.com,"Fintech, Mobile, SaaS",United States,Techstars Portfolio (techstars.com/portfolio),2026-08-05T18:36:58.568130+00:00,True,
1069,Latitudo40,https://latitudo40.com,Mobility tech,Italy,Techstars Portfolio (techstars.com/portfolio),2026-08-05T18:36:58.568130+00:00,True,
1070,Albert Health,https://albert.health,"Artificial intelligence and machine learning, Digital health",Turkey,Techstars Portfolio (techstars.com/portfolio),2026-08-05T18:36:58.568130+00:00,True,
1071,PsycApps,https://psycapps.com,"Edtech, Gaming, Lifestyles of Health and Sustainability and wellness, Mobile",United Kingdom,Techstars Portfolio (techstars.com/portfolio),2026-08-05T18:36:58.568130+00:00,True,
1072,Etiq AI,https://etiq.ai,Fintech,United Kingdom,Techstars Portfolio (techstars.com/portfolio),2026-08-05T18:36:58.568130+00:00,True,
1073,WalkWise,https://walkwise.com,"Internet of Things, Mobile",United States,Techstars Portfolio (techstars.com/portfolio),2026-08-05T18:36:58.568130+00:00,True,
1074,GameOn,https://gameon.app,"Gaming, Mobile",United States,Techstars Portfolio (techstars.com/portfolio),2026-08-05T18:36:58.568130+00:00,True,
1075,GYANT,https://gyant.com,"Artificial intelligence and machine learning, Healthtech, Mobile",United States,Techstars Portfolio (techstars.com/portfolio),2026-08-05T18:36:58.568130+00:00,True,
1076,Fit!,https://macrofit.co,Digital health,United States,Techstars Portfolio (techstars.com/portfolio),2026-08-05T18:36:58.568130+00:00,True,
1077,Penny Finance,https://penny-finance.com,Fintech,United States,Techstars Portfolio (techstars.com/portfolio),2026-08-05T18:36:58.568130+00:00,True,
1078,hexafarms,https://hexafarms.com,"Agtech, Artificial intelligence and machine learning, Climate tech, Internet of Things",Germany,Techstars Portfolio (techstars.com/portfolio),2026-08-05T18:36:58.568130+00:00,True,
1079,Banjo Robinson,https://banjorobinson.com,Gaming,United Kingdom,Techstars Portfolio (techstars.com/portfolio),2026-08-05T18:36:58.568130+00:00,True,
1080,Pitstop,https://pitstopconnect.com,"Artificial intelligence and machine learning, Mobile, Mobility tech",Canada,Techstars Portfolio (techstars.com/portfolio),2026-08-05T18:36:58.568130+00:00,True,
1081,Revealix,https://revealix.com,"Artificial intelligence and machine learning, Lifestyles of Health and Sustainability and wellness, Mobile",United States,Techstars Portfolio (techstars.com/portfolio),2026-08-05T18:36:58.568130+00:00,True,
1082,Wiseair,https://wiseair.vision,Mobility tech,Italy,Techstars Portfolio (techstars.com/portfolio),2026-08-05T18:36:58.568130+00:00,True,
1083,Wastetide,https://wastetide.ai,"Cleantech, Internet of Things, Supply chain technology",France,Techstars Portfolio (techstars.com/portfolio),2026-08-05T18:36:58.568130+00:00,True,
1084,SympliFi,https://symplifi.co.uk,Fintech,United Kingdom,Techstars Portfolio (techstars.com/portfolio),2026-08-05T18:36:58.568130+00:00,True,
1085,Refr Sports,https://refrsports.com,"Mobile, SaaS",United States,Techstars Portfolio (techstars.com/portfolio),2026-08-05T18:36:58.568130+00:00,True,
1086,CyberOwl,https://cyberowl.io,"Cybersecurity, Infrastructure, Internet of Things",United Kingdom,Techstars Portfolio (techstars.com/portfolio),2026-08-05T18:36:58.568130+00:00,True,
1087,ModernGuild,https://modernguild.com,"Edtech, HRtech, Impact investing",United States,Techstars Portfolio (techstars.com/portfolio),2026-08-05T18:36:58.568130+00:00,True,
1088,VideoPeel,https://videopeel.com,Marketing tech,United States,Techstars Portfolio (techstars.com/portfolio),2026-08-05T18:36:58.568130+00:00,True,
1089,KptnCook,https://kptncook.com,Mobile,Germany,Techstars Portfolio (techstars.com/portfolio),2026-08-05T18:36:58.568130+00:00,True,
1090,Spacebackend,https://spacebackend.com,"Artificial intelligence and machine learning, Industrials, Robotics and Drones, Space tech",United States,Techstars Portfolio (techstars.com/portfolio),2026-08-05T18:36:58.568130+00:00,True,
1091,TakeShape,https://takeshape.io,Cloudtech and DevOps,United States,Techstars Portfolio (techstars.com/portfolio),2026-08-05T18:36:58.568130+00:00,True,
1092,Verificient Technologies,https://verificient.com,"Artificial intelligence and machine learning, HRtech",United States,Techstars Portfolio (techstars.com/portfolio),2026-08-05T18:36:58.568130+00:00,True,
1093,Socialthing,https://socialthing.com,Fintech,United States,Techstars Portfolio (techstars.com/portfolio),2026-08-05T18:36:58.568130+00:00,True,
1094,Sensible Object,https://sensibleobject.com,Gaming,United Kingdom,Techstars Portfolio (techstars.com/portfolio),2026-08-05T18:36:58.568130+00:00,True,
1095,CaribShopper,https://caribshopper.com,Mobile commerce,United States,Techstars Portfolio (techstars.com/portfolio),2026-08-05T18:36:58.568130+00:00,True,
1096,NaviSavi Travel,https://navisaviapp.com,Mobile,United States,Techstars Portfolio (techstars.com/portfolio),2026-08-05T18:36:58.568130+00:00,True,
1097,Swym,https://getswym.com,Mobile,United States,Techstars Portfolio (techstars.com/portfolio),2026-08-05T18:36:58.568130+00:00,True,
1098,Gudea,https://gudea.ai,"Artificial intelligence and machine learning, SaaS",United States,Techstars Portfolio (techstars.com/portfolio),2026-08-05T18:36:58.568130+00:00,True,
1099,Sorair Technologies,https://sorair.co.uk,Robotics and Drones,United Kingdom,Techstars Portfolio (techstars.com/portfolio),2026-08-05T18:36:58.568130+00:00,True,
1100,Troglo,https://troglo.io,"Lifestyles of Health and Sustainability and wellness, Mobile",United Kingdom,Techstars Portfolio (techstars.com/portfolio),2026-08-05T18:36:58.568130+00:00,True,
1101,Local Crate,https://localcratemeals.com,Climate tech,United States,Techstars Portfolio (techstars.com/portfolio),2026-08-05T18:36:58.568130+00:00,True,
1102,Auxilius.ai,https://auxilius.ai,SaaS,Germany,Techstars Portfolio (techstars.com/portfolio),2026-08-05T18:36:58.568130+00:00,True,
1103,Footmarks,https://footmarks.com,Mobile,United States,Techstars Portfolio (techstars.com/portfolio),2026-08-05T18:36:58.568130+00:00,True,
1104,Hull,https://hull.io,"Infrastructure, Mobile",France,Techstars Portfolio (techstars.com/portfolio),2026-08-05T18:36:58.568130+00:00,True,
1105,Crosscope,https://crosscope.com,"Artificial intelligence and machine learning, Healthtech",United States,Techstars Portfolio (techstars.com/portfolio),2026-08-05T18:36:58.568130+00:00,True,
1106,Nossa Data,https://nossadata.com,"Artificial intelligence and machine learning, Cleantech, Climate tech, Fintech",United Kingdom,Techstars Portfolio (techstars.com/portfolio),2026-08-05T18:36:58.568130+00:00,True,
1107,ReviMo,https://revimo.org,"Healthtech, Mobility tech, Robotics and Drones",United States,Techstars Portfolio (techstars.com/portfolio),2026-08-05T18:36:58.568130+00:00,True,
1108,Bridged Media,https://bridged.media,"Adtech, Artificial intelligence and machine learning, Climate tech, Marketing tech",United Kingdom,Techstars Portfolio (techstars.com/portfolio),2026-08-05T18:36:58.568130+00:00,True,
1109,WorkBright,https://workbright.com,HRtech,United States,Techstars Portfolio (techstars.com/portfolio),2026-08-05T18:36:58.568130+00:00,True,
1110,InsureTax,https://insure.tax,"Fintech, Insurtech, Legal tech",Israel,Techstars Portfolio (techstars.com/portfolio),2026-08-05T18:36:58.568130+00:00,True,
1111,Final,https://getfinal.com,"Artificial intelligence and machine learning, Fintech, Mobile",United States,Techstars Portfolio (techstars.com/portfolio),2026-08-05T18:36:58.568130+00:00,True,
1112,SideTour,https://sidetour.com,"E-commerce, Fintech",United States,Techstars Portfolio (techstars.com/portfolio),2026-08-05T18:36:58.568130+00:00,True,
1113,Simreka,https://simreka.com,Artificial intelligence and machine learning,Netherlands,Techstars Portfolio (techstars.com/portfolio),2026-08-05T18:36:58.568130+00:00,True,
1114,Vidrovr,https://vidrovr.com,"Artificial intelligence and machine learning, Big Data, Mobile",United States,Techstars Portfolio (techstars.com/portfolio),2026-08-05T18:36:58.568130+00:00,True,
1115,Stead,https://joinstead.com,Real estate tech,United Kingdom,Techstars Portfolio (techstars.com/portfolio),2026-08-05T18:36:58.568130+00:00,True,
1116,Labby,https://labbyinc.com,"Internet of Things, Mobile",United States,Techstars Portfolio (techstars.com/portfolio),2026-08-05T18:36:58.568130+00:00,True,
1117,Super Dispatch,https://mysuperdispatch.com,"Fintech, Industrials, Insurtech, Mobile",United States,Techstars Portfolio (techstars.com/portfolio),2026-08-05T18:36:58.568130+00:00,True,
1118,Sitter,https://sitter.me,Mobile,United States,Techstars Portfolio (techstars.com/portfolio),2026-08-05T18:36:58.568130+00:00,True,
1119,geoFluxus,https://geofluxus.com,"Climate tech, Supply chain technology",Netherlands,Techstars Portfolio (techstars.com/portfolio),2026-08-05T18:36:58.568130+00:00,True,
1120,Tech1M,https://tech1m.com,"HRtech, Mobile",United Kingdom,Techstars Portfolio (techstars.com/portfolio),2026-08-05T18:36:58.568130+00:00,True,
1121,Intuitivo,https://en.intuitivo.pt,Edtech,Portugal,Techstars Portfolio (techstars.com/portfolio),2026-08-05T18:36:58.568130+00:00,True,
1122,Hoovu Fresh,https://hoovufresh.com,,India,Techstars Portfolio (techstars.com/portfolio),2026-08-05T18:36:58.568130+00:00,True,
1123,Replace,https://renewableenergy.place,"Artificial intelligence and machine learning, Cleantech, Climate tech",Israel,Techstars Portfolio (techstars.com/portfolio),2026-08-05T18:36:58.568130+00:00,True,
1124,Litographs,https://litographs.com,E-commerce,United States,Techstars Portfolio (techstars.com/portfolio),2026-08-05T18:36:58.568130+00:00,True,
1125,MedPilot,https://medpilot.com,Fintech,United States,Techstars Portfolio (techstars.com/portfolio),2026-08-05T18:36:58.568130+00:00,True,
1126,OE Systems AB,https://oe-systems.com,"Big Data, Cleantech, Climate tech, Industrials, Oil and gas",Sweden,Techstars Portfolio (techstars.com/portfolio),2026-08-05T18:36:58.568130+00:00,True,
1127,Carbon Limit,https://carbonlimit.com,"Cleantech, Climate tech, Lifestyles of Health and Sustainability and wellness",United States,Techstars Portfolio (techstars.com/portfolio),2026-08-05T18:36:58.568130+00:00,True,
1128,Spatial,https://spatialabs.io,Artificial intelligence and machine learning,United States,Techstars Portfolio (techstars.com/portfolio),2026-08-05T18:36:58.568130+00:00,True,
1129,Mutable,https://mutable.io,Cloudtech and DevOps,United States,Techstars Portfolio (techstars.com/portfolio),2026-08-05T18:36:58.568130+00:00,True,
1130,Lipefi,https://lipefi.com,Fintech,Belgium,Techstars Portfolio (techstars.com/portfolio),2026-08-05T18:36:58.568130+00:00,True,
1131,Conelabs,https://conelabs.ai,"Artificial intelligence and machine learning, Robotics and Drones",Canada,Techstars Portfolio (techstars.com/portfolio),2026-08-05T18:36:58.568130+00:00,True,
1132,Caddy Systems,https://joincaddy.com,Foodtech,Canada,Techstars Portfolio (techstars.com/portfolio),2026-08-05T18:36:58.568130+00:00,True,
1133,Ankra AB,https://ankra.io,"Cloudtech and DevOps, Cybersecurity, Mobile",United Kingdom,Techstars Portfolio (techstars.com/portfolio),2026-08-05T18:36:58.568130+00:00,True,
1134,GreatHorn,https://greathorn.com,"Artificial intelligence and machine learning, Cybersecurity, Infrastructure",United States,Techstars Portfolio (techstars.com/portfolio),2026-08-05T18:36:58.568130+00:00,True,
1135,Edify Technologies,https://edify.co,"Artificial intelligence and machine learning, Mobile",United States,Techstars Portfolio (techstars.com/portfolio),2026-08-05T18:36:58.568130+00:00,True,
1136,Stryd,https://stryd.com,"E-commerce, Mobile",United States,Techstars Portfolio (techstars.com/portfolio),2026-08-05T18:36:58.568130+00:00,True,
1137,LinkBycar,https://linkbycar.com,"Artificial intelligence and machine learning, Mobility tech",France,Techstars Portfolio (techstars.com/portfolio),2026-08-05T18:36:58.568130+00:00,True,
1138,Portabl.co,https://portabl.co,"Fintech, Insurtech",United Kingdom,Techstars Portfolio (techstars.com/portfolio),2026-08-05T18:36:58.568130+00:00,True,
1139,Whitebalance,https://whitebalance.co,"Artificial intelligence and machine learning, Technology, media and telecommunications",United States,Techstars Portfolio (techstars.com/portfolio),2026-08-05T18:36:58.568130+00:00,True,
1140,Everyday Life Insurance,https://everydaylifeinsurance.com,"Fintech, Insurtech",United States,Techstars Portfolio (techstars.com/portfolio),2026-08-05T18:36:58.568130+00:00,True,
1141,Lightbox,https://ninesixteen.com,Artificial intelligence and machine learning,United States,Techstars Portfolio (techstars.com/portfolio),2026-08-05T18:36:58.568130+00:00,True,
1142,Flowtify,https://flowtify.de,"Internet of Things, Mobile",Germany,Techstars Portfolio (techstars.com/portfolio),2026-08-05T18:36:58.568130+00:00,True,
1143,RootNote,https://rootnote.co,"Big Data, eSports, Gaming, Technology, media and telecommunications",United States,Techstars Portfolio (techstars.com/portfolio),2026-08-05T18:36:58.568130+00:00,True,
1144,Ubersense,https://ubersense.com,"Fintech, Mobile",United States,Techstars Portfolio (techstars.com/portfolio),2026-08-05T18:36:58.568130+00:00,True,
1145,testive,https://testive.com,"Edtech, Technology, media and telecommunications",United States,Techstars Portfolio (techstars.com/portfolio),2026-08-05T18:36:58.568130+00:00,True,
1146,TENX Pro,https://tenxpro.com,Manufacturing,Australia,Techstars Portfolio (techstars.com/portfolio),2026-08-05T18:36:58.568130+00:00,True,
1147,PhoneWagon,https://phonewagon.com,"Technology, media and telecommunications",United States,Techstars Portfolio (techstars.com/portfolio),2026-08-05T18:36:58.568130+00:00,True,
1148,GoodApril,https://goodapril.com,"Fintech, SaaS",United States,Techstars Portfolio (techstars.com/portfolio),2026-08-05T18:36:58.568130+00:00,True,
1149,Ganaz,https://ganazapp.com,HRtech,United States,Techstars Portfolio (techstars.com/portfolio),2026-08-05T18:36:58.568130+00:00,True,
1150,DailyBurn,https://dailyburn.com,Fintech,United States,Techstars Portfolio (techstars.com/portfolio),2026-08-05T18:36:58.568130+00:00,True,
1151,Clutch Prep,https://clutchprep.com,Edtech,United States,Techstars Portfolio (techstars.com/portfolio),2026-08-05T18:36:58.568130+00:00,True,
1152,AskSid Conversational AI,https://asksid.ai,Artificial intelligence and machine learning,India,Techstars Portfolio (techstars.com/portfolio),2026-08-05T18:36:58.568130+00:00,True,
1153,AirFox,https://airfox.io,"Cryptocurrency/Blockchain, Fintech, Mobile",United States,Techstars Portfolio (techstars.com/portfolio),2026-08-05T18:36:58.568130+00:00,True,
1154,Avvay,https://avvay.com,Real estate tech,United States,Techstars Portfolio (techstars.com/portfolio),2026-08-05T18:36:58.568130+00:00,True,
1155,High Time Foods,https://hightimefoods.com,"Foodtech, Lifestyles of Health and Sustainability and wellness",United States,Techstars Portfolio (techstars.com/portfolio),2026-08-05T18:36:58.568130+00:00,True,
1156,Irys,https://irystechnologies.com,Mobile,United States,Techstars Portfolio (techstars.com/portfolio),2026-08-05T18:36:58.568130+00:00,True,
1157,Equipment Connect,https://equipal.co,"3D printing, Fintech, Manufacturing, Robotics and Drones",United Kingdom,Techstars Portfolio (techstars.com/portfolio),2026-08-05T18:36:58.568130+00:00,True,
1158,Hop In Technologies,https://hopintech.com,"Infrastructure, Mobility tech",Canada,Techstars Portfolio (techstars.com/portfolio),2026-08-05T18:36:58.568130+00:00,True,
1159,Beastcoast,https://beastcoast.gg,"eSports, Gaming, Technology, media and telecommunications",United States,Techstars Portfolio (techstars.com/portfolio),2026-08-05T18:36:58.568130+00:00,True,
1160,CircularPlace,https://circularplace.fr,Climate tech,France,Techstars Portfolio (techstars.com/portfolio),2026-08-05T18:36:58.568130+00:00,True,
1161,TonDon,https://tondone.com,SaaS,United States,Techstars Portfolio (techstars.com/portfolio),2026-08-05T18:36:58.568130+00:00,True,
1162,Mercately,https://mercately.com,"Artificial intelligence and machine learning, Mobile, Mobile commerce",United States,Techstars Portfolio (techstars.com/portfolio),2026-08-05T18:36:58.568130+00:00,True,
1163,Vumo AI,https://vumo.ai,"Artificial intelligence and machine learning, Insurtech, Mobile, Robotics and Drones",Poland,Techstars Portfolio (techstars.com/portfolio),2026-08-05T18:36:58.568130+00:00,True,
1164,Trillbit,https://trillbit.com,"Cybersecurity, Internet of Things",United States,Techstars Portfolio (techstars.com/portfolio),2026-08-05T18:36:58.568130+00:00,True,
1165,BlockAviation,https://blockaviation.com,Cryptocurrency/Blockchain,Ireland,Techstars Portfolio (techstars.com/portfolio),2026-08-05T18:36:58.568130+00:00,True,
1166,Senexx,https://senexx.com,"Artificial intelligence and machine learning, Fintech, SaaS",United States,Techstars Portfolio (techstars.com/portfolio),2026-08-05T18:36:58.568130+00:00,True,
1167,BAND Connect,https://bandconnect.net,Healthtech,United States,Techstars Portfolio (techstars.com/portfolio),2026-08-05T18:36:58.568130+00:00,True,
1168,Vivo,https://teamvivo.com,"Healthtech, HRtech, Lifestyles of Health and Sustainability and wellness, Mobile",United States,Techstars Portfolio (techstars.com/portfolio),2026-08-05T18:36:58.568130+00:00,True,
1169,Graphicly,https://graphicly.com,Fintech,United States,Techstars Portfolio (techstars.com/portfolio),2026-08-05T18:36:58.568130+00:00,True,
1170,Queen of Raw,https://aloqia.com,"Artificial intelligence and machine learning, Cryptocurrency/Blockchain, Internet of Things",United States,Techstars Portfolio (techstars.com/portfolio),2026-08-05T18:36:58.568130+00:00,True,
1171,FlyWire,https://flywirecameras.com,"Artificial intelligence and machine learning, Climate tech, Fintech",United States,Techstars Portfolio (techstars.com/portfolio),2026-08-05T18:36:58.568130+00:00,True,
1172,Deepflow AI,https://deepflow.ai,"Artificial intelligence and machine learning, Infrastructure, Oil and gas",France,Techstars Portfolio (techstars.com/portfolio),2026-08-05T18:36:58.568130+00:00,True,
1173,VerbalizeIt,https://verbalizeit.com,"Fintech, Mobile",United States,Techstars Portfolio (techstars.com/portfolio),2026-08-05T18:36:58.568130+00:00,True,
1174,BiB Batteries,https://bib-batteries.fr,"Cleantech, Mobile, Mobility tech",France,Techstars Portfolio (techstars.com/portfolio),2026-08-05T18:36:58.568130+00:00,True,
1175,Switchboard Live,https://switchboard.live,"Adtech, eSports, Marketing tech, Mobile, Technology, media and telecommunications",United States,Techstars Portfolio (techstars.com/portfolio),2026-08-05T18:36:58.568130+00:00,True,
1176,Jintronix,https://jintronix.com,Gaming,Canada,Techstars Portfolio (techstars.com/portfolio),2026-08-05T18:36:58.568130+00:00,True,
1177,E-Fish,https://e-fish.com,Climate tech,United States,Techstars Portfolio (techstars.com/portfolio),2026-08-05T18:36:58.568130+00:00,True,
1178,Verbz,https://verbz.ai,Artificial intelligence and machine learning,United States,Techstars Portfolio (techstars.com/portfolio),2026-08-05T18:36:58.568130+00:00,True,
1179,Infinit,https://infinit.sh,"HRtech, Infrastructure, SaaS",France,Techstars Portfolio (techstars.com/portfolio),2026-08-05T18:36:58.568130+00:00,True,
1180,CuePath Innovation,https://cuepath.io,"Internet of Things, Mobile",Canada,Techstars Portfolio (techstars.com/portfolio),2026-08-05T18:36:58.568130+00:00,True,
1181,NBD Nano,https://nbdnano.com,"Cleantech, Nanotechnology",United States,Techstars Portfolio (techstars.com/portfolio),2026-08-05T18:36:58.568130+00:00,True,
1182,FINDS,https://finds-upcycling.com,"Artificial intelligence and machine learning, Cleantech, Lifestyles of Health and Sustainability and wellness",France,Techstars Portfolio (techstars.com/portfolio),2026-08-05T18:36:58.568130+00:00,True,
1183,Lean Startup Machine,https://javelin.com,"Cloudtech and DevOps, Fintech",United States,Techstars Portfolio (techstars.com/portfolio),2026-08-05T18:36:58.568130+00:00,True,
1184,ClaroAI,https://claroai.com,"Artificial intelligence and machine learning, Mobile",Israel,Techstars Portfolio (techstars.com/portfolio),2026-08-05T18:36:58.568130+00:00,True,
1185,Surgicure Technologies,https://surgicuretech.com,"Healthtech, Manufacturing",United States,Techstars Portfolio (techstars.com/portfolio),2026-08-05T18:36:58.568130+00:00,True,
1186,ViralMoment,https://viralmoment.com,"Artificial intelligence and machine learning, Mobile",United States,Techstars Portfolio (techstars.com/portfolio),2026-08-05T18:36:58.568130+00:00,True,
1187,Shutterspeed,https://shutterspeed.io,"Marketing tech, Technology, media and telecommunications",New Zealand,Techstars Portfolio (techstars.com/portfolio),2026-08-05T18:36:58.568130+00:00,True,
1188,Lounn MX,https://lounn.mx,Fintech,Mexico,Techstars Portfolio (techstars.com/portfolio),2026-08-05T18:36:58.568130+00:00,True,
1189,Sidewalk Insurance,https://sidewalk.biz,Insurtech,United States,Techstars Portfolio (techstars.com/portfolio),2026-08-05T18:36:58.568130+00:00,True,
1190,SpotRight,https://spotright.com,,United States,Techstars Portfolio (techstars.com/portfolio),2026-08-05T18:36:58.568130+00:00,True,
1191,Wisnio,https://teamscope.io,"Artificial intelligence and machine learning, HRtech",United Kingdom,Techstars Portfolio (techstars.com/portfolio),2026-08-05T18:36:58.568130+00:00,True,
1192,Ordercube,https://ordercube.de,"Foodtech, Internet of Things, Technology, media and telecommunications",Germany,Techstars Portfolio (techstars.com/portfolio),2026-08-05T18:36:58.568130+00:00,True,
1193,Innerlogic,https://innerlogic.com,"Artificial intelligence and machine learning, HRtech",Canada,Techstars Portfolio (techstars.com/portfolio),2026-08-05T18:36:58.568130+00:00,True,
1194,Daitum,https://daitum.com,Artificial intelligence and machine learning,Australia,Techstars Portfolio (techstars.com/portfolio),2026-08-05T18:36:58.568130+00:00,True,
1195,Bountifarm,https://bountifarm.com,Artificial intelligence and machine learning,Australia,Techstars Portfolio (techstars.com/portfolio),2026-08-05T18:36:58.568130+00:00,True,
1196,Twigtale,https://twigtale.com,"Technology, media and telecommunications",United States,Techstars Portfolio (techstars.com/portfolio),2026-08-05T18:36:58.568130+00:00,True,
1197,Sojorne,https://sojorne.com,Mobile,United States,Techstars Portfolio (techstars.com/portfolio),2026-08-05T18:36:58.568130+00:00,True,
1198,IOpipe,https://iopipe.com,Internet of Things,United States,Techstars Portfolio (techstars.com/portfolio),2026-08-05T18:36:58.568130+00:00,True,
1199,stagelink,https://stagelink.com,Artificial intelligence and machine learning,Germany,Techstars Portfolio (techstars.com/portfolio),2026-08-05T18:36:58.568130+00:00,True,
1200,OKO,https://oko.finance,"Climate tech, Fintech, HRtech, Insurtech, Mobile",Luxembourg,Techstars Portfolio (techstars.com/portfolio),2026-08-05T18:36:58.568130+00:00,True,
1201,Candoo Tech,https://candootech.com,"Internet of Things, Lifestyles of Health and Sustainability and wellness",United States,Techstars Portfolio (techstars.com/portfolio),2026-08-05T18:36:58.568130+00:00,True,
1202,College Contact,https://yourcollegecontact.com,Edtech,United States,Techstars Portfolio (techstars.com/portfolio),2026-08-05T18:36:58.568130+00:00,True,
1203,Spruce Labs,https://sprucelabs.ai,Artificial intelligence and machine learning,United States,Techstars Portfolio (techstars.com/portfolio),2026-08-05T18:36:58.568130+00:00,True,
1204,It's By U,https://itsbyu.com,Lifestyles of Health and Sustainability and wellness,United States,Techstars Portfolio (techstars.com/portfolio),2026-08-05T18:36:58.568130+00:00,True,
1205,MyFavorito,https://myfavorito.com,"Adtech, eSports, Fintech, Foodtech, Internet of Things, Mobile, Mobile commerce",United States,Techstars Portfolio (techstars.com/portfolio),2026-08-05T18:36:58.568130+00:00,True,
1206,GeyserSteam,https://geysersteamroom.com,Lifestyles of Health and Sustainability and wellness,United States,Techstars Portfolio (techstars.com/portfolio),2026-08-05T18:36:58.568130+00:00,True,
1207,Runbear,https://plugbear.io,SaaS,South Korea,Techstars Portfolio (techstars.com/portfolio),2026-08-05T18:36:58.568130+00:00,True,
1208,The Clear Cut,https://theclearcut.co,Manufacturing,United States,Techstars Portfolio (techstars.com/portfolio),2026-08-05T18:36:58.568130+00:00,True,
1209,SAWA,https://sawa.ai,Adtech,United States,Techstars Portfolio (techstars.com/portfolio),2026-08-05T18:36:58.568130+00:00,True,
1210,OB2 AI,https://ob2.ai,Cybersecurity,United States,Techstars Portfolio (techstars.com/portfolio),2026-08-05T18:36:58.568130+00:00,True,
1211,MetricsHub,https://metricshub.com,Cloudtech and DevOps,United States,Techstars Portfolio (techstars.com/portfolio),2026-08-05T18:36:58.568130+00:00,True,
1212,Fixel,https://fixel.ai,Big Data,United States,Techstars Portfolio (techstars.com/portfolio),2026-08-05T18:36:58.568130+00:00,True,
1213,Xodus Technologies,https://xodusfinance.com,Fintech,United States,Techstars Portfolio (techstars.com/portfolio),2026-08-05T18:36:58.568130+00:00,True,
1214,Courtsdesk,https://courtsdesk.com,Infrastructure,Ireland,Techstars Portfolio (techstars.com/portfolio),2026-08-05T18:36:58.568130+00:00,True,
1215,trace,https://trace.tech,HRtech,United States,Techstars Portfolio (techstars.com/portfolio),2026-08-05T18:36:58.568130+00:00,True,
1216,Pika Insights,https://pikainsights.com,"Artificial intelligence and machine learning, Big Data, Fintech, Marketing tech, Mobile",Nigeria,Techstars Portfolio (techstars.com/portfolio),2026-08-05T18:36:58.568130+00:00,True,
1217,Stance Fitness,https://stancehome.com,"Internet of Things, Lifestyles of Health and Sustainability and wellness",United Kingdom,Techstars Portfolio (techstars.com/portfolio),2026-08-05T18:36:58.568130+00:00,True,
1218,Lullaai,https://lullaai.com,"Artificial intelligence and machine learning, Lifestyles of Health and Sustainability and wellness",Spain,Techstars Portfolio (techstars.com/portfolio),2026-08-05T18:36:58.568130+00:00,True,
1219,Hyre,https://hyrestaff.com,HRtech,Canada,Techstars Portfolio (techstars.com/portfolio),2026-08-05T18:36:58.568130+00:00,True,
1220,Athlete,https://lifeathlete.co,"Artificial intelligence and machine learning, Healthtech, Insurtech, Mobile",United Kingdom,Techstars Portfolio (techstars.com/portfolio),2026-08-05T18:36:58.568130+00:00,True,
1221,SpendCare,https://spend.care,Fintech,United States,Techstars Portfolio (techstars.com/portfolio),2026-08-05T18:36:58.568130+00:00,True,
1222,CancerAid,https://canceraid.com,"Healthtech, Insurtech, Lifestyles of Health and Sustainability and wellness",Australia,Techstars Portfolio (techstars.com/portfolio),2026-08-05T18:36:58.568130+00:00,True,
1223,Cargofive,https://cargofive.com,Mobility tech,Portugal,Techstars Portfolio (techstars.com/portfolio),2026-08-05T18:36:58.568130+00:00,True,
1224,Pramatra Space,https://pramatra.space,"Cybersecurity, Internet of Things, Space tech",United States,Techstars Portfolio (techstars.com/portfolio),2026-08-05T18:36:58.568130+00:00,True,
1225,Prolific Works,https://prolificworks.com,,United States,Techstars Portfolio (techstars.com/portfolio),2026-08-05T18:36:58.568130+00:00,True,
1226,Koala,https://hikoala.co,"Fintech, Insurtech, Mobile",France,Techstars Portfolio (techstars.com/portfolio),2026-08-05T18:36:58.568130+00:00,True,
1227,Digiseq,https://digiseq.co.uk,"Fintech, Internet of Things",United Kingdom,Techstars Portfolio (techstars.com/portfolio),2026-08-05T18:36:58.568130+00:00,True,
1228,Contently,https://contently.com,Marketing tech,United States,Techstars Portfolio (techstars.com/portfolio),2026-08-05T18:36:58.568130+00:00,True,
1229,LiteStack,https://zerovm.org,"Fintech, SaaS",United States,Techstars Portfolio (techstars.com/portfolio),2026-08-05T18:36:58.568130+00:00,True,
1230,Equo,https://shopequo.com,"Cleantech, Lifestyles of Health and Sustainability and wellness",Vietnam,Techstars Portfolio (techstars.com/portfolio),2026-08-05T18:36:58.568130+00:00,True,
1231,ReVert Technologies,https://revert-tech.com,"Artificial intelligence and machine learning, Climate tech, Internet of Things",United States,Techstars Portfolio (techstars.com/portfolio),2026-08-05T18:36:58.568130+00:00,True,
1232,Stackery,https://stackery.io,Infrastructure,United States,Techstars Portfolio (techstars.com/portfolio),2026-08-05T18:36:58.568130+00:00,True,
1233,Lua,https://getlua.com,Mobile,United States,Techstars Portfolio (techstars.com/portfolio),2026-08-05T18:36:58.568130+00:00,True,
1234,Arextech,https://arex.technology,"Fintech, Real estate tech",Canada,Techstars Portfolio (techstars.com/portfolio),2026-08-05T18:36:58.568130+00:00,True,
1235,CodeGPT by Judini,https://codegpt.co,Cloudtech and DevOps,United States,Techstars Portfolio (techstars.com/portfolio),2026-08-05T18:36:58.568130+00:00,True,
1236,Nozzle,https://nozzle.io,Big Data,United States,Techstars Portfolio (techstars.com/portfolio),2026-08-05T18:36:58.568130+00:00,True,
1237,BallBox,https://playballbox.com,"Infrastructure, Real estate tech",United States,Techstars Portfolio (techstars.com/portfolio),2026-08-05T18:36:58.568130+00:00,True,
1238,Clean OS,https://thecleanos.com,"Healthtech, Lifestyles of Health and Sustainability and wellness",Italy,Techstars Portfolio (techstars.com/portfolio),2026-08-05T18:36:58.568130+00:00,True,
1239,Mamy Eyewear,https://mamy-eyewear.com,Lifestyles of Health and Sustainability and wellness,France,Techstars Portfolio (techstars.com/portfolio),2026-08-05T18:36:58.568130+00:00,True,
1240,Open to the offer,https://opentotheoffer.com,Real estate tech,United States,Techstars Portfolio (techstars.com/portfolio),2026-08-05T18:36:58.568130+00:00,True,
1241,Intuos,https://intuos.it,Mobility tech,Italy,Techstars Portfolio (techstars.com/portfolio),2026-08-05T18:36:58.568130+00:00,True,
1242,Untied,https://untied.io,Fintech,United Kingdom,Techstars Portfolio (techstars.com/portfolio),2026-08-05T18:36:58.568130+00:00,True,
1243,Canopie,https://canopie.app,"Femtech, Lifestyles of Health and Sustainability and wellness",United States,Techstars Portfolio (techstars.com/portfolio),2026-08-05T18:36:58.568130+00:00,True,
1244,NEVAM CX,https://nevamcx.com,Marketing tech,Australia,Techstars Portfolio (techstars.com/portfolio),2026-08-05T18:36:58.568130+00:00,True,
1245,TuneHatch,https://tunehatch.com,SaaS,United States,Techstars Portfolio (techstars.com/portfolio),2026-08-05T18:36:58.568130+00:00,True,
1246,Infinite Composites Technologies,https://infinitecomposites.com,"Cleantech, Infrastructure, Oil and gas",United States,Techstars Portfolio (techstars.com/portfolio),2026-08-05T18:36:58.568130+00:00,True,
1247,Multy,https://multy.dev,"Cloudtech and DevOps, Infrastructure",United Kingdom,Techstars Portfolio (techstars.com/portfolio),2026-08-05T18:36:58.568130+00:00,True,
1248,Lux Semiconductors,https://luxsemiconductors.com,Internet of Things,United States,Techstars Portfolio (techstars.com/portfolio),2026-08-05T18:36:58.568130+00:00,True,
1249,Concert Finance,https://concertfinance.com,Fintech,United States,Techstars Portfolio (techstars.com/portfolio),2026-08-05T18:36:58.568130+00:00,True,
1250,Inverto Tech,https://inverto.tech,"Agtech, Artificial intelligence and machine learning, Robotics and Drones",Switzerland,Techstars Portfolio (techstars.com/portfolio),2026-08-05T18:36:58.568130+00:00,True,
1251,Sunlight Technologies,https://sunlight.is,"Edtech, HRtech",United States,Techstars Portfolio (techstars.com/portfolio),2026-08-05T18:36:58.568130+00:00,True,
1252,Tangiblee,https://tangiblee.com,Marketing tech,United States,Techstars Portfolio (techstars.com/portfolio),2026-08-05T18:36:58.568130+00:00,True,
1253,Flybridge Holdings,https://qwyk.io,Supply chain technology,Netherlands,Techstars Portfolio (techstars.com/portfolio),2026-08-05T18:36:58.568130+00:00,True,
1254,neuroLytixs,https://neurolytixs.com,Artificial intelligence and machine learning,Canada,Techstars Portfolio (techstars.com/portfolio),2026-08-05T18:36:58.568130+00:00,True,
1255,VIAR,https://viar.si,"Edtech, Manufacturing, Virtual reality",United States,Techstars Portfolio (techstars.com/portfolio),2026-08-05T18:36:58.568130+00:00,True,
1256,Skintelligent Corporation,https://skintelligentlab.com,"Artificial intelligence and machine learning, Beauty, Digital health, Healthtech",United States,Techstars Portfolio (techstars.com/portfolio),2026-08-05T18:36:58.568130+00:00,True,
1257,Rocket Innovations,https://getrocketbook.com,Mobile,United States,Techstars Portfolio (techstars.com/portfolio),2026-08-05T18:36:58.568130+00:00,True,
1258,PROFIT,https://swipedom.com,Fintech,United States,Techstars Portfolio (techstars.com/portfolio),2026-08-05T18:36:58.568130+00:00,True,
1259,Mapkin,https://mapkin.co,Mobile,United States,Techstars Portfolio (techstars.com/portfolio),2026-08-05T18:36:58.568130+00:00,True,
1260,Machinery Partner,https://machinerypartner.com,,United States,Techstars Portfolio (techstars.com/portfolio),2026-08-05T18:36:58.568130+00:00,True,
1261,FanSifter,https://fansifter.com,"Artificial intelligence and machine learning, Fintech, Mobile",Estonia,Techstars Portfolio (techstars.com/portfolio),2026-08-05T18:36:58.568130+00:00,True,
1262,Every Mother,https://every-mother.com,"Lifestyles of Health and Sustainability and wellness, Mobile",United States,Techstars Portfolio (techstars.com/portfolio),2026-08-05T18:36:58.568130+00:00,True,
1263,EnjoyHQ,https://getenjoyhq.com,Big Data,United Kingdom,Techstars Portfolio (techstars.com/portfolio),2026-08-05T18:36:58.568130+00:00,True,
1264,Blueprint Registry,https://blueprintregistry.com,Fintech,United States,Techstars Portfolio (techstars.com/portfolio),2026-08-05T18:36:58.568130+00:00,True,
1265,Alpin,https://alpin.io,"Cybersecurity, Fintech, SaaS",United States,Techstars Portfolio (techstars.com/portfolio),2026-08-05T18:36:58.568130+00:00,True,
1266,Wisk Solutions,https://wisk.ai,"Fintech, Foodtech, Supply chain technology",Canada,Techstars Portfolio (techstars.com/portfolio),2026-08-05T18:36:58.568130+00:00,True,
1267,Mondaycar,https://mondaycar.com,"Cryptocurrency/Blockchain, Fintech, Mobility tech",France,Techstars Portfolio (techstars.com/portfolio),2026-08-05T18:36:58.568130+00:00,True,
1268,f3nice,https://f3nice.com,"Climate tech, Manufacturing, Oil and gas",Italy,Techstars Portfolio (techstars.com/portfolio),2026-08-05T18:36:58.568130+00:00,True,
1269,Routific,https://routific.com,"Industrials, Micromobility",Canada,Techstars Portfolio (techstars.com/portfolio),2026-08-05T18:36:58.568130+00:00,True,
1270,S.Lab,https://s-lab.bio,"Cleantech, Climate tech, Lifestyles of Health and Sustainability and wellness, Manufacturing",Spain,Techstars Portfolio (techstars.com/portfolio),2026-08-05T18:36:58.568130+00:00,True,
1271,Bean,https://usebean.com,"Fintech, Mobile",United Kingdom,Techstars Portfolio (techstars.com/portfolio),2026-08-05T18:36:58.568130+00:00,True,
1272,Mica,https://mica.rent,"Fintech, Real estate tech",Mexico,Techstars Portfolio (techstars.com/portfolio),2026-08-05T18:36:58.568130+00:00,True,
1273,Alethica,https://alethica.com,"Artificial intelligence and machine learning, Legal tech",United Kingdom,Techstars Portfolio (techstars.com/portfolio),2026-08-05T18:36:58.568130+00:00,True,
1274,Understanding Zoe,https://essentialshift.co,Pet tech,Australia,Techstars Portfolio (techstars.com/portfolio),2026-08-05T18:36:58.568130+00:00,True,
1275,Strobe,https://strobelabs.com,Big Data,United States,Techstars Portfolio (techstars.com/portfolio),2026-08-05T18:36:58.568130+00:00,True,
1276,Coworks,https://coworksapp.com,"Mobile, Real estate tech",United States,Techstars Portfolio (techstars.com/portfolio),2026-08-05T18:36:58.568130+00:00,True,
1277,Thread Genius,https://threadgenius.co,"Artificial intelligence and machine learning, Mobile",United States,Techstars Portfolio (techstars.com/portfolio),2026-08-05T18:36:58.568130+00:00,True,
1278,Vizify,https://vizify.com,SaaS,United States,Techstars Portfolio (techstars.com/portfolio),2026-08-05T18:36:58.568130+00:00,True,
1279,ReTel Technologies,https://reteltechnologies.com,"Artificial intelligence and machine learning, Fintech",United States,Techstars Portfolio (techstars.com/portfolio),2026-08-05T18:36:58.568130+00:00,True,
1280,Mother of Fact,,"Healthtech, Lifestyles of Health and Sustainability and wellness, Mobile",United States,Techstars Portfolio (techstars.com/portfolio),2026-08-05T18:36:58.568130+00:00,True,
1281,SustainSoft,https://sustainsoft.eu,Mobile,France,Techstars Portfolio (techstars.com/portfolio),2026-08-05T18:36:58.568130+00:00,True,
1282,Appsembler,https://appsembler.com,Edtech,United States,Techstars Portfolio (techstars.com/portfolio),2026-08-05T18:36:58.568130+00:00,True,
1283,Haptic,https://knocki.com,"Healthtech, Infrastructure, Insurtech, Internet of Things, Manufacturing, Mobility tech, Real estate tech",United States,Techstars Portfolio (techstars.com/portfolio),2026-08-05T18:36:58.568130+00:00,True,
1284,Vidmaker,https://vidmaker.com,SaaS,United States,Techstars Portfolio (techstars.com/portfolio),2026-08-05T18:36:58.568130+00:00,True,
1285,SURVIVR,https://survivr.com,Virtual reality,United States,Techstars Portfolio (techstars.com/portfolio),2026-08-05T18:36:58.568130+00:00,True,
1286,OmniPreSense Corporation,https://omnipresense.com,"Artificial intelligence and machine learning, Industrials, Internet of Things, Mobility tech, Robotics and Drones, Technology, media and telecommunications",United States,Techstars Portfolio (techstars.com/portfolio),2026-08-05T18:36:58.568130+00:00,True,
1287,Goally,https://goally.co,"Internet of Things, Mobile",United States,Techstars Portfolio (techstars.com/portfolio),2026-08-05T18:36:58.568130+00:00,True,
1288,Sealution,https://sealution.io,Internet of Things,Belgium,Techstars Portfolio (techstars.com/portfolio),2026-08-05T18:36:58.568130+00:00,True,
1289,SeekWell,https://seekwell.io,Big Data,United States,Techstars Portfolio (techstars.com/portfolio),2026-08-05T18:36:58.568130+00:00,True,
1290,Spill,https://spillnow.com,"Mobile, SaaS",United States,Techstars Portfolio (techstars.com/portfolio),2026-08-05T18:36:58.568130+00:00,True,
1291,Kitchn.io,https://kitchn.io,Artificial intelligence and machine learning,Germany,Techstars Portfolio (techstars.com/portfolio),2026-08-05T18:36:58.568130+00:00,True,
1292,AVENIR TECH,https://joinavenir.com,"Artificial intelligence and machine learning, Fintech, SaaS",United Kingdom,Techstars Portfolio (techstars.com/portfolio),2026-08-05T18:36:58.568130+00:00,True,
1293,Funeria,https://funeria.de,,Germany,Techstars Portfolio (techstars.com/portfolio),2026-08-05T18:36:58.568130+00:00,True,
1294,Memoir,https://yourmemoir.com,Mobile,United States,Techstars Portfolio (techstars.com/portfolio),2026-08-05T18:36:58.568130+00:00,True,
1295,Card Isle,https://cardisle.com,"E-commerce, Fintech",United States,Techstars Portfolio (techstars.com/portfolio),2026-08-05T18:36:58.568130+00:00,True,
1296,Bridgify,https://bridgify.io,"Artificial intelligence and machine learning, Fintech",Israel,Techstars Portfolio (techstars.com/portfolio),2026-08-05T18:36:58.568130+00:00,True,
1297,Baydin,https://boomerangapp.com,Mobile,United States,Techstars Portfolio (techstars.com/portfolio),2026-08-05T18:36:58.568130+00:00,True,
1298,Filtrbox,https://filtrbox.com,Marketing tech,United States,Techstars Portfolio (techstars.com/portfolio),2026-08-05T18:36:58.568130+00:00,True,
1299,Smunch,https://smunch.co,Foodtech,Germany,Techstars Portfolio (techstars.com/portfolio),2026-08-05T18:36:58.568130+00:00,True,
1300,Epinium,https://epinium.com,Mobile,United Kingdom,Techstars Portfolio (techstars.com/portfolio),2026-08-05T18:36:58.568130+00:00,True,
1301,WattBuy,https://wattbuy.com,"Artificial intelligence and machine learning, Cleantech, Mobile",United States,Techstars Portfolio (techstars.com/portfolio),2026-08-05T18:36:58.568130+00:00,True,
1302,WeHave,https://wehave.io,"Cloudtech and DevOps, Cryptocurrency/Blockchain, Fintech, Infrastructure",Belgium,Techstars Portfolio (techstars.com/portfolio),2026-08-05T18:36:58.568130+00:00,True,
1303,Translunar Exports and Servicing Incorporated,https://translunar-esi.com,"Artificial intelligence and machine learning, Robotics and Drones, Space tech",United States,Techstars Portfolio (techstars.com/portfolio),2026-08-05T18:36:58.568130+00:00,True,
1304,CISGAM,https://cisgam.com,Space tech,United States,Techstars Portfolio (techstars.com/portfolio),2026-08-05T18:36:58.568130+00:00,True,
1305,Azora,https://azora.space,"Infrastructure, Space tech, Technology, media and telecommunications",United States,Techstars Portfolio (techstars.com/portfolio),2026-08-05T18:36:58.568130+00:00,True,
1306,ANT61,https://ant61.com,"Robotics and Drones, Space tech",Australia,Techstars Portfolio (techstars.com/portfolio),2026-08-05T18:36:58.568130+00:00,True,
1307,Parsimoni,https://parsimoni.co,"Cybersecurity, Internet of Things, SaaS, Space tech",France,Techstars Portfolio (techstars.com/portfolio),2026-08-05T18:36:58.568130+00:00,True,
1308,MEDIjobs,https://medijobs.ro,HRtech,Romania,Techstars Portfolio (techstars.com/portfolio),2026-08-05T18:36:58.568130+00:00,True,
1309,Elite Personal Chefs,https://elitepersonalchefs.com,Foodtech,United States,Techstars Portfolio (techstars.com/portfolio),2026-08-05T18:36:58.568130+00:00,True,
1310,Ari Care,https://ari.shop,"Cleantech, Lifestyles of Health and Sustainability and wellness",Estonia,Techstars Portfolio (techstars.com/portfolio),2026-08-05T18:36:58.568130+00:00,True,
1311,Parsempo,https://parsempo.com,"Artificial intelligence and machine learning, Infrastructure, Internet of Things, Marketing tech, Technology, media and telecommunications",United States,Techstars Portfolio (techstars.com/portfolio),2026-08-05T18:36:58.568130+00:00,True,
1312,Medeo-health,https://medeo-health.com,"Healthtech, Internet of Things, Lifestyles of Health and Sustainability and wellness",France,Techstars Portfolio (techstars.com/portfolio),2026-08-05T18:36:58.568130+00:00,True,
1313,WellMe.ai,https://wellme.ai,"Artificial intelligence and machine learning, Digital health, Mobile",Canada,Techstars Portfolio (techstars.com/portfolio),2026-08-05T18:36:58.568130+00:00,True,
1314,UTwin,https://utwin.it,Real estate tech,Italy,Techstars Portfolio (techstars.com/portfolio),2026-08-05T18:36:58.568130+00:00,True,
1315,Ranku,https://goranku.com,"Edtech, Technology, media and telecommunications",United States,Techstars Portfolio (techstars.com/portfolio),2026-08-05T18:36:58.568130+00:00,True,
1316,Allegiant H2O,https://h2oallegiant.com,Climate tech,United States,Techstars Portfolio (techstars.com/portfolio),2026-08-05T18:36:58.568130+00:00,True,
1317,Basking Automation,https://basking.io,Real estate tech,Germany,Techstars Portfolio (techstars.com/portfolio),2026-08-05T18:36:58.568130+00:00,True,
1318,ZoneIn,https://getzonein.com,"Lifestyles of Health and Sustainability and wellness, Mobile",United States,Techstars Portfolio (techstars.com/portfolio),2026-08-05T18:36:58.568130+00:00,True,
1319,Zendoc,https://zendoc.com,Artificial intelligence and machine learning,United States,Techstars Portfolio (techstars.com/portfolio),2026-08-05T18:36:58.568130+00:00,True,
1320,VirgilHR,https://virgilhr.com,HRtech,United States,Techstars Portfolio (techstars.com/portfolio),2026-08-05T18:36:58.568130+00:00,True,
1321,Venteur,https://venteur.co,Insurtech,United States,Techstars Portfolio (techstars.com/portfolio),2026-08-05T18:36:58.568130+00:00,True,
1322,Threatcare,https://threatcare.com,"Cybersecurity, Infrastructure",United States,Techstars Portfolio (techstars.com/portfolio),2026-08-05T18:36:58.568130+00:00,True,
1323,Specless,https://gospecless.com,Mobile,United States,Techstars Portfolio (techstars.com/portfolio),2026-08-05T18:36:58.568130+00:00,True,
1324,Slash,https://tapslash.com,Mobile,United States,Techstars Portfolio (techstars.com/portfolio),2026-08-05T18:36:58.568130+00:00,True,
1325,Pippa,https://pippa.io,"Adtech, Audiotech, Mobile, Technology, media and telecommunications",United States,Techstars Portfolio (techstars.com/portfolio),2026-08-05T18:36:58.568130+00:00,True,
1326,Nexosis,https://nexosis.com,Artificial intelligence and machine learning,United States,Techstars Portfolio (techstars.com/portfolio),2026-08-05T18:36:58.568130+00:00,True,
1327,Nestrom,https://nestrom.com,"Artificial intelligence and machine learning, Internet of Things",Jordan,Techstars Portfolio (techstars.com/portfolio),2026-08-05T18:36:58.568130+00:00,True,
1328,Glider,https://glider.com,"Fintech, SaaS",United States,Techstars Portfolio (techstars.com/portfolio),2026-08-05T18:36:58.568130+00:00,True,
1329,Dig Robotics,https://digrobotics.com,Climate tech,Israel,Techstars Portfolio (techstars.com/portfolio),2026-08-05T18:36:58.568130+00:00,True,
1330,Clyde,https://joinclyde.com,Insurtech,United States,Techstars Portfolio (techstars.com/portfolio),2026-08-05T18:36:58.568130+00:00,True,
1331,Caravel,https://caravelapp.com,Artificial intelligence and machine learning,United States,Techstars Portfolio (techstars.com/portfolio),2026-08-05T18:36:58.568130+00:00,True,
1332,Bellwethr,https://bellwethr.com,Artificial intelligence and machine learning,United States,Techstars Portfolio (techstars.com/portfolio),2026-08-05T18:36:58.568130+00:00,True,
1333,Highlighter,https://highlighter.com,Fintech,United States,Techstars Portfolio (techstars.com/portfolio),2026-08-05T18:36:58.568130+00:00,True,
1334,Sameroom,https://sameroom.io,"Technology, media and telecommunications",United States,Techstars Portfolio (techstars.com/portfolio),2026-08-05T18:36:58.568130+00:00,True,
1335,CogniSaaS,https://cognisaas.com,Marketing tech,India,Techstars Portfolio (techstars.com/portfolio),2026-08-05T18:36:58.568130+00:00,True,
1336,Seated,https://seated.com,Mobile,United States,Techstars Portfolio (techstars.com/portfolio),2026-08-05T18:36:58.568130+00:00,True,
1337,Trend,https://trend.io,Marketing tech,United States,Techstars Portfolio (techstars.com/portfolio),2026-08-05T18:36:58.568130+00:00,True,
1338,HeyAxel,https://heyaxel.com,Artificial intelligence and machine learning,France,Techstars Portfolio (techstars.com/portfolio),2026-08-05T18:36:58.568130+00:00,True,
1339,NIX AIR SOLUTIONS,https://nix-iot.com,"3D printing, Big Data, Climate tech, Internet of Things",France,Techstars Portfolio (techstars.com/portfolio),2026-08-05T18:36:58.568130+00:00,True,
1340,Gini Health,https://ginihealth.com,Lifestyles of Health and Sustainability and wellness,Canada,Techstars Portfolio (techstars.com/portfolio),2026-08-05T18:36:58.568130+00:00,True,
1341,ODWEN,https://odwen.co.in,Supply chain technology,India,Techstars Portfolio (techstars.com/portfolio),2026-08-05T18:36:58.568130+00:00,True,
1342,Conductrics,https://conductrics.com,"Artificial intelligence and machine learning, Fintech",United States,Techstars Portfolio (techstars.com/portfolio),2026-08-05T18:36:58.568130+00:00,True,
1343,FEM,https://fem-inc.com,"Technology, media and telecommunications",United States,Techstars Portfolio (techstars.com/portfolio),2026-08-05T18:36:58.568130+00:00,True,
1344,HomeBinder,https://homebinder.com,"Real estate tech, Technology, media and telecommunications",United States,Techstars Portfolio (techstars.com/portfolio),2026-08-05T18:36:58.568130+00:00,True,
1345,Systellar Space,https://systellar-space.com,"Artificial intelligence and machine learning, Cloudtech and DevOps, Cybersecurity",Spain,Techstars Portfolio (techstars.com/portfolio),2026-08-05T18:36:58.568130+00:00,True,
1346,Stemma AI,https://stemma-ai.com,"Artificial intelligence and machine learning, Insurtech, Legal tech, SaaS",United Kingdom,Techstars Portfolio (techstars.com/portfolio),2026-08-05T18:36:58.568130+00:00,True,
1347,SimicX,https://simicx.com,"Cloudtech and DevOps, Fintech, SaaS",United Kingdom,Techstars Portfolio (techstars.com/portfolio),2026-08-05T18:36:58.568130+00:00,True,
1348,Kensai,https://kensai.ai,"Artificial intelligence and machine learning, Foodtech, Healthtech, Legal tech, SaaS",United Kingdom,Techstars Portfolio (techstars.com/portfolio),2026-08-05T18:36:58.568130+00:00,True,
1349,Auron Solutions,https://auron.solutions,"Artificial intelligence and machine learning, Robotics and Drones",United States,Techstars Portfolio (techstars.com/portfolio),2026-08-05T18:36:58.568130+00:00,True,
1350,Neurotype,https://neurotype.uk,"Digital health, Healthtech",United Kingdom,Techstars Portfolio (techstars.com/portfolio),2026-08-05T18:36:58.568130+00:00,True,
1351,AUDIT XPRT,https://auditxprt.com,"Artificial intelligence and machine learning, HRtech",United Kingdom,Techstars Portfolio (techstars.com/portfolio),2026-08-05T18:36:58.568130+00:00,True,
1352,Prism,https://prismmoney.com,"Fintech, Mobile",United States,Techstars Portfolio (techstars.com/portfolio),2026-08-05T18:36:58.568130+00:00,True,
1353,Talivest,https://talivest.com,"Artificial intelligence and machine learning, HRtech",Ireland,Techstars Portfolio (techstars.com/portfolio),2026-08-05T18:36:58.568130+00:00,True,
1354,IMRSV,https://imrsv.com,"Artificial intelligence and machine learning, Internet of Things",United States,Techstars Portfolio (techstars.com/portfolio),2026-08-05T18:36:58.568130+00:00,True,
1355,Cognotion,https://cognotion.com,Gaming,United States,Techstars Portfolio (techstars.com/portfolio),2026-08-05T18:36:58.568130+00:00,True,
1356,Omnio,https://omnio.global,"Fintech, Internet of Things",United Kingdom,Techstars Portfolio (techstars.com/portfolio),2026-08-05T18:36:58.568130+00:00,True,
1357,GoSave,https://gosavehq.com,Fintech,Australia,Techstars Portfolio (techstars.com/portfolio),2026-08-05T18:36:58.568130+00:00,True,
1358,PowerMarket,https://powermarket.ai,SaaS,United Kingdom,Techstars Portfolio (techstars.com/portfolio),2026-08-05T18:36:58.568130+00:00,True,
1359,SeeO2 Energy,https://seeo2energy.com,Cleantech,Canada,Techstars Portfolio (techstars.com/portfolio),2026-08-05T18:36:58.568130+00:00,True,
1360,Glimr,https://glimr.io,"Adtech, Mobile",United Kingdom,Techstars Portfolio (techstars.com/portfolio),2026-08-05T18:36:58.568130+00:00,True,
1361,Vincere Health,https://vincere.health,"Lifestyles of Health and Sustainability and wellness, Mobile",United States,Techstars Portfolio (techstars.com/portfolio),2026-08-05T18:36:58.568130+00:00,True,
1362,Superpowered,https://superpowered.com,"Audiotech, Mobile, Technology, media and telecommunications, Virtual reality",United States,Techstars Portfolio (techstars.com/portfolio),2026-08-05T18:36:58.568130+00:00,True,
1363,SimbaPay,https://simbapay.com,"Fintech, Mobile",United Kingdom,Techstars Portfolio (techstars.com/portfolio),2026-08-05T18:36:58.568130+00:00,True,
1364,Seer Aerospace,https://seeraerospace.com,Mobility tech,United States,Techstars Portfolio (techstars.com/portfolio),2026-08-05T18:36:58.568130+00:00,True,
1365,Pluto,https://heypluto.com,"Artificial intelligence and machine learning, Fintech, Lifestyles of Health and Sustainability and wellness, Mobile",United States,Techstars Portfolio (techstars.com/portfolio),2026-08-05T18:36:58.568130+00:00,True,
1366,Lightwing,https://lightwing.io,Artificial intelligence and machine learning,India,Techstars Portfolio (techstars.com/portfolio),2026-08-05T18:36:58.568130+00:00,True,
1367,Injoy,https://injoy.bio,"Artificial intelligence and machine learning, Digital health, Healthtech, Internet of Things, Lifestyles of Health and Sustainability and wellness, Mobile",Canada,Techstars Portfolio (techstars.com/portfolio),2026-08-05T18:36:58.568130+00:00,True,
1368,Civic Eagle,https://civiceagle.com,Legal tech,United States,Techstars Portfolio (techstars.com/portfolio),2026-08-05T18:36:58.568130+00:00,True,
1369,oDoc,https://odoc.life,Mobile,Sri Lanka,Techstars Portfolio (techstars.com/portfolio),2026-08-05T18:36:58.568130+00:00,True,
1370,Flomio,https://flomio.com,"E-commerce, Technology, media and telecommunications",United States,Techstars Portfolio (techstars.com/portfolio),2026-08-05T18:36:58.568130+00:00,True,
1371,14bis Supply Tracking,https://14bis.aero,Infrastructure,United States,Techstars Portfolio (techstars.com/portfolio),2026-08-05T18:36:58.568130+00:00,True,
1372,Van Robotics,https://smartrobottutor.com,"Artificial intelligence and machine learning, Robotics and Drones",United States,Techstars Portfolio (techstars.com/portfolio),2026-08-05T18:36:58.568130+00:00,True,
1373,Grapevine,https://grapevinelogic.com,"Technology, media and telecommunications",United States,Techstars Portfolio (techstars.com/portfolio),2026-08-05T18:36:58.568130+00:00,True,
1374,Hubly,https://myhubly.com,Fintech,Canada,Techstars Portfolio (techstars.com/portfolio),2026-08-05T18:36:58.568130+00:00,True,
1375,Notch,https://notchtechnologies.com,"Artificial intelligence and machine learning, Cybersecurity, Internet of Things, Robotics and Drones",United States,Techstars Portfolio (techstars.com/portfolio),2026-08-05T18:36:58.568130+00:00,True,
1376,DealAngel,https://dealangel.com,Fintech,United States,Techstars Portfolio (techstars.com/portfolio),2026-08-05T18:36:58.568130+00:00,True,
1377,ROCKY.AI,https://rocky.ai,"Artificial intelligence and machine learning, Edtech, Lifestyles of Health and Sustainability and wellness, Mobile",United Kingdom,Techstars Portfolio (techstars.com/portfolio),2026-08-05T18:36:58.568130+00:00,True,
1378,WattShift,https://wattshift.com,"Big Data, Cleantech, Climate tech, Internet of Things",United States,Techstars Portfolio (techstars.com/portfolio),2026-08-05T18:36:58.568130+00:00,True,
1379,Seated With Love,https://seatedwithlove.com,"E-commerce, SaaS",United States,Techstars Portfolio (techstars.com/portfolio),2026-08-05T18:36:58.568130+00:00,True,
1380,Plexus,https://plexusaero.space,Space tech,United States,Techstars Portfolio (techstars.com/portfolio),2026-08-05T18:36:58.568130+00:00,True,
1381,Offline,https://offlinetalent.com,"Adtech, Marketing tech, Technology, media and telecommunications",United States,Techstars Portfolio (techstars.com/portfolio),2026-08-05T18:36:58.568130+00:00,True,
1382,LineSight,https://linesight-ai.com,"Artificial intelligence and machine learning, Industrials, SaaS, Supply chain technology",United States,Techstars Portfolio (techstars.com/portfolio),2026-08-05T18:36:58.568130+00:00,True,
1383,Kaizen Design,https://thekaizendesign.com,"Artificial intelligence and machine learning, Healthtech, Infrastructure, SaaS",United States,Techstars Portfolio (techstars.com/portfolio),2026-08-05T18:36:58.568130+00:00,True,
1384,Forgebee,https://forgebee.buzz,"3D printing, Agtech, Artificial intelligence and machine learning, Robotics and Drones",United States,Techstars Portfolio (techstars.com/portfolio),2026-08-05T18:36:58.568130+00:00,True,
1385,CloudReno,https://cloudrenovation.com,Artificial intelligence and machine learning,United States,Techstars Portfolio (techstars.com/portfolio),2026-08-05T18:36:58.568130+00:00,True,
1386,Eddy Travels,https://eddytravels.com,"Artificial intelligence and machine learning, Mobile",Canada,Techstars Portfolio (techstars.com/portfolio),2026-08-05T18:36:58.568130+00:00,True,
1387,Trio Financial Technologies,https://trioapp.com,Fintech,United States,Techstars Portfolio (techstars.com/portfolio),2026-08-05T18:36:58.568130+00:00,True,
1388,Experiment Engine,https://experimentengine.com,"Internet of Things, SaaS",United States,Techstars Portfolio (techstars.com/portfolio),2026-08-05T18:36:58.568130+00:00,True,
1389,Conspire,https://conspire.com,"SaaS, Technology, media and telecommunications",United States,Techstars Portfolio (techstars.com/portfolio),2026-08-05T18:36:58.568130+00:00,True,
1390,WattsUp,https://wattsupev.io,"Artificial intelligence and machine learning, Cleantech, Climate tech, Infrastructure, Mobility tech",United States,Techstars Portfolio (techstars.com/portfolio),2026-08-05T18:36:58.568130+00:00,True,
1391,Promex,https://promex.energy,"Artificial intelligence and machine learning, Cleantech, Oil and gas, Space tech",United States,Techstars Portfolio (techstars.com/portfolio),2026-08-05T18:36:58.568130+00:00,True,
1392,PowerBox Technology,https://powerboxtech.com,"Cleantech, Climate tech",United States,Techstars Portfolio (techstars.com/portfolio),2026-08-05T18:36:58.568130+00:00,True,
1393,OpenDrawing.ai,https://opendrawing.ai,"Artificial intelligence and machine learning, SaaS",United States,Techstars Portfolio (techstars.com/portfolio),2026-08-05T18:36:58.568130+00:00,True,
1394,Emission Free Generators,https://emissionfreegenerators.com,"Cleantech, Climate tech, Impact investing",United States,Techstars Portfolio (techstars.com/portfolio),2026-08-05T18:36:58.568130+00:00,True,
1395,Anytype,https://anytype.io,"Cryptocurrency/Blockchain, Mobile",United States,Techstars Portfolio (techstars.com/portfolio),2026-08-05T18:36:58.568130+00:00,True,
1396,Dynamic Green Products,https://changeyouroil.com,"Cleantech, Climate tech, Lifestyles of Health and Sustainability and wellness",United States,Techstars Portfolio (techstars.com/portfolio),2026-08-05T18:36:58.568130+00:00,True,
1397,NIRA,https://nirafinance.com,Fintech,India,Techstars Portfolio (techstars.com/portfolio),2026-08-05T18:36:58.568130+00:00,True,
1398,Zilper Trenchless,https://zilpertrenchless.com,Infrastructure,United States,Techstars Portfolio (techstars.com/portfolio),2026-08-05T18:36:58.568130+00:00,True,
1399,Unified Track,https://unifiedtrack.ai,"Artificial intelligence and machine learning, Edtech, SaaS",United States,Techstars Portfolio (techstars.com/portfolio),2026-08-05T18:36:58.568130+00:00,True,
1400,Nimbus,https://hirenimbus.com,"Artificial intelligence and machine learning, Fintech, Impact investing, Real estate tech, SaaS",United States,Techstars Portfolio (techstars.com/portfolio),2026-08-05T18:36:58.568130+00:00,True,
1401,Mona,https://monaventures.co,"Artificial intelligence and machine learning, Big Data, Fintech",United States,Techstars Portfolio (techstars.com/portfolio),2026-08-05T18:36:58.568130+00:00,True,
1402,Hutsy,https://hutsy.ca,Fintech,Canada,Techstars Portfolio (techstars.com/portfolio),2026-08-05T18:36:58.568130+00:00,True,
1403,Axcces,https://axcces.com,"Artificial intelligence and machine learning, Impact investing, Real estate tech, SaaS",United States,Techstars Portfolio (techstars.com/portfolio),2026-08-05T18:36:58.568130+00:00,True,
1404,Apriority Financial,https://apriority.ai,Fintech,United States,Techstars Portfolio (techstars.com/portfolio),2026-08-05T18:36:58.568130+00:00,True,
1405,ConvertFlow,https://convertflow.com,Marketing tech,United States,Techstars Portfolio (techstars.com/portfolio),2026-08-05T18:36:58.568130+00:00,True,
1406,GetJenny,https://getjenny.com,Artificial intelligence and machine learning,Finland,Techstars Portfolio (techstars.com/portfolio),2026-08-05T18:36:58.568130+00:00,True,
1407,Shelf.Network,https://shelf.network,"Cryptocurrency/Blockchain, Fintech, Infrastructure",Germany,Techstars Portfolio (techstars.com/portfolio),2026-08-05T18:36:58.568130+00:00,True,
1408,DirecTech Labs,https://directechlabs.com,Artificial intelligence and machine learning,United States,Techstars Portfolio (techstars.com/portfolio),2026-08-05T18:36:58.568130+00:00,True,
1409,GestSure,https://gestsure.com,Healthtech,Canada,Techstars Portfolio (techstars.com/portfolio),2026-08-05T18:36:58.568130+00:00,True,
1410,Reeler,https://reelertech.com,"Marketing tech, Technology, media and telecommunications",Sweden,Techstars Portfolio (techstars.com/portfolio),2026-08-05T18:36:58.568130+00:00,True,
1411,ShuttleCloud,https://shuttlecloud.com,SaaS,United States,Techstars Portfolio (techstars.com/portfolio),2026-08-05T18:36:58.568130+00:00,True,
1412,Spiral,https://spiralup.co,Artificial intelligence and machine learning,United States,Techstars Portfolio (techstars.com/portfolio),2026-08-05T18:36:58.568130+00:00,True,
1413,Reflect,https://reflect.io,Mobile,United States,Techstars Portfolio (techstars.com/portfolio),2026-08-05T18:36:58.568130+00:00,True,
1414,Rapt Media,https://raptmedia.com,"Mobile, SaaS",United States,Techstars Portfolio (techstars.com/portfolio),2026-08-05T18:36:58.568130+00:00,True,
1415,IntenseDebate,https://intensedebate.com,"Marketing tech, SaaS, Technology, media and telecommunications",United States,Techstars Portfolio (techstars.com/portfolio),2026-08-05T18:36:58.568130+00:00,True,
1416,Flow.ai,https://flow.ai,Artificial intelligence and machine learning,Netherlands,Techstars Portfolio (techstars.com/portfolio),2026-08-05T18:36:58.568130+00:00,True,
1417,Captimo,https://captimo.com,"Fintech, Mobile",United States,Techstars Portfolio (techstars.com/portfolio),2026-08-05T18:36:58.568130+00:00,True,
1418,Atomos Space,https://atomosspace.com,"Industrials, Robotics and Drones",United States,Techstars Portfolio (techstars.com/portfolio),2026-08-05T18:36:58.568130+00:00,True,
1419,Amper Music,https://ampermusic.com,"Artificial intelligence and machine learning, Mobile",United States,Techstars Portfolio (techstars.com/portfolio),2026-08-05T18:36:58.568130+00:00,True,
1420,Happiest Ours,https://happiestours.com,Foodtech,United States,Techstars Portfolio (techstars.com/portfolio),2026-08-05T18:36:58.568130+00:00,True,
1421,Verbal,https://tryverbal.com,"Artificial intelligence and machine learning, Digital health, Healthtech, SaaS",United States,Techstars Portfolio (techstars.com/portfolio),2026-08-05T18:36:58.568130+00:00,True,
1422,Slideflow Labs,https://slideflow.ai,"Artificial intelligence and machine learning, Digital health, Healthtech, SaaS",United States,Techstars Portfolio (techstars.com/portfolio),2026-08-05T18:36:58.568130+00:00,True,
1423,ImmPro,https://immpro.net,Healthtech,United States,Techstars Portfolio (techstars.com/portfolio),2026-08-05T18:36:58.568130+00:00,True,
1424,Arul Health,https://arulhealth.com,"Healthtech, Oncology",United States,Techstars Portfolio (techstars.com/portfolio),2026-08-05T18:36:58.568130+00:00,True,
1425,Accountancy Cloud,https://theaccountancycloud.com,Fintech,United Kingdom,Techstars Portfolio (techstars.com/portfolio),2026-08-05T18:36:58.568130+00:00,True,
1426,Kestrel Labs,https://kestrellabs.com,"Real estate tech, SaaS",United States,Techstars Portfolio (techstars.com/portfolio),2026-08-05T18:36:58.568130+00:00,True,
1427,healthKERI,https://healthkeri.com,"Cybersecurity, Healthtech, SaaS",United States,Techstars Portfolio (techstars.com/portfolio),2026-08-05T18:36:58.568130+00:00,True,
1428,Grably,https://grably.us,"Artificial intelligence and machine learning, Audiotech, Technology, media and telecommunications",United States,Techstars Portfolio (techstars.com/portfolio),2026-08-05T18:36:58.568130+00:00,True,
1429,Empallo,https://empallo.com,"Artificial intelligence and machine learning, Digital health, Healthtech",United States,Techstars Portfolio (techstars.com/portfolio),2026-08-05T18:36:58.568130+00:00,True,
1430,Bundled,https://gobundled.com,"Marketing tech, Mobile commerce, Technology, media and telecommunications",United States,Techstars Portfolio (techstars.com/portfolio),2026-08-05T18:36:58.568130+00:00,True,
1431,Brixely,https://brixely.com,"Artificial intelligence and machine learning, Real estate tech, SaaS",United States,Techstars Portfolio (techstars.com/portfolio),2026-08-05T18:36:58.568130+00:00,True,
1432,Accelidea,https://accelidea.com,"Artificial intelligence and machine learning, Digital health, Healthtech, SaaS",United States,Techstars Portfolio (techstars.com/portfolio),2026-08-05T18:36:58.568130+00:00,True,
1433,Validated,https://validated.co,Mobile,United States,Techstars Portfolio (techstars.com/portfolio),2026-08-05T18:36:58.568130+00:00,True,
1434,TRUSTBYTES,https://trustbytes.io,"Artificial intelligence and machine learning, Cryptocurrency/Blockchain, Cybersecurity",Poland,Techstars Portfolio (techstars.com/portfolio),2026-08-05T18:36:58.568130+00:00,True,
1435,nodes.garden,https://nodes.garden,Cryptocurrency/Blockchain,United States,Techstars Portfolio (techstars.com/portfolio),2026-08-05T18:36:58.568130+00:00,True,
1436,Nera Systems,https://nera.systems,"Artificial intelligence and machine learning, Cryptocurrency/Blockchain, Cybersecurity",United States,Techstars Portfolio (techstars.com/portfolio),2026-08-05T18:36:58.568130+00:00,True,
1437,DABL,https://dabl.io,"Cryptocurrency/Blockchain, Fintech",United States,Techstars Portfolio (techstars.com/portfolio),2026-08-05T18:36:58.568130+00:00,True,
1438,Autonom,https://autonom.cc,,United States,Techstars Portfolio (techstars.com/portfolio),2026-08-05T18:36:58.568130+00:00,True,
1439,0xBridge,https://0xbridge.xyz,Cryptocurrency/Blockchain,India,Techstars Portfolio (techstars.com/portfolio),2026-08-05T18:36:58.568130+00:00,True,
1440,Quotiss,https://quotiss.com,Mobile,Poland,Techstars Portfolio (techstars.com/portfolio),2026-08-05T18:36:58.568130+00:00,True,
1441,ICM Hub,https://icmhub.com,"Artificial intelligence and machine learning, Mobile",United States,Techstars Portfolio (techstars.com/portfolio),2026-08-05T18:36:58.568130+00:00,True,
1442,Zwipe,https://zwipe.co,"Fintech, Restaurant tech, SaaS",United States,Techstars Portfolio (techstars.com/portfolio),2026-08-05T18:36:58.568130+00:00,True,
1443,Volumes,https://volumes.cloud,"Artificial intelligence and machine learning, Augmented reality, Big Data, Robotics and Drones, Virtual reality",United States,Techstars Portfolio (techstars.com/portfolio),2026-08-05T18:36:58.568130+00:00,True,
1444,Theanna,https://theanna.io,"Artificial intelligence and machine learning, Big Data, SaaS, Technology, media and telecommunications",United States,Techstars Portfolio (techstars.com/portfolio),2026-08-05T18:36:58.568130+00:00,True,
1445,Safety Bolt,https://safety-bolt.com,"Big Data, Industrials, Infrastructure, Internet of Things",Sweden,Techstars Portfolio (techstars.com/portfolio),2026-08-05T18:36:58.568130+00:00,True,
1446,Origami Space Development,https://origamispace.com,"Big Data, Climate tech, Infrastructure, Space tech",United States,Techstars Portfolio (techstars.com/portfolio),2026-08-05T18:36:58.568130+00:00,True,
1447,Nukleas,https://nukleas.com,SaaS,United States,Techstars Portfolio (techstars.com/portfolio),2026-08-05T18:36:58.568130+00:00,True,
1448,nouri,https://heynouri.com,"Digital health, Healthtech",United States,Techstars Portfolio (techstars.com/portfolio),2026-08-05T18:36:58.568130+00:00,True,
1449,Khaki AI,https://khaki.email,"Adtech, E-commerce, Fintech, Marketing tech, Technology, media and telecommunications",United States,Techstars Portfolio (techstars.com/portfolio),2026-08-05T18:36:58.568130+00:00,True,
1450,KeystoneBio,https://keystonebio.co,"Digital health, Healthtech",United States,Techstars Portfolio (techstars.com/portfolio),2026-08-05T18:36:58.568130+00:00,True,
1451,Indora,https://indoralabs.com,"Artificial intelligence and machine learning, Big Data, Legal tech, SaaS",United States,Techstars Portfolio (techstars.com/portfolio),2026-08-05T18:36:58.568130+00:00,True,
1452,FibrX,https://fibrx.io,"Artificial intelligence and machine learning, Cybersecurity, Internet of Things, Oil and gas, Space tech",United States,Techstars Portfolio (techstars.com/portfolio),2026-08-05T18:36:58.568130+00:00,True,
1453,FelixFusion,https://felixfusion.ai,"Artificial intelligence and machine learning, Cleantech",United States,Techstars Portfolio (techstars.com/portfolio),2026-08-05T18:36:58.568130+00:00,True,
1454,Cohesive Robotics,https://cohesiverobotics.com,"Artificial intelligence and machine learning, Industrials, Manufacturing, Robotics and Drones",United States,Techstars Portfolio (techstars.com/portfolio),2026-08-05T18:36:58.568130+00:00,True,
1455,Clear Solar Corporation,https://clearsolarco.com,"Cleantech, Climate tech, Manufacturing, Robotics and Drones, Space tech",United States,Techstars Portfolio (techstars.com/portfolio),2026-08-05T18:36:58.568130+00:00,True,
1456,Orion Finance,https://orionfinance.ai,"Artificial intelligence and machine learning, Cryptocurrency/Blockchain, Fintech",United States,Techstars Portfolio (techstars.com/portfolio),2026-08-05T18:36:58.568130+00:00,True,
1457,Orderly Health,https://orderlyhealth.com,"Artificial intelligence and machine learning, Big Data, Healthtech",United States,Techstars Portfolio (techstars.com/portfolio),2026-08-05T18:36:58.568130+00:00,True,
1458,Narrative Banking,https://narrativebanking.com,Fintech,Ireland,Techstars Portfolio (techstars.com/portfolio),2026-08-05T18:36:58.568130+00:00,True,
1459,Humbrela,https://humbrela.com,Insurtech,Switzerland,Techstars Portfolio (techstars.com/portfolio),2026-08-05T18:36:58.568130+00:00,True,
1460,haboo money,https://haboomoney.com,Fintech,United Kingdom,Techstars Portfolio (techstars.com/portfolio),2026-08-05T18:36:58.568130+00:00,True,
1461,Fintalo,https://fintalo.com,"Artificial intelligence and machine learning, Fintech, Infrastructure, SaaS",Germany,Techstars Portfolio (techstars.com/portfolio),2026-08-05T18:36:58.568130+00:00,True,
1462,Better,https://bettercharge.ai,Fintech,Israel,Techstars Portfolio (techstars.com/portfolio),2026-08-05T18:36:58.568130+00:00,True,
1463,Avido AI,https://avidoai.com,"Fintech, Insurtech",Denmark,Techstars Portfolio (techstars.com/portfolio),2026-08-05T18:36:58.568130+00:00,True,
1464,1-CP,https://one-cp.com,"E-commerce, Fintech, Mobile commerce, SaaS",Germany,Techstars Portfolio (techstars.com/portfolio),2026-08-05T18:36:58.568130+00:00,True,
1465,Shoppermotion,https://shoppermotion.com,"Artificial intelligence and machine learning, Big Data, Mobile",United States,Techstars Portfolio (techstars.com/portfolio),2026-08-05T18:36:58.568130+00:00,True,
1466,Justsnap,https://justsnap.co,"Adtech, Artificial intelligence and machine learning, Marketing tech, Mobile",Germany,Techstars Portfolio (techstars.com/portfolio),2026-08-05T18:36:58.568130+00:00,True,
1467,Fanbase,https://fanbaseclub.com,"Technology, media and telecommunications",United Kingdom,Techstars Portfolio (techstars.com/portfolio),2026-08-05T18:36:58.568130+00:00,True,
1468,Roximity,https://roximity.com,"Adtech, Marketing tech, Mobile",United States,Techstars Portfolio (techstars.com/portfolio),2026-08-05T18:36:58.568130+00:00,True,
1469,Unidentified Landed Object,https://ulo.world,"Technology, media and telecommunications",United States,Techstars Portfolio (techstars.com/portfolio),2026-08-05T18:36:58.568130+00:00,True,
1470,splashmob,https://splashmob.app,Mobile,United States,Techstars Portfolio (techstars.com/portfolio),2026-08-05T18:36:58.568130+00:00,True,
1471,Fanaply,https://fanaply.com,Mobile,United States,Techstars Portfolio (techstars.com/portfolio),2026-08-05T18:36:58.568130+00:00,True,
1472,StepOut,https://stepout.com,"Fintech, Mobile",United States,Techstars Portfolio (techstars.com/portfolio),2026-08-05T18:36:58.568130+00:00,True,
1473,Cyber DriveWare,https://cyberdriveware.com,Cybersecurity,Israel,Techstars Portfolio (techstars.com/portfolio),2026-08-05T18:36:58.568130+00:00,True,
1474,Clinify Health,https://clinifyhealth.com,Healthtech,United States,Techstars Portfolio (techstars.com/portfolio),2026-08-05T18:36:58.568130+00:00,True,
1475,Trezeo,https://trezeo.com,"Fintech, HRtech",Ireland,Techstars Portfolio (techstars.com/portfolio),2026-08-05T18:36:58.568130+00:00,True,
1476,JazzyPay,https://jazzypay.com,"Fintech, Mobile",Philippines,Techstars Portfolio (techstars.com/portfolio),2026-08-05T18:36:58.568130+00:00,True,
1477,Appetas,https://appetas.com,Infrastructure,United States,Techstars Portfolio (techstars.com/portfolio),2026-08-05T18:36:58.568130+00:00,True,
1478,RobotLAB,https://robotlab.com,"Artificial intelligence and machine learning, Edtech, Robotics and Drones",United States,Techstars Portfolio (techstars.com/portfolio),2026-08-05T18:36:58.568130+00:00,True,
1479,The Music Fund,https://themusic.fund,"Fintech, Impact investing",United States,Techstars Portfolio (techstars.com/portfolio),2026-08-05T18:36:58.568130+00:00,True,
1480,Signal,https://signal.co,,United States,Techstars Portfolio (techstars.com/portfolio),2026-08-05T18:36:58.568130+00:00,True,
1481,Marble AR,https://marblever.se,"Cryptocurrency/Blockchain, Mobile, Virtual reality",United States,Techstars Portfolio (techstars.com/portfolio),2026-08-05T18:36:58.568130+00:00,True,
1482,Qluu,https://qluulab.com,"Artificial intelligence and machine learning, Cybersecurity, Robotics and Drones",United States,Techstars Portfolio (techstars.com/portfolio),2026-08-05T18:36:58.568130+00:00,True,
1483,Power Dime,https://powerdime.io,"Cleantech, Climate tech, Impact investing, Infrastructure, SaaS",United States,Techstars Portfolio (techstars.com/portfolio),2026-08-05T18:36:58.568130+00:00,True,
1484,Papr,https://papr.ai,Artificial intelligence and machine learning,United States,Techstars Portfolio (techstars.com/portfolio),2026-08-05T18:36:58.568130+00:00,True,
1485,Chain,https://wechain.mx,Fintech,Mexico,Techstars Portfolio (techstars.com/portfolio),2026-08-05T18:36:58.568130+00:00,True,
1486,BuiltBlock,https://builtblock.com,SaaS,United States,Techstars Portfolio (techstars.com/portfolio),2026-08-05T18:36:58.568130+00:00,True,
1487,Arcticar,https://arcticar.com,"Artificial intelligence and machine learning, Cleantech, Climate tech, Mobility tech, Supply chain technology",United States,Techstars Portfolio (techstars.com/portfolio),2026-08-05T18:36:58.568130+00:00,True,
1488,Analog Craft,https://analogcraft.ai,Artificial intelligence and machine learning,United States,Techstars Portfolio (techstars.com/portfolio),2026-08-05T18:36:58.568130+00:00,True,
1489,ORBES,https://orbes.space,"Robotics and Drones, Space tech",United States,Techstars Portfolio (techstars.com/portfolio),2026-08-05T18:36:58.568130+00:00,True,
1490,Landng,https://landng.com,"Marketing tech, Mobile commerce, SaaS",United States,Techstars Portfolio (techstars.com/portfolio),2026-08-05T18:36:58.568130+00:00,True,
1491,Laibl,https://laibl.co,"Artificial intelligence and machine learning, Manufacturing, SaaS, Supply chain technology",Canada,Techstars Portfolio (techstars.com/portfolio),2026-08-05T18:36:58.568130+00:00,True,
1492,Klira AI,https://getklira.com,"Artificial intelligence and machine learning, Cloudtech and DevOps, Cybersecurity, SaaS",United States,Techstars Portfolio (techstars.com/portfolio),2026-08-05T18:36:58.568130+00:00,True,
1493,HapWare,https://hapware.com,Healthtech,United States,Techstars Portfolio (techstars.com/portfolio),2026-08-05T18:36:58.568130+00:00,True,
1494,Cytodyme,https://cytodyme.com,"Artificial intelligence and machine learning, Healthtech, SaaS",United States,Techstars Portfolio (techstars.com/portfolio),2026-08-05T18:36:58.568130+00:00,True,
1495,CommissionTrac,https://commissiontrac.com,"Artificial intelligence and machine learning, Fintech, Real estate tech",United States,Techstars Portfolio (techstars.com/portfolio),2026-08-05T18:36:58.568130+00:00,True,
1496,TerraManta,https://terramanta.com,"Artificial intelligence and machine learning, Big Data, Fintech, Oil and gas",United States,Techstars Portfolio (techstars.com/portfolio),2026-08-05T18:36:58.568130+00:00,True,
1497,SnapSwap,https://snapswap.eu,Fintech,Luxembourg,Techstars Portfolio (techstars.com/portfolio),2026-08-05T18:36:58.568130+00:00,True,
1498,Hydrologistics Africa,https://hydroiq.africa,"Artificial intelligence and machine learning, Cleantech, Climate tech, Internet of Things, Mobile",Kenya,Techstars Portfolio (techstars.com/portfolio),2026-08-05T18:36:58.568130+00:00,True,
1499,Grandstand,https://grandstand.io,"Artificial intelligence and machine learning, Technology, media and telecommunications",United States,Techstars Portfolio (techstars.com/portfolio),2026-08-05T18:36:58.568130+00:00,True,
1500,MoQuality,https://moquality.com,"Artificial intelligence and machine learning, Mobile",United States,Techstars Portfolio (techstars.com/portfolio),2026-08-05T18:36:58.568130+00:00,True,
1501,EMOTIV,https://emotiv.com,"Big Data, Lifestyles of Health and Sustainability and wellness",United States,Techstars Portfolio (techstars.com/portfolio),2026-08-05T18:36:58.568130+00:00,True,
1502,Mighty Audio,https://bemighty.com,Mobile,United States,Techstars Portfolio (techstars.com/portfolio),2026-08-05T18:36:58.568130+00:00,True,
1503,edison.ai,https://edison.ai,Mobile,Japan,Techstars Portfolio (techstars.com/portfolio),2026-08-05T18:36:58.568130+00:00,True,
1504,soundcharts,https://soundcharts.com,Mobile,France,Techstars Portfolio (techstars.com/portfolio),2026-08-05T18:36:58.568130+00:00,True,
1505,GIGXPAD,https://gigxpad.com,Fintech,Nigeria,Techstars Portfolio (techstars.com/portfolio),2026-08-05T18:36:58.568130+00:00,True,
1506,Utiva,https://utiva.co,"Edtech, HRtech",United States,Techstars Portfolio (techstars.com/portfolio),2026-08-05T18:36:58.568130+00:00,True,
1507,Sumly,https://getsumly.com,"Fintech, SaaS",United States,Techstars Portfolio (techstars.com/portfolio),2026-08-05T18:36:58.568130+00:00,True,
1508,Obert,https://obertworkwear.com,"E-commerce, Infrastructure, Manufacturing, Oil and gas",United States,Techstars Portfolio (techstars.com/portfolio),2026-08-05T18:36:58.568130+00:00,True,
1509,Hive Ownership,https://hiveownership.com,"HRtech, SaaS",United States,Techstars Portfolio (techstars.com/portfolio),2026-08-05T18:36:58.568130+00:00,True,
1510,Gild,https://getgild.com,"HRtech, Manufacturing",United States,Techstars Portfolio (techstars.com/portfolio),2026-08-05T18:36:58.568130+00:00,True,
1511,Essential Innovations,https://essentialinno.com,"Artificial intelligence and machine learning, Fintech, HRtech",United States,Techstars Portfolio (techstars.com/portfolio),2026-08-05T18:36:58.568130+00:00,True,
1512,Care Mojo,https://mycaremojo.com,HRtech,United States,Techstars Portfolio (techstars.com/portfolio),2026-08-05T18:36:58.568130+00:00,True,
1513,AskSAMIE,https://asksamie.com,"Digital health, Healthtech, SaaS",United States,Techstars Portfolio (techstars.com/portfolio),2026-08-05T18:36:58.568130+00:00,True,
1514,snapland,https://snapland.ai,"Artificial intelligence and machine learning, Fintech, Real estate tech",Israel,Techstars Portfolio (techstars.com/portfolio),2026-08-05T18:36:58.568130+00:00,True,
1515,Radd,https://raddcontent.com,Gaming,Israel,Techstars Portfolio (techstars.com/portfolio),2026-08-05T18:36:58.568130+00:00,True,
1516,make-tuto,https://tutoit.io,Artificial intelligence and machine learning,Israel,Techstars Portfolio (techstars.com/portfolio),2026-08-05T18:36:58.568130+00:00,True,
1517,It's July,https://itsjuly.com,Lifestyles of Health and Sustainability and wellness,Israel,Techstars Portfolio (techstars.com/portfolio),2026-08-05T18:36:58.568130+00:00,True,
1518,Gorilla Link,https://gorilla.link,Internet of Things,Israel,Techstars Portfolio (techstars.com/portfolio),2026-08-05T18:36:58.568130+00:00,True,
1519,Motoroso,https://motoroso.com,"E-commerce, Mobile",United States,Techstars Portfolio (techstars.com/portfolio),2026-08-05T18:36:58.568130+00:00,True,
1520,Elegus Technologies,https://elegustech.com,Climate tech,United States,Techstars Portfolio (techstars.com/portfolio),2026-08-05T18:36:58.568130+00:00,True,
1521,Zmode,https://zmode.com,"Artificial intelligence and machine learning, B2B payments, Infrastructure, SaaS",United States,Techstars Portfolio (techstars.com/portfolio),2026-08-05T18:36:58.568130+00:00,True,
1522,Reflector Bio,https://reflector.bio,"Artificial intelligence and machine learning, Healthtech, Oncology, SaaS",United States,Techstars Portfolio (techstars.com/portfolio),2026-08-05T18:36:58.568130+00:00,True,
1523,RAKE ML,https://rakeml.com,"Artificial intelligence and machine learning, Climate tech, Infrastructure, Insurtech, Real estate tech",United States,Techstars Portfolio (techstars.com/portfolio),2026-08-05T18:36:58.568130+00:00,True,
1524,Nephrogen,https://nephrogenbiotech.com,"Artificial intelligence and machine learning, Big Data, Healthtech",United States,Techstars Portfolio (techstars.com/portfolio),2026-08-05T18:36:58.568130+00:00,True,
1525,Intelital,https://intelital.com,"Artificial intelligence and machine learning, Fintech, Impact investing, SaaS",United States,Techstars Portfolio (techstars.com/portfolio),2026-08-05T18:36:58.568130+00:00,True,
1526,Crosscheck,https://crossxcheck.com,Artificial intelligence and machine learning,United States,Techstars Portfolio (techstars.com/portfolio),2026-08-05T18:36:58.568130+00:00,True,
1527,Cloud9 Money,https://cloud9.money,"Artificial intelligence and machine learning, Fintech",United States,Techstars Portfolio (techstars.com/portfolio),2026-08-05T18:36:58.568130+00:00,True,
1528,Snowbotix,https://snowbotix.com,"Artificial intelligence and machine learning, Mobility tech, Robotics and Drones",United States,Techstars Portfolio (techstars.com/portfolio),2026-08-05T18:36:58.568130+00:00,True,
1529,Immagnify,https://immagnify.com,Artificial intelligence and machine learning,Israel,Techstars Portfolio (techstars.com/portfolio),2026-08-05T18:36:58.568130+00:00,True,
1530,Solim Health,https://solimhealth.com,Healthtech,United States,Techstars Portfolio (techstars.com/portfolio),2026-08-05T18:36:58.568130+00:00,True,
1531,Renn,https://getrenn.com,Fintech,Israel,Techstars Portfolio (techstars.com/portfolio),2026-08-05T18:36:58.568130+00:00,True,
1532,PrettyData,https://prettydata.co,"Artificial intelligence and machine learning, Beauty",United States,Techstars Portfolio (techstars.com/portfolio),2026-08-05T18:36:58.568130+00:00,True,
1533,Parasol Platforms,https://parasolplatforms.com,"Artificial intelligence and machine learning, Insurtech",United States,Techstars Portfolio (techstars.com/portfolio),2026-08-05T18:36:58.568130+00:00,True,
1534,Ovida,https://ovida.org,"Artificial intelligence and machine learning, HRtech",United Kingdom,Techstars Portfolio (techstars.com/portfolio),2026-08-05T18:36:58.568130+00:00,True,
1535,Bstow,https://bstowapp.com,Mobile,United States,Techstars Portfolio (techstars.com/portfolio),2026-08-05T18:36:58.568130+00:00,True,
1536,Nell,https://myhealthchecked.com,Lifestyles of Health and Sustainability and wellness,United Kingdom,Techstars Portfolio (techstars.com/portfolio),2026-08-05T18:36:58.568130+00:00,True,
1537,ZAMA Health,https://zamahealth.com,"Healthtech, Lifestyles of Health and Sustainability and wellness",United States,Techstars Portfolio (techstars.com/portfolio),2026-08-05T18:36:58.568130+00:00,True,
1538,Troposphere,https://troposphe.re,"Cleantech, Climate tech, Industrials, Lifestyles of Health and Sustainability and wellness",United States,Techstars Portfolio (techstars.com/portfolio),2026-08-05T18:36:58.568130+00:00,True,
1539,Lagoon,https://data-lagoon.com,"Fintech, Infrastructure",Israel,Techstars Portfolio (techstars.com/portfolio),2026-08-05T18:36:58.568130+00:00,True,
1540,Shiperise,https://shiperise.com,Fintech,Belgium,Techstars Portfolio (techstars.com/portfolio),2026-08-05T18:36:58.568130+00:00,True,
1541,NEKOD,https://nekod.co,"Artificial intelligence and machine learning, Big Data, Fintech, SaaS",Netherlands,Techstars Portfolio (techstars.com/portfolio),2026-08-05T18:36:58.568130+00:00,True,
1542,FundUp,https://fundup.co,Fintech,United Kingdom,Techstars Portfolio (techstars.com/portfolio),2026-08-05T18:36:58.568130+00:00,True,
1543,Fimble Ltd,https://fimble.co.uk,"Fintech, SaaS",United Kingdom,Techstars Portfolio (techstars.com/portfolio),2026-08-05T18:36:58.568130+00:00,True,
1544,eWibe,https://ewibe.com,"E-commerce, Fintech",Italy,Techstars Portfolio (techstars.com/portfolio),2026-08-05T18:36:58.568130+00:00,True,
1545,Equali,https://equali.io,"Fintech, SaaS",United Kingdom,Techstars Portfolio (techstars.com/portfolio),2026-08-05T18:36:58.568130+00:00,True,
1546,ATMO,https://atmo.earth,"Agtech, Climate tech, Fintech",Germany,Techstars Portfolio (techstars.com/portfolio),2026-08-05T18:36:58.568130+00:00,True,
1547,Vocadian,https://vocadian.ai,"Artificial intelligence and machine learning, Digital health, Foodtech, Healthtech, Manufacturing, Micromobility, SaaS",United States,Techstars Portfolio (techstars.com/portfolio),2026-08-05T18:36:58.568130+00:00,True,
1548,QMS2GO,https://qms2go.com,"Agtech, Artificial intelligence and machine learning, Industrials, Manufacturing, SaaS",United States,Techstars Portfolio (techstars.com/portfolio),2026-08-05T18:36:58.568130+00:00,True,
1549,PlatePost,https://platepost.io,"Adtech, Foodtech",United States,Techstars Portfolio (techstars.com/portfolio),2026-08-05T18:36:58.568130+00:00,True,
1550,OpenFarming,https://openfarming.earth,"Agtech, Artificial intelligence and machine learning, Big Data, SaaS",United Arab Emirates,Techstars Portfolio (techstars.com/portfolio),2026-08-05T18:36:58.568130+00:00,True,
1551,Kartorium,https://kartorium.com,"Agtech, Foodtech, Manufacturing, SaaS",United States,Techstars Portfolio (techstars.com/portfolio),2026-08-05T18:36:58.568130+00:00,True,
1552,FabriSight,https://tryfabrisight.com,"Artificial intelligence and machine learning, Industrials, Manufacturing, Robotics and Drones",Canada,Techstars Portfolio (techstars.com/portfolio),2026-08-05T18:36:58.568130+00:00,True,
1553,Backhouse,https://backhouseshop.com,"Artificial intelligence and machine learning, E-commerce, Fintech, Supply chain technology",United States,Techstars Portfolio (techstars.com/portfolio),2026-08-05T18:36:58.568130+00:00,True,
1554,Arbia,https://arbia.io,"Agtech, Artificial intelligence and machine learning, E-commerce, Foodtech",Canada,Techstars Portfolio (techstars.com/portfolio),2026-08-05T18:36:58.568130+00:00,True,
1555,Email Copilot,https://emailcopilot.com,Artificial intelligence and machine learning,United States,Techstars Portfolio (techstars.com/portfolio),2026-08-05T18:36:58.568130+00:00,True,
1556,Better Living Technologies,https://betterlivingtech.net,Lifestyles of Health and Sustainability and wellness,United States,Techstars Portfolio (techstars.com/portfolio),2026-08-05T18:36:58.568130+00:00,True,
1557,i-flow,https://i-flow.io,"Artificial intelligence and machine learning, Internet of Things, Manufacturing",Germany,Techstars Portfolio (techstars.com/portfolio),2026-08-05T18:36:58.568130+00:00,True,
1558,The Secure AI Corporation,https://secureai.us,"Artificial intelligence and machine learning, Cybersecurity",United States,Techstars Portfolio (techstars.com/portfolio),2026-08-05T18:36:58.568130+00:00,True,
1559,SurPlusMap,https://surplusmap.com,"Artificial intelligence and machine learning, Big Data, Cleantech, Climate tech, Space tech",Norway,Techstars Portfolio (techstars.com/portfolio),2026-08-05T18:36:58.568130+00:00,True,
1560,Powertrust,https://powertrust.com,"Cleantech, Cryptocurrency/Blockchain",Canada,Techstars Portfolio (techstars.com/portfolio),2026-08-05T18:36:58.568130+00:00,True,
1561,LuminaData,https://luminadata.ai,"Artificial intelligence and machine learning, Fintech",United States,Techstars Portfolio (techstars.com/portfolio),2026-08-05T18:36:58.568130+00:00,True,
1562,Korall Engineering,https://korall.io,"3D printing, Artificial intelligence and machine learning, Cleantech",Norway,Techstars Portfolio (techstars.com/portfolio),2026-08-05T18:36:58.568130+00:00,True,
1563,Kindred Voice,https://kindredvoice.ai,"Artificial intelligence and machine learning, Real estate tech",United States,Techstars Portfolio (techstars.com/portfolio),2026-08-05T18:36:58.568130+00:00,True,
1564,ElectricFish,https://electricfish.co,"Cleantech, Manufacturing",United States,Techstars Portfolio (techstars.com/portfolio),2026-08-05T18:36:58.568130+00:00,True,
1565,ComputerWell,https://computerwell.com,Oil and gas,Norway,Techstars Portfolio (techstars.com/portfolio),2026-08-05T18:36:58.568130+00:00,True,
1566,Bioledger,https://bioledger.io,"Cleantech, Oil and gas, SaaS",United Kingdom,Techstars Portfolio (techstars.com/portfolio),2026-08-05T18:36:58.568130+00:00,True,
1567,Bild Corp,https://bild-engineering.io,"Artificial intelligence and machine learning, Healthtech",United States,Techstars Portfolio (techstars.com/portfolio),2026-08-05T18:36:58.568130+00:00,True,
1568,BestDefense.io,https://bestdefense.io,Cybersecurity,United States,Techstars Portfolio (techstars.com/portfolio),2026-08-05T18:36:58.568130+00:00,True,
1569,Athion,https://athion.io,"Artificial intelligence and machine learning, Manufacturing",United States,Techstars Portfolio (techstars.com/portfolio),2026-08-05T18:36:58.568130+00:00,True,
1570,Music Tech Works,https://musictechworks.com,Fintech,United States,Techstars Portfolio (techstars.com/portfolio),2026-08-05T18:36:58.568130+00:00,True,
1571,Holotch,https://holotch.com,Virtual reality,Japan,Techstars Portfolio (techstars.com/portfolio),2026-08-05T18:36:58.568130+00:00,True,
1572,BlackOakTV,https://blackoak.tv,"Technology, media and telecommunications",United States,Techstars Portfolio (techstars.com/portfolio),2026-08-05T18:36:58.568130+00:00,True,
1573,Raklet,https://hello.raklet.com,"Fintech, Mobile, SaaS",Germany,Techstars Portfolio (techstars.com/portfolio),2026-08-05T18:36:58.568130+00:00,True,
1574,Mobiag,https://mobiag.com,Mobile,Portugal,Techstars Portfolio (techstars.com/portfolio),2026-08-05T18:36:58.568130+00:00,True,
1575,Wella Health,https://wellahealth.com,"Fintech, Insurtech",Nigeria,Techstars Portfolio (techstars.com/portfolio),2026-08-05T18:36:58.568130+00:00,True,
1576,R3 Score,https://r3score.com,"Fintech, HRtech, Legal tech, Mobile",United States,Techstars Portfolio (techstars.com/portfolio),2026-08-05T18:36:58.568130+00:00,True,
1577,MR Presta,https://mrpresta.com,Fintech,United States,Techstars Portfolio (techstars.com/portfolio),2026-08-05T18:36:58.568130+00:00,True,
1578,CowTribe,https://cowtribe.com,Mobile,Ghana,Techstars Portfolio (techstars.com/portfolio),2026-08-05T18:36:58.568130+00:00,True,
1579,AgHelp,https://aghelpusa.com,"Agtech, Mobile",United States,Techstars Portfolio (techstars.com/portfolio),2026-08-05T18:36:58.568130+00:00,True,
1580,Creation Crate,https://mycreationcrate.com,Edtech,Canada,Techstars Portfolio (techstars.com/portfolio),2026-08-05T18:36:58.568130+00:00,True,
1581,Sommos,https://sommosapp.com,Fintech,Bolivia,Techstars Portfolio (techstars.com/portfolio),2026-08-05T18:36:58.568130+00:00,True,
1582,Peas Financial,https://peas.money,"Artificial intelligence and machine learning, Fintech, Mobile",United States,Techstars Portfolio (techstars.com/portfolio),2026-08-05T18:36:58.568130+00:00,True,
1583,Kura Technologies,https://kuratek.com,Fintech,United States,Techstars Portfolio (techstars.com/portfolio),2026-08-05T18:36:58.568130+00:00,True,
1584,Guama,https://guamacard.com,Fintech,Colombia,Techstars Portfolio (techstars.com/portfolio),2026-08-05T18:36:58.568130+00:00,True,
1585,Cash Abroad,https://cashabroad.one,"Cryptocurrency/Blockchain, Fintech, Mobile",Mexico,Techstars Portfolio (techstars.com/portfolio),2026-08-05T18:36:58.568130+00:00,True,
1586,Percy,https://percysleep.com,"Artificial intelligence and machine learning, Digital health, Healthtech, Lifestyles of Health and Sustainability and wellness",United States,Techstars Portfolio (techstars.com/portfolio),2026-08-05T18:36:58.568130+00:00,True,
1587,Intelizen,https://intelizen.co,"Artificial intelligence and machine learning, Healthtech, SaaS",United States,Techstars Portfolio (techstars.com/portfolio),2026-08-05T18:36:58.568130+00:00,True,
1588,Concordare Trials,https://concordaretrials.com,"Digital health, Healthtech",United States,Techstars Portfolio (techstars.com/portfolio),2026-08-05T18:36:58.568130+00:00,True,
1589,Citrus Oncology,https://citrusoncology.com,"Artificial intelligence and machine learning, Digital health, Healthtech, Mobile, Oncology",United States,Techstars Portfolio (techstars.com/portfolio),2026-08-05T18:36:58.568130+00:00,True,
1590,Cerevanta,https://cerevanta.com,"Healthtech, Life sciences",United States,Techstars Portfolio (techstars.com/portfolio),2026-08-05T18:36:58.568130+00:00,True,
1591,Biolinco,https://biolinco.com,"Artificial intelligence and machine learning, Big Data, Healthtech, Manufacturing",United States,Techstars Portfolio (techstars.com/portfolio),2026-08-05T18:36:58.568130+00:00,True,
1592,Amissa,https://amissa.com,"Artificial intelligence and machine learning, Digital health, Healthtech, Wearables and quantified self",United States,Techstars Portfolio (techstars.com/portfolio),2026-08-05T18:36:58.568130+00:00,True,
1593,allumbra,https://allumbra.com,"Artificial intelligence and machine learning, Healthtech, Oncology",United States,Techstars Portfolio (techstars.com/portfolio),2026-08-05T18:36:58.568130+00:00,True,
1594,Blackstock & Weber,https://blackstockandweber.com,Beauty,United States,Techstars Portfolio (techstars.com/portfolio),2026-08-05T18:36:58.568130+00:00,True,
1595,BigTeam,https://bigteam.co,,United States,Techstars Portfolio (techstars.com/portfolio),2026-08-05T18:36:58.568130+00:00,True,
1596,VORTEX BLADELESS,https://vortexbladeless.com,"Cleantech, Climate tech",Spain,Techstars Portfolio (techstars.com/portfolio),2026-08-05T18:36:58.568130+00:00,True,
1597,Volteo Maritime,https://volteo.com,"HRtech, Internet of Things, Oil and gas",Singapore,Techstars Portfolio (techstars.com/portfolio),2026-08-05T18:36:58.568130+00:00,True,
1598,Tuily,https://tuily.com,Fintech,United States,Techstars Portfolio (techstars.com/portfolio),2026-08-05T18:36:58.568130+00:00,True,
1599,Testimonial IQ,https://testimonialiq.com,"Adtech, Fintech, Marketing tech, SaaS",United States,Techstars Portfolio (techstars.com/portfolio),2026-08-05T18:36:58.568130+00:00,True,
1600,Sporttrade,https://getsporttrade.com,Mobile,United States,Techstars Portfolio (techstars.com/portfolio),2026-08-05T18:36:58.568130+00:00,True,
1601,Scrimmage,https://blog.scrimmage.co,Cryptocurrency/Blockchain,United States,Techstars Portfolio (techstars.com/portfolio),2026-08-05T18:36:58.568130+00:00,True,
1602,RYLTY,https://rylty.io,Fintech,United States,Techstars Portfolio (techstars.com/portfolio),2026-08-05T18:36:58.568130+00:00,True,
1603,OrderNerd,https://ordernerd.com,Foodtech,United States,Techstars Portfolio (techstars.com/portfolio),2026-08-05T18:36:58.568130+00:00,True,
1604,OBEY,https://obeyme.world,"Technology, media and telecommunications",United Kingdom,Techstars Portfolio (techstars.com/portfolio),2026-08-05T18:36:58.568130+00:00,True,
1605,mbue,https://mbue.ai,Artificial intelligence and machine learning,United States,Techstars Portfolio (techstars.com/portfolio),2026-08-05T18:36:58.568130+00:00,True,
1606,Highly Liquid,https://highlyliquid.xyz,Femtech,United States,Techstars Portfolio (techstars.com/portfolio),2026-08-05T18:36:58.568130+00:00,True,
1607,Haven,https://feelslikefloating.com,Digital health,United States,Techstars Portfolio (techstars.com/portfolio),2026-08-05T18:36:58.568130+00:00,True,
1608,FIVE MICS,https://fivemics.io,Gaming,United States,Techstars Portfolio (techstars.com/portfolio),2026-08-05T18:36:58.568130+00:00,True,
1609,coUrbanize,https://courbanize.com,"Real estate tech, Technology, media and telecommunications",United States,Techstars Portfolio (techstars.com/portfolio),2026-08-05T18:36:58.568130+00:00,True,
1610,Confetti,https://confetti.io,"Mobile, Technology, media and telecommunications",United States,Techstars Portfolio (techstars.com/portfolio),2026-08-05T18:36:58.568130+00:00,True,
1611,CaptainVet,https://captainvet.com,Healthtech,France,Techstars Portfolio (techstars.com/portfolio),2026-08-05T18:36:58.568130+00:00,True,
1612,BEEPR,https://beeprmusic.com,"Audiotech, Mobile",United States,Techstars Portfolio (techstars.com/portfolio),2026-08-05T18:36:58.568130+00:00,True,
1613,Slice of Sauce,https://sliceofsauce.com,Manufacturing,United States,Techstars Portfolio (techstars.com/portfolio),2026-08-05T18:36:58.568130+00:00,True,
1614,CPRWrap,https://cprwrap.com,Healthtech,United States,Techstars Portfolio (techstars.com/portfolio),2026-08-05T18:36:58.568130+00:00,True,
1615,DocuMentor,https://yourdocumentor.com,Digital health,United States,Techstars Portfolio (techstars.com/portfolio),2026-08-05T18:36:58.568130+00:00,True,
1616,Hiki,https://hikiapp.com,Mobile,United States,Techstars Portfolio (techstars.com/portfolio),2026-08-05T18:36:58.568130+00:00,True,
1617,Eemerg Roadside Assistance Marketplace,https://eemerg.com,Mobility tech,United States,Techstars Portfolio (techstars.com/portfolio),2026-08-05T18:36:58.568130+00:00,True,
1618,CAPE Inclusion,https://capeinclusion.com,HRtech,United States,Techstars Portfolio (techstars.com/portfolio),2026-08-05T18:36:58.568130+00:00,True,
1619,Valene Health,https://valenehealth.com,"Artificial intelligence and machine learning, Digital health, Healthtech, SaaS",United States,Techstars Portfolio (techstars.com/portfolio),2026-08-05T18:36:58.568130+00:00,True,
1620,Unephra,https://unephra.com,Healthtech,United States,Techstars Portfolio (techstars.com/portfolio),2026-08-05T18:36:58.568130+00:00,True,
1621,TrackiMed,https://trackimed.com,"Artificial intelligence and machine learning, Big Data, Digital health, Healthtech, Impact investing",Israel,Techstars Portfolio (techstars.com/portfolio),2026-08-05T18:36:58.568130+00:00,True,
1622,StatPoint Medical,https://statpointmedical.com,"Healthtech, Supply chain technology",United States,Techstars Portfolio (techstars.com/portfolio),2026-08-05T18:36:58.568130+00:00,True,
1623,Mindframe,https://mindframe.care,"Artificial intelligence and machine learning, Digital health, Healthtech",United Kingdom,Techstars Portfolio (techstars.com/portfolio),2026-08-05T18:36:58.568130+00:00,True,
1624,Medicus,https://medicusai.co,"Artificial intelligence and machine learning, Big Data, Digital health, Healthtech, Oncology",United States,Techstars Portfolio (techstars.com/portfolio),2026-08-05T18:36:58.568130+00:00,True,
1625,FEYENALLY,https://feyenally.com,"Artificial intelligence and machine learning, Digital health, Healthtech",United States,Techstars Portfolio (techstars.com/portfolio),2026-08-05T18:36:58.568130+00:00,True,
1626,CIPRA.ai,https://cipra.ai,"Artificial intelligence and machine learning, Digital health, Healthtech, Lifestyles of Health and Sustainability and wellness",United States,Techstars Portfolio (techstars.com/portfolio),2026-08-05T18:36:58.568130+00:00,True,
1627,BeneKinetic,https://benekinetic.com,"Artificial intelligence and machine learning, Digital health",United States,Techstars Portfolio (techstars.com/portfolio),2026-08-05T18:36:58.568130+00:00,True,
1628,TractionBoard,https://tractionboard.co,"Artificial intelligence and machine learning, Big Data, Fintech, SaaS",Netherlands,Techstars Portfolio (techstars.com/portfolio),2026-08-05T18:36:58.568130+00:00,True,
1629,Level2,https://trylevel2.com,Fintech,United Kingdom,Techstars Portfolio (techstars.com/portfolio),2026-08-05T18:36:58.568130+00:00,True,
1630,Katanso,https://kumo.earth,Cryptocurrency/Blockchain,Germany,Techstars Portfolio (techstars.com/portfolio),2026-08-05T18:36:58.568130+00:00,True,
1631,Convergent,https://convergent.org,"Artificial intelligence and machine learning, SaaS",United Kingdom,Techstars Portfolio (techstars.com/portfolio),2026-08-05T18:36:58.568130+00:00,True,
1632,Complok,https://complok.eu,"Artificial intelligence and machine learning, Fintech, SaaS",Estonia,Techstars Portfolio (techstars.com/portfolio),2026-08-05T18:36:58.568130+00:00,True,
1633,Hiveclass,https://hiveclass.co,Edtech,United States,Techstars Portfolio (techstars.com/portfolio),2026-08-05T18:36:58.568130+00:00,True,
1634,Stready,https://stready.com,"Lifestyles of Health and Sustainability and wellness, Mobile commerce, Technology, media and telecommunications",Norway,Techstars Portfolio (techstars.com/portfolio),2026-08-05T18:36:58.568130+00:00,True,
1635,SimBull Sports Exchange,https://simbull.com,"Cryptocurrency/Blockchain, Fintech, Gaming, Mobile",United States,Techstars Portfolio (techstars.com/portfolio),2026-08-05T18:36:58.568130+00:00,True,
1636,Rook,https://tryrook.io,"Internet of Things, Lifestyles of Health and Sustainability and wellness, Mobile",United States,Techstars Portfolio (techstars.com/portfolio),2026-08-05T18:36:58.568130+00:00,True,
1637,Played,https://played.co,"Fintech, Mobile",United Kingdom,Techstars Portfolio (techstars.com/portfolio),2026-08-05T18:36:58.568130+00:00,True,
1638,InStryde,https://instryde.com,"3D printing, Artificial intelligence and machine learning",United States,Techstars Portfolio (techstars.com/portfolio),2026-08-05T18:36:58.568130+00:00,True,
1639,Hormonious Flo,https://hormoniousflo.com,Digital health,United Kingdom,Techstars Portfolio (techstars.com/portfolio),2026-08-05T18:36:58.568130+00:00,True,
1640,STHRIVE,https://sthrive.com,"Artificial intelligence and machine learning, Augmented reality, Edtech, Virtual reality",United Arab Emirates,Techstars Portfolio (techstars.com/portfolio),2026-08-05T18:36:58.568130+00:00,True,
1641,Shop Latinx,https://shoplatinx.com,"Technology, media and telecommunications",United States,Techstars Portfolio (techstars.com/portfolio),2026-08-05T18:36:58.568130+00:00,True,
1642,Secret Skin,https://thesecretskin.com,Lifestyles of Health and Sustainability and wellness,United Arab Emirates,Techstars Portfolio (techstars.com/portfolio),2026-08-05T18:36:58.568130+00:00,True,
1643,RoundPegg,https://roundpegg.com,HRtech,United States,Techstars Portfolio (techstars.com/portfolio),2026-08-05T18:36:58.568130+00:00,True,
1644,Revent,https://revent.store,"Cleantech, Mobile",United States,Techstars Portfolio (techstars.com/portfolio),2026-08-05T18:36:58.568130+00:00,True,
1645,Pod People,https://podpeople.com,HRtech,United States,Techstars Portfolio (techstars.com/portfolio),2026-08-05T18:36:58.568130+00:00,True,
1646,Permitech,https://permi.tech,"Industrials, Internet of Things, Manufacturing",Saudi Arabia,Techstars Portfolio (techstars.com/portfolio),2026-08-05T18:36:58.568130+00:00,True,
1647,ithnain,https://ithnain.com,"Healthtech, Mobile",Saudi Arabia,Techstars Portfolio (techstars.com/portfolio),2026-08-05T18:36:58.568130+00:00,True,
1648,Datawisp,https://datawisp.io,Gaming,United States,Techstars Portfolio (techstars.com/portfolio),2026-08-05T18:36:58.568130+00:00,True,
1649,CLLCTVE,https://cllctve.com,Adtech,United States,Techstars Portfolio (techstars.com/portfolio),2026-08-05T18:36:58.568130+00:00,True,
1650,AmplifAI Health,https://amplifaihealth.com,"Artificial intelligence and machine learning, HRtech",United Arab Emirates,Techstars Portfolio (techstars.com/portfolio),2026-08-05T18:36:58.568130+00:00,True,
1651,Gravity AI,https://gravity-ai.com,"Artificial intelligence and machine learning, Fintech",United States,Techstars Portfolio (techstars.com/portfolio),2026-08-05T18:36:58.568130+00:00,True,
1652,Floodlight,https://floodlightinvest.com,"Artificial intelligence and machine learning, Fintech",United States,Techstars Portfolio (techstars.com/portfolio),2026-08-05T18:36:58.568130+00:00,True,
1653,SenseIT,https://senseit360.com,Artificial intelligence and machine learning,Israel,Techstars Portfolio (techstars.com/portfolio),2026-08-05T18:36:58.568130+00:00,True,
1654,Hololink,https://hololink.io,"Artificial intelligence and machine learning, Gaming, Virtual reality",Denmark,Techstars Portfolio (techstars.com/portfolio),2026-08-05T18:36:58.568130+00:00,True,
1655,Zippiai,https://zippiai.com,"Artificial intelligence and machine learning, Industrials, Manufacturing",United States,Techstars Portfolio (techstars.com/portfolio),2026-08-05T18:36:58.568130+00:00,True,
1656,Visionify,https://visionify.ai,Artificial intelligence and machine learning,United States,Techstars Portfolio (techstars.com/portfolio),2026-08-05T18:36:58.568130+00:00,True,
1657,Trellis Health,https://jointrellsihealth.com,"Digital health, Healthtech, Lifestyles of Health and Sustainability and wellness",United States,Techstars Portfolio (techstars.com/portfolio),2026-08-05T18:36:58.568130+00:00,True,
1658,Talkstack,https://talkstack.ai,Artificial intelligence and machine learning,Singapore,Techstars Portfolio (techstars.com/portfolio),2026-08-05T18:36:58.568130+00:00,True,
1659,StackBob,https://stackbob.ai,HRtech,United States,Techstars Portfolio (techstars.com/portfolio),2026-08-05T18:36:58.568130+00:00,True,
1660,Prospero,https://theprospero.ai,"Artificial intelligence and machine learning, Marketing tech",United States,Techstars Portfolio (techstars.com/portfolio),2026-08-05T18:36:58.568130+00:00,True,
1661,Propio,https://joinpropio.com,"Fintech, HRtech, Impact investing, Insurtech",United States,Techstars Portfolio (techstars.com/portfolio),2026-08-05T18:36:58.568130+00:00,True,
1662,Produx,https://produx.ai,Artificial intelligence and machine learning,India,Techstars Portfolio (techstars.com/portfolio),2026-08-05T18:36:58.568130+00:00,True,
1663,Planette,https://planette.ai,"Agtech, Artificial intelligence and machine learning, Cleantech",United States,Techstars Portfolio (techstars.com/portfolio),2026-08-05T18:36:58.568130+00:00,True,
1664,Pierce Aerospace,https://pierceaerospace.net,"Artificial intelligence and machine learning, Infrastructure, Internet of Things, Robotics and Drones",United States,Techstars Portfolio (techstars.com/portfolio),2026-08-05T18:36:58.568130+00:00,True,
1665,Pezzo,https://pezzo.ai,Artificial intelligence and machine learning,United States,Techstars Portfolio (techstars.com/portfolio),2026-08-05T18:36:58.568130+00:00,True,
1666,Paralog,https://paralog.ai,Gaming,Canada,Techstars Portfolio (techstars.com/portfolio),2026-08-05T18:36:58.568130+00:00,True,
1667,Nicslab,https://nicslab.com,"Artificial intelligence and machine learning, Cleantech, Climate tech, Infrastructure, Internet of Things, Robotics and Drones",Australia,Techstars Portfolio (techstars.com/portfolio),2026-08-05T18:36:58.568130+00:00,True,
1668,Moyae,https://moyae.com,Healthtech,United States,Techstars Portfolio (techstars.com/portfolio),2026-08-05T18:36:58.568130+00:00,True,
1669,Inquisio.AI,https://inquisio.ai,Artificial intelligence and machine learning,United States,Techstars Portfolio (techstars.com/portfolio),2026-08-05T18:36:58.568130+00:00,True,
1670,Hyperspec AI,https://hyperspec.ai,"Artificial intelligence and machine learning, Internet of Things, Mobility tech, Robotics and Drones",United States,Techstars Portfolio (techstars.com/portfolio),2026-08-05T18:36:58.568130+00:00,True,
1671,Hyperkelp,https://hyperkelp.com,"Artificial intelligence and machine learning, Infrastructure, Internet of Things, Robotics and Drones",United States,Techstars Portfolio (techstars.com/portfolio),2026-08-05T18:36:58.568130+00:00,True,
1672,Et Cetera Robotics,https://etcrobotics.com,Robotics and Drones,United States,Techstars Portfolio (techstars.com/portfolio),2026-08-05T18:36:58.568130+00:00,True,
1673,Easy Platter,https://easyplatter.com,Foodtech,Canada,Techstars Portfolio (techstars.com/portfolio),2026-08-05T18:36:58.568130+00:00,True,
1674,Cloud Fence,https://cloudfence.com,Cybersecurity,France,Techstars Portfolio (techstars.com/portfolio),2026-08-05T18:36:58.568130+00:00,True,
1675,Chi AI,https://thechi.app,Cloudtech and DevOps,United States,Techstars Portfolio (techstars.com/portfolio),2026-08-05T18:36:58.568130+00:00,True,
1676,Chassy,https://chassy.io,Cloudtech and DevOps,United States,Techstars Portfolio (techstars.com/portfolio),2026-08-05T18:36:58.568130+00:00,True,
1677,CareCopilot,https://carecopilot.co,Healthtech,United States,Techstars Portfolio (techstars.com/portfolio),2026-08-05T18:36:58.568130+00:00,True,
1678,AdsGency AI,https://adsgency.ai,Adtech,United States,Techstars Portfolio (techstars.com/portfolio),2026-08-05T18:36:58.568130+00:00,True,
1679,Zeph,https://zephbreath.com,"Artificial intelligence and machine learning, Digital health, Healthtech",United States,Techstars Portfolio (techstars.com/portfolio),2026-08-05T18:36:58.568130+00:00,True,
1680,WorkAround,https://wao.ai,Internet of Things,United States,Techstars Portfolio (techstars.com/portfolio),2026-08-05T18:36:58.568130+00:00,True,
1681,Westcott Multimedia,https://westcottmultimedia.com,"Adtech, Big Data, Marketing tech",United States,Techstars Portfolio (techstars.com/portfolio),2026-08-05T18:36:58.568130+00:00,True,
1682,Verifi Data Corp.,https://verifi.eco,"Agtech, Big Data, Climate tech, Fintech, Impact investing",United States,Techstars Portfolio (techstars.com/portfolio),2026-08-05T18:36:58.568130+00:00,True,
1683,Veend,https://veendhq.com,Fintech,United States,Techstars Portfolio (techstars.com/portfolio),2026-08-05T18:36:58.568130+00:00,True,
1684,Trusted Copy,https://trustedcopy.com,Future of work,United States,Techstars Portfolio (techstars.com/portfolio),2026-08-05T18:36:58.568130+00:00,True,
1685,TimeSentry,https://timesentry.ai,"Fintech, Legal tech, SaaS",United States,Techstars Portfolio (techstars.com/portfolio),2026-08-05T18:36:58.568130+00:00,True,
1686,Temple,https://templeapp.ai,Artificial intelligence and machine learning,United States,Techstars Portfolio (techstars.com/portfolio),2026-08-05T18:36:58.568130+00:00,True,
1687,Swoove,https://swoove.delivery,"B2B payments, Fintech",United States,Techstars Portfolio (techstars.com/portfolio),2026-08-05T18:36:58.568130+00:00,True,
1688,Surge Africa,https://surgeafrica.co,"Fintech, Mobile",United States,Techstars Portfolio (techstars.com/portfolio),2026-08-05T18:36:58.568130+00:00,True,
1689,S/O/S,https://worldofsos.com,"Adtech, Femtech, Real estate tech",United States,Techstars Portfolio (techstars.com/portfolio),2026-08-05T18:36:58.568130+00:00,True,
1690,SanChip,https://sanchip.net,"Artificial intelligence and machine learning, Climate tech, Internet of Things, Oil and gas",Italy,Techstars Portfolio (techstars.com/portfolio),2026-08-05T18:36:58.568130+00:00,True,
1691,Rana,https://ranaenergy.co,"Artificial intelligence and machine learning, Augmented reality, Cleantech, Climate tech",United Kingdom,Techstars Portfolio (techstars.com/portfolio),2026-08-05T18:36:58.568130+00:00,True,
1692,qualiTEAS,https://qualiteas.ca,"Artificial intelligence and machine learning, Oil and gas",Canada,Techstars Portfolio (techstars.com/portfolio),2026-08-05T18:36:58.568130+00:00,True,
1693,PressOne Africa,https://pressone.africa,"Artificial intelligence and machine learning, Impact investing, Technology, media and telecommunications",United States,Techstars Portfolio (techstars.com/portfolio),2026-08-05T18:36:58.568130+00:00,True,
1694,PharmaBusinessReview,https://pbrinsight.com,"Big Data, Healthtech",United Kingdom,Techstars Portfolio (techstars.com/portfolio),2026-08-05T18:36:58.568130+00:00,True,
1695,OpenFrame,https://getopenframe.com,Mobile,United States,Techstars Portfolio (techstars.com/portfolio),2026-08-05T18:36:58.568130+00:00,True,
1696,One Plan,https://oneplan.finance,Fintech,Ghana,Techstars Portfolio (techstars.com/portfolio),2026-08-05T18:36:58.568130+00:00,True,
1697,Moneiva,https://moneiva.com,"Artificial intelligence and machine learning, Supply chain technology",United States,Techstars Portfolio (techstars.com/portfolio),2026-08-05T18:36:58.568130+00:00,True,
1698,Marine Edge,https://marine-edge.com,"Artificial intelligence and machine learning, Cleantech, Oil and gas",Israel,Techstars Portfolio (techstars.com/portfolio),2026-08-05T18:36:58.568130+00:00,True,
1699,Maiven Energy,https://askmaiven.com,"Artificial intelligence and machine learning, Cleantech",United States,Techstars Portfolio (techstars.com/portfolio),2026-08-05T18:36:58.568130+00:00,True,
1700,Kumuda,https://kumuda.org,Healthtech,United States,Techstars Portfolio (techstars.com/portfolio),2026-08-05T18:36:58.568130+00:00,True,
1701,Jump n Pass,https://jumpnpass.com,"Fintech, Internet of Things, Mobile",United States,Techstars Portfolio (techstars.com/portfolio),2026-08-05T18:36:58.568130+00:00,True,
1702,IrisMed,https://irismed.co,"Artificial intelligence and machine learning, Healthtech, Insurtech",United States,Techstars Portfolio (techstars.com/portfolio),2026-08-05T18:36:58.568130+00:00,True,
1703,InstaLabel,https://instalabel.ai,Artificial intelligence and machine learning,United States,Techstars Portfolio (techstars.com/portfolio),2026-08-05T18:36:58.568130+00:00,True,
1704,Hyper Technologies,https://gohyper.ai,Fintech,United States,Techstars Portfolio (techstars.com/portfolio),2026-08-05T18:36:58.568130+00:00,True,
1705,GetEquity,https://getequity.io,"Fintech, Mobile",Nigeria,Techstars Portfolio (techstars.com/portfolio),2026-08-05T18:36:58.568130+00:00,True,
1706,Fllite,https://fllite.com,"Big Data, Ridesharing",United States,Techstars Portfolio (techstars.com/portfolio),2026-08-05T18:36:58.568130+00:00,True,
1707,Fasten Health,https://fastenhealth.com,"Digital health, Healthtech",United States,Techstars Portfolio (techstars.com/portfolio),2026-08-05T18:36:58.568130+00:00,True,
1708,DragApp MASTER,https://dragapp.com,Mobile,United Kingdom,Techstars Portfolio (techstars.com/portfolio),2026-08-05T18:36:58.568130+00:00,True,
1709,Croct,https://croct.com,Adtech,Brazil,Techstars Portfolio (techstars.com/portfolio),2026-08-05T18:36:58.568130+00:00,True,
1710,Cobu,https://livecobu.com,Mobile,United States,Techstars Portfolio (techstars.com/portfolio),2026-08-05T18:36:58.568130+00:00,True,
1711,Cluster,https://hello-cluster.com,"Adtech, Artificial intelligence and machine learning, Technology, media and telecommunications",United States,Techstars Portfolio (techstars.com/portfolio),2026-08-05T18:36:58.568130+00:00,True,
1712,Centinel,https://yourcentinel.com,Insurtech,United States,Techstars Portfolio (techstars.com/portfolio),2026-08-05T18:36:58.568130+00:00,True,
1713,Catlog,https://catlog.shop,"Artificial intelligence and machine learning, Fintech, Mobile commerce",Nigeria,Techstars Portfolio (techstars.com/portfolio),2026-08-05T18:36:58.568130+00:00,True,
1714,BPRX,https://getbprx.com,"Fintech, Supply chain technology",Mexico,Techstars Portfolio (techstars.com/portfolio),2026-08-05T18:36:58.568130+00:00,True,
1715,Birdhouse,https://flybirdhouse.com,Edtech,United States,Techstars Portfolio (techstars.com/portfolio),2026-08-05T18:36:58.568130+00:00,True,
1716,Beauty Hut Africa,https://beautyhutafrica.com,Beauty,Nigeria,Techstars Portfolio (techstars.com/portfolio),2026-08-05T18:36:58.568130+00:00,True,
1717,8medical,https://8medical.co,"Digital health, Healthtech",Nigeria,Techstars Portfolio (techstars.com/portfolio),2026-08-05T18:36:58.568130+00:00,True,
1718,24seven,https://24seventech.co,Future of work,Nigeria,Techstars Portfolio (techstars.com/portfolio),2026-08-05T18:36:58.568130+00:00,True,
1719,Sensytec,https://sensytec.com,"Cleantech, Infrastructure, Internet of Things",United States,Techstars Portfolio (techstars.com/portfolio),2026-08-05T18:36:58.568130+00:00,True,
1720,Optio.Ai,https://optio.ai,"Artificial intelligence and machine learning, Fintech, Marketing tech",Georgia,Techstars Portfolio (techstars.com/portfolio),2026-08-05T18:36:58.568130+00:00,True,
1721,ASTRA by Czar Securities,https://getastra.com,Cybersecurity,United States,Techstars Portfolio (techstars.com/portfolio),2026-08-05T18:36:58.568130+00:00,True,
1722,Arweave,https://arweave.org,"Big Data, Cryptocurrency/Blockchain, Fintech",United Kingdom,Techstars Portfolio (techstars.com/portfolio),2026-08-05T18:36:58.568130+00:00,True,
1723,YEESMA SARL,https://yeesma.com,"Cleantech, Climate tech, Micromobility, Mobility tech",Ireland,Techstars Portfolio (techstars.com/portfolio),2026-08-05T18:36:58.568130+00:00,True,
1724,Trissino,https://hiresteve.ai,"Artificial intelligence and machine learning, Marketing tech, SaaS",United States,Techstars Portfolio (techstars.com/portfolio),2026-08-05T18:36:58.568130+00:00,True,
1725,Trinzz,https://trinzz.com,Healthtech,India,Techstars Portfolio (techstars.com/portfolio),2026-08-05T18:36:58.568130+00:00,True,
1726,Tokoshie,https://birtht.xyz,"3D printing, Artificial intelligence and machine learning, Manufacturing, SaaS",Japan,Techstars Portfolio (techstars.com/portfolio),2026-08-05T18:36:58.568130+00:00,True,
1727,Talimai SAS,https://brio.ink,Edtech,France,Techstars Portfolio (techstars.com/portfolio),2026-08-05T18:36:58.568130+00:00,True,
1728,SoranoAI,https://sorano.co,"Artificial intelligence and machine learning, Climate tech, SaaS",United States,Techstars Portfolio (techstars.com/portfolio),2026-08-05T18:36:58.568130+00:00,True,
1729,SalesPlay X,https://salesplayx.com,Marketing tech,United States,Techstars Portfolio (techstars.com/portfolio),2026-08-05T18:36:58.568130+00:00,True,
1730,Reme-D.,https://reme-d-inc.com,"Digital health, Healthtech, Manufacturing",United States,Techstars Portfolio (techstars.com/portfolio),2026-08-05T18:36:58.568130+00:00,True,
1731,Reeli,https://reeli.ai,Real estate tech,United States,Techstars Portfolio (techstars.com/portfolio),2026-08-05T18:36:58.568130+00:00,True,
1732,Plexis AI,https://plexis.ai,"Artificial intelligence and machine learning, Big Data, Digital health, Healthtech",United States,Techstars Portfolio (techstars.com/portfolio),2026-08-05T18:36:58.568130+00:00,True,
1733,Overwatch AI,https://overwatch-ai.com,"Artificial intelligence and machine learning, Industrials, Manufacturing, Mobility tech, Oil and gas",Spain,Techstars Portfolio (techstars.com/portfolio),2026-08-05T18:36:58.568130+00:00,True,
1734,OptiFab Technologies,https://opti-fab.com,"3D printing, Artificial intelligence and machine learning, Healthtech, Manufacturing, Space tech",Canada,Techstars Portfolio (techstars.com/portfolio),2026-08-05T18:36:58.568130+00:00,True,
1735,OneInbox.ai,https://oneinbox.ai,"Artificial intelligence and machine learning, SaaS, Technology, media and telecommunications",United States,Techstars Portfolio (techstars.com/portfolio),2026-08-05T18:36:58.568130+00:00,True,
1736,O-ID,https://o-id.net,"Artificial intelligence and machine learning, Industrials, Robotics and Drones, Space tech",Japan,Techstars Portfolio (techstars.com/portfolio),2026-08-05T18:36:58.568130+00:00,True,
1737,Neural Defend,https://neuraldefend.com,Cybersecurity,India,Techstars Portfolio (techstars.com/portfolio),2026-08-05T18:36:58.568130+00:00,True,
1738,NanoMatter,https://nano-matter.com,Manufacturing,Germany,Techstars Portfolio (techstars.com/portfolio),2026-08-05T18:36:58.568130+00:00,True,
1739,Miphic,https://miphic.co,"Artificial intelligence and machine learning, Healthtech",United States,Techstars Portfolio (techstars.com/portfolio),2026-08-05T18:36:58.568130+00:00,True,
1740,Mae - Making Auto Easy,https://makingautoeasy.com,Mobility tech,Canada,Techstars Portfolio (techstars.com/portfolio),2026-08-05T18:36:58.568130+00:00,True,
1741,Legaleaze Technologies,https://legaleaze.co,Legal tech,United States,Techstars Portfolio (techstars.com/portfolio),2026-08-05T18:36:58.568130+00:00,True,
1742,Harvest,https://goharvest.ai,Artificial intelligence and machine learning,United States,Techstars Portfolio (techstars.com/portfolio),2026-08-05T18:36:58.568130+00:00,True,
1743,Exordi,https://exordi.io,Marketing tech,United Kingdom,Techstars Portfolio (techstars.com/portfolio),2026-08-05T18:36:58.568130+00:00,True,
1744,DLeader,https://dleader.co.jp,"Healthtech, SaaS",Japan,Techstars Portfolio (techstars.com/portfolio),2026-08-05T18:36:58.568130+00:00,True,
1745,CuratedAI,https://curatedai.eu,"Artificial intelligence and machine learning, Legal tech",Belgium,Techstars Portfolio (techstars.com/portfolio),2026-08-05T18:36:58.568130+00:00,True,
1746,Contera.ai,https://contera.ai,"E-commerce, Marketing tech, SaaS",Romania,Techstars Portfolio (techstars.com/portfolio),2026-08-05T18:36:58.568130+00:00,True,
1747,CellON,https://cellon.one,"Cleantech, Lifestyles of Health and Sustainability and wellness",Norway,Techstars Portfolio (techstars.com/portfolio),2026-08-05T18:36:58.568130+00:00,True,
1748,caspa AI,https://caspa.ai,Artificial intelligence and machine learning,United Kingdom,Techstars Portfolio (techstars.com/portfolio),2026-08-05T18:36:58.568130+00:00,True,
1749,Cascade,https://cascaded.ai,Adtech,Japan,Techstars Portfolio (techstars.com/portfolio),2026-08-05T18:36:58.568130+00:00,True,
1750,Boxtree,https://boxtree.gg,"Artificial intelligence and machine learning, Augmented reality, Gaming, Virtual reality",United States,Techstars Portfolio (techstars.com/portfolio),2026-08-05T18:36:58.568130+00:00,True,
1751,Blueconomy AI,https://theblueconomy.ai,"Artificial intelligence and machine learning, SaaS",India,Techstars Portfolio (techstars.com/portfolio),2026-08-05T18:36:58.568130+00:00,True,
1752,Biomod AI,https://biomodai.com,"Agtech, Artificial intelligence and machine learning, Climate tech, Digital health, Edtech, Healthtech, Oncology",Netherlands,Techstars Portfolio (techstars.com/portfolio),2026-08-05T18:36:58.568130+00:00,True,
1753,Alpha Exchange,https://alpha-exchange.com,Fintech,United Kingdom,Techstars Portfolio (techstars.com/portfolio),2026-08-05T18:36:58.568130+00:00,True,
1754,Induction Food Systems,https://inductionfoodsystems.com,"Cleantech, Climate tech, Industrials, Manufacturing",United States,Techstars Portfolio (techstars.com/portfolio),2026-08-05T18:36:58.568130+00:00,True,
1755,Big Wheelbarrow,https://bigwheelbarrow.com,"Climate tech, Mobile",United States,Techstars Portfolio (techstars.com/portfolio),2026-08-05T18:36:58.568130+00:00,True,
1756,MapYourProperty,https://mapyourproperty.com,Real estate tech,Canada,Techstars Portfolio (techstars.com/portfolio),2026-08-05T18:36:58.568130+00:00,True,
1757,Novalia,https://novalia.co.uk,Adtech,United Kingdom,Techstars Portfolio (techstars.com/portfolio),2026-08-05T18:36:58.568130+00:00,True,
1758,Xook,https://xook.io,"Artificial intelligence and machine learning, Foodtech, Internet of Things, Robotics and Drones",India,Techstars Portfolio (techstars.com/portfolio),2026-08-05T18:36:58.568130+00:00,True,
1759,General Systems,https://generalsystems.tech,"Artificial intelligence and machine learning, Infrastructure, Robotics and Drones",Singapore,Techstars Portfolio (techstars.com/portfolio),2026-08-05T18:36:58.568130+00:00,True,
1760,Dara.network,https://dara.network,"Artificial intelligence and machine learning, Cryptocurrency/Blockchain, Mobile",India,Techstars Portfolio (techstars.com/portfolio),2026-08-05T18:36:58.568130+00:00,True,
1761,CustomerGlu,https://customerglu.com,Gaming,India,Techstars Portfolio (techstars.com/portfolio),2026-08-05T18:36:58.568130+00:00,True,
1762,Asvin Tech,https://dentratech.com,"Artificial intelligence and machine learning, Healthtech",India,Techstars Portfolio (techstars.com/portfolio),2026-08-05T18:36:58.568130+00:00,True,
1763,Asanify,https://asanify.com,"Fintech, HRtech",India,Techstars Portfolio (techstars.com/portfolio),2026-08-05T18:36:58.568130+00:00,True,
1764,Igugu Global,https://igugu.global,"Artificial intelligence and machine learning, Cleantech, Climate tech, Fintech, Infrastructure",South Africa,Techstars Portfolio (techstars.com/portfolio),2026-08-05T18:36:58.568130+00:00,True,
1765,Gardenio,https://growgardenio.com,"Artificial intelligence and machine learning, Lifestyles of Health and Sustainability and wellness, Mobile",United States,Techstars Portfolio (techstars.com/portfolio),2026-08-05T18:36:58.568130+00:00,True,
1766,Farmz2U,https://farmz2u.com,"Fintech, Mobile",Nigeria,Techstars Portfolio (techstars.com/portfolio),2026-08-05T18:36:58.568130+00:00,True,
1767,Elio.Earth,https://elio.earth,"Big Data, Cleantech, Climate tech",United States,Techstars Portfolio (techstars.com/portfolio),2026-08-05T18:36:58.568130+00:00,True,
1768,Climatescape,https://climatescape.org,"Cleantech, Climate tech, Fintech, Mobile",United States,Techstars Portfolio (techstars.com/portfolio),2026-08-05T18:36:58.568130+00:00,True,
1769,Benchmark Labs,https://benchmarklabs.com,"Agtech, Cleantech, Climate tech",United States,Techstars Portfolio (techstars.com/portfolio),2026-08-05T18:36:58.568130+00:00,True,
1770,Aclymate,https://aclymate.com,"Artificial intelligence and machine learning, Cleantech, Climate tech, Supply chain technology",United States,Techstars Portfolio (techstars.com/portfolio),2026-08-05T18:36:58.568130+00:00,True,
1771,WXLLSPACE,https://wxllspace.com,Marketing tech,United States,Techstars Portfolio (techstars.com/portfolio),2026-08-05T18:36:58.568130+00:00,True,
1772,Skyblue Analytics,https://skyblueanalytics.com,Fintech,Uruguay,Techstars Portfolio (techstars.com/portfolio),2026-08-05T18:36:58.568130+00:00,True,
1773,Predictive Equations,https://predictive.vision,Artificial intelligence and machine learning,Israel,Techstars Portfolio (techstars.com/portfolio),2026-08-05T18:36:58.568130+00:00,True,
1774,Phalanx,https://phalanx.io,"Artificial intelligence and machine learning, Cybersecurity, Infrastructure",United States,Techstars Portfolio (techstars.com/portfolio),2026-08-05T18:36:58.568130+00:00,True,
1775,PerformVu,https://watchlucid.com,SaaS,United States,Techstars Portfolio (techstars.com/portfolio),2026-08-05T18:36:58.568130+00:00,True,
1776,PayAngel,https://payangel.com,"Fintech, Impact investing",United Kingdom,Techstars Portfolio (techstars.com/portfolio),2026-08-05T18:36:58.568130+00:00,True,
1777,OneVillage,https://onevillage.io,"Lifestyles of Health and Sustainability and wellness, Mobile",United States,Techstars Portfolio (techstars.com/portfolio),2026-08-05T18:36:58.568130+00:00,True,
1778,OnePipe,https://onepipe.io,"Fintech, Infrastructure",Nigeria,Techstars Portfolio (techstars.com/portfolio),2026-08-05T18:36:58.568130+00:00,True,
1779,Odysseus Health AI,https://odysseushealthai.com,"Artificial intelligence and machine learning, Big Data, Digital health, Healthtech",United States,Techstars Portfolio (techstars.com/portfolio),2026-08-05T18:36:58.568130+00:00,True,
1780,Nala,https://nalarocks.com,HRtech,United States,Techstars Portfolio (techstars.com/portfolio),2026-08-05T18:36:58.568130+00:00,True,
1781,Modality,https://findmodality.com,Edtech,United States,Techstars Portfolio (techstars.com/portfolio),2026-08-05T18:36:58.568130+00:00,True,
1782,hiitide,https://hiitide.com,"Lifestyles of Health and Sustainability and wellness, Mobile",United States,Techstars Portfolio (techstars.com/portfolio),2026-08-05T18:36:58.568130+00:00,True,
1783,Grandstage,https://grandstage.app,Marketing tech,United States,Techstars Portfolio (techstars.com/portfolio),2026-08-05T18:36:58.568130+00:00,True,
1784,Fundwurx,https://fundwurx.com,HRtech,United States,Techstars Portfolio (techstars.com/portfolio),2026-08-05T18:36:58.568130+00:00,True,
1785,ELANZA Wellness,https://elanzawellness.com,"Digital health, Femtech, Healthtech, Lifestyles of Health and Sustainability and wellness",United States,Techstars Portfolio (techstars.com/portfolio),2026-08-05T18:36:58.568130+00:00,True,
1786,Dr.Online,https://dronline.com,Healthtech,Portugal,Techstars Portfolio (techstars.com/portfolio),2026-08-05T18:36:58.568130+00:00,True,
1787,Dollarize,https://dollarize.me,Fintech,United States,Techstars Portfolio (techstars.com/portfolio),2026-08-05T18:36:58.568130+00:00,True,
1788,Cut and Clarity,https://cutandclarity.co,E-commerce,United States,Techstars Portfolio (techstars.com/portfolio),2026-08-05T18:36:58.568130+00:00,True,
1789,Cuál,https://cual.co,Marketing tech,United States,Techstars Portfolio (techstars.com/portfolio),2026-08-05T18:36:58.568130+00:00,True,
1790,COVERR,https://getcoverr.com,Fintech,United States,Techstars Portfolio (techstars.com/portfolio),2026-08-05T18:36:58.568130+00:00,True,
1791,Chambr,https://chambr.us,Edtech,United States,Techstars Portfolio (techstars.com/portfolio),2026-08-05T18:36:58.568130+00:00,True,
1792,Cadena,https://cadena.dev,Marketing tech,United States,Techstars Portfolio (techstars.com/portfolio),2026-08-05T18:36:58.568130+00:00,True,
1793,Botany.io,https://botany.io,HRtech,United States,Techstars Portfolio (techstars.com/portfolio),2026-08-05T18:36:58.568130+00:00,True,
1794,Alt.Fn,https://altfndata.com,"Artificial intelligence and machine learning, Big Data, Fintech, Insurtech, SaaS",United States,Techstars Portfolio (techstars.com/portfolio),2026-08-05T18:36:58.568130+00:00,True,
1795,AiMerch,https://aimerch.io,"Artificial intelligence and machine learning, Manufacturing",United States,Techstars Portfolio (techstars.com/portfolio),2026-08-05T18:36:58.568130+00:00,True,
1796,Vlipsy,https://vlipsy.com,"Technology, media and telecommunications",United States,Techstars Portfolio (techstars.com/portfolio),2026-08-05T18:36:58.568130+00:00,True,
1797,Rapid RMS,https://rapidrms.com,"Fintech, Mobile commerce",United States,Techstars Portfolio (techstars.com/portfolio),2026-08-05T18:36:58.568130+00:00,True,
1798,fraudmarc,https://fraudmarc.com,"Cybersecurity, Infrastructure",United States,Techstars Portfolio (techstars.com/portfolio),2026-08-05T18:36:58.568130+00:00,True,
1799,ReferralMD,https://getreferralmd.com,"Artificial intelligence and machine learning, Healthtech, Insurtech",United States,Techstars Portfolio (techstars.com/portfolio),2026-08-05T18:36:58.568130+00:00,True,
1800,Teamgage Pty,https://teamgage.com,HRtech,Australia,Techstars Portfolio (techstars.com/portfolio),2026-08-05T18:36:58.568130+00:00,True,
1801,NoCode,https://enzyme.so,"Artificial intelligence and machine learning, Cryptocurrency/Blockchain",United States,Techstars Portfolio (techstars.com/portfolio),2026-08-05T18:36:58.568130+00:00,True,
1802,Labbox,https://labbox.education,Edtech,Kosovo,Techstars Portfolio (techstars.com/portfolio),2026-08-05T18:36:58.568130+00:00,True,
1803,Trexo Robotics,https://trexorobotics.com,Robotics and Drones,Canada,Techstars Portfolio (techstars.com/portfolio),2026-08-05T18:36:58.568130+00:00,True,
1804,Whelp,https://whelp.co,"Artificial intelligence and machine learning, Marketing tech",United States,Techstars Portfolio (techstars.com/portfolio),2026-08-05T18:36:58.568130+00:00,True,
1805,Vakya,https://vakya.ai,Artificial intelligence and machine learning,United States,Techstars Portfolio (techstars.com/portfolio),2026-08-05T18:36:58.568130+00:00,True,
1806,Treepz,https://treepz.com,"Infrastructure, Mobile, Mobility tech",Canada,Techstars Portfolio (techstars.com/portfolio),2026-08-05T18:36:58.568130+00:00,True,
1807,Tobe Energy,https://tobe.energy,Climate tech,United States,Techstars Portfolio (techstars.com/portfolio),2026-08-05T18:36:58.568130+00:00,True,
1808,Tablender,https://tablender.com,Artificial intelligence and machine learning,United States,Techstars Portfolio (techstars.com/portfolio),2026-08-05T18:36:58.568130+00:00,True,
1809,Superfan Studio,https://superfan.studio,"Artificial intelligence and machine learning, Virtual reality",United States,Techstars Portfolio (techstars.com/portfolio),2026-08-05T18:36:58.568130+00:00,True,
1810,Space Redi,https://spaceredi.com,Future of work,United States,Techstars Portfolio (techstars.com/portfolio),2026-08-05T18:36:58.568130+00:00,True,
1811,Smart Bricks,https://smart-bricks.com,"Artificial intelligence and machine learning, Fintech, Real estate tech",United Arab Emirates,Techstars Portfolio (techstars.com/portfolio),2026-08-05T18:36:58.568130+00:00,True,
1812,Sholder,https://sholder.com,"Digital health, Edtech, Healthtech, HRtech, Impact investing",United States,Techstars Portfolio (techstars.com/portfolio),2026-08-05T18:36:58.568130+00:00,True,
1813,Roll Scooters,https://rollscooters.com,"Cleantech, Climate tech, Internet of Things, Mobile",Canada,Techstars Portfolio (techstars.com/portfolio),2026-08-05T18:36:58.568130+00:00,True,
1814,Redvest App,https://redvest.app,"Gaming, Mobile",United States,Techstars Portfolio (techstars.com/portfolio),2026-08-05T18:36:58.568130+00:00,True,
1815,PersoniFi,https://joinpersonifi.com,"Fintech, Impact investing, Technology, media and telecommunications",United States,Techstars Portfolio (techstars.com/portfolio),2026-08-05T18:36:58.568130+00:00,True,
1816,OtterSpace,https://inotterspace.com,"Lifestyles of Health and Sustainability and wellness, Manufacturing",United States,Techstars Portfolio (techstars.com/portfolio),2026-08-05T18:36:58.568130+00:00,True,
1817,Nee AI,https://nee-ai.com,Artificial intelligence and machine learning,United States,Techstars Portfolio (techstars.com/portfolio),2026-08-05T18:36:58.568130+00:00,True,
1818,Namara Water Technologies,https://namarawater.ai,"Artificial intelligence and machine learning, Cleantech, Climate tech",United States,Techstars Portfolio (techstars.com/portfolio),2026-08-05T18:36:58.568130+00:00,True,
1819,Lucky Juicebox,https://luckyjuicebox.com,"Augmented reality, Gaming, Virtual reality",United States,Techstars Portfolio (techstars.com/portfolio),2026-08-05T18:36:58.568130+00:00,True,
1820,LendKoi,https://lendkoi.com,Fintech,United States,Techstars Portfolio (techstars.com/portfolio),2026-08-05T18:36:58.568130+00:00,True,
1821,Fairsplit,https://fairsplit.us,Fintech,United States,Techstars Portfolio (techstars.com/portfolio),2026-08-05T18:36:58.568130+00:00,True,
1822,Faible,https://site.mythia.ai,Artificial intelligence and machine learning,United States,Techstars Portfolio (techstars.com/portfolio),2026-08-05T18:36:58.568130+00:00,True,
1823,Cronwell,https://cronwell.ai,Manufacturing,United States,Techstars Portfolio (techstars.com/portfolio),2026-08-05T18:36:58.568130+00:00,True,
1824,Agri-Trak,https://agri-trak.com,"Agtech, Big Data",United States,Techstars Portfolio (techstars.com/portfolio),2026-08-05T18:36:58.568130+00:00,True,
1825,VascAI,https://vascai.com,"Big Data, Digital health, Healthtech, Marketing tech, Mobility tech",United States,Techstars Portfolio (techstars.com/portfolio),2026-08-05T18:36:58.568130+00:00,True,
1826,Sensate Robotics,https://sensate-robotics.com,"3D printing, Agtech, Artificial intelligence and machine learning, Foodtech, Manufacturing, Robotics and Drones, Space tech",United States,Techstars Portfolio (techstars.com/portfolio),2026-08-05T18:36:58.568130+00:00,True,
1827,nowfluence,https://nowfluence.co,"Artificial intelligence and machine learning, Marketing tech",United States,Techstars Portfolio (techstars.com/portfolio),2026-08-05T18:36:58.568130+00:00,True,
1828,Jam Life,https://jamfamilycalendar.com,"Artificial intelligence and machine learning, Femtech, Lifestyles of Health and Sustainability and wellness, SaaS",United States,Techstars Portfolio (techstars.com/portfolio),2026-08-05T18:36:58.568130+00:00,True,
1829,FlexTogether,https://flextogether.com,Healthtech,United States,Techstars Portfolio (techstars.com/portfolio),2026-08-05T18:36:58.568130+00:00,True,
1830,Drafted,https://joindrafted.com,"Artificial intelligence and machine learning, HRtech, SaaS",United States,Techstars Portfolio (techstars.com/portfolio),2026-08-05T18:36:58.568130+00:00,True,
1831,Blue Navy Recovery,https://bluenavy.org,"Artificial intelligence and machine learning, Big Data, Fintech",United States,Techstars Portfolio (techstars.com/portfolio),2026-08-05T18:36:58.568130+00:00,True,
1832,Avarie Femcare,https://avariefemcare.com,"E-commerce, Femtech, Healthtech",United States,Techstars Portfolio (techstars.com/portfolio),2026-08-05T18:36:58.568130+00:00,True,
1833,Storey The App,https://storeytheapp.com,Mobile,United States,Techstars Portfolio (techstars.com/portfolio),2026-08-05T18:36:58.568130+00:00,True,
1834,Edith Labs,https://edithlabs.com,"Fintech, HRtech",United States,Techstars Portfolio (techstars.com/portfolio),2026-08-05T18:36:58.568130+00:00,True,
1835,Aplic Platform,https://aplic.io,Edtech,Canada,Techstars Portfolio (techstars.com/portfolio),2026-08-05T18:36:58.568130+00:00,True,
1836,AfriBlocks,https://afriblocks.com,HRtech,United States,Techstars Portfolio (techstars.com/portfolio),2026-08-05T18:36:58.568130+00:00,True,
1837,Nifty Learning,https://niftylearning.io,"Edtech, HRtech",United States,Techstars Portfolio (techstars.com/portfolio),2026-08-05T18:36:58.568130+00:00,True,
1838,hiveonline,https://hivenetwork.online,"Cryptocurrency/Blockchain, Fintech",Denmark,Techstars Portfolio (techstars.com/portfolio),2026-08-05T18:36:58.568130+00:00,True,
1839,Zoftware,https://zoftwarehub.com,HRtech,United Arab Emirates,Techstars Portfolio (techstars.com/portfolio),2026-08-05T18:36:58.568130+00:00,True,
1840,Xolani.Health,https://xolanihealth.com,"Artificial intelligence and machine learning, Healthtech",Nigeria,Techstars Portfolio (techstars.com/portfolio),2026-08-05T18:36:58.568130+00:00,True,
1841,wryte,https://wryte.io,"Edtech, Mobile",Germany,Techstars Portfolio (techstars.com/portfolio),2026-08-05T18:36:58.568130+00:00,True,
1842,WhyGrene,https://whygrene.com,Cleantech,United States,Techstars Portfolio (techstars.com/portfolio),2026-08-05T18:36:58.568130+00:00,True,
1843,Virtual Sapiens,https://virtualsapiens.co,"Artificial intelligence and machine learning, Edtech, Mobile",United States,Techstars Portfolio (techstars.com/portfolio),2026-08-05T18:36:58.568130+00:00,True,
1844,Tzuka Limited,https://tzuka.com,"Audiotech, Lifestyles of Health and Sustainability and wellness, Manufacturing",United Kingdom,Techstars Portfolio (techstars.com/portfolio),2026-08-05T18:36:58.568130+00:00,True,
1845,The PS Collective,https://pscollective.co,"Artificial intelligence and machine learning, Beauty, Femtech",United States,Techstars Portfolio (techstars.com/portfolio),2026-08-05T18:36:58.568130+00:00,True,
1846,The Daily Sale Shop,https://thedailysale.shop,"Adtech, E-commerce, Mobile commerce",United States,Techstars Portfolio (techstars.com/portfolio),2026-08-05T18:36:58.568130+00:00,True,
1847,Storywise,https://storywise.ai,Artificial intelligence and machine learning,Israel,Techstars Portfolio (techstars.com/portfolio),2026-08-05T18:36:58.568130+00:00,True,
1848,Solar Unsoiled,https://solarunsoiled.com,"Cleantech, Lifestyles of Health and Sustainability and wellness",United States,Techstars Portfolio (techstars.com/portfolio),2026-08-05T18:36:58.568130+00:00,True,
1849,Skyglass,https://skyglass.com,Virtual reality,United States,Techstars Portfolio (techstars.com/portfolio),2026-08-05T18:36:58.568130+00:00,True,
1850,Shook,https://shoook.io,HRtech,Israel,Techstars Portfolio (techstars.com/portfolio),2026-08-05T18:36:58.568130+00:00,True,
1851,Satellites On Fire,https://satellitesonfire.com,Cleantech,Argentina,Techstars Portfolio (techstars.com/portfolio),2026-08-05T18:36:58.568130+00:00,True,
1852,RunAgain.com,https://runagain.com,"Artificial intelligence and machine learning, Digital health, Marketing tech",Norway,Techstars Portfolio (techstars.com/portfolio),2026-08-05T18:36:58.568130+00:00,True,
1853,Rivalia Chemical Co.,https://rivaliachemical.com,"Cleantech, Climate tech, Industrials, Supply chain technology",United States,Techstars Portfolio (techstars.com/portfolio),2026-08-05T18:36:58.568130+00:00,True,
1854,Propin,https://propin.ai,Artificial intelligence and machine learning,Israel,Techstars Portfolio (techstars.com/portfolio),2026-08-05T18:36:58.568130+00:00,True,
1855,PowerTechs,https://powertechs.us,Edtech,United States,Techstars Portfolio (techstars.com/portfolio),2026-08-05T18:36:58.568130+00:00,True,
1856,Pointz,https://bikepointz.com,"Micromobility, Mobile",United States,Techstars Portfolio (techstars.com/portfolio),2026-08-05T18:36:58.568130+00:00,True,
1857,Ozeki Legal Technologies,https://ozeki.ai,Legal tech,United States,Techstars Portfolio (techstars.com/portfolio),2026-08-05T18:36:58.568130+00:00,True,
1858,Nimblemind.ai,https://nimblemind.ai,Artificial intelligence and machine learning,United States,Techstars Portfolio (techstars.com/portfolio),2026-08-05T18:36:58.568130+00:00,True,
1859,NayamWings,https://nayamwings.com,"Industrials, Infrastructure, Mobility tech",Israel,Techstars Portfolio (techstars.com/portfolio),2026-08-05T18:36:58.568130+00:00,True,
1860,Merry Pop-in,https://merrypopin.com,,Israel,Techstars Portfolio (techstars.com/portfolio),2026-08-05T18:36:58.568130+00:00,True,
1861,Latimer Controls,https://latimercontrols.com,"Artificial intelligence and machine learning, Cleantech, Climate tech",United States,Techstars Portfolio (techstars.com/portfolio),2026-08-05T18:36:58.568130+00:00,True,
1862,keen home,https://keenhome.io,"Artificial intelligence and machine learning, Internet of Things, Mobile",United States,Techstars Portfolio (techstars.com/portfolio),2026-08-05T18:36:58.568130+00:00,True,
1863,Idyllo,https://idyllo.com,Real estate tech,United States,Techstars Portfolio (techstars.com/portfolio),2026-08-05T18:36:58.568130+00:00,True,
1864,hey freya,https://heyfreya.co,"Digital health, Femtech, Lifestyles of Health and Sustainability and wellness",United States,Techstars Portfolio (techstars.com/portfolio),2026-08-05T18:36:58.568130+00:00,True,
1865,Hatchproof,https://hatchproof.com,HRtech,United States,Techstars Portfolio (techstars.com/portfolio),2026-08-05T18:36:58.568130+00:00,True,
1866,Fiskher AS,https://fishbuddy.app,"Artificial intelligence and machine learning, Augmented reality, Big Data, Climate tech",Norway,Techstars Portfolio (techstars.com/portfolio),2026-08-05T18:36:58.568130+00:00,True,
1867,Elmetr,https://elmetr.com,Legal tech,United States,Techstars Portfolio (techstars.com/portfolio),2026-08-05T18:36:58.568130+00:00,True,
1868,Ecolytics,https://ecolytics.io,"Artificial intelligence and machine learning, Cleantech, Climate tech",United States,Techstars Portfolio (techstars.com/portfolio),2026-08-05T18:36:58.568130+00:00,True,
1869,Demandly,https://demandly.com,E-commerce,United States,Techstars Portfolio (techstars.com/portfolio),2026-08-05T18:36:58.568130+00:00,True,
1870,Dear Doc Singapore,https://dear-doc.com,"Digital health, Femtech, Healthtech",India,Techstars Portfolio (techstars.com/portfolio),2026-08-05T18:36:58.568130+00:00,True,
1871,Cypress Health,https://cypresshealth.io,Healthtech,United States,Techstars Portfolio (techstars.com/portfolio),2026-08-05T18:36:58.568130+00:00,True,
1872,Conduit Virtual,https://conduit.gg,Gaming,United States,Techstars Portfolio (techstars.com/portfolio),2026-08-05T18:36:58.568130+00:00,True,
1873,CICLA 3D,https://cicla3dshop.com,3D printing,United States,Techstars Portfolio (techstars.com/portfolio),2026-08-05T18:36:58.568130+00:00,True,
1874,ByDesign,https://bydesign.io,Mobile,United States,Techstars Portfolio (techstars.com/portfolio),2026-08-05T18:36:58.568130+00:00,True,
1875,Buildstash,https://buildstash.com,Cloudtech and DevOps,United Kingdom,Techstars Portfolio (techstars.com/portfolio),2026-08-05T18:36:58.568130+00:00,True,
1876,BodyPro,https://mybodypro.fit,"Digital health, Lifestyles of Health and Sustainability and wellness",Israel,Techstars Portfolio (techstars.com/portfolio),2026-08-05T18:36:58.568130+00:00,True,
1877,Betterteem,https://betterteem.com,"Artificial intelligence and machine learning, Big Data, HRtech",Philippines,Techstars Portfolio (techstars.com/portfolio),2026-08-05T18:36:58.568130+00:00,True,
1878,Basil,https://basil.so,HRtech,United States,Techstars Portfolio (techstars.com/portfolio),2026-08-05T18:36:58.568130+00:00,True,
1879,aHRtemis,https://ahrtemis.com,HRtech,France,Techstars Portfolio (techstars.com/portfolio),2026-08-05T18:36:58.568130+00:00,True,
1880,Aquifer Motion,https://aquifermotion.com,Artificial intelligence and machine learning,United States,Techstars Portfolio (techstars.com/portfolio),2026-08-05T18:36:58.568130+00:00,True,
1881,Sentiment Search,https://sentimentsearch.com,SaaS,United Kingdom,Techstars Portfolio (techstars.com/portfolio),2026-08-05T18:36:58.568130+00:00,True,
1882,1lens,https://1lens.app,"Mobile, Virtual reality",Canada,Techstars Portfolio (techstars.com/portfolio),2026-08-05T18:36:58.568130+00:00,True,
1883,SkillPop,https://skillpop.com,Edtech,United States,Techstars Portfolio (techstars.com/portfolio),2026-08-05T18:36:58.568130+00:00,True,
1884,Invomatic,https://innapsis.com.co,"Cloudtech and DevOps, Mobile",Colombia,Techstars Portfolio (techstars.com/portfolio),2026-08-05T18:36:58.568130+00:00,True,
1885,GrowthMatch,https://growthmatch.com,HRtech,United States,Techstars Portfolio (techstars.com/portfolio),2026-08-05T18:36:58.568130+00:00,True,
1886,CityCop,https://citycop.org,"Artificial intelligence and machine learning, Big Data, Insurtech, Mobile, Mobility tech, Real estate tech",United States,Techstars Portfolio (techstars.com/portfolio),2026-08-05T18:36:58.568130+00:00,True,
1887,Boutiq,https://boutiq.co,Artificial intelligence and machine learning,United States,Techstars Portfolio (techstars.com/portfolio),2026-08-05T18:36:58.568130+00:00,True,
1888,Babbler,https://heybabbler.com,Mobile,France,Techstars Portfolio (techstars.com/portfolio),2026-08-05T18:36:58.568130+00:00,True,
1889,Xillions,https://xillions.ai,"Artificial intelligence and machine learning, Cryptocurrency/Blockchain, E-commerce, Marketing tech, SaaS",Australia,Techstars Portfolio (techstars.com/portfolio),2026-08-05T18:36:58.568130+00:00,True,
1890,VetNotes.com,https://vetnotes.com,"Artificial intelligence and machine learning, Pet tech, SaaS",Australia,Techstars Portfolio (techstars.com/portfolio),2026-08-05T18:36:58.568130+00:00,True,
1891,SurfLab,https://surflab.ai,,Australia,Techstars Portfolio (techstars.com/portfolio),2026-08-05T18:36:58.568130+00:00,True,
1892,Slice,https://slicetobuy.com,"Fintech, Legal tech, SaaS",New Zealand,Techstars Portfolio (techstars.com/portfolio),2026-08-05T18:36:58.568130+00:00,True,
1893,Sedso.ai,https://sedso.ai,"Artificial intelligence and machine learning, SaaS",Singapore,Techstars Portfolio (techstars.com/portfolio),2026-08-05T18:36:58.568130+00:00,True,
1894,REZA,https://rezafootwear.com,"E-commerce, Manufacturing",United States,Techstars Portfolio (techstars.com/portfolio),2026-08-05T18:36:58.568130+00:00,True,
1895,Our Leg Up,https://ourlegup.com,"Climate tech, Fintech, Real estate tech",Australia,Techstars Portfolio (techstars.com/portfolio),2026-08-05T18:36:58.568130+00:00,True,
1896,Onsite,https://onsite.fm,Real estate tech,Australia,Techstars Portfolio (techstars.com/portfolio),2026-08-05T18:36:58.568130+00:00,True,
1897,OncoRevive,https://oncorevive.com,"Healthtech, Impact investing, Lifestyles of Health and Sustainability and wellness, Oncology",Australia,Techstars Portfolio (techstars.com/portfolio),2026-08-05T18:36:58.568130+00:00,True,
1898,MuseAI,https://museai.au,"Audiotech, Mobile, SaaS",Australia,Techstars Portfolio (techstars.com/portfolio),2026-08-05T18:36:58.568130+00:00,True,
1899,Juxtabyte,https://juxtabyte.com,"Fintech, SaaS",Australia,Techstars Portfolio (techstars.com/portfolio),2026-08-05T18:36:58.568130+00:00,True,
1900,Crystal aOS,https://crystalaos.com,"Artificial intelligence and machine learning, Cryptocurrency/Blockchain, Legal tech, SaaS",Australia,Techstars Portfolio (techstars.com/portfolio),2026-08-05T18:36:58.568130+00:00,True,
1901,Briefcase Technology,https://briefcase.technology,"Legal tech, SaaS",Australia,Techstars Portfolio (techstars.com/portfolio),2026-08-05T18:36:58.568130+00:00,True,
1902,URSA,https://ursasecure.com,"Artificial intelligence and machine learning, Internet of Things, Robotics and Drones",United States,Techstars Portfolio (techstars.com/portfolio),2026-08-05T18:36:58.568130+00:00,True,
1903,Robodub,https://robodub.com,"Gaming, Robotics and Drones",United States,Techstars Portfolio (techstars.com/portfolio),2026-08-05T18:36:58.568130+00:00,True,
1904,Guardion,https://guardiontech.com,Internet of Things,United States,Techstars Portfolio (techstars.com/portfolio),2026-08-05T18:36:58.568130+00:00,True,
1905,Blind Tiger Communications,https://blindtigercom.com,"Infrastructure, Mobile",United States,Techstars Portfolio (techstars.com/portfolio),2026-08-05T18:36:58.568130+00:00,True,
1906,Yellowbox,https://yellowbox.app,Mobile,Australia,Techstars Portfolio (techstars.com/portfolio),2026-08-05T18:36:58.568130+00:00,True,
1907,VecTech,https://vectech.io,"Artificial intelligence and machine learning, Big Data, Healthtech, Internet of Things, Robotics and Drones",United States,Techstars Portfolio (techstars.com/portfolio),2026-08-05T18:36:58.568130+00:00,True,
1908,TechRow,https://techrow.org,"Edtech, Technology, media and telecommunications, Virtual reality",United States,Techstars Portfolio (techstars.com/portfolio),2026-08-05T18:36:58.568130+00:00,True,
1909,Tapestree,https://gettapestree.com,HRtech,United States,Techstars Portfolio (techstars.com/portfolio),2026-08-05T18:36:58.568130+00:00,True,
1910,Speeko,https://speeko.co,Artificial intelligence and machine learning,United States,Techstars Portfolio (techstars.com/portfolio),2026-08-05T18:36:58.568130+00:00,True,
1911,Spatial Guide,https://spatial.guide,"Artificial intelligence and machine learning, Augmented reality, Technology, media and telecommunications",United States,Techstars Portfolio (techstars.com/portfolio),2026-08-05T18:36:58.568130+00:00,True,
1912,Skylyte,https://skylyte.com,"Edtech, HRtech, Lifestyles of Health and Sustainability and wellness",United States,Techstars Portfolio (techstars.com/portfolio),2026-08-05T18:36:58.568130+00:00,True,
1913,SANITAS,https://gotosanitas.com,"Artificial intelligence and machine learning, Digital health, Healthtech, Impact investing",United States,Techstars Portfolio (techstars.com/portfolio),2026-08-05T18:36:58.568130+00:00,True,
1914,Richualist,https://themostcurls.com,Lifestyles of Health and Sustainability and wellness,United States,Techstars Portfolio (techstars.com/portfolio),2026-08-05T18:36:58.568130+00:00,True,
1915,ReelCrafter,https://reelcrafter.com,SaaS,United States,Techstars Portfolio (techstars.com/portfolio),2026-08-05T18:36:58.568130+00:00,True,
1916,ReBokeh,https://rebokeh.com,"Artificial intelligence and machine learning, Augmented reality, Healthtech, Virtual reality",United States,Techstars Portfolio (techstars.com/portfolio),2026-08-05T18:36:58.568130+00:00,True,
1917,Pickups Technologies,https://usepickups.com,"Mobile commerce, Supply chain technology",United States,Techstars Portfolio (techstars.com/portfolio),2026-08-05T18:36:58.568130+00:00,True,
1918,Pairi,https://pairi.app,SaaS,United States,Techstars Portfolio (techstars.com/portfolio),2026-08-05T18:36:58.568130+00:00,True,
1919,Omelas,https://omelas.co,Artificial intelligence and machine learning,United States,Techstars Portfolio (techstars.com/portfolio),2026-08-05T18:36:58.568130+00:00,True,
1920,Neopenda,https://neopenda.com,"Fintech, Internet of Things",United States,Techstars Portfolio (techstars.com/portfolio),2026-08-05T18:36:58.568130+00:00,True,
1921,LivedX,https://livedx.com,"Artificial intelligence and machine learning, Edtech, HRtech",United States,Techstars Portfolio (techstars.com/portfolio),2026-08-05T18:36:58.568130+00:00,True,
1922,Lenco Technologies,https://lenco.co,Fintech,Nigeria,Techstars Portfolio (techstars.com/portfolio),2026-08-05T18:36:58.568130+00:00,True,
1923,ISeeChange,https://iseechange.org,"Climate tech, Infrastructure, Internet of Things",United States,Techstars Portfolio (techstars.com/portfolio),2026-08-05T18:36:58.568130+00:00,True,
1924,GoLogic,https://gologicsolutions.com,Artificial intelligence and machine learning,United States,Techstars Portfolio (techstars.com/portfolio),2026-08-05T18:36:58.568130+00:00,True,
1925,Frontline Gig,https://frontlinegig.com,"Artificial intelligence and machine learning, Climate tech, HRtech, Infrastructure, Insurtech, Real estate tech",United States,Techstars Portfolio (techstars.com/portfolio),2026-08-05T18:36:58.568130+00:00,True,
1926,Escalate,https://escalateusa.com,"Edtech, Fintech",United States,Techstars Portfolio (techstars.com/portfolio),2026-08-05T18:36:58.568130+00:00,True,
1927,Divaneering Lab,https://meetspundle.com,Beauty,United States,Techstars Portfolio (techstars.com/portfolio),2026-08-05T18:36:58.568130+00:00,True,
1928,Data for Good,https://data-for-good.com,"Artificial intelligence and machine learning, Infrastructure",Netherlands,Techstars Portfolio (techstars.com/portfolio),2026-08-05T18:36:58.568130+00:00,True,
1929,CyDeploy,https://cydeploy.com,"Artificial intelligence and machine learning, Cloudtech and DevOps, Cybersecurity, Infrastructure, Internet of Things",United States,Techstars Portfolio (techstars.com/portfolio),2026-08-05T18:36:58.568130+00:00,True,
1930,Cobalt Water Global,https://cobaltwater-global.com,"Artificial intelligence and machine learning, Cleantech, Climate tech, Infrastructure",United States,Techstars Portfolio (techstars.com/portfolio),2026-08-05T18:36:58.568130+00:00,True,
1931,AgiliCity,https://modelur.eu,Real estate tech,Slovenia,Techstars Portfolio (techstars.com/portfolio),2026-08-05T18:36:58.568130+00:00,True,
1932,4Degrees,https://4degrees.ai,Artificial intelligence and machine learning,United States,Techstars Portfolio (techstars.com/portfolio),2026-08-05T18:36:58.568130+00:00,True,
1933,Rooit - Play & Chat!,https://rooit.me,"Artificial intelligence and machine learning, Gaming, Mobile",Taiwan,Techstars Portfolio (techstars.com/portfolio),2026-08-05T18:36:58.568130+00:00,True,
1934,Immersive Systems,https://immersivesystems.io,"Gaming, Mobile, Virtual reality",United States,Techstars Portfolio (techstars.com/portfolio),2026-08-05T18:36:58.568130+00:00,True,
1935,Groovy Antoid,https://groovyantoid.com,"Gaming, Mobile",Lebanon,Techstars Portfolio (techstars.com/portfolio),2026-08-05T18:36:58.568130+00:00,True,
1936,Additor,https://additor.io,Mobile,United States,Techstars Portfolio (techstars.com/portfolio),2026-08-05T18:36:58.568130+00:00,True,
1937,Slytrackr,https://slytrackr.com,"Artificial intelligence and machine learning, Internet of Things",United States,Techstars Portfolio (techstars.com/portfolio),2026-08-05T18:36:58.568130+00:00,True,
1938,Sensai Analytics,https://sensai-analytics.com,"Artificial intelligence and machine learning, Cleantech",United States,Techstars Portfolio (techstars.com/portfolio),2026-08-05T18:36:58.568130+00:00,True,
1939,ProductionAR,https://productionar.com,Oil and gas,Canada,Techstars Portfolio (techstars.com/portfolio),2026-08-05T18:36:58.568130+00:00,True,
1940,Malamute,https://malamute.us,"Artificial intelligence and machine learning, Audiotech, Augmented reality, Internet of Things, Technology, media and telecommunications",United States,Techstars Portfolio (techstars.com/portfolio),2026-08-05T18:36:58.568130+00:00,True,
1941,Styku,https://styku.com,"Artificial intelligence and machine learning, Lifestyles of Health and Sustainability and wellness, Robotics and Drones",United States,Techstars Portfolio (techstars.com/portfolio),2026-08-05T18:36:58.568130+00:00,True,
1942,Seremedi,https://seremedi.com,Healthtech,United States,Techstars Portfolio (techstars.com/portfolio),2026-08-05T18:36:58.568130+00:00,True,
1943,XENA Dx,https://xenadx.com,"Artificial intelligence and machine learning, Healthtech, Lifestyles of Health and Sustainability and wellness",Germany,Techstars Portfolio (techstars.com/portfolio),2026-08-05T18:36:58.568130+00:00,True,
1944,WeMe,https://weme.eco,"Digital health, HRtech, Lifestyles of Health and Sustainability and wellness, Virtual reality",Norway,Techstars Portfolio (techstars.com/portfolio),2026-08-05T18:36:58.568130+00:00,True,
1945,Tether EV,https://tetherev.io,"Artificial intelligence and machine learning, Cleantech, Climate tech, Cloudtech and DevOps, Mobility tech",Spain,Techstars Portfolio (techstars.com/portfolio),2026-08-05T18:36:58.568130+00:00,True,
1946,Sikili,https://sikili.io,"Carsharing, Mobile, Mobility tech",France,Techstars Portfolio (techstars.com/portfolio),2026-08-05T18:36:58.568130+00:00,True,
1947,OmicsChart,https://omicschart.com,"Artificial intelligence and machine learning, Big Data, Healthtech, Oncology",Germany,Techstars Portfolio (techstars.com/portfolio),2026-08-05T18:36:58.568130+00:00,True,
1948,Neomare,https://neomare.no,"Artificial intelligence and machine learning, Big Data, Climate tech, Oil and gas",Norway,Techstars Portfolio (techstars.com/portfolio),2026-08-05T18:36:58.568130+00:00,True,
1949,NeedEnergy,https://needenergy.io,"Artificial intelligence and machine learning, Big Data, Cleantech, Climate tech, Internet of Things",Australia,Techstars Portfolio (techstars.com/portfolio),2026-08-05T18:36:58.568130+00:00,True,
1950,Mowa.ai,https://mowa.ai,Artificial intelligence and machine learning,Estonia,Techstars Portfolio (techstars.com/portfolio),2026-08-05T18:36:58.568130+00:00,True,
1951,Liquidstar,https://liquidstar.io,"Cleantech, Climate tech, Cryptocurrency/Blockchain, Internet of Things, Mobility tech",United States,Techstars Portfolio (techstars.com/portfolio),2026-08-05T18:36:58.568130+00:00,True,
1952,Illumicell,https://illumicell.ai,Artificial intelligence and machine learning,United States,Techstars Portfolio (techstars.com/portfolio),2026-08-05T18:36:58.568130+00:00,True,
1953,hylosense,https://hylosense.com,"Artificial intelligence and machine learning, Big Data, Climate tech, Oil and gas, SaaS",North Macedonia,Techstars Portfolio (techstars.com/portfolio),2026-08-05T18:36:58.568130+00:00,True,
1954,Gordion Bioscience,https://gordion.bio,Healthtech,Poland,Techstars Portfolio (techstars.com/portfolio),2026-08-05T18:36:58.568130+00:00,True,
1955,enzum,https://enzum.com,"Artificial intelligence and machine learning, Cleantech",Poland,Techstars Portfolio (techstars.com/portfolio),2026-08-05T18:36:58.568130+00:00,True,
1956,EnkiAI,https://enkiai.com,"Artificial intelligence and machine learning, Big Data, Climate tech, Marketing tech",United States,Techstars Portfolio (techstars.com/portfolio),2026-08-05T18:36:58.568130+00:00,True,
1957,Co-Tasker,https://co-tasker.com,Mobile,Germany,Techstars Portfolio (techstars.com/portfolio),2026-08-05T18:36:58.568130+00:00,True,
1958,Bidi Charge,https://bidi-charge.com,"Cleantech, Mobility tech",Germany,Techstars Portfolio (techstars.com/portfolio),2026-08-05T18:36:58.568130+00:00,True,
1959,ARTIAL,https://artial.co,"Artificial intelligence and machine learning, Infrastructure, Robotics and Drones",Spain,Techstars Portfolio (techstars.com/portfolio),2026-08-05T18:36:58.568130+00:00,True,
1960,Spiral Technology,https://spiral.technology,Virtual reality,United States,Techstars Portfolio (techstars.com/portfolio),2026-08-05T18:36:58.568130+00:00,True,
1961,MSBAI,https://msb.ai,Artificial intelligence and machine learning,United States,Techstars Portfolio (techstars.com/portfolio),2026-08-05T18:36:58.568130+00:00,True,
1962,SafeFlight,https://safeflight.io,"Mobile, Robotics and Drones",United States,Techstars Portfolio (techstars.com/portfolio),2026-08-05T18:36:58.568130+00:00,True,
1963,FortifyEdge,https://fortifyedge.com,"Cybersecurity, Infrastructure",United States,Techstars Portfolio (techstars.com/portfolio),2026-08-05T18:36:58.568130+00:00,True,
1964,Cleo Robotics,https://cleorobotics.com,Robotics and Drones,United States,Techstars Portfolio (techstars.com/portfolio),2026-08-05T18:36:58.568130+00:00,True,
1965,Avocado Systems,https://avocadosys.com,"Cybersecurity, Infrastructure, Mobile",United States,Techstars Portfolio (techstars.com/portfolio),2026-08-05T18:36:58.568130+00:00,True,
1966,AirShare,https://airshare.ca,"Artificial intelligence and machine learning, Robotics and Drones, Technology, media and telecommunications",Canada,Techstars Portfolio (techstars.com/portfolio),2026-08-05T18:36:58.568130+00:00,True,
1967,YouAte,https://youate.com,"Lifestyles of Health and Sustainability and wellness, Mobile",United States,Techstars Portfolio (techstars.com/portfolio),2026-08-05T18:36:58.568130+00:00,True,
1968,Qi Aerista,https://qiaerista.com,"Foodtech, Internet of Things",Hong Kong,Techstars Portfolio (techstars.com/portfolio),2026-08-05T18:36:58.568130+00:00,True,
1969,Pantri,https://pantri.net,"Internet of Things, Mobile",United Kingdom,Techstars Portfolio (techstars.com/portfolio),2026-08-05T18:36:58.568130+00:00,True,
1970,Ome,https://omekitchen.com,"Internet of Things, Mobile",United States,Techstars Portfolio (techstars.com/portfolio),2026-08-05T18:36:58.568130+00:00,True,
1971,Meal IQ,https://getmealiq.com,"Artificial intelligence and machine learning, Foodtech, Mobile",United Kingdom,Techstars Portfolio (techstars.com/portfolio),2026-08-05T18:36:58.568130+00:00,True,
1972,Wildnote,https://wildnoteapp.com,"Climate tech, Mobile",United States,Techstars Portfolio (techstars.com/portfolio),2026-08-05T18:36:58.568130+00:00,True,
1973,Wellest,https://wellest.com,"Artificial intelligence and machine learning, Fintech, Lifestyles of Health and Sustainability and wellness, Mobile",United States,Techstars Portfolio (techstars.com/portfolio),2026-08-05T18:36:58.568130+00:00,True,
1974,Toothly AI,https://toothly.ai,"Artificial intelligence and machine learning, Healthtech",United States,Techstars Portfolio (techstars.com/portfolio),2026-08-05T18:36:58.568130+00:00,True,
1975,The Host Co.,https://thehost.co,"Mobile commerce, Real estate tech",United States,Techstars Portfolio (techstars.com/portfolio),2026-08-05T18:36:58.568130+00:00,True,
1976,Teeread,https://teeread.com,"Artificial intelligence and machine learning, Edtech",United States,Techstars Portfolio (techstars.com/portfolio),2026-08-05T18:36:58.568130+00:00,True,
1977,Tadavo,https://tadavo.com,"Artificial intelligence and machine learning, Manufacturing",United States,Techstars Portfolio (techstars.com/portfolio),2026-08-05T18:36:58.568130+00:00,True,
1978,Stabl,https://stabl.io,Digital health,Canada,Techstars Portfolio (techstars.com/portfolio),2026-08-05T18:36:58.568130+00:00,True,
1979,Spaciously,https://spaciously.io,Marketing tech,United States,Techstars Portfolio (techstars.com/portfolio),2026-08-05T18:36:58.568130+00:00,True,
1980,Review Piper,https://reviewpiper.com,"Artificial intelligence and machine learning, Healthtech, Marketing tech",United States,Techstars Portfolio (techstars.com/portfolio),2026-08-05T18:36:58.568130+00:00,True,
1981,Recovr Health,https://recovr.health,"Digital health, Healthtech",United States,Techstars Portfolio (techstars.com/portfolio),2026-08-05T18:36:58.568130+00:00,True,
1982,RAZ,https://razfinance.io,"Cryptocurrency/Blockchain, Fintech, Impact investing",Israel,Techstars Portfolio (techstars.com/portfolio),2026-08-05T18:36:58.568130+00:00,True,
1983,Poliark,https://poliark.com,"Artificial intelligence and machine learning, Real estate tech",United States,Techstars Portfolio (techstars.com/portfolio),2026-08-05T18:36:58.568130+00:00,True,
1984,Phare Labs,https://pharelabs.com,"Manufacturing, Real estate tech",United Kingdom,Techstars Portfolio (techstars.com/portfolio),2026-08-05T18:36:58.568130+00:00,True,
1985,PentoPix,https://pentopix.com,Future of work,United Kingdom,Techstars Portfolio (techstars.com/portfolio),2026-08-05T18:36:58.568130+00:00,True,
1986,Nyungu Afrika,https://nyungu.care,"Beauty, Cleantech, Femtech, Lifestyles of Health and Sustainability and wellness",Kenya,Techstars Portfolio (techstars.com/portfolio),2026-08-05T18:36:58.568130+00:00,True,
1987,Neurofit VR,https://neurofit.ca,"Healthtech, Mobile, Virtual reality",Canada,Techstars Portfolio (techstars.com/portfolio),2026-08-05T18:36:58.568130+00:00,True,
1988,Netta,https://netta.mx,"Fintech, Impact investing, Real estate tech",Mexico,Techstars Portfolio (techstars.com/portfolio),2026-08-05T18:36:58.568130+00:00,True,
1989,MERIT Match,https://meritmatch.io,"Artificial intelligence and machine learning, HRtech",United States,Techstars Portfolio (techstars.com/portfolio),2026-08-05T18:36:58.568130+00:00,True,
1990,Kudoti,https://kudoti.com,"Big Data, Cleantech, Supply chain technology",South Africa,Techstars Portfolio (techstars.com/portfolio),2026-08-05T18:36:58.568130+00:00,True,
1991,init.ai,https://init.ai,Artificial intelligence and machine learning,United States,Techstars Portfolio (techstars.com/portfolio),2026-08-05T18:36:58.568130+00:00,True,
1992,Hydroquo+,https://hydroquo.com,Cleantech,Bangladesh,Techstars Portfolio (techstars.com/portfolio),2026-08-05T18:36:58.568130+00:00,True,
1993,HeronAI,https://heron-ai.com,"Artificial intelligence and machine learning, SaaS",United States,Techstars Portfolio (techstars.com/portfolio),2026-08-05T18:36:58.568130+00:00,True,
1994,Gravl,https://gravl.io,Healthtech,United States,Techstars Portfolio (techstars.com/portfolio),2026-08-05T18:36:58.568130+00:00,True,
1995,GoManda,https://gomanda.org,"Cleantech, Edtech",United States,Techstars Portfolio (techstars.com/portfolio),2026-08-05T18:36:58.568130+00:00,True,
1996,Gammanics,https://ndb.technology,Cleantech,United Kingdom,Techstars Portfolio (techstars.com/portfolio),2026-08-05T18:36:58.568130+00:00,True,
1997,Energy Shift,https://energyshift.eu,"Cleantech, Cryptocurrency/Blockchain, Fintech",United Kingdom,Techstars Portfolio (techstars.com/portfolio),2026-08-05T18:36:58.568130+00:00,True,
1998,egreen,https://egreen.com,"Cleantech, Cryptocurrency/Blockchain, Fintech",Chile,Techstars Portfolio (techstars.com/portfolio),2026-08-05T18:36:58.568130+00:00,True,
1999,Citera,https://citera.ai,"Artificial intelligence and machine learning, Real estate tech",Canada,Techstars Portfolio (techstars.com/portfolio),2026-08-05T18:36:58.568130+00:00,True,
2000,chpter.,https://chpter.co,"Artificial intelligence and machine learning, Fintech, Infrastructure, Marketing tech",Kenya,Techstars Portfolio (techstars.com/portfolio),2026-08-05T18:36:58.568130+00:00,True,
2001,Cerbrec,https://cerbrec.com,"Artificial intelligence and machine learning, Big Data, Cloudtech and DevOps",United States,Techstars Portfolio (techstars.com/portfolio),2026-08-05T18:36:58.568130+00:00,True,
2002,Careerflow,https://careerflow.ai,"Artificial intelligence and machine learning, HRtech",United States,Techstars Portfolio (techstars.com/portfolio),2026-08-05T18:36:58.568130+00:00,True,
2003,BOOMROOM Fitness,https://boomroom.fit,"Digital health, Lifestyles of Health and Sustainability and wellness",United States,Techstars Portfolio (techstars.com/portfolio),2026-08-05T18:36:58.568130+00:00,True,
2004,BioGrip,https://smart.biogrip.tech,"Artificial intelligence and machine learning, Healthtech, Robotics and Drones",Mexico,Techstars Portfolio (techstars.com/portfolio),2026-08-05T18:36:58.568130+00:00,True,
2005,Articulate Labs,https://articulatelabs.com,"Digital health, Healthtech",United States,Techstars Portfolio (techstars.com/portfolio),2026-08-05T18:36:58.568130+00:00,True,
2006,Aravenda Consignment Software,https://aravenda.com,"Mobile commerce, Supply chain technology",United States,Techstars Portfolio (techstars.com/portfolio),2026-08-05T18:36:58.568130+00:00,True,
2007,Ahoi,https://ahoimate.com,Mobility tech,United States,Techstars Portfolio (techstars.com/portfolio),2026-08-05T18:36:58.568130+00:00,True,
2008,The Difference,https://thedifference.co,Healthtech,United States,Techstars Portfolio (techstars.com/portfolio),2026-08-05T18:36:58.568130+00:00,True,
2009,Slighter,https://slighter.com,"Artificial intelligence and machine learning, Fintech, Insurtech, Internet of Things, Lifestyles of Health and Sustainability and wellness, Mobile",United States,Techstars Portfolio (techstars.com/portfolio),2026-08-05T18:36:58.568130+00:00,True,
2010,Ramp Chair,https://ramp.us,Manufacturing,United States,Techstars Portfolio (techstars.com/portfolio),2026-08-05T18:36:58.568130+00:00,True,
2011,Veracity Protocol,https://veracityprotocol.org,"Artificial intelligence and machine learning, Cryptocurrency/Blockchain, Fintech, Infrastructure, Internet of Things, Supply chain technology, Virtual reality",United States,Techstars Portfolio (techstars.com/portfolio),2026-08-05T18:36:58.568130+00:00,True,
2012,Trixta,https://trixta.ai,"Cryptocurrency/Blockchain, Infrastructure, Internet of Things",United States,Techstars Portfolio (techstars.com/portfolio),2026-08-05T18:36:58.568130+00:00,True,
2013,Paperstreet,https://paperstreet.vc,"Cryptocurrency/Blockchain, Fintech",United States,Techstars Portfolio (techstars.com/portfolio),2026-08-05T18:36:58.568130+00:00,True,
2014,Paperchain,https://paperchain.io,"Cryptocurrency/Blockchain, Fintech",United States,Techstars Portfolio (techstars.com/portfolio),2026-08-05T18:36:58.568130+00:00,True,
2015,Embleema,https://embleema.com,Cryptocurrency/Blockchain,United States,Techstars Portfolio (techstars.com/portfolio),2026-08-05T18:36:58.568130+00:00,True,
2016,Invision AI,https://invision.ai,"Artificial intelligence and machine learning, Big Data",Canada,Techstars Portfolio (techstars.com/portfolio),2026-08-05T18:36:58.568130+00:00,True,
2017,Drive Spotter,https://drivespotter.com,"Artificial intelligence and machine learning, HRtech",United States,Techstars Portfolio (techstars.com/portfolio),2026-08-05T18:36:58.568130+00:00,True,
2018,Trez,https://trez.co,Fintech,United States,Techstars Portfolio (techstars.com/portfolio),2026-08-05T18:36:58.568130+00:00,True,
2019,Terraseed,https://terraseed.com,E-commerce,United States,Techstars Portfolio (techstars.com/portfolio),2026-08-05T18:36:58.568130+00:00,True,
2020,Sirius Education,https://sirius.education,Edtech,Brazil,Techstars Portfolio (techstars.com/portfolio),2026-08-05T18:36:58.568130+00:00,True,
2021,Question Base,https://questionbase.com,SaaS,United States,Techstars Portfolio (techstars.com/portfolio),2026-08-05T18:36:58.568130+00:00,True,
2022,Porter Metrics,https://portermetrics.com,Marketing tech,Colombia,Techstars Portfolio (techstars.com/portfolio),2026-08-05T18:36:58.568130+00:00,True,
2023,Modet,https://modet.tech,Supply chain technology,United States,Techstars Portfolio (techstars.com/portfolio),2026-08-05T18:36:58.568130+00:00,True,
2024,Lizit,https://lizitrentals.com,Fintech,Colombia,Techstars Portfolio (techstars.com/portfolio),2026-08-05T18:36:58.568130+00:00,True,
2025,Kuadra,https://kuadra.com,Fintech,United States,Techstars Portfolio (techstars.com/portfolio),2026-08-05T18:36:58.568130+00:00,True,
2026,KredFeed,https://kredfeed.com,Fintech,Mexico,Techstars Portfolio (techstars.com/portfolio),2026-08-05T18:36:58.568130+00:00,True,
2027,Immigo,https://immigo.io,Edtech,United States,Techstars Portfolio (techstars.com/portfolio),2026-08-05T18:36:58.568130+00:00,True,
2028,Fuddis,https://fuddis.com,"Foodtech, Future of work",Mexico,Techstars Portfolio (techstars.com/portfolio),2026-08-05T18:36:58.568130+00:00,True,
2029,FortyGuard,https://fortyguard.com,"Artificial intelligence and machine learning, Big Data, Climate tech",United Arab Emirates,Techstars Portfolio (techstars.com/portfolio),2026-08-05T18:36:58.568130+00:00,True,
2030,Defynance,https://defynance.com,Fintech,United States,Techstars Portfolio (techstars.com/portfolio),2026-08-05T18:36:58.568130+00:00,True,
2031,Cloudoor,https://cloudoor.com,Cloudtech and DevOps,United States,Techstars Portfolio (techstars.com/portfolio),2026-08-05T18:36:58.568130+00:00,True,
2032,BeeCuick,https://beecuick.com,Fintech,United States,Techstars Portfolio (techstars.com/portfolio),2026-08-05T18:36:58.568130+00:00,True,
2033,Technovatime,https://technovatime.com,"Artificial intelligence and machine learning, Digital health",United States,Techstars Portfolio (techstars.com/portfolio),2026-08-05T18:36:58.568130+00:00,True,
2034,PromptWrx,https://promptwrx.com,Healthtech,United States,Techstars Portfolio (techstars.com/portfolio),2026-08-05T18:36:58.568130+00:00,True,
2035,Pense Health,https://pensehealth.com,Healthtech,United States,Techstars Portfolio (techstars.com/portfolio),2026-08-05T18:36:58.568130+00:00,True,
2036,Lucor,https://lucor.ai,"Artificial intelligence and machine learning, Big Data, Healthtech, Infrastructure, SaaS",United States,Techstars Portfolio (techstars.com/portfolio),2026-08-05T18:36:58.568130+00:00,True,
2037,Juniper,https://juniper.tech,Digital health,United States,Techstars Portfolio (techstars.com/portfolio),2026-08-05T18:36:58.568130+00:00,True,
2038,Halsted AI,https://halstedhealth.ai,"Artificial intelligence and machine learning, Digital health, Healthtech",United States,Techstars Portfolio (techstars.com/portfolio),2026-08-05T18:36:58.568130+00:00,True,
2039,CodaHx,https://codahx.com,"Artificial intelligence and machine learning, Digital health, Fintech, Healthtech",United States,Techstars Portfolio (techstars.com/portfolio),2026-08-05T18:36:58.568130+00:00,True,
2040,Birth Model,https://birthmodel.com,Healthtech,United States,Techstars Portfolio (techstars.com/portfolio),2026-08-05T18:36:58.568130+00:00,True,
2041,Hoopcare,https://hoopcare.com,Healthtech,France,Techstars Portfolio (techstars.com/portfolio),2026-08-05T18:36:58.568130+00:00,True,
2042,Kipwise,https://kipwise.com,,United States,Techstars Portfolio (techstars.com/portfolio),2026-08-05T18:36:58.568130+00:00,True,
2043,Pixchange,https://pixchangeapp.com,"Internet of Things, Mobile, Virtual reality",Switzerland,Techstars Portfolio (techstars.com/portfolio),2026-08-05T18:36:58.568130+00:00,True,
2044,Audyo,https://audyo.ai,"Artificial intelligence and machine learning, Mobile",United States,Techstars Portfolio (techstars.com/portfolio),2026-08-05T18:36:58.568130+00:00,True,
2045,IXON Food Technology,https://ixon.com.hk,Climate tech,Hong Kong,Techstars Portfolio (techstars.com/portfolio),2026-08-05T18:36:58.568130+00:00,True,
2046,FeedX,https://carllippert.com,Agtech,United States,Techstars Portfolio (techstars.com/portfolio),2026-08-05T18:36:58.568130+00:00,True,
2047,Canomiks,https://canomiks.com,"Artificial intelligence and machine learning, Healthtech, Lifestyles of Health and Sustainability and wellness",United States,Techstars Portfolio (techstars.com/portfolio),2026-08-05T18:36:58.568130+00:00,True,
2048,Applied Particle Technology,https://appliedparticletechnology.com,"Cleantech, Lifestyles of Health and Sustainability and wellness",United States,Techstars Portfolio (techstars.com/portfolio),2026-08-05T18:36:58.568130+00:00,True,
2049,RoadEO,https://roadeo.io,"Artificial intelligence and machine learning, Big Data, Cryptocurrency/Blockchain, Infrastructure, Internet of Things",Netherlands,Techstars Portfolio (techstars.com/portfolio),2026-08-05T18:36:58.568130+00:00,True,
2050,Noviqu,https://noviqu.com,Cybersecurity,United States,Techstars Portfolio (techstars.com/portfolio),2026-08-05T18:36:58.568130+00:00,True,
2051,Zown,https://jrop.co,"Mobile, Ridesharing",Canada,Techstars Portfolio (techstars.com/portfolio),2026-08-05T18:36:58.568130+00:00,True,
2052,Zoee,https://zoee.com,HRtech,United States,Techstars Portfolio (techstars.com/portfolio),2026-08-05T18:36:58.568130+00:00,True,
2053,Zinnia Technologies,https://zinniatv.com,"Digital health, Healthtech, Lifestyles of Health and Sustainability and wellness, Technology, media and telecommunications",United States,Techstars Portfolio (techstars.com/portfolio),2026-08-05T18:36:58.568130+00:00,True,
2054,ZimaGo,https://zimago.co,Fintech,Colombia,Techstars Portfolio (techstars.com/portfolio),2026-08-05T18:36:58.568130+00:00,True,
2055,Yativo,https://yativo.com,"Cryptocurrency/Blockchain, Fintech, Infrastructure",Chile,Techstars Portfolio (techstars.com/portfolio),2026-08-05T18:36:58.568130+00:00,True,
2056,Warrant,https://hellowarrant.com,"Artificial intelligence and machine learning, Fintech",United States,Techstars Portfolio (techstars.com/portfolio),2026-08-05T18:36:58.568130+00:00,True,
2057,WalletCard,https://mywalletcard.com,"HRtech, Insurtech",Canada,Techstars Portfolio (techstars.com/portfolio),2026-08-05T18:36:58.568130+00:00,True,
2058,Valarix,https://contaayuda.com,Fintech,Mexico,Techstars Portfolio (techstars.com/portfolio),2026-08-05T18:36:58.568130+00:00,True,
2059,Tuktu Care,https://tuktu.ca,"Artificial intelligence and machine learning, Big Data, Digital health, Healthtech, Impact investing, Lifestyles of Health and Sustainability and wellness",Canada,Techstars Portfolio (techstars.com/portfolio),2026-08-05T18:36:58.568130+00:00,True,
2060,TERAL,https://teralmed.com,Healthtech,Colombia,Techstars Portfolio (techstars.com/portfolio),2026-08-05T18:36:58.568130+00:00,True,
2061,Tattd,https://tattd.co,Mobile commerce,United States,Techstars Portfolio (techstars.com/portfolio),2026-08-05T18:36:58.568130+00:00,True,
2062,Sync,https://syncenergyai.com,"Artificial intelligence and machine learning, Climate tech",United States,Techstars Portfolio (techstars.com/portfolio),2026-08-05T18:36:58.568130+00:00,True,
2063,SWYE360 Learning,https://swye360.com,Edtech,United States,Techstars Portfolio (techstars.com/portfolio),2026-08-05T18:36:58.568130+00:00,True,
2064,SupplyNow,https://supplynow.org,"Artificial intelligence and machine learning, Supply chain technology",United States,Techstars Portfolio (techstars.com/portfolio),2026-08-05T18:36:58.568130+00:00,True,
2065,Storspay,https://storspay.com,"Cryptocurrency/Blockchain, Fintech",Canada,Techstars Portfolio (techstars.com/portfolio),2026-08-05T18:36:58.568130+00:00,True,
2066,SourceEazy,https://sourceeazy.com,Supply chain technology,United States,Techstars Portfolio (techstars.com/portfolio),2026-08-05T18:36:58.568130+00:00,True,
2067,Sigen AI,https://sigen.ai,"Artificial intelligence and machine learning, Big Data, Cloudtech and DevOps",Canada,Techstars Portfolio (techstars.com/portfolio),2026-08-05T18:36:58.568130+00:00,True,
2068,Shubox,https://shubox.ai,Fintech,United States,Techstars Portfolio (techstars.com/portfolio),2026-08-05T18:36:58.568130+00:00,True,
2069,Shipshape AI,https://shipshape.ai,"Artificial intelligence and machine learning, Cleantech, Internet of Things",United States,Techstars Portfolio (techstars.com/portfolio),2026-08-05T18:36:58.568130+00:00,True,
2070,Saavor,https://saavor.co,Foodtech,United States,Techstars Portfolio (techstars.com/portfolio),2026-08-05T18:36:58.568130+00:00,True,
2071,Rezliant,https://rezliant.com,"Artificial intelligence and machine learning, Cybersecurity",United States,Techstars Portfolio (techstars.com/portfolio),2026-08-05T18:36:58.568130+00:00,True,
2072,Revolute Robotics,https://revoluterobotics.com,"Artificial intelligence and machine learning, Cleantech, Infrastructure, Internet of Things, Oil and gas, Real estate tech, Robotics and Drones, Space tech",United States,Techstars Portfolio (techstars.com/portfolio),2026-08-05T18:36:58.568130+00:00,True,
2073,RevMatch Technologies,https://revmatch.io,"Big Data, Mobile commerce",United States,Techstars Portfolio (techstars.com/portfolio),2026-08-05T18:36:58.568130+00:00,True,
2074,PPAP Manager,https://ppapmanager.com,,Mexico,Techstars Portfolio (techstars.com/portfolio),2026-08-05T18:36:58.568130+00:00,True,
2075,Peeranha,https://peeranha.io,"Cryptocurrency/Blockchain, Fintech, Mobile",United States,Techstars Portfolio (techstars.com/portfolio),2026-08-05T18:36:58.568130+00:00,True,
2076,Ocean Access,https://oceanaccess.no,"Cleantech, Internet of Things",Norway,Techstars Portfolio (techstars.com/portfolio),2026-08-05T18:36:58.568130+00:00,True,
2077,Neolth,https://neolth.com,Healthtech,United States,Techstars Portfolio (techstars.com/portfolio),2026-08-05T18:36:58.568130+00:00,True,
2078,Myna,https://mynaai.io,Artificial intelligence and machine learning,United States,Techstars Portfolio (techstars.com/portfolio),2026-08-05T18:36:58.568130+00:00,True,
2079,Mission-Driven Tech,https://missiondriventech.com,"Digital health, Femtech, Healthtech, Oncology",United States,Techstars Portfolio (techstars.com/portfolio),2026-08-05T18:36:58.568130+00:00,True,
2080,MeterLeader,https://meterleader.com,"Cleantech, Climate tech, Lifestyles of Health and Sustainability and wellness, Mobile",United States,Techstars Portfolio (techstars.com/portfolio),2026-08-05T18:36:58.568130+00:00,True,
2081,MetaPals,https://metapals.pet,"Cryptocurrency/Blockchain, Fintech, Gaming, Mobile, Virtual reality",Singapore,Techstars Portfolio (techstars.com/portfolio),2026-08-05T18:36:58.568130+00:00,True,
2082,Lotus Labs,https://lotuslabs.org,"Healthtech, Internet of Things, Manufacturing, Real estate tech, Wearables and quantified self",United States,Techstars Portfolio (techstars.com/portfolio),2026-08-05T18:36:58.568130+00:00,True,
2083,Loto Punto,https://lotopunto.co,"Cryptocurrency/Blockchain, Fintech",Colombia,Techstars Portfolio (techstars.com/portfolio),2026-08-05T18:36:58.568130+00:00,True,
2084,Les Aimants,https://les-aimants.com,"3D printing, Manufacturing",United States,Techstars Portfolio (techstars.com/portfolio),2026-08-05T18:36:58.568130+00:00,True,
2085,Le Car,https://lecar.co,"Mobile, Mobility tech",United States,Techstars Portfolio (techstars.com/portfolio),2026-08-05T18:36:58.568130+00:00,True,
2086,Kitchenery,https://kitchenery.us,"E-commerce, Infrastructure, Internet of Things, Lifestyles of Health and Sustainability and wellness, Manufacturing",United States,Techstars Portfolio (techstars.com/portfolio),2026-08-05T18:36:58.568130+00:00,True,
2087,Keep Company,https://keep-company.com,"Artificial intelligence and machine learning, Digital health, HRtech, Impact investing, Lifestyles of Health and Sustainability and wellness",United States,Techstars Portfolio (techstars.com/portfolio),2026-08-05T18:36:58.568130+00:00,True,
2088,InterGen Data,https://intergendata.com,"Artificial intelligence and machine learning, Fintech, Insurtech",United States,Techstars Portfolio (techstars.com/portfolio),2026-08-05T18:36:58.568130+00:00,True,
2089,Hyperion Global Energy,https://hyperionenergy.ca,"Cleantech, Climate tech, Oil and gas",Canada,Techstars Portfolio (techstars.com/portfolio),2026-08-05T18:36:58.568130+00:00,True,
2090,H+Trace,https://h-trace.com,Supply chain technology,United States,Techstars Portfolio (techstars.com/portfolio),2026-08-05T18:36:58.568130+00:00,True,
2091,Holisticly,https://holisticly.co,HRtech,United States,Techstars Portfolio (techstars.com/portfolio),2026-08-05T18:36:58.568130+00:00,True,
2092,Helgen Technologies,https://helgen.tech,"Artificial intelligence and machine learning, Infrastructure, Robotics and Drones, Supply chain technology",Ireland,Techstars Portfolio (techstars.com/portfolio),2026-08-05T18:36:58.568130+00:00,True,
2093,Haiphen,https://haiphenai.com,"Artificial intelligence and machine learning, Cryptocurrency/Blockchain, Cybersecurity, Fintech, Infrastructure, Insurtech",United States,Techstars Portfolio (techstars.com/portfolio),2026-08-05T18:36:58.568130+00:00,True,
2094,Geolumina,https://geolumina.ai,"Artificial intelligence and machine learning, Climate tech, Oil and gas",United States,Techstars Portfolio (techstars.com/portfolio),2026-08-05T18:36:58.568130+00:00,True,
2095,Gateway,https://careergateway.io,"Artificial intelligence and machine learning, HRtech",United States,Techstars Portfolio (techstars.com/portfolio),2026-08-05T18:36:58.568130+00:00,True,
2096,Functionland,https://fx.land,"Cryptocurrency/Blockchain, Fintech, Infrastructure, Internet of Things, Mobile",Canada,Techstars Portfolio (techstars.com/portfolio),2026-08-05T18:36:58.568130+00:00,True,
2097,Flora Coating,https://floracoating.com,"Cleantech, Healthtech, Industrials, Infrastructure, Lifestyles of Health and Sustainability and wellness, Manufacturing, Nanotechnology",United States,Techstars Portfolio (techstars.com/portfolio),2026-08-05T18:36:58.568130+00:00,True,
2098,EnergyHawk,https://energyhawk.com,"Artificial intelligence and machine learning, Cleantech, Climate tech, Oil and gas",United States,Techstars Portfolio (techstars.com/portfolio),2026-08-05T18:36:58.568130+00:00,True,
2099,Ecko,https://ecko.ac,"Cryptocurrency/Blockchain, Mobile",United Kingdom,Techstars Portfolio (techstars.com/portfolio),2026-08-05T18:36:58.568130+00:00,True,
2100,EasyLex,https://easylex.com,Legal tech,United States,Techstars Portfolio (techstars.com/portfolio),2026-08-05T18:36:58.568130+00:00,True,
2101,docufi,https://docufi.ai,Fintech,United States,Techstars Portfolio (techstars.com/portfolio),2026-08-05T18:36:58.568130+00:00,True,
2102,Cognittiv,https://rzxtecnologia.com.br,"Climate tech, Infrastructure, Oil and gas",Cayman Islands,Techstars Portfolio (techstars.com/portfolio),2026-08-05T18:36:58.568130+00:00,True,
2103,Civic Champs,https://civicchamps.com,Impact investing,United States,Techstars Portfolio (techstars.com/portfolio),2026-08-05T18:36:58.568130+00:00,True,
2104,Champion 40A,https://champion40a.com,Real estate tech,United States,Techstars Portfolio (techstars.com/portfolio),2026-08-05T18:36:58.568130+00:00,True,
2105,Cancer Mutual,https://cancerfoundation.org.za,"Insurtech, Marketing tech",South Africa,Techstars Portfolio (techstars.com/portfolio),2026-08-05T18:36:58.568130+00:00,True,
2106,BuildrFi,https://buildrfi.com,Fintech,United States,Techstars Portfolio (techstars.com/portfolio),2026-08-05T18:36:58.568130+00:00,True,
2107,Birdie Technologies,https://birdie.mx,"Artificial intelligence and machine learning, Supply chain technology",Mexico,Techstars Portfolio (techstars.com/portfolio),2026-08-05T18:36:58.568130+00:00,True,
2108,aXumption,https://axumption.com,Cloudtech and DevOps,Colombia,Techstars Portfolio (techstars.com/portfolio),2026-08-05T18:36:58.568130+00:00,True,
2109,Astronome AI,https://astronome.ai,"Artificial intelligence and machine learning, Cybersecurity",United Kingdom,Techstars Portfolio (techstars.com/portfolio),2026-08-05T18:36:58.568130+00:00,True,
2110,Ashipa Electric,https://ashipaelectric.com,"Cleantech, Climate tech",United States,Techstars Portfolio (techstars.com/portfolio),2026-08-05T18:36:58.568130+00:00,True,
2111,Alpha Drive,https://alphadrive.ai,"Artificial intelligence and machine learning, Infrastructure, Robotics and Drones",United States,Techstars Portfolio (techstars.com/portfolio),2026-08-05T18:36:58.568130+00:00,True,
2112,3co,https://3co.ai,"Artificial intelligence and machine learning, Mobile, Virtual reality",United States,Techstars Portfolio (techstars.com/portfolio),2026-08-05T18:36:58.568130+00:00,True,
2113,RagnaRock Geo,https://ragnarockgeo.com,Artificial intelligence and machine learning,Norway,Techstars Portfolio (techstars.com/portfolio),2026-08-05T18:36:58.568130+00:00,True,
2114,Navarra Tech,https://navarratech.com,Fintech,Brazil,Techstars Portfolio (techstars.com/portfolio),2026-08-05T18:36:58.568130+00:00,True,
2115,Fieldmade,https://fieldmade.no,3D printing,Norway,Techstars Portfolio (techstars.com/portfolio),2026-08-05T18:36:58.568130+00:00,True,
2116,The Playbook,https://sportsmentalhealthplaybook.com,Digital health,United States,Techstars Portfolio (techstars.com/portfolio),2026-08-05T18:36:58.568130+00:00,True,
2117,Sports Vision,https://sportsvision.ai,Artificial intelligence and machine learning,United States,Techstars Portfolio (techstars.com/portfolio),2026-08-05T18:36:58.568130+00:00,True,
2118,Reifisports,https://reifisports.com,Fintech,United States,Techstars Portfolio (techstars.com/portfolio),2026-08-05T18:36:58.568130+00:00,True,
2119,PandoPartner,https://pandopartner.com,Marketing tech,Canada,Techstars Portfolio (techstars.com/portfolio),2026-08-05T18:36:58.568130+00:00,True,
2120,Cup Carrier Media,https://cupcarrier.meida,Marketing tech,Canada,Techstars Portfolio (techstars.com/portfolio),2026-08-05T18:36:58.568130+00:00,True,
2121,Camperoni,https://camperoni.com,Mobile,United States,Techstars Portfolio (techstars.com/portfolio),2026-08-05T18:36:58.568130+00:00,True,
2122,Skyfront,https://skyfront.com,Robotics and Drones,United States,Techstars Portfolio (techstars.com/portfolio),2026-08-05T18:36:58.568130+00:00,True,
2123,Inova Drone,https://inovadrone.com,"Artificial intelligence and machine learning, Robotics and Drones",United States,Techstars Portfolio (techstars.com/portfolio),2026-08-05T18:36:58.568130+00:00,True,
2124,SquarePlan,https://askneo.io,"Artificial intelligence and machine learning, Fintech, HRtech, Mobile",United States,Techstars Portfolio (techstars.com/portfolio),2026-08-05T18:36:58.568130+00:00,True,
2125,Seek Sophie,https://seeksophie.com,,Singapore,Techstars Portfolio (techstars.com/portfolio),2026-08-05T18:36:58.568130+00:00,True,
2126,EVA,https://eva.xyz,"Infrastructure, Robotics and Drones",France,Techstars Portfolio (techstars.com/portfolio),2026-08-05T18:36:58.568130+00:00,True,
2127,Chipolo,https://chipolo.net,"Internet of Things, Mobile",Slovenia,Techstars Portfolio (techstars.com/portfolio),2026-08-05T18:36:58.568130+00:00,True,
2128,Zelish,https://zelish.in,Mobile,India,Techstars Portfolio (techstars.com/portfolio),2026-08-05T18:36:58.568130+00:00,True,
2129,Witching Hour,https://witchinghour.io,"Cleantech, Climate tech, Infrastructure, Robotics and Drones",United States,Techstars Portfolio (techstars.com/portfolio),2026-08-05T18:36:58.568130+00:00,True,
2130,WingXpand,https://wingxpand.com,"Artificial intelligence and machine learning, Internet of Things, Manufacturing, Robotics and Drones, Space tech",United States,Techstars Portfolio (techstars.com/portfolio),2026-08-05T18:36:58.568130+00:00,True,
2131,Whale Seeker,https://whaleseeker.com,"Artificial intelligence and machine learning, Cleantech, Oil and gas",Canada,Techstars Portfolio (techstars.com/portfolio),2026-08-05T18:36:58.568130+00:00,True,
2132,VueBox,https://vuebox.co,Ridesharing,United States,Techstars Portfolio (techstars.com/portfolio),2026-08-05T18:36:58.568130+00:00,True,
2133,Votemo,https://votemo.eu,"Adtech, Technology, media and telecommunications",Estonia,Techstars Portfolio (techstars.com/portfolio),2026-08-05T18:36:58.568130+00:00,True,
2134,ValidProof,https://validproof.com,"Cryptocurrency/Blockchain, Digital health, Healthtech",Finland,Techstars Portfolio (techstars.com/portfolio),2026-08-05T18:36:58.568130+00:00,True,
2135,ThermoAI,https://thermoai.com,"Artificial intelligence and machine learning, Internet of Things",Canada,Techstars Portfolio (techstars.com/portfolio),2026-08-05T18:36:58.568130+00:00,True,
2136,Tassel Software,https://tasselsoftware.com,"Edtech, HRtech",United States,Techstars Portfolio (techstars.com/portfolio),2026-08-05T18:36:58.568130+00:00,True,
2137,Syntax IQ,https://syntaxiq.com,Artificial intelligence and machine learning,Canada,Techstars Portfolio (techstars.com/portfolio),2026-08-05T18:36:58.568130+00:00,True,
2138,SuperPay,https://superpay.money,"Fintech, Mobile",India,Techstars Portfolio (techstars.com/portfolio),2026-08-05T18:36:58.568130+00:00,True,
2139,Stykite,https://stykite.com,Fintech,United States,Techstars Portfolio (techstars.com/portfolio),2026-08-05T18:36:58.568130+00:00,True,
2140,Solideon,https://solideon.com,"3D printing, Artificial intelligence and machine learning, Cleantech, Infrastructure, Manufacturing, Mobility tech, Robotics and Drones, Space tech",United States,Techstars Portfolio (techstars.com/portfolio),2026-08-05T18:36:58.568130+00:00,True,
2141,Soleil Space,https://soleilspace.com,"Technology, media and telecommunications",United States,Techstars Portfolio (techstars.com/portfolio),2026-08-05T18:36:58.568130+00:00,True,
2142,SkillMapper,https://skillmapper.com,"Artificial intelligence and machine learning, Edtech, HRtech",France,Techstars Portfolio (techstars.com/portfolio),2026-08-05T18:36:58.568130+00:00,True,
2143,Serendipia Life,https://serendipia.life,"Cryptocurrency/Blockchain, Lifestyles of Health and Sustainability and wellness",United States,Techstars Portfolio (techstars.com/portfolio),2026-08-05T18:36:58.568130+00:00,True,
2144,SENSE,https://53n53.com,Cybersecurity,Spain,Techstars Portfolio (techstars.com/portfolio),2026-08-05T18:36:58.568130+00:00,True,
2145,Seek Health AI,https://seekhealth.ai,"Artificial intelligence and machine learning, Healthtech, Infrastructure",United States,Techstars Portfolio (techstars.com/portfolio),2026-08-05T18:36:58.568130+00:00,True,
2146,Secret City Trails,https://secretcitytrails.com,Gaming,Portugal,Techstars Portfolio (techstars.com/portfolio),2026-08-05T18:36:58.568130+00:00,True,
2147,SanityDesk,https://sanitydesk.com,Cloudtech and DevOps,Ukraine,Techstars Portfolio (techstars.com/portfolio),2026-08-05T18:36:58.568130+00:00,True,
2148,Running Mate Corp,https://getrunningmate.com,"Healthtech, Lifestyles of Health and Sustainability and wellness",United States,Techstars Portfolio (techstars.com/portfolio),2026-08-05T18:36:58.568130+00:00,True,
2149,Rubitection,https://rubitection.com,Healthtech,United States,Techstars Portfolio (techstars.com/portfolio),2026-08-05T18:36:58.568130+00:00,True,
2150,Rotender,https://rotender.com,"Artificial intelligence and machine learning, Foodtech, Robotics and Drones",United States,Techstars Portfolio (techstars.com/portfolio),2026-08-05T18:36:58.568130+00:00,True,
2151,Ripple AI,https://getripple.ai,Marketing tech,United States,Techstars Portfolio (techstars.com/portfolio),2026-08-05T18:36:58.568130+00:00,True,
2152,Relish Life,https://relish.life,"Healthtech, HRtech, Lifestyles of Health and Sustainability and wellness",Canada,Techstars Portfolio (techstars.com/portfolio),2026-08-05T18:36:58.568130+00:00,True,
2153,Regen Network,https://regen.network,"Cleantech, Climate tech, Cryptocurrency/Blockchain, Fintech, Impact investing",United States,Techstars Portfolio (techstars.com/portfolio),2026-08-05T18:36:58.568130+00:00,True,
2154,Quidax,https://quidax.com,"Cryptocurrency/Blockchain, Fintech",Canada,Techstars Portfolio (techstars.com/portfolio),2026-08-05T18:36:58.568130+00:00,True,
2155,Qlerify,https://qlerify.com,"Technology, media and telecommunications",Sweden,Techstars Portfolio (techstars.com/portfolio),2026-08-05T18:36:58.568130+00:00,True,
2156,Potion,https://takeyourpotion.com,Lifestyles of Health and Sustainability and wellness,United States,Techstars Portfolio (techstars.com/portfolio),2026-08-05T18:36:58.568130+00:00,True,
2157,Perleybrook,https://perleybrook.com,"Cloudtech and DevOps, Cybersecurity, Infrastructure, Manufacturing",United States,Techstars Portfolio (techstars.com/portfolio),2026-08-05T18:36:58.568130+00:00,True,
2158,Peekage,https://peekage.com,Adtech,Canada,Techstars Portfolio (techstars.com/portfolio),2026-08-05T18:36:58.568130+00:00,True,
2159,Omnify Labs,https://omnifylabs.com,Fintech,United States,Techstars Portfolio (techstars.com/portfolio),2026-08-05T18:36:58.568130+00:00,True,
2160,NKA Bio,https://nkabio.com,Healthtech,United States,Techstars Portfolio (techstars.com/portfolio),2026-08-05T18:36:58.568130+00:00,True,
2161,NexusEdge,https://nexusedge.com,Artificial intelligence and machine learning,United States,Techstars Portfolio (techstars.com/portfolio),2026-08-05T18:36:58.568130+00:00,True,
2162,NeuroX1,https://neurox1.com,"Artificial intelligence and machine learning, Healthtech",United States,Techstars Portfolio (techstars.com/portfolio),2026-08-05T18:36:58.568130+00:00,True,
2163,Narval,https://narvalbio.com,"Artificial intelligence and machine learning, Healthtech, Oncology",Mexico,Techstars Portfolio (techstars.com/portfolio),2026-08-05T18:36:58.568130+00:00,True,
2164,Moonai,https://moonai.app,"Artificial intelligence and machine learning, Audiotech, Digital health, Femtech, Healthtech, Impact investing, Lifestyles of Health and Sustainability and wellness, Mobile, Technology, media and telecommunications",Spain,Techstars Portfolio (techstars.com/portfolio),2026-08-05T18:36:58.568130+00:00,True,
2165,MedEngine,https://flytta.info,Digital health,Germany,Techstars Portfolio (techstars.com/portfolio),2026-08-05T18:36:58.568130+00:00,True,
2166,MadLipz,https://madlipz.com,Mobile,Canada,Techstars Portfolio (techstars.com/portfolio),2026-08-05T18:36:58.568130+00:00,True,
2167,LumièreVR,https://lumierevr.com,Virtual reality,United States,Techstars Portfolio (techstars.com/portfolio),2026-08-05T18:36:58.568130+00:00,True,
2168,LetMeDoIt,https://letmedoit.org,"Digital health, Edtech, Impact investing, Lifestyles of Health and Sustainability and wellness, Mobile",United States,Techstars Portfolio (techstars.com/portfolio),2026-08-05T18:36:58.568130+00:00,True,
2169,Korapay Technologies,https://korahq.com,"Cryptocurrency/Blockchain, Fintech",Canada,Techstars Portfolio (techstars.com/portfolio),2026-08-05T18:36:58.568130+00:00,True,
2170,Introwise,https://introwise.com,"Edtech, Technology, media and telecommunications",United States,Techstars Portfolio (techstars.com/portfolio),2026-08-05T18:36:58.568130+00:00,True,
2171,International Scientific Advisors,https://joinisa.io,"Edtech, Healthtech",United States,Techstars Portfolio (techstars.com/portfolio),2026-08-05T18:36:58.568130+00:00,True,
2172,Intelistyle,https://intelistyle.com,"Artificial intelligence and machine learning, Mobile",United Kingdom,Techstars Portfolio (techstars.com/portfolio),2026-08-05T18:36:58.568130+00:00,True,
2173,In Orbit Aerospace,https://inorbitaerospace.com,"Manufacturing, Mobility tech, Robotics and Drones, Space tech",United States,Techstars Portfolio (techstars.com/portfolio),2026-08-05T18:36:58.568130+00:00,True,
2174,Infiltron Software Suite & Application,https://infiltron.net,"Cryptocurrency/Blockchain, Cybersecurity, Fintech, Insurtech",United States,Techstars Portfolio (techstars.com/portfolio),2026-08-05T18:36:58.568130+00:00,True,
2175,Hanzo,https://hanzo.ai,"Cryptocurrency/Blockchain, Fintech",United States,Techstars Portfolio (techstars.com/portfolio),2026-08-05T18:36:58.568130+00:00,True,
2176,Guardara,https://guardara.com,"Cybersecurity, Infrastructure",United Kingdom,Techstars Portfolio (techstars.com/portfolio),2026-08-05T18:36:58.568130+00:00,True,
2177,Grit Virtual,https://gritvirtual.com,Artificial intelligence and machine learning,United States,Techstars Portfolio (techstars.com/portfolio),2026-08-05T18:36:58.568130+00:00,True,
2178,Grasshopper Kids,https://grasshopperkids.com,Edtech,United States,Techstars Portfolio (techstars.com/portfolio),2026-08-05T18:36:58.568130+00:00,True,
2179,Granular.ai,https://granular.ai,"Artificial intelligence and machine learning, Fintech, Infrastructure",United States,Techstars Portfolio (techstars.com/portfolio),2026-08-05T18:36:58.568130+00:00,True,
2180,GoodAction,https://goodaction.com,"Impact investing, Lifestyles of Health and Sustainability and wellness, Technology, media and telecommunications",United States,Techstars Portfolio (techstars.com/portfolio),2026-08-05T18:36:58.568130+00:00,True,
2181,Freespeech,https://freespeechnow.ai,"Artificial intelligence and machine learning, Edtech, Marketing tech",United States,Techstars Portfolio (techstars.com/portfolio),2026-08-05T18:36:58.568130+00:00,True,
2182,Flutter Care,https://fluttercare.com,"Femtech, Healthtech, Impact investing",Canada,Techstars Portfolio (techstars.com/portfolio),2026-08-05T18:36:58.568130+00:00,True,
2183,FLOD AI,https://flod.ai,"Artificial intelligence and machine learning, Internet of Things",Canada,Techstars Portfolio (techstars.com/portfolio),2026-08-05T18:36:58.568130+00:00,True,
2184,Fliqpay,https://fliqpay.com,"Cryptocurrency/Blockchain, Fintech",Nigeria,Techstars Portfolio (techstars.com/portfolio),2026-08-05T18:36:58.568130+00:00,True,
2185,Fitco,https://fitcolatam.com,Mobile,Peru,Techstars Portfolio (techstars.com/portfolio),2026-08-05T18:36:58.568130+00:00,True,
2186,FinKraft,https://finkraft.ai,Fintech,India,Techstars Portfolio (techstars.com/portfolio),2026-08-05T18:36:58.568130+00:00,True,
2187,Fenix Space,https://fenixspace.com,Space tech,United States,Techstars Portfolio (techstars.com/portfolio),2026-08-05T18:36:58.568130+00:00,True,
2188,EVQLV,https://evqlv.com,"Artificial intelligence and machine learning, Healthtech",United States,Techstars Portfolio (techstars.com/portfolio),2026-08-05T18:36:58.568130+00:00,True,
2189,Everlong,https://geteverlong.com,"Digital health, Healthtech, Lifestyles of Health and Sustainability and wellness",United States,Techstars Portfolio (techstars.com/portfolio),2026-08-05T18:36:58.568130+00:00,True,
2190,Ever.ca,https://ever.ca,Fintech,United States,Techstars Portfolio (techstars.com/portfolio),2026-08-05T18:36:58.568130+00:00,True,
2191,Erdos Ventures,https://erdosventures.com,Artificial intelligence and machine learning,Canada,Techstars Portfolio (techstars.com/portfolio),2026-08-05T18:36:58.568130+00:00,True,
2192,Envoi Technologies,https://yourenvoi.com,"Mobility tech, Supply chain technology",Canada,Techstars Portfolio (techstars.com/portfolio),2026-08-05T18:36:58.568130+00:00,True,
2193,Engagespot,https://engagespot.co,Infrastructure,United States,Techstars Portfolio (techstars.com/portfolio),2026-08-05T18:36:58.568130+00:00,True,
2194,Eat Sleep RIDE,https://eatsleepride.com,"Artificial intelligence and machine learning, Fintech, Industrials, Insurtech, Mobility tech, Technology, media and telecommunications",Canada,Techstars Portfolio (techstars.com/portfolio),2026-08-05T18:36:58.568130+00:00,True,
2195,Corra Health,https://corra.health,"Artificial intelligence and machine learning, Digital health, Healthtech, Lifestyles of Health and Sustainability and wellness, Mobile",United States,Techstars Portfolio (techstars.com/portfolio),2026-08-05T18:36:58.568130+00:00,True,
2196,ConnectCareHero,https://connectcarehero.com,"Fintech, Healthtech, Insurtech, Lifestyles of Health and Sustainability and wellness",United States,Techstars Portfolio (techstars.com/portfolio),2026-08-05T18:36:58.568130+00:00,True,
2197,Candlelit Care,https://candlelitcare.com,"Artificial intelligence and machine learning, Digital health, Healthtech, Lifestyles of Health and Sustainability and wellness",United States,Techstars Portfolio (techstars.com/portfolio),2026-08-05T18:36:58.568130+00:00,True,
2198,CampusLush,https://campuslush.com,"Edtech, Mobile",United States,Techstars Portfolio (techstars.com/portfolio),2026-08-05T18:36:58.568130+00:00,True,
2199,Bridgr,https://bridgr.co,Artificial intelligence and machine learning,Canada,Techstars Portfolio (techstars.com/portfolio),2026-08-05T18:36:58.568130+00:00,True,
2200,Braze Mobility,https://brazemobility.com,"Healthtech, Mobility tech",Canada,Techstars Portfolio (techstars.com/portfolio),2026-08-05T18:36:58.568130+00:00,True,
2201,Blaise Transit,https://blaisetransit.com,"Artificial intelligence and machine learning, Climate tech",Canada,Techstars Portfolio (techstars.com/portfolio),2026-08-05T18:36:58.568130+00:00,True,
2202,Bext360,https://bext360.com,"Artificial intelligence and machine learning, Climate tech, Mobile, Supply chain technology",United States,Techstars Portfolio (techstars.com/portfolio),2026-08-05T18:36:58.568130+00:00,True,
2203,bestselfy,https://bestselfy.com,"Artificial intelligence and machine learning, HRtech",United States,Techstars Portfolio (techstars.com/portfolio),2026-08-05T18:36:58.568130+00:00,True,
2204,AutoMetrics,https://autometrics.ca,"Artificial intelligence and machine learning, Internet of Things, Manufacturing",Canada,Techstars Portfolio (techstars.com/portfolio),2026-08-05T18:36:58.568130+00:00,True,
2205,Authored.®,https://authoredapparel.com,Lifestyles of Health and Sustainability and wellness,United States,Techstars Portfolio (techstars.com/portfolio),2026-08-05T18:36:58.568130+00:00,True,
2206,Auralyze.ai,https://auralyze.ai,"Artificial intelligence and machine learning, Mobile",United Kingdom,Techstars Portfolio (techstars.com/portfolio),2026-08-05T18:36:58.568130+00:00,True,
2207,Artboard Studio,https://artboard.studio,Marketing tech,Canada,Techstars Portfolio (techstars.com/portfolio),2026-08-05T18:36:58.568130+00:00,True,
2208,Arctic Fox AI,https://afxmedical.com,Artificial intelligence and machine learning,Canada,Techstars Portfolio (techstars.com/portfolio),2026-08-05T18:36:58.568130+00:00,True,
2209,AmorSui,https://amorsui.com,"Climate tech, Fintech, Mobile",United States,Techstars Portfolio (techstars.com/portfolio),2026-08-05T18:36:58.568130+00:00,True,
2210,Alva Health,https://alva-health.com,"Artificial intelligence and machine learning, Healthtech, Internet of Things, Lifestyles of Health and Sustainability and wellness",United States,Techstars Portfolio (techstars.com/portfolio),2026-08-05T18:36:58.568130+00:00,True,
2211,Adomo Health,https://adomohealth.com,"Digital health, Healthtech",United States,Techstars Portfolio (techstars.com/portfolio),2026-08-05T18:36:58.568130+00:00,True,
2212,3DSolar,https://3dsolar.co,Cleantech,United States,Techstars Portfolio (techstars.com/portfolio),2026-08-05T18:36:58.568130+00:00,True,
2213,Unifize,https://unifize.com,"Healthtech, Internet of Things, Manufacturing",India,Techstars Portfolio (techstars.com/portfolio),2026-08-05T18:36:58.568130+00:00,True,
2214,Dcoder,https://dcoder.tech,Mobile,India,Techstars Portfolio (techstars.com/portfolio),2026-08-05T18:36:58.568130+00:00,True,
2215,Heuristech,https://heuristech.eu,"Cleantech, Climate tech",France,Techstars Portfolio (techstars.com/portfolio),2026-08-05T18:36:58.568130+00:00,True,
2216,Hello Birdie,https://hello-birdie.com,"Artificial intelligence and machine learning, Mobile",France,Techstars Portfolio (techstars.com/portfolio),2026-08-05T18:36:58.568130+00:00,True,
2217,Genetrainer,https://genetrainer.com,Mobile,United Kingdom,Techstars Portfolio (techstars.com/portfolio),2026-08-05T18:36:58.568130+00:00,True,
2218,Asgard,https://asgard.ai,Artificial intelligence and machine learning,France,Techstars Portfolio (techstars.com/portfolio),2026-08-05T18:36:58.568130+00:00,True,
2219,Torque360,https://torque360.co,"Technology, media and telecommunications",United States,Techstars Portfolio (techstars.com/portfolio),2026-08-05T18:36:58.568130+00:00,True,
2220,Prep Intel,https://prepintel.io,Edtech,United States,Techstars Portfolio (techstars.com/portfolio),2026-08-05T18:36:58.568130+00:00,True,
2221,O Analytics,https://o-analytics.com,"Artificial intelligence and machine learning, Space tech",United States,Techstars Portfolio (techstars.com/portfolio),2026-08-05T18:36:58.568130+00:00,True,
2222,Magma Space,https://magma-space.com,Space tech,United States,Techstars Portfolio (techstars.com/portfolio),2026-08-05T18:36:58.568130+00:00,True,
2223,Katapulte,https://katapulte.io,Fintech,United States,Techstars Portfolio (techstars.com/portfolio),2026-08-05T18:36:58.568130+00:00,True,
2224,Gamr,https://gamr.africa,"Artificial intelligence and machine learning, eSports, Gaming",United States,Techstars Portfolio (techstars.com/portfolio),2026-08-05T18:36:58.568130+00:00,True,
2225,Equility,https://equilityhq.com,"Artificial intelligence and machine learning, Fintech",United States,Techstars Portfolio (techstars.com/portfolio),2026-08-05T18:36:58.568130+00:00,True,
2226,Carbonext,https://carbonextinc.com,"Cleantech, Climate tech, Manufacturing, Nanotechnology, Oil and gas",United States,Techstars Portfolio (techstars.com/portfolio),2026-08-05T18:36:58.568130+00:00,True,
2227,Zest,https://zestapp.co,Edtech,United States,Techstars Portfolio (techstars.com/portfolio),2026-08-05T18:36:58.568130+00:00,True,
2228,Xplosion Technology,https://xplosionlive.com,"Digital health, Healthtech, Lifestyles of Health and Sustainability and wellness, Mobile",United States,Techstars Portfolio (techstars.com/portfolio),2026-08-05T18:36:58.568130+00:00,True,
2229,Wikimove,https://wikimove.me,"Lifestyles of Health and Sustainability and wellness, Mobile, Mobility tech",Germany,Techstars Portfolio (techstars.com/portfolio),2026-08-05T18:36:58.568130+00:00,True,
2230,Wibo,https://wibo.app,HRtech,Italy,Techstars Portfolio (techstars.com/portfolio),2026-08-05T18:36:58.568130+00:00,True,
2231,Virtue,https://virtue.io,Fintech,United States,Techstars Portfolio (techstars.com/portfolio),2026-08-05T18:36:58.568130+00:00,True,
2232,Virtual Tables,https://virtualtables.com,"eSports, Marketing tech, Technology, media and telecommunications, Virtual reality",United States,Techstars Portfolio (techstars.com/portfolio),2026-08-05T18:36:58.568130+00:00,True,
2233,Vesta,https://eventvesta.com,"Adtech, Marketing tech, Mobile, Technology, media and telecommunications",United States,Techstars Portfolio (techstars.com/portfolio),2026-08-05T18:36:58.568130+00:00,True,
2234,Vessl Prosthetics,https://vesslpro.com,"3D printing, Healthtech, Lifestyles of Health and Sustainability and wellness",Canada,Techstars Portfolio (techstars.com/portfolio),2026-08-05T18:36:58.568130+00:00,True,
2235,Valor,https://valorvision.ai,"Artificial intelligence and machine learning, Augmented reality, Digital health, Healthtech, Virtual reality",United States,Techstars Portfolio (techstars.com/portfolio),2026-08-05T18:36:58.568130+00:00,True,
2236,United Market,https://unitedmarket.com,"Audiotech, Marketing tech",United States,Techstars Portfolio (techstars.com/portfolio),2026-08-05T18:36:58.568130+00:00,True,
2237,Team Livo,https://livosecure.com,,United States,Techstars Portfolio (techstars.com/portfolio),2026-08-05T18:36:58.568130+00:00,True,
2238,Synergym.ai,https://synergym.ai,Artificial intelligence and machine learning,Israel,Techstars Portfolio (techstars.com/portfolio),2026-08-05T18:36:58.568130+00:00,True,
2239,Snapshot Reviews,https://snapshot.reviews,Marketing tech,United States,Techstars Portfolio (techstars.com/portfolio),2026-08-05T18:36:58.568130+00:00,True,
2240,Seascape Clinical,https://seascapeclinical.com,Healthtech,United States,Techstars Portfolio (techstars.com/portfolio),2026-08-05T18:36:58.568130+00:00,True,
2241,Scale,https://scale.co.ke,Fintech,Kenya,Techstars Portfolio (techstars.com/portfolio),2026-08-05T18:36:58.568130+00:00,True,
2242,Remote Gravity,https://remotegravity.com,Fintech,Nigeria,Techstars Portfolio (techstars.com/portfolio),2026-08-05T18:36:58.568130+00:00,True,
2243,Reliabl,https://reliabl.ai,Artificial intelligence and machine learning,United States,Techstars Portfolio (techstars.com/portfolio),2026-08-05T18:36:58.568130+00:00,True,
2244,Provengo Technologies,https://provengo.tech,Future of work,Israel,Techstars Portfolio (techstars.com/portfolio),2026-08-05T18:36:58.568130+00:00,True,
2245,Preflet,https://preflet.com,SaaS,Germany,Techstars Portfolio (techstars.com/portfolio),2026-08-05T18:36:58.568130+00:00,True,
2246,Outlander Materials,https://outlandermaterials.com,"Cleantech, Lifestyles of Health and Sustainability and wellness",Netherlands,Techstars Portfolio (techstars.com/portfolio),2026-08-05T18:36:58.568130+00:00,True,
2247,Opal Therapeutics,https://opaltherapeutics.com,Healthtech,United States,Techstars Portfolio (techstars.com/portfolio),2026-08-05T18:36:58.568130+00:00,True,
2248,Noetic Digital,https://noeticdigital.info,Marketing tech,Australia,Techstars Portfolio (techstars.com/portfolio),2026-08-05T18:36:58.568130+00:00,True,
2249,MOWIES,https://mowies.com,"Technology, media and telecommunications",Colombia,Techstars Portfolio (techstars.com/portfolio),2026-08-05T18:36:58.568130+00:00,True,
2250,Moduly,https://moduly.io,"Artificial intelligence and machine learning, Cleantech, Climate tech, Internet of Things",Canada,Techstars Portfolio (techstars.com/portfolio),2026-08-05T18:36:58.568130+00:00,True,
2251,Meal Village,https://mealvillage.com,Foodtech,United States,Techstars Portfolio (techstars.com/portfolio),2026-08-05T18:36:58.568130+00:00,True,
2252,Maya Ai,https://mayaknows.com,"Artificial intelligence and machine learning, Healthtech, Internet of Things, Robotics and Drones",United States,Techstars Portfolio (techstars.com/portfolio),2026-08-05T18:36:58.568130+00:00,True,
2253,luzverde,https://luzverde.ai,Fintech,Ecuador,Techstars Portfolio (techstars.com/portfolio),2026-08-05T18:36:58.568130+00:00,True,
2254,LUBU Technologies,https://lubu.ai,"Artificial intelligence and machine learning, Digital health, Internet of Things",United States,Techstars Portfolio (techstars.com/portfolio),2026-08-05T18:36:58.568130+00:00,True,
2255,Kumulus,https://kumuluswater.com,Cleantech,France,Techstars Portfolio (techstars.com/portfolio),2026-08-05T18:36:58.568130+00:00,True,
2256,Khepra,https://khepra.io,"Cleantech, Healthtech, Infrastructure, Oil and gas",United States,Techstars Portfolio (techstars.com/portfolio),2026-08-05T18:36:58.568130+00:00,True,
2257,KALAB,https://kalab-ai.com,SaaS,United Kingdom,Techstars Portfolio (techstars.com/portfolio),2026-08-05T18:36:58.568130+00:00,True,
2258,Iroko Analytics,https://irokoanalytics.com,"Artificial intelligence and machine learning, Big Data, Cleantech, Climate tech, Fintech",United States,Techstars Portfolio (techstars.com/portfolio),2026-08-05T18:36:58.568130+00:00,True,
2259,Intelis,https://intelis.ai,"Artificial intelligence and machine learning, Big Data, Mobile",Israel,Techstars Portfolio (techstars.com/portfolio),2026-08-05T18:36:58.568130+00:00,True,
2260,Hera Fertility,https://herafertility.co,Lifestyles of Health and Sustainability and wellness,United States,Techstars Portfolio (techstars.com/portfolio),2026-08-05T18:36:58.568130+00:00,True,
2261,Heloola,https://heloola.com,"Technology, media and telecommunications",Italy,Techstars Portfolio (techstars.com/portfolio),2026-08-05T18:36:58.568130+00:00,True,
2262,HealthBlox,https://healthblox.care,Digital health,United States,Techstars Portfolio (techstars.com/portfolio),2026-08-05T18:36:58.568130+00:00,True,
2263,Haylon Technologies,https://haylontech.com,Climate tech,United States,Techstars Portfolio (techstars.com/portfolio),2026-08-05T18:36:58.568130+00:00,True,
2264,Flux Hybrids,https://fluxhybrids.com,Cleantech,United States,Techstars Portfolio (techstars.com/portfolio),2026-08-05T18:36:58.568130+00:00,True,
2265,Flustr,https://flustr.com,"Artificial intelligence and machine learning, Augmented reality, Gaming, Mobile, Technology, media and telecommunications",United States,Techstars Portfolio (techstars.com/portfolio),2026-08-05T18:36:58.568130+00:00,True,
2266,Flare FS,https://flarefs.com,Fintech,United States,Techstars Portfolio (techstars.com/portfolio),2026-08-05T18:36:58.568130+00:00,True,
2267,Fêtefully,https://fetefully.com,Marketing tech,United States,Techstars Portfolio (techstars.com/portfolio),2026-08-05T18:36:58.568130+00:00,True,
2268,Fanbants,https://fanbants.com,Gaming,Nigeria,Techstars Portfolio (techstars.com/portfolio),2026-08-05T18:36:58.568130+00:00,True,
2269,Evil Genius Games,https://evilgeniusgames.com,Gaming,United States,Techstars Portfolio (techstars.com/portfolio),2026-08-05T18:36:58.568130+00:00,True,
2270,Enlightapp,https://enlightapp.co,Edtech,United States,Techstars Portfolio (techstars.com/portfolio),2026-08-05T18:36:58.568130+00:00,True,
2271,Empethy,https://empethy.it,Pet tech,Italy,Techstars Portfolio (techstars.com/portfolio),2026-08-05T18:36:58.568130+00:00,True,
2272,Ema,https://emaapp.co,"Femtech, Mobile",United States,Techstars Portfolio (techstars.com/portfolio),2026-08-05T18:36:58.568130+00:00,True,
2273,Cue the Curves,https://cuethecurves.com,E-commerce,United States,Techstars Portfolio (techstars.com/portfolio),2026-08-05T18:36:58.568130+00:00,True,
2274,Comma,https://yourcomma.com,"Femtech, Lifestyles of Health and Sustainability and wellness, Manufacturing",United States,Techstars Portfolio (techstars.com/portfolio),2026-08-05T18:36:58.568130+00:00,True,
2275,ComeBack Mobility,https://comebackmobility.com,"Healthtech, Mobile",United States,Techstars Portfolio (techstars.com/portfolio),2026-08-05T18:36:58.568130+00:00,True,
2276,CogniScope,https://cogniscope.co,Gaming,United Kingdom,Techstars Portfolio (techstars.com/portfolio),2026-08-05T18:36:58.568130+00:00,True,
2277,CaloSense,https://calosense.com,Digital health,United States,Techstars Portfolio (techstars.com/portfolio),2026-08-05T18:36:58.568130+00:00,True,
2278,ByteNite,https://bytenite.com,Cloudtech and DevOps,United States,Techstars Portfolio (techstars.com/portfolio),2026-08-05T18:36:58.568130+00:00,True,
2279,Brocali,https://brocali.io,Edtech,Israel,Techstars Portfolio (techstars.com/portfolio),2026-08-05T18:36:58.568130+00:00,True,
2280,Brilliantly,https://brilliantly.co,"Internet of Things, Lifestyles of Health and Sustainability and wellness, Manufacturing",United States,Techstars Portfolio (techstars.com/portfolio),2026-08-05T18:36:58.568130+00:00,True,
2281,BioEsol,https://bioesol.com,"Artificial intelligence and machine learning, Cleantech",Mexico,Techstars Portfolio (techstars.com/portfolio),2026-08-05T18:36:58.568130+00:00,True,
2282,Biiah,https://biiah.com,"Edtech, Impact investing, Mobile, Technology, media and telecommunications",United Kingdom,Techstars Portfolio (techstars.com/portfolio),2026-08-05T18:36:58.568130+00:00,True,
2283,BeeSage,https://beesage.co,"Agtech, Internet of Things",Netherlands,Techstars Portfolio (techstars.com/portfolio),2026-08-05T18:36:58.568130+00:00,True,
2284,BāKIT Box,https://bakitbox.com,Foodtech,United States,Techstars Portfolio (techstars.com/portfolio),2026-08-05T18:36:58.568130+00:00,True,
2285,Backr,https://backrsports.com,Mobile,Canada,Techstars Portfolio (techstars.com/portfolio),2026-08-05T18:36:58.568130+00:00,True,
2286,Automatika Robotics,https://automatikarobotics.com,Robotics and Drones,France,Techstars Portfolio (techstars.com/portfolio),2026-08-05T18:36:58.568130+00:00,True,
2287,Agent Lunar,https://luniate.ai,Marketing tech,Cayman Islands,Techstars Portfolio (techstars.com/portfolio),2026-08-05T18:36:58.568130+00:00,True,
2288,Accelerate Wind,https://acceleratewind.com,"Cleantech, Climate tech",United States,Techstars Portfolio (techstars.com/portfolio),2026-08-05T18:36:58.568130+00:00,True,
2289,STRE.ME,https://stre.me,HRtech,United States,Techstars Portfolio (techstars.com/portfolio),2026-08-05T18:36:58.568130+00:00,True,
2290,co:census,https://cocensus.io,"Artificial intelligence and machine learning, Mobile",United States,Techstars Portfolio (techstars.com/portfolio),2026-08-05T18:36:58.568130+00:00,True,
2291,Versus,https://versus.africa,"Artificial intelligence and machine learning, Big Data, Fintech",Nigeria,Techstars Portfolio (techstars.com/portfolio),2026-08-05T18:36:58.568130+00:00,True,
2292,EX-IQ,https://ex-iq.com,"Edtech, Mobile",United States,Techstars Portfolio (techstars.com/portfolio),2026-08-05T18:36:58.568130+00:00,True,
2293,Ejenta,https://ejenta.com,Artificial intelligence and machine learning,United States,Techstars Portfolio (techstars.com/portfolio),2026-08-05T18:36:58.568130+00:00,True,
2294,V2X Network,https://v2x.network,Mobility tech,Germany,Techstars Portfolio (techstars.com/portfolio),2026-08-05T18:36:58.568130+00:00,True,
2295,MADA Analytics,https://madaanalytics.com,"Artificial intelligence and machine learning, Climate tech, Fintech",Israel,Techstars Portfolio (techstars.com/portfolio),2026-08-05T18:36:58.568130+00:00,True,
2296,List Funding,https://listfunding.com,"Cryptocurrency/Blockchain, Fintech, Insurtech",Israel,Techstars Portfolio (techstars.com/portfolio),2026-08-05T18:36:58.568130+00:00,True,
2297,zoolife,https://zoolife.tv,"Mobile, Mobile commerce",Canada,Techstars Portfolio (techstars.com/portfolio),2026-08-05T18:36:58.568130+00:00,True,
2298,Xena Intelligence,https://xenaintelligence.com,"Adtech, Artificial intelligence and machine learning, Big Data, Marketing tech, Mobile",United States,Techstars Portfolio (techstars.com/portfolio),2026-08-05T18:36:58.568130+00:00,True,
2299,xBlock,https://xblock.ai,Artificial intelligence and machine learning,United States,Techstars Portfolio (techstars.com/portfolio),2026-08-05T18:36:58.568130+00:00,True,
2300,Workrz,https://workrz.net,HRtech,Israel,Techstars Portfolio (techstars.com/portfolio),2026-08-05T18:36:58.568130+00:00,True,
2301,WingDriver,https://wingdriver.com,Artificial intelligence and machine learning,Portugal,Techstars Portfolio (techstars.com/portfolio),2026-08-05T18:36:58.568130+00:00,True,
2302,Waldek Technologies,https://gauzilla.xyz,"Artificial intelligence and machine learning, Gaming, Real estate tech, Robotics and Drones, Virtual reality",Estonia,Techstars Portfolio (techstars.com/portfolio),2026-08-05T18:36:58.568130+00:00,True,
2303,Visuo,https://visuopro.com,"Artificial intelligence and machine learning, Marketing tech",Australia,Techstars Portfolio (techstars.com/portfolio),2026-08-05T18:36:58.568130+00:00,True,
2304,Undesert Corporation,https://undesert.com,"Cleantech, Climate tech, Industrials, Technology, media and telecommunications",United States,Techstars Portfolio (techstars.com/portfolio),2026-08-05T18:36:58.568130+00:00,True,
2305,Twini,https://twini.ai,"Artificial intelligence and machine learning, Mobile commerce",Italy,Techstars Portfolio (techstars.com/portfolio),2026-08-05T18:36:58.568130+00:00,True,
2306,The Care Hack,https://thecarehack.com,"Artificial intelligence and machine learning, Digital health, Healthtech",United States,Techstars Portfolio (techstars.com/portfolio),2026-08-05T18:36:58.568130+00:00,True,
2307,Tavolo,https://tavolo.ai,"Marketing tech, SaaS",United States,Techstars Portfolio (techstars.com/portfolio),2026-08-05T18:36:58.568130+00:00,True,
2308,SAILWINT,https://sailwint.com,"Artificial intelligence and machine learning, Cleantech, Climate tech, Internet of Things, Oil and gas",Germany,Techstars Portfolio (techstars.com/portfolio),2026-08-05T18:36:58.568130+00:00,True,
2309,Rubilabs,https://rubilabs.com,Agtech,United States,Techstars Portfolio (techstars.com/portfolio),2026-08-05T18:36:58.568130+00:00,True,
2310,Reppls,https://reppls.com,"Artificial intelligence and machine learning, HRtech",Netherlands,Techstars Portfolio (techstars.com/portfolio),2026-08-05T18:36:58.568130+00:00,True,
2311,Redivivum,https://redivivumtechnology.com,"Artificial intelligence and machine learning, Climate tech, Industrials",Ireland,Techstars Portfolio (techstars.com/portfolio),2026-08-05T18:36:58.568130+00:00,True,
2312,RAEV,,"Micromobility, Mobile, Mobility tech",United States,Techstars Portfolio (techstars.com/portfolio),2026-08-05T18:36:58.568130+00:00,True,
2313,PulzAid,https://pulzaid.com,Healthtech,United Kingdom,Techstars Portfolio (techstars.com/portfolio),2026-08-05T18:36:58.568130+00:00,True,
2314,Permits.com,https://permits.com,Real estate tech,United States,Techstars Portfolio (techstars.com/portfolio),2026-08-05T18:36:58.568130+00:00,True,
2315,Nyble,https://nyble.com,Fintech,Canada,Techstars Portfolio (techstars.com/portfolio),2026-08-05T18:36:58.568130+00:00,True,
2316,NanoAPI,https://nanoapi.io,"Climate tech, Cloudtech and DevOps",Netherlands,Techstars Portfolio (techstars.com/portfolio),2026-08-05T18:36:58.568130+00:00,True,
2317,Muse Tax,https://musetax.com,"Artificial intelligence and machine learning, Big Data, Fintech",United States,Techstars Portfolio (techstars.com/portfolio),2026-08-05T18:36:58.568130+00:00,True,
2318,Medtribe,https://medtribe.com,"Edtech, Healthtech",United Kingdom,Techstars Portfolio (techstars.com/portfolio),2026-08-05T18:36:58.568130+00:00,True,
2319,Lulo,https://hellolulo.com,"Digital health, Foodtech, Healthtech, Mobile",United States,Techstars Portfolio (techstars.com/portfolio),2026-08-05T18:36:58.568130+00:00,True,
2320,LegalEase.law,https://legalease.law,,United States,Techstars Portfolio (techstars.com/portfolio),2026-08-05T18:36:58.568130+00:00,True,
2321,LawLaw,https://lawlaw.co,Legal tech,United States,Techstars Portfolio (techstars.com/portfolio),2026-08-05T18:36:58.568130+00:00,True,
2322,Latte,https://latteconnect.com,Edtech,United States,Techstars Portfolio (techstars.com/portfolio),2026-08-05T18:36:58.568130+00:00,True,
2323,Laminar Scientific,https://laminarscientific.com,"Cleantech, Climate tech",United States,Techstars Portfolio (techstars.com/portfolio),2026-08-05T18:36:58.568130+00:00,True,
2324,Jaimee.ai,https://jaimee.ai,"Artificial intelligence and machine learning, Digital health, Femtech, Healthtech, Mobile",Australia,Techstars Portfolio (techstars.com/portfolio),2026-08-05T18:36:58.568130+00:00,True,
2325,Investrio,https://investrio.io,"Artificial intelligence and machine learning, Fintech, Impact investing",United States,Techstars Portfolio (techstars.com/portfolio),2026-08-05T18:36:58.568130+00:00,True,
2326,InStep,https://myinstep.com,"Artificial intelligence and machine learning, Big Data, Marketing tech",United Kingdom,Techstars Portfolio (techstars.com/portfolio),2026-08-05T18:36:58.568130+00:00,True,
2327,Inner Peak AI,https://innerpeak.ai,"Artificial intelligence and machine learning, Digital health, Edtech, Healthtech",United States,Techstars Portfolio (techstars.com/portfolio),2026-08-05T18:36:58.568130+00:00,True,
2328,Inkwire,https://inkwire.co,"Artificial intelligence and machine learning, Edtech",United States,Techstars Portfolio (techstars.com/portfolio),2026-08-05T18:36:58.568130+00:00,True,
2329,Incredible,https://getincredible.com,"Cloudtech and DevOps, Fintech, Infrastructure, Mobile",United Kingdom,Techstars Portfolio (techstars.com/portfolio),2026-08-05T18:36:58.568130+00:00,True,
2330,HyperTunnel,https://hypertunnel.com,"Artificial intelligence and machine learning, Augmented reality, Industrials, Virtual reality",United States,Techstars Portfolio (techstars.com/portfolio),2026-08-05T18:36:58.568130+00:00,True,
2331,Huntr,https://huntr.app,HRtech,United Arab Emirates,Techstars Portfolio (techstars.com/portfolio),2026-08-05T18:36:58.568130+00:00,True,
2332,Heatseeker,https://heatseeker.ai,"Adtech, Artificial intelligence and machine learning, Marketing tech",Australia,Techstars Portfolio (techstars.com/portfolio),2026-08-05T18:36:58.568130+00:00,True,
2333,Groopie,https://joingroopie.com,"Edtech, Fintech, Impact investing, Technology, media and telecommunications",Australia,Techstars Portfolio (techstars.com/portfolio),2026-08-05T18:36:58.568130+00:00,True,
2334,Gether,https://gether.life,Femtech,Australia,Techstars Portfolio (techstars.com/portfolio),2026-08-05T18:36:58.568130+00:00,True,
2335,GAGE Technology,https://gagework.com,HRtech,United States,Techstars Portfolio (techstars.com/portfolio),2026-08-05T18:36:58.568130+00:00,True,
2336,Fractionum,https://fractionum.com,"Artificial intelligence and machine learning, Fintech, Real estate tech",Canada,Techstars Portfolio (techstars.com/portfolio),2026-08-05T18:36:58.568130+00:00,True,
2337,ExLattice,https://exlattice.com,"Artificial intelligence and machine learning, Manufacturing",United States,Techstars Portfolio (techstars.com/portfolio),2026-08-05T18:36:58.568130+00:00,True,
2338,Eolic Wall,https://eolicwall.com,Climate tech,United States,Techstars Portfolio (techstars.com/portfolio),2026-08-05T18:36:58.568130+00:00,True,
2339,eko,https://eko.investments,Fintech,Netherlands,Techstars Portfolio (techstars.com/portfolio),2026-08-05T18:36:58.568130+00:00,True,
2340,Earthletica,https://earthletica.com,"Cleantech, Lifestyles of Health and Sustainability and wellness",Australia,Techstars Portfolio (techstars.com/portfolio),2026-08-05T18:36:58.568130+00:00,True,
2341,Dispute Buddy,https://disputebuddy.co,Legal tech,New Zealand,Techstars Portfolio (techstars.com/portfolio),2026-08-05T18:36:58.568130+00:00,True,
2342,Dashboard Story,https://duetinc.com,Mobility tech,United States,Techstars Portfolio (techstars.com/portfolio),2026-08-05T18:36:58.568130+00:00,True,
2343,Crow Industries,https://crowindustriesinc.com,"Artificial intelligence and machine learning, Climate tech, Industrials, Robotics and Drones",United States,Techstars Portfolio (techstars.com/portfolio),2026-08-05T18:36:58.568130+00:00,True,
2344,ConnectedFresh,https://connectedfresh.com,Internet of Things,United States,Techstars Portfolio (techstars.com/portfolio),2026-08-05T18:36:58.568130+00:00,True,
2345,Collctiv,https://collctiv.com,Fintech,United Kingdom,Techstars Portfolio (techstars.com/portfolio),2026-08-05T18:36:58.568130+00:00,True,
2346,Chapter.run,https://chapter.show,Artificial intelligence and machine learning,Germany,Techstars Portfolio (techstars.com/portfolio),2026-08-05T18:36:58.568130+00:00,True,
2347,Capyble,https://capyble.com,"Artificial intelligence and machine learning, Climate tech, Edtech, HRtech, Legal tech",Australia,Techstars Portfolio (techstars.com/portfolio),2026-08-05T18:36:58.568130+00:00,True,
2348,Boosst,https://boosstme.com,Fintech,Israel,Techstars Portfolio (techstars.com/portfolio),2026-08-05T18:36:58.568130+00:00,True,
2349,Bamba Corp.,https://bambagroup.com,Mobile,Kenya,Techstars Portfolio (techstars.com/portfolio),2026-08-05T18:36:58.568130+00:00,True,
2350,Antares Health,https://antares.health,"Artificial intelligence and machine learning, Digital health, Femtech, Healthtech",United Kingdom,Techstars Portfolio (techstars.com/portfolio),2026-08-05T18:36:58.568130+00:00,True,
2351,Allosense,https://allosense.com,"Artificial intelligence and machine learning, Internet of Things, Lifestyles of Health and Sustainability and wellness, Manufacturing, Mobility tech",United States,Techstars Portfolio (techstars.com/portfolio),2026-08-05T18:36:58.568130+00:00,True,
2352,AIRS ML,https://airsml.co.uk,"Artificial intelligence and machine learning, Industrials, Internet of Things, Manufacturing",United Kingdom,Techstars Portfolio (techstars.com/portfolio),2026-08-05T18:36:58.568130+00:00,True,
2353,Affiniti AI,https://affiniti.ai,"Artificial intelligence and machine learning, Big Data, Digital health, Mobile",United Kingdom,Techstars Portfolio (techstars.com/portfolio),2026-08-05T18:36:58.568130+00:00,True,
2354,Novele,https://novele.com,Climate tech,United States,Techstars Portfolio (techstars.com/portfolio),2026-08-05T18:36:58.568130+00:00,True,
2355,Klasha,https://klasha.com,Fintech,Nigeria,Techstars Portfolio (techstars.com/portfolio),2026-08-05T18:36:58.568130+00:00,True,
2356,Optionsamurai,https://optionsamurai.com,"Big Data, Fintech, Mobile",Israel,Techstars Portfolio (techstars.com/portfolio),2026-08-05T18:36:58.568130+00:00,True,
2357,FinancialJuice,https://financialjuice.com,Fintech,United Kingdom,Techstars Portfolio (techstars.com/portfolio),2026-08-05T18:36:58.568130+00:00,True,
2358,B2B Pay,https://b2bpay.co,Fintech,Finland,Techstars Portfolio (techstars.com/portfolio),2026-08-05T18:36:58.568130+00:00,True,
2359,idatase,https://netlume.net,Infrastructure,Germany,Techstars Portfolio (techstars.com/portfolio),2026-08-05T18:36:58.568130+00:00,True,
2360,MobileDevHQ,https://mobiledevhq.com,"Fintech, Mobile, SaaS",United States,Techstars Portfolio (techstars.com/portfolio),2026-08-05T18:36:58.568130+00:00,True,
2361,PropertyQuants,https://propertyquants.com,"Artificial intelligence and machine learning, Fintech",Singapore,Techstars Portfolio (techstars.com/portfolio),2026-08-05T18:36:58.568130+00:00,True,
2362,Finneo,https://finneotech.com,Fintech,Canada,Techstars Portfolio (techstars.com/portfolio),2026-08-05T18:36:58.568130+00:00,True,
2363,Fast Office,https://fastoffice.com,Real estate tech,Canada,Techstars Portfolio (techstars.com/portfolio),2026-08-05T18:36:58.568130+00:00,True,
2364,Bred Token,https://bredtoken.com,"Cryptocurrency/Blockchain, Fintech",Canada,Techstars Portfolio (techstars.com/portfolio),2026-08-05T18:36:58.568130+00:00,True,
2365,ADEx,https://adex.ai,"Artificial intelligence and machine learning, Real estate tech",United States,Techstars Portfolio (techstars.com/portfolio),2026-08-05T18:36:58.568130+00:00,True,
2366,Ultraview AI,https://ultraview.io,"Artificial intelligence and machine learning, Robotics and Drones, Space tech",United States,Techstars Portfolio (techstars.com/portfolio),2026-08-05T18:36:58.568130+00:00,True,
2367,ToMarket,https://tomarket.farm,"Agtech, Foodtech",United States,Techstars Portfolio (techstars.com/portfolio),2026-08-05T18:36:58.568130+00:00,True,
2368,SynthAlly,https://synthally.com,Artificial intelligence and machine learning,United States,Techstars Portfolio (techstars.com/portfolio),2026-08-05T18:36:58.568130+00:00,True,
2369,Swarm,https://swarm.fund,"Cryptocurrency/Blockchain, Fintech",United States,Techstars Portfolio (techstars.com/portfolio),2026-08-05T18:36:58.568130+00:00,True,
2370,StokedPlastics,https://stokedplastics.com,"Cleantech, Manufacturing",United States,Techstars Portfolio (techstars.com/portfolio),2026-08-05T18:36:58.568130+00:00,True,
2371,Spiral Blue,https://spiralblue.space,"Climate tech, Space tech",Australia,Techstars Portfolio (techstars.com/portfolio),2026-08-05T18:36:58.568130+00:00,True,
2372,SkySERVE,https://skyserve.ai,"Artificial intelligence and machine learning, Space tech",India,Techstars Portfolio (techstars.com/portfolio),2026-08-05T18:36:58.568130+00:00,True,
2373,re:ORBITAL,https://re-orbital.com,Space tech,United States,Techstars Portfolio (techstars.com/portfolio),2026-08-05T18:36:58.568130+00:00,True,
2374,PromoShare,https://promoshare.com,Adtech,United States,Techstars Portfolio (techstars.com/portfolio),2026-08-05T18:36:58.568130+00:00,True,
2375,Pitchtape,https://pitchtape.com,Future of work,United States,Techstars Portfolio (techstars.com/portfolio),2026-08-05T18:36:58.568130+00:00,True,
2376,Pantheon Design,https://pantheondesign.com,"Manufacturing, Robotics and Drones",Canada,Techstars Portfolio (techstars.com/portfolio),2026-08-05T18:36:58.568130+00:00,True,
2377,Navut,https://navut.com,"Fintech, Insurtech",Canada,Techstars Portfolio (techstars.com/portfolio),2026-08-05T18:36:58.568130+00:00,True,
2378,Mithril Technologies,https://mithril.space,"Climate tech, Space tech, Technology, media and telecommunications",United States,Techstars Portfolio (techstars.com/portfolio),2026-08-05T18:36:58.568130+00:00,True,
2379,Mercadounico,https://mercadounico.tech,Future of work,Brazil,Techstars Portfolio (techstars.com/portfolio),2026-08-05T18:36:58.568130+00:00,True,
2380,Markit Social,https://markitsocial.net,,United States,Techstars Portfolio (techstars.com/portfolio),2026-08-05T18:36:58.568130+00:00,True,
2381,Magueyexchange,https://magueyexchange.com,"Agtech, Cleantech, Supply chain technology",United States,Techstars Portfolio (techstars.com/portfolio),2026-08-05T18:36:58.568130+00:00,True,
2382,Lola Vision Systems,https://lolavisionsystems.com,"Artificial intelligence and machine learning, Big Data, Manufacturing, Mobility tech",United States,Techstars Portfolio (techstars.com/portfolio),2026-08-05T18:36:58.568130+00:00,True,
2383,LegacyShift,https://legacyshift.com,"Artificial intelligence and machine learning, HRtech",United States,Techstars Portfolio (techstars.com/portfolio),2026-08-05T18:36:58.568130+00:00,True,
2384,Intrinsic Power,https://intrinsicpower.com,"Artificial intelligence and machine learning, Big Data, Cleantech, Lifestyles of Health and Sustainability and wellness",United States,Techstars Portfolio (techstars.com/portfolio),2026-08-05T18:36:58.568130+00:00,True,
2385,HyWatts,https://hywatts.com,"Cleantech, Lifestyles of Health and Sustainability and wellness",United States,Techstars Portfolio (techstars.com/portfolio),2026-08-05T18:36:58.568130+00:00,True,
2386,Hera Health Solutions,https://herahealthsolutions.com,Healthtech,United States,Techstars Portfolio (techstars.com/portfolio),2026-08-05T18:36:58.568130+00:00,True,
2387,Growth Collective,https://growthcollective.com,HRtech,United States,Techstars Portfolio (techstars.com/portfolio),2026-08-05T18:36:58.568130+00:00,True,
2388,Faredirect,https://fare.direct,Artificial intelligence and machine learning,United Kingdom,Techstars Portfolio (techstars.com/portfolio),2026-08-05T18:36:58.568130+00:00,True,
2389,Everlater,https://everlater.com,"Fintech, Mobile",United States,Techstars Portfolio (techstars.com/portfolio),2026-08-05T18:36:58.568130+00:00,True,
2390,Emigrait,https://emigrait.com,"Artificial intelligence and machine learning, Real estate tech",United States,Techstars Portfolio (techstars.com/portfolio),2026-08-05T18:36:58.568130+00:00,True,
2391,DroneAdair,https://droneadair.com,Robotics and Drones,United States,Techstars Portfolio (techstars.com/portfolio),2026-08-05T18:36:58.568130+00:00,True,
2392,CREWASIS,https://crewasis.ai,"Big Data, Cloudtech and DevOps, Infrastructure",United States,Techstars Portfolio (techstars.com/portfolio),2026-08-05T18:36:58.568130+00:00,True,
2393,Corventive Health,https://corventivehealth.com,Healthtech,United States,Techstars Portfolio (techstars.com/portfolio),2026-08-05T18:36:58.568130+00:00,True,
2394,ColliMate Space,https://collimatespace.com,"Climate tech, Cloudtech and DevOps, Space tech",United States,Techstars Portfolio (techstars.com/portfolio),2026-08-05T18:36:58.568130+00:00,True,
2395,Candle Finance,https://trycandle.com,Fintech,United States,Techstars Portfolio (techstars.com/portfolio),2026-08-05T18:36:58.568130+00:00,True,
2396,Cambrian Protocol,https://cambrianprotocol.com,Cryptocurrency/Blockchain,United States,Techstars Portfolio (techstars.com/portfolio),2026-08-05T18:36:58.568130+00:00,True,
2397,CAHill TECH,https://cahilltech.com,Edtech,United States,Techstars Portfolio (techstars.com/portfolio),2026-08-05T18:36:58.568130+00:00,True,
2398,ATRX,https://atrx.space,Space tech,United States,Techstars Portfolio (techstars.com/portfolio),2026-08-05T18:36:58.568130+00:00,True,
2399,Astron Systems,https://astronsystems.com,"Cleantech, Infrastructure, Manufacturing, Space tech",United Kingdom,Techstars Portfolio (techstars.com/portfolio),2026-08-05T18:36:58.568130+00:00,True,
2400,Apsy,https://apsy.io,Artificial intelligence and machine learning,United States,Techstars Portfolio (techstars.com/portfolio),2026-08-05T18:36:58.568130+00:00,True,
2401,Alli Connect,https://thrivelution.com,"Artificial intelligence and machine learning, Healthtech, Insurtech, Lifestyles of Health and Sustainability and wellness, Mobile",United States,Techstars Portfolio (techstars.com/portfolio),2026-08-05T18:36:58.568130+00:00,True,
2402,Tuva,https://tuvalabs.com,"Technology, media and telecommunications",United States,Techstars Portfolio (techstars.com/portfolio),2026-08-05T18:36:58.568130+00:00,True,
2403,Afineur,https://afineur.com,Climate tech,United States,Techstars Portfolio (techstars.com/portfolio),2026-08-05T18:36:58.568130+00:00,True,
2404,Tablz,https://transparentkitchen.ca,"Foodtech, Mobile",Canada,Techstars Portfolio (techstars.com/portfolio),2026-08-05T18:36:58.568130+00:00,True,
2405,Imago AI,https://imagoai.com,"Artificial intelligence and machine learning, Climate tech, Manufacturing",India,Techstars Portfolio (techstars.com/portfolio),2026-08-05T18:36:58.568130+00:00,True,
2406,Contain,https://contain.ag,"Agtech, Climate tech, Fintech",United States,Techstars Portfolio (techstars.com/portfolio),2026-08-05T18:36:58.568130+00:00,True,
2407,Enermo Technology,https://enermotechnology.com,"Artificial intelligence and machine learning, Internet of Things",Singapore,Techstars Portfolio (techstars.com/portfolio),2026-08-05T18:36:58.568130+00:00,True,
2408,Cerekon,https://cerekon.com,"Artificial intelligence and machine learning, Internet of Things, Mobile, Virtual reality",Singapore,Techstars Portfolio (techstars.com/portfolio),2026-08-05T18:36:58.568130+00:00,True,
2409,SPOOLIFY AI,https://spoolify.io,Artificial intelligence and machine learning,United States,Techstars Portfolio (techstars.com/portfolio),2026-08-05T18:36:58.568130+00:00,True,
2410,Sellar,https://sellar.io,SaaS,United Kingdom,Techstars Portfolio (techstars.com/portfolio),2026-08-05T18:36:58.568130+00:00,True,
2411,Strayos,https://strayos.com,"Artificial intelligence and machine learning, Cleantech, Climate tech, Oil and gas, Robotics and Drones",United States,Techstars Portfolio (techstars.com/portfolio),2026-08-05T18:36:58.568130+00:00,True,
2412,Habit,https://habit.io,"Insurtech, Internet of Things, Lifestyles of Health and Sustainability and wellness, Mobile",United States,Techstars Portfolio (techstars.com/portfolio),2026-08-05T18:36:58.568130+00:00,True,
2413,Envio,https://helloenvio.com,Internet of Things,United Kingdom,Techstars Portfolio (techstars.com/portfolio),2026-08-05T18:36:58.568130+00:00,True,
2414,Zephframe,https://zephframe.com,Internet of Things,United Kingdom,Techstars Portfolio (techstars.com/portfolio),2026-08-05T18:36:58.568130+00:00,True,
2415,WiseDrive,https://wisedrive.ee,"Artificial intelligence and machine learning, Insurtech, Mobile, Mobility tech",Estonia,Techstars Portfolio (techstars.com/portfolio),2026-08-05T18:36:58.568130+00:00,True,
2416,Waterson,https://waterson.lv,"Artificial intelligence and machine learning, Cleantech, Internet of Things",Latvia,Techstars Portfolio (techstars.com/portfolio),2026-08-05T18:36:58.568130+00:00,True,
2417,Upmarket,https://upmarket.io,Fintech,United States,Techstars Portfolio (techstars.com/portfolio),2026-08-05T18:36:58.568130+00:00,True,
2418,Transship Corp,https://transship.net,Supply chain technology,United States,Techstars Portfolio (techstars.com/portfolio),2026-08-05T18:36:58.568130+00:00,True,
2419,TerraWaste,https://terrawaste.tech,"Cleantech, Climate tech, Manufacturing, Oil and gas, Supply chain technology",Latvia,Techstars Portfolio (techstars.com/portfolio),2026-08-05T18:36:58.568130+00:00,True,
2420,TAINR,https://gotainr.com,Artificial intelligence and machine learning,United States,Techstars Portfolio (techstars.com/portfolio),2026-08-05T18:36:58.568130+00:00,True,
2421,Stride Racing,https://app.strideracing.io,"Technology, media and telecommunications",Ireland,Techstars Portfolio (techstars.com/portfolio),2026-08-05T18:36:58.568130+00:00,True,
2422,srve,https://srve.co,"Foodtech, Lifestyles of Health and Sustainability and wellness, Mobile",United States,Techstars Portfolio (techstars.com/portfolio),2026-08-05T18:36:58.568130+00:00,True,
2423,Sonnet,https://sonnetai.com,"Artificial intelligence and machine learning, SaaS",United States,Techstars Portfolio (techstars.com/portfolio),2026-08-05T18:36:58.568130+00:00,True,
2424,smallTalk,https://smalltalk.tech,Healthtech,United States,Techstars Portfolio (techstars.com/portfolio),2026-08-05T18:36:58.568130+00:00,True,
2425,Served,https://served-app.com,Artificial intelligence and machine learning,United Kingdom,Techstars Portfolio (techstars.com/portfolio),2026-08-05T18:36:58.568130+00:00,True,
2426,Segura,https://segura-water.com,Climate tech,United Kingdom,Techstars Portfolio (techstars.com/portfolio),2026-08-05T18:36:58.568130+00:00,True,
2427,SaltyCloud,https://saltycloud.com,"Cybersecurity, Infrastructure",United States,Techstars Portfolio (techstars.com/portfolio),2026-08-05T18:36:58.568130+00:00,True,
2428,RYN,https://therynapp.com,"Artificial intelligence and machine learning, Mobile, Mobile commerce, SaaS",United States,Techstars Portfolio (techstars.com/portfolio),2026-08-05T18:36:58.568130+00:00,True,
2429,Roomkast,https://roomkast.com,"Mobile, Real estate tech",Denmark,Techstars Portfolio (techstars.com/portfolio),2026-08-05T18:36:58.568130+00:00,True,
2430,RepOne Strength,https://reponestrength.com,Digital health,United States,Techstars Portfolio (techstars.com/portfolio),2026-08-05T18:36:58.568130+00:00,True,
2431,Pull To Refresh,https://pulltorefresh.earth,"Cleantech, Climate tech, Robotics and Drones",United States,Techstars Portfolio (techstars.com/portfolio),2026-08-05T18:36:58.568130+00:00,True,
2432,Plus Up,https://gogoodtimer.com,"Digital health, Edtech, Internet of Things",United States,Techstars Portfolio (techstars.com/portfolio),2026-08-05T18:36:58.568130+00:00,True,
2433,Plate,https://plate.social,"Foodtech, Marketing tech",United States,Techstars Portfolio (techstars.com/portfolio),2026-08-05T18:36:58.568130+00:00,True,
2434,Perks,https://perksrewards.app,Real estate tech,United States,Techstars Portfolio (techstars.com/portfolio),2026-08-05T18:36:58.568130+00:00,True,
2435,OYA Femtech Apparel,https://wearoya.com,Femtech,United States,Techstars Portfolio (techstars.com/portfolio),2026-08-05T18:36:58.568130+00:00,True,
2436,Organicin Scientific,https://organicinscientific.com,Healthtech,United States,Techstars Portfolio (techstars.com/portfolio),2026-08-05T18:36:58.568130+00:00,True,
2437,On The Goga,https://onthegoga.com,HRtech,United States,Techstars Portfolio (techstars.com/portfolio),2026-08-05T18:36:58.568130+00:00,True,
2438,OneDeal,https://onedeal.biz,"Fintech, SaaS",United States,Techstars Portfolio (techstars.com/portfolio),2026-08-05T18:36:58.568130+00:00,True,
2439,Olpay,https://olpay.co,Fintech,United States,Techstars Portfolio (techstars.com/portfolio),2026-08-05T18:36:58.568130+00:00,True,
2440,Okkanti,https://okkanti.com,"Digital health, Femtech, Healthtech",United States,Techstars Portfolio (techstars.com/portfolio),2026-08-05T18:36:58.568130+00:00,True,
2441,OfSpectrum,https://ofspectrum.com,"Artificial intelligence and machine learning, Audiotech, SaaS, Technology, media and telecommunications",United States,Techstars Portfolio (techstars.com/portfolio),2026-08-05T18:36:58.568130+00:00,True,
2442,Nyad,https://nyad.ai,"Artificial intelligence and machine learning, Cleantech, Industrials, Internet of Things",United States,Techstars Portfolio (techstars.com/portfolio),2026-08-05T18:36:58.568130+00:00,True,
2443,Maygia,https://maygia.com,"Cleantech, Climate tech, Impact investing, Industrials, Infrastructure, Manufacturing, Oil and gas, Space tech",Israel,Techstars Portfolio (techstars.com/portfolio),2026-08-05T18:36:58.568130+00:00,True,
2444,Inspectle Food,https://inspectle.online,Foodtech,Estonia,Techstars Portfolio (techstars.com/portfolio),2026-08-05T18:36:58.568130+00:00,True,
2445,ImpactableX,https://impactablex.com,"Artificial intelligence and machine learning, Fintech, Impact investing",United States,Techstars Portfolio (techstars.com/portfolio),2026-08-05T18:36:58.568130+00:00,True,
2446,Hop Robotics,https://hoprobotics.com,"Big Data, Foodtech",United States,Techstars Portfolio (techstars.com/portfolio),2026-08-05T18:36:58.568130+00:00,True,
2447,Gymble,https://gymble.us,"Marketing tech, Mobile",United States,Techstars Portfolio (techstars.com/portfolio),2026-08-05T18:36:58.568130+00:00,True,
2448,GRIT,https://gogrit.us,Mobility tech,United States,Techstars Portfolio (techstars.com/portfolio),2026-08-05T18:36:58.568130+00:00,True,
2449,goscore,https://goscore.me,"Artificial intelligence and machine learning, Big Data, Fintech, Mobile",Norway,Techstars Portfolio (techstars.com/portfolio),2026-08-05T18:36:58.568130+00:00,True,
2450,Generation Environment,https://generationenvironment.com,"Climate tech, Fintech, Impact investing, Lifestyles of Health and Sustainability and wellness, Technology, media and telecommunications",United States,Techstars Portfolio (techstars.com/portfolio),2026-08-05T18:36:58.568130+00:00,True,
2451,Fovionics,https://fovionics.com,"Artificial intelligence and machine learning, Digital health, Healthtech, Internet of Things",United States,Techstars Portfolio (techstars.com/portfolio),2026-08-05T18:36:58.568130+00:00,True,
2452,Evenlift,https://evenlift.io,Digital health,United States,Techstars Portfolio (techstars.com/portfolio),2026-08-05T18:36:58.568130+00:00,True,
2453,Ekei,https://ekei.net,"Artificial intelligence and machine learning, Supply chain technology",United Kingdom,Techstars Portfolio (techstars.com/portfolio),2026-08-05T18:36:58.568130+00:00,True,
2454,EcoBloc,https://bloc.eco,"Agtech, Artificial intelligence and machine learning, Cleantech, Fintech, Foodtech, Internet of Things, Manufacturing, Real estate tech, Supply chain technology",Canada,Techstars Portfolio (techstars.com/portfolio),2026-08-05T18:36:58.568130+00:00,True,
2455,Digiphy,https://digiphy.it,Marketing tech,United States,Techstars Portfolio (techstars.com/portfolio),2026-08-05T18:36:58.568130+00:00,True,
2456,CropConex,https://cropconex.com,"Agtech, Fintech, Foodtech, Mobile commerce, Supply chain technology",United States,Techstars Portfolio (techstars.com/portfolio),2026-08-05T18:36:58.568130+00:00,True,
2457,Clockout,https://joinclockout.com,Fintech,United States,Techstars Portfolio (techstars.com/portfolio),2026-08-05T18:36:58.568130+00:00,True,
2458,CarbonBridge,https://carbonbridge.io,"Agtech, Cleantech, Climate tech, Impact investing, Industrials",United States,Techstars Portfolio (techstars.com/portfolio),2026-08-05T18:36:58.568130+00:00,True,
2459,BoxxDocks,https://boxxdocks.com,"Cleantech, Lifestyles of Health and Sustainability and wellness",United Kingdom,Techstars Portfolio (techstars.com/portfolio),2026-08-05T18:36:58.568130+00:00,True,
2460,Borde,https://borde.io,"Artificial intelligence and machine learning, Big Data",United States,Techstars Portfolio (techstars.com/portfolio),2026-08-05T18:36:58.568130+00:00,True,
2461,Big Brain AI,https://big-brain.ai,Restaurant tech,United States,Techstars Portfolio (techstars.com/portfolio),2026-08-05T18:36:58.568130+00:00,True,
2462,Bairu,https://bairu.io,Foodtech,Bolivia,Techstars Portfolio (techstars.com/portfolio),2026-08-05T18:36:58.568130+00:00,True,
2463,Avionova,https://avionova.tech,"Healthtech, Space tech",United States,Techstars Portfolio (techstars.com/portfolio),2026-08-05T18:36:58.568130+00:00,True,
2464,Availyst,https://home.availyst.com,"Artificial intelligence and machine learning, Foodtech, Mobile",United States,Techstars Portfolio (techstars.com/portfolio),2026-08-05T18:36:58.568130+00:00,True,
2465,AnsuR,https://ansur.no,"Internet of Things, Robotics and Drones",Norway,Techstars Portfolio (techstars.com/portfolio),2026-08-05T18:36:58.568130+00:00,True,
2466,AlphaBBL,https://alphabbl.com,"Artificial intelligence and machine learning, Fintech, Oil and gas",United States,Techstars Portfolio (techstars.com/portfolio),2026-08-05T18:36:58.568130+00:00,True,
2467,AgroCenta,https://agrocenta.com,"Agtech, Fintech",Ghana,Techstars Portfolio (techstars.com/portfolio),2026-08-05T18:36:58.568130+00:00,True,
2468,3R Pallets,https://3rpallets.com,"Climate tech, Manufacturing",United States,Techstars Portfolio (techstars.com/portfolio),2026-08-05T18:36:58.568130+00:00,True,
2469,Krak,https://skatekrak.com,"Cryptocurrency/Blockchain, Mobile, Technology, media and telecommunications",United States,Techstars Portfolio (techstars.com/portfolio),2026-08-05T18:36:58.568130+00:00,True,
2470,Madbarz,https://madbarz.com,"Beauty, Digital health, Lifestyles of Health and Sustainability and wellness",Croatia,Techstars Portfolio (techstars.com/portfolio),2026-08-05T18:36:58.568130+00:00,True,
2471,Hurree,https://hurree.co,Mobile,United Kingdom,Techstars Portfolio (techstars.com/portfolio),2026-08-05T18:36:58.568130+00:00,True,
2472,ThisFish,https://this.fish,Climate tech,Canada,Techstars Portfolio (techstars.com/portfolio),2026-08-05T18:36:58.568130+00:00,True,
2473,Lotic Labs,https://loticlabs.com,"Cleantech, Climate tech, Fintech, Insurtech",United States,Techstars Portfolio (techstars.com/portfolio),2026-08-05T18:36:58.568130+00:00,True,
2474,Stockfuse,https://stockfuse.com,Fintech,United States,Techstars Portfolio (techstars.com/portfolio),2026-08-05T18:36:58.568130+00:00,True,
2475,FIX HEALTH,https://fix-health.com,"Gaming, Healthtech, Insurtech, Lifestyles of Health and Sustainability and wellness, Mobile",United States,Techstars Portfolio (techstars.com/portfolio),2026-08-05T18:36:58.568130+00:00,True,
2476,Aligned Business,https://alignedbiz.com,"Fintech, Insurtech",Singapore,Techstars Portfolio (techstars.com/portfolio),2026-08-05T18:36:58.568130+00:00,True,
2477,YourDiamonds,https://yourdiamonds.com,"Cryptocurrency/Blockchain, Fintech",Australia,Techstars Portfolio (techstars.com/portfolio),2026-08-05T18:36:58.568130+00:00,True,
2478,WeavAir,https://weavair.com,"Artificial intelligence and machine learning, Cleantech, Infrastructure, Internet of Things, Lifestyles of Health and Sustainability and wellness",Canada,Techstars Portfolio (techstars.com/portfolio),2026-08-05T18:36:58.568130+00:00,True,
2479,vRotors,https://vrotors.com,"Artificial intelligence and machine learning, Gaming, Internet of Things, Mobile, Robotics and Drones, Virtual reality",United States,Techstars Portfolio (techstars.com/portfolio),2026-08-05T18:36:58.568130+00:00,True,
2480,VOIDS,https://voids.ai,"Artificial intelligence and machine learning, Marketing tech, Supply chain technology",Germany,Techstars Portfolio (techstars.com/portfolio),2026-08-05T18:36:58.568130+00:00,True,
2481,Vocations,https://vocations.io,HRtech,Italy,Techstars Portfolio (techstars.com/portfolio),2026-08-05T18:36:58.568130+00:00,True,
2482,Vittas,https://vittasinternational.com,"Artificial intelligence and machine learning, Big Data, Fintech, Healthtech",Nigeria,Techstars Portfolio (techstars.com/portfolio),2026-08-05T18:36:58.568130+00:00,True,
2483,Ultrium Technologies,https://discoverultrium.com,"Big Data, Mobility tech",United States,Techstars Portfolio (techstars.com/portfolio),2026-08-05T18:36:58.568130+00:00,True,
2484,Trove,https://trovefinance.com,"Fintech, Impact investing, Mobile",United States,Techstars Portfolio (techstars.com/portfolio),2026-08-05T18:36:58.568130+00:00,True,
2485,TradeWay,https://tradesaretheway.com,HRtech,United States,Techstars Portfolio (techstars.com/portfolio),2026-08-05T18:36:58.568130+00:00,True,
2486,Towntalk Solutions,https://towntalk-solutions.com,"Artificial intelligence and machine learning, Big Data, Infrastructure, Insurtech",United States,Techstars Portfolio (techstars.com/portfolio),2026-08-05T18:36:58.568130+00:00,True,
2487,Story Spark,https://storyspark.ai,Artificial intelligence and machine learning,United Kingdom,Techstars Portfolio (techstars.com/portfolio),2026-08-05T18:36:58.568130+00:00,True,
2488,Staxe,https://staxe.io,"Cryptocurrency/Blockchain, Fintech",Switzerland,Techstars Portfolio (techstars.com/portfolio),2026-08-05T18:36:58.568130+00:00,True,
2489,spacebrains,https://spacebrains.tech,HRtech,Slovakia,Techstars Portfolio (techstars.com/portfolio),2026-08-05T18:36:58.568130+00:00,True,
2490,Sidebrief,https://sidebrief.com,Legal tech,United States,Techstars Portfolio (techstars.com/portfolio),2026-08-05T18:36:58.568130+00:00,True,
2491,Scoutz,https://scoutzapp.com,Mobile,United States,Techstars Portfolio (techstars.com/portfolio),2026-08-05T18:36:58.568130+00:00,True,
2492,Salad,https://saladafrica.com,"Fintech, Mobile",United States,Techstars Portfolio (techstars.com/portfolio),2026-08-05T18:36:58.568130+00:00,True,
2493,Sainte,https://joinsainte.com,"Artificial intelligence and machine learning, Big Data, Digital health, Lifestyles of Health and Sustainability and wellness",United States,Techstars Portfolio (techstars.com/portfolio),2026-08-05T18:36:58.568130+00:00,True,
2494,Resonance UG,https://resonance.so,"Lifestyles of Health and Sustainability and wellness, Mobile",Germany,Techstars Portfolio (techstars.com/portfolio),2026-08-05T18:36:58.568130+00:00,True,
2495,Reportwell,https://reportwell.io,Legal tech,United States,Techstars Portfolio (techstars.com/portfolio),2026-08-05T18:36:58.568130+00:00,True,
2496,Recrewty,https://recrewty.com,HRtech,Montenegro,Techstars Portfolio (techstars.com/portfolio),2026-08-05T18:36:58.568130+00:00,True,
2497,Recheck,https://recheck.io,"Cryptocurrency/Blockchain, Internet of Things",Netherlands,Techstars Portfolio (techstars.com/portfolio),2026-08-05T18:36:58.568130+00:00,True,
2498,Pepperest,https://peppasync.ai,"E-commerce, Fintech",United Kingdom,Techstars Portfolio (techstars.com/portfolio),2026-08-05T18:36:58.568130+00:00,True,
2499,Orakle Weather,https://orakleweather.com,"Artificial intelligence and machine learning, Insurtech",France,Techstars Portfolio (techstars.com/portfolio),2026-08-05T18:36:58.568130+00:00,True,
2500,OptimizeEV,https://optimizeev.com,"Big Data, Cleantech, Lifestyles of Health and Sustainability and wellness, Mobility tech",United States,Techstars Portfolio (techstars.com/portfolio),2026-08-05T18:36:58.568130+00:00,True,
2501,modlee,https://modlee.ai,"Artificial intelligence and machine learning, Cloudtech and DevOps",United States,Techstars Portfolio (techstars.com/portfolio),2026-08-05T18:36:58.568130+00:00,True,
2502,MegaFans,https://megafans.com,"Cryptocurrency/Blockchain, eSports, Gaming, Mobile",United States,Techstars Portfolio (techstars.com/portfolio),2026-08-05T18:36:58.568130+00:00,True,
2503,MATERIA intel,https://materiaintel.com,SaaS,Italy,Techstars Portfolio (techstars.com/portfolio),2026-08-05T18:36:58.568130+00:00,True,
2504,LiveDuel,https://liveduel.com,"Cryptocurrency/Blockchain, Gaming",Ireland,Techstars Portfolio (techstars.com/portfolio),2026-08-05T18:36:58.568130+00:00,True,
2505,LIVAQ,https://livaq.co,"Manufacturing, Micromobility",United States,Techstars Portfolio (techstars.com/portfolio),2026-08-05T18:36:58.568130+00:00,True,
2506,Litlyx,https://litlyx.com,SaaS,Italy,Techstars Portfolio (techstars.com/portfolio),2026-08-05T18:36:58.568130+00:00,True,
2507,Lemons in the room,https://lemonsintheroom.com,Healthtech,Italy,Techstars Portfolio (techstars.com/portfolio),2026-08-05T18:36:58.568130+00:00,True,
2508,Konnected,https://konnectedwithcare.us,"Big Data, Cloudtech and DevOps, Edtech, Legal tech",United States,Techstars Portfolio (techstars.com/portfolio),2026-08-05T18:36:58.568130+00:00,True,
2509,Keza Africa,https://kezaafrica.com,"Fintech, Impact investing, Mobile",Nigeria,Techstars Portfolio (techstars.com/portfolio),2026-08-05T18:36:58.568130+00:00,True,
2510,Keepingly,https://keepingly.co,"Fintech, Real estate tech",United States,Techstars Portfolio (techstars.com/portfolio),2026-08-05T18:36:58.568130+00:00,True,
2511,Keble,https://keble.co,Real estate tech,Nigeria,Techstars Portfolio (techstars.com/portfolio),2026-08-05T18:36:58.568130+00:00,True,
2512,ivee,https://ivee.jobs,HRtech,United Kingdom,Techstars Portfolio (techstars.com/portfolio),2026-08-05T18:36:58.568130+00:00,True,
2513,Home Game,https://hmgm.io,Marketing tech,United States,Techstars Portfolio (techstars.com/portfolio),2026-08-05T18:36:58.568130+00:00,True,
2514,Holos,https://holos.io,"Cryptocurrency/Blockchain, Gaming, Virtual reality",United States,Techstars Portfolio (techstars.com/portfolio),2026-08-05T18:36:58.568130+00:00,True,
2515,Greenlit Labs,https://getgreenlit.xyz,Future of work,United States,Techstars Portfolio (techstars.com/portfolio),2026-08-05T18:36:58.568130+00:00,True,
2516,Granter.ai,https://granter.ai,SaaS,Portugal,Techstars Portfolio (techstars.com/portfolio),2026-08-05T18:36:58.568130+00:00,True,
2517,Geowox,https://geowox.com,"Artificial intelligence and machine learning, Fintech",Ireland,Techstars Portfolio (techstars.com/portfolio),2026-08-05T18:36:58.568130+00:00,True,
2518,Frictionless Technologies Ltd,https://joinfam.com,Fintech,United Kingdom,Techstars Portfolio (techstars.com/portfolio),2026-08-05T18:36:58.568130+00:00,True,
2519,Flick,https://getflick.app,Fintech,Nigeria,Techstars Portfolio (techstars.com/portfolio),2026-08-05T18:36:58.568130+00:00,True,
2520,Fenyx,https://fenyxhome.com,Climate tech,Germany,Techstars Portfolio (techstars.com/portfolio),2026-08-05T18:36:58.568130+00:00,True,
2521,Feeder,https://getfeeder.com,"Adtech, Artificial intelligence and machine learning",Spain,Techstars Portfolio (techstars.com/portfolio),2026-08-05T18:36:58.568130+00:00,True,
2522,Evercity,https://evercity.io,"Cryptocurrency/Blockchain, Fintech, Internet of Things, Mobile",Singapore,Techstars Portfolio (techstars.com/portfolio),2026-08-05T18:36:58.568130+00:00,True,
2523,EnVue Health,https://envuehealth.com,Digital health,United States,Techstars Portfolio (techstars.com/portfolio),2026-08-05T18:36:58.568130+00:00,True,
2524,Ekos,https://ekos.ai,"Artificial intelligence and machine learning, Mobile, Technology, media and telecommunications",United States,Techstars Portfolio (techstars.com/portfolio),2026-08-05T18:36:58.568130+00:00,True,
2525,Eczodex,https://eczodex.com,"Cryptocurrency/Blockchain, Fintech",United Kingdom,Techstars Portfolio (techstars.com/portfolio),2026-08-05T18:36:58.568130+00:00,True,
2526,Crowdclass,https://crowdclass.com,Cryptocurrency/Blockchain,Portugal,Techstars Portfolio (techstars.com/portfolio),2026-08-05T18:36:58.568130+00:00,True,
2527,Context Data,https://contextdata.ai,Artificial intelligence and machine learning,United States,Techstars Portfolio (techstars.com/portfolio),2026-08-05T18:36:58.568130+00:00,True,
2528,CoachCorner,https://coachcorner.io,HRtech,United States,Techstars Portfolio (techstars.com/portfolio),2026-08-05T18:36:58.568130+00:00,True,
2529,Cladfy Financial Services,https://cladfy.com,"Fintech, Mobile",Kenya,Techstars Portfolio (techstars.com/portfolio),2026-08-05T18:36:58.568130+00:00,True,
2530,Chargerzilla,https://chargerzilla.com,"Cleantech, Climate tech, Impact investing, Infrastructure, Mobility tech",United States,Techstars Portfolio (techstars.com/portfolio),2026-08-05T18:36:58.568130+00:00,True,
2531,Champhunt,https://champhunt.com,"Adtech, eSports, Gaming, Mobile commerce",United States,Techstars Portfolio (techstars.com/portfolio),2026-08-05T18:36:58.568130+00:00,True,
2532,CDCARE,https://cdcare.ng,Fintech,Nigeria,Techstars Portfolio (techstars.com/portfolio),2026-08-05T18:36:58.568130+00:00,True,
2533,Carwyze,https://carwyze.de,"Artificial intelligence and machine learning, E-commerce, Fintech, Insurtech, SaaS",Germany,Techstars Portfolio (techstars.com/portfolio),2026-08-05T18:36:58.568130+00:00,True,
2534,Bummock AI,https://bummock.ai,"Artificial intelligence and machine learning, Legal tech",United States,Techstars Portfolio (techstars.com/portfolio),2026-08-05T18:36:58.568130+00:00,True,
2535,BuildQ,https://buildq.ai,"Artificial intelligence and machine learning, Cleantech, Climate tech, Fintech, Real estate tech",United States,Techstars Portfolio (techstars.com/portfolio),2026-08-05T18:36:58.568130+00:00,True,
2536,Black and Mobile,https://blackandmobile.com,"Foodtech, Mobile",United States,Techstars Portfolio (techstars.com/portfolio),2026-08-05T18:36:58.568130+00:00,True,
2537,BioticsAI,https://biotics.ai,"Artificial intelligence and machine learning, Healthtech",United States,Techstars Portfolio (techstars.com/portfolio),2026-08-05T18:36:58.568130+00:00,True,
2538,Big Fan,https://bigfan.io,"Cryptocurrency/Blockchain, Gaming",Ireland,Techstars Portfolio (techstars.com/portfolio),2026-08-05T18:36:58.568130+00:00,True,
2539,Between,https://between.co,"Artificial intelligence and machine learning, Audiotech, HRtech, Infrastructure, Technology, media and telecommunications, Virtual reality",Canada,Techstars Portfolio (techstars.com/portfolio),2026-08-05T18:36:58.568130+00:00,True,
2540,BETTAKNIT,https://bettaknit.com,E-commerce,Italy,Techstars Portfolio (techstars.com/portfolio),2026-08-05T18:36:58.568130+00:00,True,
2541,BeautyGoGO,https://beautygo-go.com,"Beauty, Mobile commerce, Supply chain technology",United States,Techstars Portfolio (techstars.com/portfolio),2026-08-05T18:36:58.568130+00:00,True,
2542,BeatpulseLabs,https://beatpulselabs.com,Mobile,Germany,Techstars Portfolio (techstars.com/portfolio),2026-08-05T18:36:58.568130+00:00,True,
2543,Based,https://everythingbagel.ai,Artificial intelligence and machine learning,United States,Techstars Portfolio (techstars.com/portfolio),2026-08-05T18:36:58.568130+00:00,True,
2544,Barterchain,https://barterchain.io,Cryptocurrency/Blockchain,Ireland,Techstars Portfolio (techstars.com/portfolio),2026-08-05T18:36:58.568130+00:00,True,
2545,axem,https://axemsolutions.io,SaaS,Ireland,Techstars Portfolio (techstars.com/portfolio),2026-08-05T18:36:58.568130+00:00,True,
2546,ARGrid,https://ar-grid.com,"Artificial intelligence and machine learning, Augmented reality, Marketing tech, Mobile commerce",United States,Techstars Portfolio (techstars.com/portfolio),2026-08-05T18:36:58.568130+00:00,True,
2547,Arbor Insight,https://arbor-insight.com,"Agtech, Robotics and Drones",United States,Techstars Portfolio (techstars.com/portfolio),2026-08-05T18:36:58.568130+00:00,True,
2548,Aphid,https://aphid.com,"Artificial intelligence and machine learning, Cryptocurrency/Blockchain, Fintech",United States,Techstars Portfolio (techstars.com/portfolio),2026-08-05T18:36:58.568130+00:00,True,
2549,Aperture Bio,https://aperture.bio,"Artificial intelligence and machine learning, Healthtech",United States,Techstars Portfolio (techstars.com/portfolio),2026-08-05T18:36:58.568130+00:00,True,
2550,AMP Beauty,https://ampbeautyla.com,"Beauty, Lifestyles of Health and Sustainability and wellness",United States,Techstars Portfolio (techstars.com/portfolio),2026-08-05T18:36:58.568130+00:00,True,
2551,Amherst Intelligent Security,https://amherstintelligentsecurity.com,"Real estate tech, Technology, media and telecommunications",United States,Techstars Portfolio (techstars.com/portfolio),2026-08-05T18:36:58.568130+00:00,True,
2552,AlterEcho,https://alterecho.io,"Artificial intelligence and machine learning, Augmented reality, Industrials, Life sciences, Robotics and Drones",Denmark,Techstars Portfolio (techstars.com/portfolio),2026-08-05T18:36:58.568130+00:00,True,
2553,Alphabloq,https://alphabloq.io,"Cryptocurrency/Blockchain, Fintech, Real estate tech",Kenya,Techstars Portfolio (techstars.com/portfolio),2026-08-05T18:36:58.568130+00:00,True,
2554,AIMA,https://my-aima.com,"Femtech, Healthtech, Lifestyles of Health and Sustainability and wellness",Canada,Techstars Portfolio (techstars.com/portfolio),2026-08-05T18:36:58.568130+00:00,True,
2555,Adventurely,https://adventurely.app,"Lifestyles of Health and Sustainability and wellness, Mobile, Real estate tech",United States,Techstars Portfolio (techstars.com/portfolio),2026-08-05T18:36:58.568130+00:00,True,
2556,Sonify,https://trysonify.com,"Audiotech, Real estate tech",United States,Techstars Portfolio (techstars.com/portfolio),2026-08-05T18:36:58.568130+00:00,True,
2557,Seaspire Skincare,https://seaspireskincare.com,"Beauty, Lifestyles of Health and Sustainability and wellness, Manufacturing",United States,Techstars Portfolio (techstars.com/portfolio),2026-08-05T18:36:58.568130+00:00,True,
2558,PermiGuide,https://permiguide.com,Real estate tech,United States,Techstars Portfolio (techstars.com/portfolio),2026-08-05T18:36:58.568130+00:00,True,
2559,Monte Caldera Technologies,https://montecaldera.com,"Artificial intelligence and machine learning, Climate tech, Healthtech, SaaS",United States,Techstars Portfolio (techstars.com/portfolio),2026-08-05T18:36:58.568130+00:00,True,
2560,Gopher App,https://gophrapp.com,"Artificial intelligence and machine learning, Industrials, Oil and gas, Ridesharing, Supply chain technology",United States,Techstars Portfolio (techstars.com/portfolio),2026-08-05T18:36:58.568130+00:00,True,
2561,Goldilocks Smart Solutions,https://goldilockssmartsolutions.com,"Cleantech, Healthtech, Internet of Things",United States,Techstars Portfolio (techstars.com/portfolio),2026-08-05T18:36:58.568130+00:00,True,
2562,CropMind,https://cropmind.ca,"Agtech, Artificial intelligence and machine learning, Foodtech",Canada,Techstars Portfolio (techstars.com/portfolio),2026-08-05T18:36:58.568130+00:00,True,
2563,Aja Labs,https://ajalabs.co,"Healthtech, Manufacturing",United States,Techstars Portfolio (techstars.com/portfolio),2026-08-05T18:36:58.568130+00:00,True,
2564,Xeno,https://myxeno.com,"Artificial intelligence and machine learning, Big Data, Mobile",India,Techstars Portfolio (techstars.com/portfolio),2026-08-05T18:36:58.568130+00:00,True,
2565,Shopest,https://shopestapp.com,Mobile,United Kingdom,Techstars Portfolio (techstars.com/portfolio),2026-08-05T18:36:58.568130+00:00,True,
2566,PAZO,https://gopazo.com,"Fintech, Infrastructure, Internet of Things, Mobile, Real estate tech",United States,Techstars Portfolio (techstars.com/portfolio),2026-08-05T18:36:58.568130+00:00,True,
2567,Discover Dollar,https://discoverdollar.com,Fintech,India,Techstars Portfolio (techstars.com/portfolio),2026-08-05T18:36:58.568130+00:00,True,
2568,StartGlobal,https://startglobal.co,HRtech,United States,Techstars Portfolio (techstars.com/portfolio),2026-08-05T18:36:58.568130+00:00,True,
2569,UMA,https://uma.games,"Artificial intelligence and machine learning, Fintech, Gaming, Mobile",United Kingdom,Techstars Portfolio (techstars.com/portfolio),2026-08-05T18:36:58.568130+00:00,True,
2570,TRASHBOARD,https://trashboard.fr,Construction technology,France,Techstars Portfolio (techstars.com/portfolio),2026-08-05T18:36:58.568130+00:00,True,
2571,Split EV,https://splitev.co,"Carsharing, Cleantech, Climate tech, Infrastructure, Mobility tech, Ridesharing, SaaS",United States,Techstars Portfolio (techstars.com/portfolio),2026-08-05T18:36:58.568130+00:00,True,
2572,Skindays,https://skindays.com,,United Kingdom,Techstars Portfolio (techstars.com/portfolio),2026-08-05T18:36:58.568130+00:00,True,
2573,ScoutIt,https://scoutitweb.com,"Cleantech, Climate tech, E-commerce, Manufacturing, Mobility tech, SaaS",United States,Techstars Portfolio (techstars.com/portfolio),2026-08-05T18:36:58.568130+00:00,True,
2574,Netra,https://netra.io,"Artificial intelligence and machine learning, Infrastructure",United States,Techstars Portfolio (techstars.com/portfolio),2026-08-05T18:36:58.568130+00:00,True,
2575,Nditive,https://nditive.com,"Artificial intelligence and machine learning, Cleantech, Climate tech, Industrials, Internet of Things, Oil and gas",Canada,Techstars Portfolio (techstars.com/portfolio),2026-08-05T18:36:58.568130+00:00,True,
2576,Meredot,https://meredot.com,"Artificial intelligence and machine learning, Cleantech, Climate tech, Infrastructure, Manufacturing, Micromobility, Mobility tech, Robotics and Drones",United States,Techstars Portfolio (techstars.com/portfolio),2026-08-05T18:36:58.568130+00:00,True,
2577,MeetFox,https://meetfox.com,"HRtech, Technology, media and telecommunications",Austria,Techstars Portfolio (techstars.com/portfolio),2026-08-05T18:36:58.568130+00:00,True,
2578,Maverick IQ,https://maverickiq.com,"Artificial intelligence and machine learning, Cleantech, Climate tech, Industrials, Infrastructure, Manufacturing, Real estate tech, SaaS",United States,Techstars Portfolio (techstars.com/portfolio),2026-08-05T18:36:58.568130+00:00,True,
2579,Legal Nodes,https://legalnodes.org,Legal tech,United Kingdom,Techstars Portfolio (techstars.com/portfolio),2026-08-05T18:36:58.568130+00:00,True,
2580,Lambdai Space,https://lambdai.space,"Agtech, Artificial intelligence and machine learning, Fintech, Insurtech, Space tech",Italy,Techstars Portfolio (techstars.com/portfolio),2026-08-05T18:36:58.568130+00:00,True,
2581,InfraNergy,https://infranergy.us,"Artificial intelligence and machine learning, Cleantech, Climate tech, E-commerce, Industrials, Infrastructure, SaaS",United States,Techstars Portfolio (techstars.com/portfolio),2026-08-05T18:36:58.568130+00:00,True,
2582,Grid Discovery,https://griddiscovery.com,"Big Data, Cleantech, Climate tech, Infrastructure, Real estate tech",United States,Techstars Portfolio (techstars.com/portfolio),2026-08-05T18:36:58.568130+00:00,True,
2583,EV Safe Charge,https://evsafecharge.com,"Cleantech, Climate tech, Infrastructure, Mobility tech, Robotics and Drones",United States,Techstars Portfolio (techstars.com/portfolio),2026-08-05T18:36:58.568130+00:00,True,
2584,Electromaim,https://electromaim.com,"Cleantech, Climate tech",United States,Techstars Portfolio (techstars.com/portfolio),2026-08-05T18:36:58.568130+00:00,True,
2585,EarthABC,https://earthabc.com,"Cleantech, Climate tech, E-commerce",United States,Techstars Portfolio (techstars.com/portfolio),2026-08-05T18:36:58.568130+00:00,True,
2586,ConsciESG,https://consciesg.com,"Artificial intelligence and machine learning, Fintech, Impact investing",France,Techstars Portfolio (techstars.com/portfolio),2026-08-05T18:36:58.568130+00:00,True,
2587,ClimeRock,https://climerock.com,"Agtech, Cleantech, Climate tech, Healthtech, Impact investing",France,Techstars Portfolio (techstars.com/portfolio),2026-08-05T18:36:58.568130+00:00,True,
2588,clever Offsets,https://cleveroffsets.com,"Big Data, Cleantech, Climate tech",United States,Techstars Portfolio (techstars.com/portfolio),2026-08-05T18:36:58.568130+00:00,True,
2589,Carbontribe Labs,https://carbontribe.me,"Artificial intelligence and machine learning, Climate tech, Cryptocurrency/Blockchain",Germany,Techstars Portfolio (techstars.com/portfolio),2026-08-05T18:36:58.568130+00:00,True,
2590,Bluetanks,https://bluetanks.tech,"Big Data, Cleantech, Climate tech, Mobility tech",United States,Techstars Portfolio (techstars.com/portfolio),2026-08-05T18:36:58.568130+00:00,True,
2591,AWABAH,https://awabahng.com,Fintech,Nigeria,Techstars Portfolio (techstars.com/portfolio),2026-08-05T18:36:58.568130+00:00,True,
2592,Ai-OPs,https://ai-op.com,"Artificial intelligence and machine learning, Cleantech, Climate tech, Industrials, Infrastructure, Oil and gas",United States,Techstars Portfolio (techstars.com/portfolio),2026-08-05T18:36:58.568130+00:00,True,
2593,ADHERE GEAR Technology,https://agdatacenter.io,"Cleantech, Climate tech, Internet of Things, Mobile",United States,Techstars Portfolio (techstars.com/portfolio),2026-08-05T18:36:58.568130+00:00,True,
2594,Sitata,https://sitata.com,"Artificial intelligence and machine learning, Fintech, Insurtech, Mobile",Canada,Techstars Portfolio (techstars.com/portfolio),2026-08-05T18:36:58.568130+00:00,True,
2595,Kwambio,https://kwambio.com,"3D printing, Manufacturing",United States,Techstars Portfolio (techstars.com/portfolio),2026-08-05T18:36:58.568130+00:00,True,
2596,Type W,https://typew.com,"Artificial intelligence and machine learning, Big Data, Supply chain technology",United States,Techstars Portfolio (techstars.com/portfolio),2026-08-05T18:36:58.568130+00:00,True,
2597,SOZIE,https://sozie.com,Mobile,United Kingdom,Techstars Portfolio (techstars.com/portfolio),2026-08-05T18:36:58.568130+00:00,True,
2598,Ziscuit,https://ziscuit.shop,Foodtech,United States,Techstars Portfolio (techstars.com/portfolio),2026-08-05T18:36:58.568130+00:00,True,
2599,UBI Meat Experts in Quality Assurance,https://ubimeat.com,Artificial intelligence and machine learning,Canada,Techstars Portfolio (techstars.com/portfolio),2026-08-05T18:36:58.568130+00:00,True,
2600,Parkday,https://heyparkday.com,"Artificial intelligence and machine learning, HRtech, Lifestyles of Health and Sustainability and wellness, Mobile",United States,Techstars Portfolio (techstars.com/portfolio),2026-08-05T18:36:58.568130+00:00,True,
2601,Carbon Origins,https://carbonorigins.com,"Artificial intelligence and machine learning, Gaming, Robotics and Drones, Virtual reality",United States,Techstars Portfolio (techstars.com/portfolio),2026-08-05T18:36:58.568130+00:00,True,
2602,BOxES 4.0 Devices,https://boxesdevices.com,"Artificial intelligence and machine learning, Cleantech, Climate tech, Internet of Things, Marketing tech, Oil and gas, Robotics and Drones",United States,Techstars Portfolio (techstars.com/portfolio),2026-08-05T18:36:58.568130+00:00,True,
2603,Thola,https://3d-imo.com,"Fintech, Mobile commerce",United States,Techstars Portfolio (techstars.com/portfolio),2026-08-05T18:36:58.568130+00:00,True,
2604,Quartolio,https://quartolio.com,"Artificial intelligence and machine learning, Big Data, Edtech, Healthtech",United States,Techstars Portfolio (techstars.com/portfolio),2026-08-05T18:36:58.568130+00:00,True,
2605,Beacon40,https://beacon40.com,"Healthtech, Internet of Things",United States,Techstars Portfolio (techstars.com/portfolio),2026-08-05T18:36:58.568130+00:00,True,
2606,Voovo,https://voovostudy.com,Edtech,Hungary,Techstars Portfolio (techstars.com/portfolio),2026-08-05T18:36:58.568130+00:00,True,
2607,Vocalytics,https://vocalytics.ai,"Artificial intelligence and machine learning, Infrastructure, Internet of Things, Mobile, Real estate tech",United States,Techstars Portfolio (techstars.com/portfolio),2026-08-05T18:36:58.568130+00:00,True,
2608,Vitelle,https://vitelle.co,"Artificial intelligence and machine learning, Digital health, Femtech, Healthtech, Lifestyles of Health and Sustainability and wellness",United States,Techstars Portfolio (techstars.com/portfolio),2026-08-05T18:36:58.568130+00:00,True,
2609,Violet,https://violet.org.au,"Cryptocurrency/Blockchain, Fintech",Australia,Techstars Portfolio (techstars.com/portfolio),2026-08-05T18:36:58.568130+00:00,True,
2610,TruLeague,https://truleague.com,"Edtech, Marketing tech, Technology, media and telecommunications",United States,Techstars Portfolio (techstars.com/portfolio),2026-08-05T18:36:58.568130+00:00,True,
2611,Trainizi,https://trainizi.com,SaaS,Singapore,Techstars Portfolio (techstars.com/portfolio),2026-08-05T18:36:58.568130+00:00,True,
2612,TMA,https://tmaiot.com,"Artificial intelligence and machine learning, Big Data, Cleantech, Climate tech, Industrials, Infrastructure, Manufacturing, Mobility tech, Oil and gas, Supply chain technology",Germany,Techstars Portfolio (techstars.com/portfolio),2026-08-05T18:36:58.568130+00:00,True,
2613,The Good Drone Company,https://soargdc.com,"Artificial intelligence and machine learning, Mobility tech, Robotics and Drones",United States,Techstars Portfolio (techstars.com/portfolio),2026-08-05T18:36:58.568130+00:00,True,
2614,Tellescope,https://tellescope.com,Cryptocurrency/Blockchain,United States,Techstars Portfolio (techstars.com/portfolio),2026-08-05T18:36:58.568130+00:00,True,
2615,Sway Home,https://sway-home.com,"Cleantech, Lifestyles of Health and Sustainability and wellness",United States,Techstars Portfolio (techstars.com/portfolio),2026-08-05T18:36:58.568130+00:00,True,
2616,Soltrex,https://soltrex.io,"Cleantech, Climate tech, Robotics and Drones",Israel,Techstars Portfolio (techstars.com/portfolio),2026-08-05T18:36:58.568130+00:00,True,
2617,ShowingHero,https://showinghero.com,"Artificial intelligence and machine learning, Real estate tech",United States,Techstars Portfolio (techstars.com/portfolio),2026-08-05T18:36:58.568130+00:00,True,
2618,SHION,https://shion.at,Audiotech,Austria,Techstars Portfolio (techstars.com/portfolio),2026-08-05T18:36:58.568130+00:00,True,
2619,Sequense,https://sequensesoftware.com,Mobile,United States,Techstars Portfolio (techstars.com/portfolio),2026-08-05T18:36:58.568130+00:00,True,
2620,SeenCulture,https://seenculture.com,HRtech,Australia,Techstars Portfolio (techstars.com/portfolio),2026-08-05T18:36:58.568130+00:00,True,
2621,Samaritan,https://samaritan.city,"Fintech, Lifestyles of Health and Sustainability and wellness, Mobile",United States,Techstars Portfolio (techstars.com/portfolio),2026-08-05T18:36:58.568130+00:00,True,
2622,RisksessAML,https://getraml.com,"Artificial intelligence and machine learning, Cryptocurrency/Blockchain, Cybersecurity, Fintech",United Kingdom,Techstars Portfolio (techstars.com/portfolio),2026-08-05T18:36:58.568130+00:00,True,
2623,Reviway,https://reviway.com,Mobility tech,Italy,Techstars Portfolio (techstars.com/portfolio),2026-08-05T18:36:58.568130+00:00,True,
2624,Reverse Energy Solutions Delaware Corp.,https://res-us.com,"Cleantech, Climate tech, Industrials, Infrastructure, Manufacturing, Real estate tech, Supply chain technology",United States,Techstars Portfolio (techstars.com/portfolio),2026-08-05T18:36:58.568130+00:00,True,
2625,REN3for,https://ren3for.com,"Artificial intelligence and machine learning, Big Data, Cleantech, Climate tech, SaaS",United States,Techstars Portfolio (techstars.com/portfolio),2026-08-05T18:36:58.568130+00:00,True,
2626,Remmie,https://remmiehealth.com,Internet of Things,United States,Techstars Portfolio (techstars.com/portfolio),2026-08-05T18:36:58.568130+00:00,True,
2627,Redefine Surgery,https://redefinesurgery.com,"Artificial intelligence and machine learning, Augmented reality, Healthtech, Robotics and Drones",United States,Techstars Portfolio (techstars.com/portfolio),2026-08-05T18:36:58.568130+00:00,True,
2628,Reactiv,https://reactivrehab.com,"Digital health, Gaming, Healthtech, Virtual reality",United States,Techstars Portfolio (techstars.com/portfolio),2026-08-05T18:36:58.568130+00:00,True,
2629,RADiCAIT,https://radicait.com,"Artificial intelligence and machine learning, Healthtech, Oncology",United Kingdom,Techstars Portfolio (techstars.com/portfolio),2026-08-05T18:36:58.568130+00:00,True,
2630,Qoncert,https://qoncertapp.com,"Technology, media and telecommunications",United States,Techstars Portfolio (techstars.com/portfolio),2026-08-05T18:36:58.568130+00:00,True,
2631,Population,https://populationtech.com,Internet of Things,United States,Techstars Portfolio (techstars.com/portfolio),2026-08-05T18:36:58.568130+00:00,True,
2632,Plug Zen,https://plugzen.us,"Artificial intelligence and machine learning, Cleantech, Climate tech, Infrastructure, Manufacturing, Micromobility, Mobile, Mobile commerce, Mobility tech, Real estate tech",United States,Techstars Portfolio (techstars.com/portfolio),2026-08-05T18:36:58.568130+00:00,True,
2633,Pico,https://getpico.co,Edtech,Australia,Techstars Portfolio (techstars.com/portfolio),2026-08-05T18:36:58.568130+00:00,True,
2634,Pardon,https://pardon-app.com,"Adtech, Artificial intelligence and machine learning, Big Data, Fintech, Foodtech, Impact investing, Marketing tech, Technology, media and telecommunications",Turkey,Techstars Portfolio (techstars.com/portfolio),2026-08-05T18:36:58.568130+00:00,True,
2635,Outread,https://out-read.com,Artificial intelligence and machine learning,Australia,Techstars Portfolio (techstars.com/portfolio),2026-08-05T18:36:58.568130+00:00,True,
2636,OutAt,https://outatinc.com,"Lifestyles of Health and Sustainability and wellness, Mobile, Technology, media and telecommunications",United States,Techstars Portfolio (techstars.com/portfolio),2026-08-05T18:36:58.568130+00:00,True,
2637,ONOS,https://onos.app,"Climate tech, Manufacturing, SaaS",United Kingdom,Techstars Portfolio (techstars.com/portfolio),2026-08-05T18:36:58.568130+00:00,True,
2638,Nimbus Aerospace,https://nimbusaerospace.com,"Cleantech, Climate tech, Mobile, Mobility tech, Robotics and Drones",United States,Techstars Portfolio (techstars.com/portfolio),2026-08-05T18:36:58.568130+00:00,True,
2639,NeuralTeks,https://neuralteks.com,"Artificial intelligence and machine learning, Healthtech, Industrials, Mobility tech",France,Techstars Portfolio (techstars.com/portfolio),2026-08-05T18:36:58.568130+00:00,True,
2640,musiqmesh,https://musiqmesh.com,Future of work,United Kingdom,Techstars Portfolio (techstars.com/portfolio),2026-08-05T18:36:58.568130+00:00,True,
2641,MotiSure,https://motisure.com,"Fintech, Insurtech",United States,Techstars Portfolio (techstars.com/portfolio),2026-08-05T18:36:58.568130+00:00,True,
2642,MemPro USA,https://mempro.com,"Cleantech, Climate tech, Infrastructure, Manufacturing, Nanotechnology, Space tech, Supply chain technology",United States,Techstars Portfolio (techstars.com/portfolio),2026-08-05T18:36:58.568130+00:00,True,
2643,Liquify,https://liquify.digital,"Cryptocurrency/Blockchain, Fintech",United Kingdom,Techstars Portfolio (techstars.com/portfolio),2026-08-05T18:36:58.568130+00:00,True,
2644,Leadvolt,https://leadvolt.com,"Big Data, Fintech, Insurtech",United States,Techstars Portfolio (techstars.com/portfolio),2026-08-05T18:36:58.568130+00:00,True,
2645,Latent Knowledge Solutions,https://latentknowledge.co,"Artificial intelligence and machine learning, SaaS",Australia,Techstars Portfolio (techstars.com/portfolio),2026-08-05T18:36:58.568130+00:00,True,
2646,LARKI,https://larki.au,"Artificial intelligence and machine learning, Construction technology, Real estate tech",Australia,Techstars Portfolio (techstars.com/portfolio),2026-08-05T18:36:58.568130+00:00,True,
2647,Kyri,https://kyricycles.co,"Femtech, Healthtech, Lifestyles of Health and Sustainability and wellness",Australia,Techstars Portfolio (techstars.com/portfolio),2026-08-05T18:36:58.568130+00:00,True,
2648,Kouo,https://kouo.io,"Adtech, Artificial intelligence and machine learning, Marketing tech",United Kingdom,Techstars Portfolio (techstars.com/portfolio),2026-08-05T18:36:58.568130+00:00,True,
2649,Kabila,https://joinkabila.com,"Mobile, Technology, media and telecommunications",United States,Techstars Portfolio (techstars.com/portfolio),2026-08-05T18:36:58.568130+00:00,True,
2650,Impact AI,https://impact.ai,Artificial intelligence and machine learning,United States,Techstars Portfolio (techstars.com/portfolio),2026-08-05T18:36:58.568130+00:00,True,
2651,HomeRun IQ,https://homeruniq.com,"Fintech, Insurtech, Real estate tech",United States,Techstars Portfolio (techstars.com/portfolio),2026-08-05T18:36:58.568130+00:00,True,
2652,haulsale,https://haulsale.com,"Cleantech, Supply chain technology",United States,Techstars Portfolio (techstars.com/portfolio),2026-08-05T18:36:58.568130+00:00,True,
2653,Greener Herd,https://greenerherd.com,"Agtech, Artificial intelligence and machine learning, Fintech",United States,Techstars Portfolio (techstars.com/portfolio),2026-08-05T18:36:58.568130+00:00,True,
2654,Goodie Bag Food Co.,https://app.goodiebag.co,Foodtech,United States,Techstars Portfolio (techstars.com/portfolio),2026-08-05T18:36:58.568130+00:00,True,
2655,GeoProspex,https://geoprospex.ai,"Artificial intelligence and machine learning, Industrials, Infrastructure, Real estate tech, SaaS",United States,Techstars Portfolio (techstars.com/portfolio),2026-08-05T18:36:58.568130+00:00,True,
2656,Gentian,https://gentian.io,Climate tech,United Kingdom,Techstars Portfolio (techstars.com/portfolio),2026-08-05T18:36:58.568130+00:00,True,
2657,GECKO,https://gecko.rent,Real estate tech,Australia,Techstars Portfolio (techstars.com/portfolio),2026-08-05T18:36:58.568130+00:00,True,
2658,G2Q Computing,https://g2qcomputing.com,Artificial intelligence and machine learning,Italy,Techstars Portfolio (techstars.com/portfolio),2026-08-05T18:36:58.568130+00:00,True,
2659,Flexie,https://goflexie.com,"Fintech, Mobile",United States,Techstars Portfolio (techstars.com/portfolio),2026-08-05T18:36:58.568130+00:00,True,
2660,Firewave,https://firewave.earth,"Artificial intelligence and machine learning, Cleantech, Climate tech, Infrastructure, Internet of Things",Israel,Techstars Portfolio (techstars.com/portfolio),2026-08-05T18:36:58.568130+00:00,True,
2661,farmshare,https://farmshare.co,"Agtech, Foodtech",United States,Techstars Portfolio (techstars.com/portfolio),2026-08-05T18:36:58.568130+00:00,True,
2662,Esca,https://esca.finance,"Cryptocurrency/Blockchain, Fintech",Ireland,Techstars Portfolio (techstars.com/portfolio),2026-08-05T18:36:58.568130+00:00,True,
2663,Eqtrade,https://eqgrow.mydurable.com,"Agtech, Cleantech, Climate tech, Fintech, Foodtech, Infrastructure, Supply chain technology",Spain,Techstars Portfolio (techstars.com/portfolio),2026-08-05T18:36:58.568130+00:00,True,
2664,Eden Materials,https://edenmaterials.io,"Cleantech, Climate tech",Israel,Techstars Portfolio (techstars.com/portfolio),2026-08-05T18:36:58.568130+00:00,True,
2665,Edenic Energy,https://edenicenergy.ai,"Artificial intelligence and machine learning, Cleantech, Climate tech, Industrials, Infrastructure, Real estate tech, SaaS",United States,Techstars Portfolio (techstars.com/portfolio),2026-08-05T18:36:58.568130+00:00,True,
2666,DogBase,https://dogbase.co,"Artificial intelligence and machine learning, Lifestyles of Health and Sustainability and wellness, Pet tech",Israel,Techstars Portfolio (techstars.com/portfolio),2026-08-05T18:36:58.568130+00:00,True,
2667,DOConvert,https://doconvert.co,"Artificial intelligence and machine learning, Fintech, Manufacturing, Supply chain technology",Israel,Techstars Portfolio (techstars.com/portfolio),2026-08-05T18:36:58.568130+00:00,True,
2668,Curiflow,https://curiflow.com,"Artificial intelligence and machine learning, Healthtech",United States,Techstars Portfolio (techstars.com/portfolio),2026-08-05T18:36:58.568130+00:00,True,
2669,COWORKED,https://coworked.ai,Artificial intelligence and machine learning,United States,Techstars Portfolio (techstars.com/portfolio),2026-08-05T18:36:58.568130+00:00,True,
2670,Combat IQ,https://combatiq.io,"Artificial intelligence and machine learning, Cryptocurrency/Blockchain, Gaming, Technology, media and telecommunications, Virtual reality",Canada,Techstars Portfolio (techstars.com/portfolio),2026-08-05T18:36:58.568130+00:00,True,
2671,Cognitensor,https://cognitensor.com,"Agtech, Artificial intelligence and machine learning, Cleantech, Climate tech, Industrials, Infrastructure, Manufacturing, SaaS",India,Techstars Portfolio (techstars.com/portfolio),2026-08-05T18:36:58.568130+00:00,True,
2672,Carpe Mañana,https://mayahueltec.com,"3D printing, Agtech, Cleantech, Climate tech, Infrastructure, Manufacturing, Supply chain technology",United States,Techstars Portfolio (techstars.com/portfolio),2026-08-05T18:36:58.568130+00:00,True,
2673,Caltana,https://caltana.com,"Artificial intelligence and machine learning, Real estate tech, Supply chain technology",United States,Techstars Portfolio (techstars.com/portfolio),2026-08-05T18:36:58.568130+00:00,True,
2674,Caesarea Labs,https://caesarealabs.com,"Artificial intelligence and machine learning, Big Data, Industrials, Supply chain technology",Israel,Techstars Portfolio (techstars.com/portfolio),2026-08-05T18:36:58.568130+00:00,True,
2675,Buildoor Labs,https://buildoor.xyz,Cryptocurrency/Blockchain,India,Techstars Portfolio (techstars.com/portfolio),2026-08-05T18:36:58.568130+00:00,True,
2676,Bob's Containers,https://bobscontainers.com,"Fintech, Impact investing, Industrials, Infrastructure, Manufacturing, Micromobility, Mobile, Mobile commerce, Oil and gas, Real estate tech, Supply chain technology",United States,Techstars Portfolio (techstars.com/portfolio),2026-08-05T18:36:58.568130+00:00,True,
2677,BLOOM,https://bloomforall.com,"Digital health, Edtech, Femtech, Healthtech",United States,Techstars Portfolio (techstars.com/portfolio),2026-08-05T18:36:58.568130+00:00,True,
2678,Bestie Bite,https://bestiebite.it,Marketing tech,Italy,Techstars Portfolio (techstars.com/portfolio),2026-08-05T18:36:58.568130+00:00,True,
2679,Aware,https://awarelabs.xyz,"Big Data, Infrastructure",Israel,Techstars Portfolio (techstars.com/portfolio),2026-08-05T18:36:58.568130+00:00,True,
2680,Awake Labs,https://awakelabs.com,"Digital health, Healthtech, Lifestyles of Health and Sustainability and wellness, Mobile",Canada,Techstars Portfolio (techstars.com/portfolio),2026-08-05T18:36:58.568130+00:00,True,
2681,Asterizm,https://asterizm.io,Cryptocurrency/Blockchain,United States,Techstars Portfolio (techstars.com/portfolio),2026-08-05T18:36:58.568130+00:00,True,
2682,track.tennis,https://track.tennis,Artificial intelligence and machine learning,United States,Techstars Portfolio (techstars.com/portfolio),2026-08-05T18:36:58.568130+00:00,True,
2683,Playeasy,https://playeasy.com,"Technology, media and telecommunications",United States,Techstars Portfolio (techstars.com/portfolio),2026-08-05T18:36:58.568130+00:00,True,
2684,Axiom AI,https://axiom.ai,Artificial intelligence and machine learning,United Kingdom,Techstars Portfolio (techstars.com/portfolio),2026-08-05T18:36:58.568130+00:00,True,
2685,Rootine,https://rootine.co,"Artificial intelligence and machine learning, Lifestyles of Health and Sustainability and wellness",United States,Techstars Portfolio (techstars.com/portfolio),2026-08-05T18:36:58.568130+00:00,True,
2686,Veeplay,https://veeplay.com,Mobile,Germany,Techstars Portfolio (techstars.com/portfolio),2026-08-05T18:36:58.568130+00:00,True,
2687,Element 16 Technologies,https://element16.com,Cleantech,United States,Techstars Portfolio (techstars.com/portfolio),2026-08-05T18:36:58.568130+00:00,True,
2688,StrategyConnect,https://strategyconnect.co,HRtech,United States,Techstars Portfolio (techstars.com/portfolio),2026-08-05T18:36:58.568130+00:00,True,
2689,Sensgreen,https://sensgreen.com,"Artificial intelligence and machine learning, Internet of Things",Turkey,Techstars Portfolio (techstars.com/portfolio),2026-08-05T18:36:58.568130+00:00,True,
2690,NOTARUM,https://notarum.com,Fintech,Singapore,Techstars Portfolio (techstars.com/portfolio),2026-08-05T18:36:58.568130+00:00,True,
2691,DeFiner,https://definer.org,"Cryptocurrency/Blockchain, Fintech",United States,Techstars Portfolio (techstars.com/portfolio),2026-08-05T18:36:58.568130+00:00,True,
2692,BONFLITE,https://bonflite.com,Mobile commerce,Ireland,Techstars Portfolio (techstars.com/portfolio),2026-08-05T18:36:58.568130+00:00,True,
2693,Kred,https://kred.in,Fintech,India,Techstars Portfolio (techstars.com/portfolio),2026-08-05T18:36:58.568130+00:00,True,
2694,Fostrum,https://fostrum.com,Fintech,Canada,Techstars Portfolio (techstars.com/portfolio),2026-08-05T18:36:58.568130+00:00,True,
2695,Cashew Fintech,https://cashew.me,"Fintech, Mobile",United Kingdom,Techstars Portfolio (techstars.com/portfolio),2026-08-05T18:36:58.568130+00:00,True,
2696,Triggr,https://triggrhealth.com,"Big Data, Mobile",United States,Techstars Portfolio (techstars.com/portfolio),2026-08-05T18:36:58.568130+00:00,True,
2697,Phraze,https://phraze.co,Healthtech,United States,Techstars Portfolio (techstars.com/portfolio),2026-08-05T18:36:58.568130+00:00,True,
2698,Chorus Health,https://chorushealth.io,"Digital health, Femtech, Mobile",United States,Techstars Portfolio (techstars.com/portfolio),2026-08-05T18:36:58.568130+00:00,True,
2699,WorkOnward,https://workonward.com,HRtech,United States,Techstars Portfolio (techstars.com/portfolio),2026-08-05T18:36:58.568130+00:00,True,
2700,Wolomi,https://wolomi.com,"Digital health, Femtech, Healthtech",United States,Techstars Portfolio (techstars.com/portfolio),2026-08-05T18:36:58.568130+00:00,True,
2701,Wingspans,https://wingspans.com,"Edtech, HRtech, Impact investing",United States,Techstars Portfolio (techstars.com/portfolio),2026-08-05T18:36:58.568130+00:00,True,
2702,Wellthi,https://wellthiapp.com,"Artificial intelligence and machine learning, Fintech",United States,Techstars Portfolio (techstars.com/portfolio),2026-08-05T18:36:58.568130+00:00,True,
2703,Welfie,https://welfie.ai,"Digital health, Edtech, Impact investing",United States,Techstars Portfolio (techstars.com/portfolio),2026-08-05T18:36:58.568130+00:00,True,
2704,Wedy,https://wedyapp.com,Mobile,United States,Techstars Portfolio (techstars.com/portfolio),2026-08-05T18:36:58.568130+00:00,True,
2705,Washington’s Hammer,https://washingtonshammer.com,"Artificial intelligence and machine learning, Big Data",United States,Techstars Portfolio (techstars.com/portfolio),2026-08-05T18:36:58.568130+00:00,True,
2706,Vero Learning,https://verolearning.com,"Artificial intelligence and machine learning, Edtech",United States,Techstars Portfolio (techstars.com/portfolio),2026-08-05T18:36:58.568130+00:00,True,
2707,Vamos,https://vamospasajes.com,"Mobile commerce, Mobility tech",United States,Techstars Portfolio (techstars.com/portfolio),2026-08-05T18:36:58.568130+00:00,True,
2708,tychon,https://tychon.app,"Adtech, Artificial intelligence and machine learning, Technology, media and telecommunications",Trinidad and Tobago,Techstars Portfolio (techstars.com/portfolio),2026-08-05T18:36:58.568130+00:00,True,
2709,TrustWare,https://trustware.io,Cryptocurrency/Blockchain,United States,Techstars Portfolio (techstars.com/portfolio),2026-08-05T18:36:58.568130+00:00,True,
2710,TribeMeets,https://tribemeets.com,"Adtech, Artificial intelligence and machine learning, Mobile",United States,Techstars Portfolio (techstars.com/portfolio),2026-08-05T18:36:58.568130+00:00,True,
2711,TogetherCrew,https://togethercrew.com,Future of work,United Kingdom,Techstars Portfolio (techstars.com/portfolio),2026-08-05T18:36:58.568130+00:00,True,
2712,Tekkers,https://tekkers.ai,"eSports, Lifestyles of Health and Sustainability and wellness",United States,Techstars Portfolio (techstars.com/portfolio),2026-08-05T18:36:58.568130+00:00,True,
2713,Switchgrid,https://switchgrid.tech,"Cleantech, Lifestyles of Health and Sustainability and wellness, Mobile",France,Techstars Portfolio (techstars.com/portfolio),2026-08-05T18:36:58.568130+00:00,True,
2714,Sparc,https://sparcopen.org,"Edtech, HRtech",United States,Techstars Portfolio (techstars.com/portfolio),2026-08-05T18:36:58.568130+00:00,True,
2715,SoFiiT,https://sofiit.io,"Digital health, Edtech, Mobile",United States,Techstars Portfolio (techstars.com/portfolio),2026-08-05T18:36:58.568130+00:00,True,
2716,Snappable,https://snappable.nyc,"Fintech, Mobile",United States,Techstars Portfolio (techstars.com/portfolio),2026-08-05T18:36:58.568130+00:00,True,
2717,Smart Border Systems,https://smartborder.systems,"Infrastructure, Mobility tech, Supply chain technology",United States,Techstars Portfolio (techstars.com/portfolio),2026-08-05T18:36:58.568130+00:00,True,
2718,SLAIT School,https://slait.school,"Artificial intelligence and machine learning, Edtech, Impact investing",Spain,Techstars Portfolio (techstars.com/portfolio),2026-08-05T18:36:58.568130+00:00,True,
2719,Sequestr,https://sequestr.io,"Cleantech, Fintech, Lifestyles of Health and Sustainability and wellness",Canada,Techstars Portfolio (techstars.com/portfolio),2026-08-05T18:36:58.568130+00:00,True,
2720,SenSwim,https://senswim.com,"Artificial intelligence and machine learning, Lifestyles of Health and Sustainability and wellness, Mobile",Israel,Techstars Portfolio (techstars.com/portfolio),2026-08-05T18:36:58.568130+00:00,True,
2721,Secured Health,https://securedhealth.co,"Digital health, Foodtech, Healthtech",United States,Techstars Portfolio (techstars.com/portfolio),2026-08-05T18:36:58.568130+00:00,True,
2722,Scaffolded,https://scaffolded.io,"Cloudtech and DevOps, Edtech",United States,Techstars Portfolio (techstars.com/portfolio),2026-08-05T18:36:58.568130+00:00,True,
2723,Rush Roto,https://rushrotostudio.com,"Adtech, Artificial intelligence and machine learning, Marketing tech",United States,Techstars Portfolio (techstars.com/portfolio),2026-08-05T18:36:58.568130+00:00,True,
2724,Runway Health,https://runwayhealth.com,Healthtech,United States,Techstars Portfolio (techstars.com/portfolio),2026-08-05T18:36:58.568130+00:00,True,
2725,RideCommerce,https://ridecommerce.co,"Artificial intelligence and machine learning, Climate tech, Infrastructure, Manufacturing, Mobility tech",United Kingdom,Techstars Portfolio (techstars.com/portfolio),2026-08-05T18:36:58.568130+00:00,True,
2726,ReviewTailor,https://reviewtailor.com,"Artificial intelligence and machine learning, HRtech, Technology, media and telecommunications",United States,Techstars Portfolio (techstars.com/portfolio),2026-08-05T18:36:58.568130+00:00,True,
2727,Recepta,https://receptapp.com,"Fintech, Mobile commerce, SaaS",United States,Techstars Portfolio (techstars.com/portfolio),2026-08-05T18:36:58.568130+00:00,True,
2728,Rebus,https://rebustech.io,Artificial intelligence and machine learning,United States,Techstars Portfolio (techstars.com/portfolio),2026-08-05T18:36:58.568130+00:00,True,
2729,Rally AI,https://rally-ai.com,Artificial intelligence and machine learning,United States,Techstars Portfolio (techstars.com/portfolio),2026-08-05T18:36:58.568130+00:00,True,
2730,Raiz,https://raiz.farm,Agtech,Portugal,Techstars Portfolio (techstars.com/portfolio),2026-08-05T18:36:58.568130+00:00,True,
2731,Quest,https://questlabs.ai,"Cryptocurrency/Blockchain, Infrastructure",United States,Techstars Portfolio (techstars.com/portfolio),2026-08-05T18:36:58.568130+00:00,True,
2732,Protico,https://protico.io,"Cryptocurrency/Blockchain, Infrastructure",Taiwan,Techstars Portfolio (techstars.com/portfolio),2026-08-05T18:36:58.568130+00:00,True,
2733,Private Packs,https://privatepacks.com,"Femtech, Lifestyles of Health and Sustainability and wellness",United States,Techstars Portfolio (techstars.com/portfolio),2026-08-05T18:36:58.568130+00:00,True,
2734,Powerfull Technology Limited,https://powerfull.tech,"Internet of Things, Mobile",United Kingdom,Techstars Portfolio (techstars.com/portfolio),2026-08-05T18:36:58.568130+00:00,True,
2735,Porthos & Co,https://porthos.co,"Fintech, SaaS",United Kingdom,Techstars Portfolio (techstars.com/portfolio),2026-08-05T18:36:58.568130+00:00,True,
2736,Poly Platform,https://getpolyplatform.com,Mobile,United States,Techstars Portfolio (techstars.com/portfolio),2026-08-05T18:36:58.568130+00:00,True,
2737,Plata,https://conplata.com,"Fintech, Impact investing, Mobile",United States,Techstars Portfolio (techstars.com/portfolio),2026-08-05T18:36:58.568130+00:00,True,
2738,Plainr.io,https://plainr.io,"Artificial intelligence and machine learning, Big Data, Fintech",United States,Techstars Portfolio (techstars.com/portfolio),2026-08-05T18:36:58.568130+00:00,True,
2739,Pirl Technology,https://pirlcharger.com,"Cleantech, Climate tech, Mobility tech",United States,Techstars Portfolio (techstars.com/portfolio),2026-08-05T18:36:58.568130+00:00,True,
2740,Pelican,https://pelicaninvests.com,"Edtech, Fintech, Impact investing",United States,Techstars Portfolio (techstars.com/portfolio),2026-08-05T18:36:58.568130+00:00,True,
2741,Peerkat,https://peerkat.com,"Cryptocurrency/Blockchain, Marketing tech",United Kingdom,Techstars Portfolio (techstars.com/portfolio),2026-08-05T18:36:58.568130+00:00,True,
2742,Ourside,https://ourside.nyc,"Beauty, Lifestyles of Health and Sustainability and wellness, Manufacturing",United States,Techstars Portfolio (techstars.com/portfolio),2026-08-05T18:36:58.568130+00:00,True,
2743,Ospree,https://ospree.io,"Cryptocurrency/Blockchain, Fintech",Singapore,Techstars Portfolio (techstars.com/portfolio),2026-08-05T18:36:58.568130+00:00,True,
2744,OpenLaw,https://getopenlaw.com,Legal tech,United States,Techstars Portfolio (techstars.com/portfolio),2026-08-05T18:36:58.568130+00:00,True,
2745,OLTA,https://olta.art,"Augmented reality, Cryptocurrency/Blockchain",United Kingdom,Techstars Portfolio (techstars.com/portfolio),2026-08-05T18:36:58.568130+00:00,True,
2746,Notey,https://notey.co,"Artificial intelligence and machine learning, Edtech, Gaming",United States,Techstars Portfolio (techstars.com/portfolio),2026-08-05T18:36:58.568130+00:00,True,
2747,Neufluence,https://neufluence.com,Marketing tech,United States,Techstars Portfolio (techstars.com/portfolio),2026-08-05T18:36:58.568130+00:00,True,
2748,Navina,https://drinknavina.com,Lifestyles of Health and Sustainability and wellness,United States,Techstars Portfolio (techstars.com/portfolio),2026-08-05T18:36:58.568130+00:00,True,
2749,N3MUS,https://n3mus.com,"Cryptocurrency/Blockchain, Gaming",Netherlands,Techstars Portfolio (techstars.com/portfolio),2026-08-05T18:36:58.568130+00:00,True,
2750,Moolathon,https://moolathon.com,"Digital health, Fintech, Lifestyles of Health and Sustainability and wellness, Mobile",United States,Techstars Portfolio (techstars.com/portfolio),2026-08-05T18:36:58.568130+00:00,True,
2751,Monsapo,https://monsapo.com,"Climate tech, Industrials, Manufacturing, Technology, media and telecommunications",France,Techstars Portfolio (techstars.com/portfolio),2026-08-05T18:36:58.568130+00:00,True,
2752,MoneyStack,https://moneystack.com,"Fintech, Mobile",United States,Techstars Portfolio (techstars.com/portfolio),2026-08-05T18:36:58.568130+00:00,True,
2753,Mintycode,https://mintycode.io,"Cryptocurrency/Blockchain, Infrastructure",United Kingdom,Techstars Portfolio (techstars.com/portfolio),2026-08-05T18:36:58.568130+00:00,True,
2754,Mili Llama,https://milillama.com,Edtech,United States,Techstars Portfolio (techstars.com/portfolio),2026-08-05T18:36:58.568130+00:00,True,
2755,Market Games,https://marketgames.io,"Artificial intelligence and machine learning, Edtech",United States,Techstars Portfolio (techstars.com/portfolio),2026-08-05T18:36:58.568130+00:00,True,
2756,Making Space,https://making-space.com,"Edtech, HRtech",United States,Techstars Portfolio (techstars.com/portfolio),2026-08-05T18:36:58.568130+00:00,True,
2757,LyRise,https://lyrise.ai,"Artificial intelligence and machine learning, Big Data, HRtech",Egypt,Techstars Portfolio (techstars.com/portfolio),2026-08-05T18:36:58.568130+00:00,True,
2758,LoneReport,https://lonereport.com,"Artificial intelligence and machine learning, Climate tech, Impact investing, Supply chain technology",United States,Techstars Portfolio (techstars.com/portfolio),2026-08-05T18:36:58.568130+00:00,True,
2759,Lokum,https://lokumapp.com,"Healthtech, HRtech",United States,Techstars Portfolio (techstars.com/portfolio),2026-08-05T18:36:58.568130+00:00,True,
2760,Locker,https://getlockersport.com,"Artificial intelligence and machine learning, Gaming, Mobile",Ireland,Techstars Portfolio (techstars.com/portfolio),2026-08-05T18:36:58.568130+00:00,True,
2761,Laurels,https://laurels.app,HRtech,United States,Techstars Portfolio (techstars.com/portfolio),2026-08-05T18:36:58.568130+00:00,True,
2762,Kliq,https://joinkliq.io,"Digital health, Infrastructure, Mobile",United States,Techstars Portfolio (techstars.com/portfolio),2026-08-05T18:36:58.568130+00:00,True,
2763,K'ept Health,https://kept.health,"Artificial intelligence and machine learning, Healthtech, Mobile",United States,Techstars Portfolio (techstars.com/portfolio),2026-08-05T18:36:58.568130+00:00,True,
2764,Karneyium  Health,https://karneyium.com,"Artificial intelligence and machine learning, Big Data, Digital health, Healthtech",United States,Techstars Portfolio (techstars.com/portfolio),2026-08-05T18:36:58.568130+00:00,True,
2765,Jackalo,https://hellojackalo.com,"Climate tech, Lifestyles of Health and Sustainability and wellness",United States,Techstars Portfolio (techstars.com/portfolio),2026-08-05T18:36:58.568130+00:00,True,
2766,Incskill,https://incskill.com,"Artificial intelligence and machine learning, Edtech, Healthtech, HRtech, Impact investing",United States,Techstars Portfolio (techstars.com/portfolio),2026-08-05T18:36:58.568130+00:00,True,
2767,InclusionScore,https://inclusioncorporation.com,"HRtech, Insurtech",United States,Techstars Portfolio (techstars.com/portfolio),2026-08-05T18:36:58.568130+00:00,True,
2768,Impactica Labs,https://impactica.co,"Fintech, Impact investing",United States,Techstars Portfolio (techstars.com/portfolio),2026-08-05T18:36:58.568130+00:00,True,
2769,IAMBIC,https://iambic.co,Artificial intelligence and machine learning,United States,Techstars Portfolio (techstars.com/portfolio),2026-08-05T18:36:58.568130+00:00,True,
2770,Hansel Medical,https://hanselmedical.com,"Healthtech, Internet of Things, Supply chain technology",United States,Techstars Portfolio (techstars.com/portfolio),2026-08-05T18:36:58.568130+00:00,True,
2771,GST DAO,https://gstdao.com,"Agtech, Climate tech, Fintech",United Kingdom,Techstars Portfolio (techstars.com/portfolio),2026-08-05T18:36:58.568130+00:00,True,
2772,Goby Homes,https://gobyhomes.com,"Mobile, Real estate tech",United States,Techstars Portfolio (techstars.com/portfolio),2026-08-05T18:36:58.568130+00:00,True,
2773,Gentle Neuro,https://gentleneuro.com,"Digital health, Healthtech",United States,Techstars Portfolio (techstars.com/portfolio),2026-08-05T18:36:58.568130+00:00,True,
2774,Friendly Shoes,https://friendlyshoes.com,"Impact investing, Lifestyles of Health and Sustainability and wellness, Manufacturing",United States,Techstars Portfolio (techstars.com/portfolio),2026-08-05T18:36:58.568130+00:00,True,
2775,Flexspeak,https://flexspeak.com,"Edtech, Healthtech, HRtech, Impact investing",United States,Techstars Portfolio (techstars.com/portfolio),2026-08-05T18:36:58.568130+00:00,True,
2776,Five Star Fans,https://five-starfans.com,"eSports, Gaming, Mobile",United States,Techstars Portfolio (techstars.com/portfolio),2026-08-05T18:36:58.568130+00:00,True,
2777,Fitnescity,https://fitnescity.com,Lifestyles of Health and Sustainability and wellness,United States,Techstars Portfolio (techstars.com/portfolio),2026-08-05T18:36:58.568130+00:00,True,
2778,Fathom,https://fathompbc.org,"Cryptocurrency/Blockchain, Edtech, HRtech, Impact investing",United States,Techstars Portfolio (techstars.com/portfolio),2026-08-05T18:36:58.568130+00:00,True,
2779,ERP365,https://erp365.us,"Artificial intelligence and machine learning, Manufacturing, Supply chain technology",United States,Techstars Portfolio (techstars.com/portfolio),2026-08-05T18:36:58.568130+00:00,True,
2780,Engyne,https://engyne.ai,"Artificial intelligence and machine learning, Marketing tech",Canada,Techstars Portfolio (techstars.com/portfolio),2026-08-05T18:36:58.568130+00:00,True,
2781,Edifii,https://edifii.me,"Artificial intelligence and machine learning, Edtech",United States,Techstars Portfolio (techstars.com/portfolio),2026-08-05T18:36:58.568130+00:00,True,
2782,Drivingo,https://drivingo.io,"Artificial intelligence and machine learning, Big Data",United States,Techstars Portfolio (techstars.com/portfolio),2026-08-05T18:36:58.568130+00:00,True,
2783,DiversiBoard,https://diversiboard.com,HRtech,United States,Techstars Portfolio (techstars.com/portfolio),2026-08-05T18:36:58.568130+00:00,True,
2784,Dev.f,https://devf.la,Edtech,Mexico,Techstars Portfolio (techstars.com/portfolio),2026-08-05T18:36:58.568130+00:00,True,
2785,Dependbuild,https://dependbuild.com,"Artificial intelligence and machine learning, Manufacturing",Canada,Techstars Portfolio (techstars.com/portfolio),2026-08-05T18:36:58.568130+00:00,True,
2786,Demtec,https://relayvoice.com,"Marketing tech, Technology, media and telecommunications",United States,Techstars Portfolio (techstars.com/portfolio),2026-08-05T18:36:58.568130+00:00,True,
2787,DeltaGenAI,https://deltagen.ai,"Artificial intelligence and machine learning, Edtech",United States,Techstars Portfolio (techstars.com/portfolio),2026-08-05T18:36:58.568130+00:00,True,
2788,Cuvris Technologies,https://cuvris.com,"Artificial intelligence and machine learning, Digital health, Fintech, Healthtech, Insurtech",Canada,Techstars Portfolio (techstars.com/portfolio),2026-08-05T18:36:58.568130+00:00,True,
2789,Clymb,https://clymbup.io,"Edtech, Healthtech, HRtech, Mobile",United States,Techstars Portfolio (techstars.com/portfolio),2026-08-05T18:36:58.568130+00:00,True,
2790,CloudNine Augmented Intelligence,https://cloudnineai.com,"Artificial intelligence and machine learning, Augmented reality, Big Data, Cloudtech and DevOps, Virtual reality",United States,Techstars Portfolio (techstars.com/portfolio),2026-08-05T18:36:58.568130+00:00,True,
2791,Chuqlab,https://chuqlab.com,"Artificial intelligence and machine learning, Big Data, Legal tech",United States,Techstars Portfolio (techstars.com/portfolio),2026-08-05T18:36:58.568130+00:00,True,
2792,Cerebro NeuroTech,https://cerebroneurotech.com,"Artificial intelligence and machine learning, Digital health, Healthtech, Virtual reality",United States,Techstars Portfolio (techstars.com/portfolio),2026-08-05T18:36:58.568130+00:00,True,
2793,CarpeDM Dating,https://carpedmdating.com,"Femtech, Mobile",United States,Techstars Portfolio (techstars.com/portfolio),2026-08-05T18:36:58.568130+00:00,True,
2794,CareerGenie,https://careergenie.app,"Big Data, Edtech, HRtech, Impact investing",United States,Techstars Portfolio (techstars.com/portfolio),2026-08-05T18:36:58.568130+00:00,True,
2795,Carbo Energy,https://carbo.energy,"Artificial intelligence and machine learning, Cleantech, Climate tech, Infrastructure",Argentina,Techstars Portfolio (techstars.com/portfolio),2026-08-05T18:36:58.568130+00:00,True,
2796,Buzzbassador,https://buzzbassador.com,Marketing tech,United States,Techstars Portfolio (techstars.com/portfolio),2026-08-05T18:36:58.568130+00:00,True,
2797,BTE Analytics,https://bteanalytics.co,"Artificial intelligence and machine learning, Big Data",United States,Techstars Portfolio (techstars.com/portfolio),2026-08-05T18:36:58.568130+00:00,True,
2798,Brightlines,https://brightlin.es,"Artificial intelligence and machine learning, Cloudtech and DevOps, Cybersecurity, Infrastructure",United States,Techstars Portfolio (techstars.com/portfolio),2026-08-05T18:36:58.568130+00:00,True,
2799,BillionMinds,https://billionminds.com,"Edtech, HRtech, Impact investing",United States,Techstars Portfolio (techstars.com/portfolio),2026-08-05T18:36:58.568130+00:00,True,
2800,Bhala AI,https://bhala.ai,"Artificial intelligence and machine learning, Fintech, SaaS",United States,Techstars Portfolio (techstars.com/portfolio),2026-08-05T18:36:58.568130+00:00,True,
2801,Beyond Equity,https://beyondequity.co,Fintech,United Kingdom,Techstars Portfolio (techstars.com/portfolio),2026-08-05T18:36:58.568130+00:00,True,
2802,Beepboop,https://beepboop.us,"Artificial intelligence and machine learning, Edtech",United States,Techstars Portfolio (techstars.com/portfolio),2026-08-05T18:36:58.568130+00:00,True,
2803,Axxelist,https://axxelist.com,"Artificial intelligence and machine learning, Real estate tech",United States,Techstars Portfolio (techstars.com/portfolio),2026-08-05T18:36:58.568130+00:00,True,
2804,Arbizal,https://arbizal.com,"Artificial intelligence and machine learning, Digital health, Healthtech",United States,Techstars Portfolio (techstars.com/portfolio),2026-08-05T18:36:58.568130+00:00,True,
2805,ALIVE Podcast Network,https://alivepodcastnetwork.com,"Audiotech, Technology, media and telecommunications",United States,Techstars Portfolio (techstars.com/portfolio),2026-08-05T18:36:58.568130+00:00,True,
2806,AKALA,https://goakala.com,"Artificial intelligence and machine learning, Edtech",United States,Techstars Portfolio (techstars.com/portfolio),2026-08-05T18:36:58.568130+00:00,True,
2807,AI-MD,https://ai-md.com,"Artificial intelligence and machine learning, Lifestyles of Health and Sustainability and wellness",Canada,Techstars Portfolio (techstars.com/portfolio),2026-08-05T18:36:58.568130+00:00,True,
2808,Acuicy,https://acuicy.com,"Cleantech, SaaS",Canada,Techstars Portfolio (techstars.com/portfolio),2026-08-05T18:36:58.568130+00:00,True,
2809,Acrylic,https://acrylic.la,"Artificial intelligence and machine learning, Audiotech, Cloudtech and DevOps, Gaming",United States,Techstars Portfolio (techstars.com/portfolio),2026-08-05T18:36:58.568130+00:00,True,
2810,8LAB,https://8lab.ai,"Artificial intelligence and machine learning, Augmented reality, Edtech, Gaming, Impact investing, Marketing tech",United States,Techstars Portfolio (techstars.com/portfolio),2026-08-05T18:36:58.568130+00:00,True,
2811,409.ai,https://409.ai,"Artificial intelligence and machine learning, Fintech",Canada,Techstars Portfolio (techstars.com/portfolio),2026-08-05T18:36:58.568130+00:00,True,
2812,31Third,https://31third.com,Fintech,Austria,Techstars Portfolio (techstars.com/portfolio),2026-08-05T18:36:58.568130+00:00,True,
2813,StoryXpress,https://storyxpress.co,"Marketing tech, Technology, media and telecommunications",United States,Techstars Portfolio (techstars.com/portfolio),2026-08-05T18:36:58.568130+00:00,True,
2814,Kokko,https://kokkocolor.com,Mobile,United States,Techstars Portfolio (techstars.com/portfolio),2026-08-05T18:36:58.568130+00:00,True,
2815,Weespring,https://weespring.com,"E-commerce, Fintech",United States,Techstars Portfolio (techstars.com/portfolio),2026-08-05T18:36:58.568130+00:00,True,
2816,FaithStreet,https://faithstreet.com,"Fintech, Mobile",United States,Techstars Portfolio (techstars.com/portfolio),2026-08-05T18:36:58.568130+00:00,True,
2817,Smarter Human,https://smarter-human.com,"Artificial intelligence and machine learning, Fintech",United Kingdom,Techstars Portfolio (techstars.com/portfolio),2026-08-05T18:36:58.568130+00:00,True,
2818,Krowd,https://krowdit.com,Fintech,United Kingdom,Techstars Portfolio (techstars.com/portfolio),2026-08-05T18:36:58.568130+00:00,True,
2819,Trapica,https://trapica.com,Artificial intelligence and machine learning,United States,Techstars Portfolio (techstars.com/portfolio),2026-08-05T18:36:58.568130+00:00,True,
2820,portl media,https://portlmedia.com,Adtech,Canada,Techstars Portfolio (techstars.com/portfolio),2026-08-05T18:36:58.568130+00:00,True,
2821,Polycade,https://polycade.com,"Adtech, Gaming",United States,Techstars Portfolio (techstars.com/portfolio),2026-08-05T18:36:58.568130+00:00,True,
2822,alive5,https://alive5.com,"Fintech, Marketing tech, Mobile, Mobile commerce",United States,Techstars Portfolio (techstars.com/portfolio),2026-08-05T18:36:58.568130+00:00,True,
2823,Umeleon,https://kennmal.de,Manufacturing,Germany,Techstars Portfolio (techstars.com/portfolio),2026-08-05T18:36:58.568130+00:00,True,
2824,Xmetryx,https://xmetryx.com,,United States,Techstars Portfolio (techstars.com/portfolio),2026-08-05T18:36:58.568130+00:00,True,
2825,Womp,https://womp.xyz,3D printing,United States,Techstars Portfolio (techstars.com/portfolio),2026-08-05T18:36:58.568130+00:00,True,
2826,Vimma,https://vimma.ai,Artificial intelligence and machine learning,United Kingdom,Techstars Portfolio (techstars.com/portfolio),2026-08-05T18:36:58.568130+00:00,True,
2827,Videolity,https://videolity.com,Artificial intelligence and machine learning,United Kingdom,Techstars Portfolio (techstars.com/portfolio),2026-08-05T18:36:58.568130+00:00,True,
2828,Varkn,https://varkn.com,"Mobile, Mobility tech",United States,Techstars Portfolio (techstars.com/portfolio),2026-08-05T18:36:58.568130+00:00,True,
2829,unbuilt,https://unbuilt.co,E-commerce,United States,Techstars Portfolio (techstars.com/portfolio),2026-08-05T18:36:58.568130+00:00,True,
2830,Tot Squad,https://totsquad.com,"Digital health, Femtech",United States,Techstars Portfolio (techstars.com/portfolio),2026-08-05T18:36:58.568130+00:00,True,
2831,Tonic Audio,https://tonicaudio.com,Audiotech,United States,Techstars Portfolio (techstars.com/portfolio),2026-08-05T18:36:58.568130+00:00,True,
2832,The Stands,https://thestands.io,"Mobile, Technology, media and telecommunications",United States,Techstars Portfolio (techstars.com/portfolio),2026-08-05T18:36:58.568130+00:00,True,
2833,Telememory,https://telememory.co,Lifestyles of Health and Sustainability and wellness,United States,Techstars Portfolio (techstars.com/portfolio),2026-08-05T18:36:58.568130+00:00,True,
2834,Symba,https://symba.io,HRtech,United States,Techstars Portfolio (techstars.com/portfolio),2026-08-05T18:36:58.568130+00:00,True,
2835,Such Much AI,https://suchmuchai.com,Artificial intelligence and machine learning,United States,Techstars Portfolio (techstars.com/portfolio),2026-08-05T18:36:58.568130+00:00,True,
2836,Streamfog,https://streamfog.com,"Adtech, Artificial intelligence and machine learning, Augmented reality, Gaming, Marketing tech, Virtual reality",United States,Techstars Portfolio (techstars.com/portfolio),2026-08-05T18:36:58.568130+00:00,True,
2837,SPEEQO,https://speeqo.com,"Artificial intelligence and machine learning, Fintech, HRtech, Insurtech, Mobile",Hong Kong,Techstars Portfolio (techstars.com/portfolio),2026-08-05T18:36:58.568130+00:00,True,
2838,SökerData,https://soker-data.com,Healthtech,United Kingdom,Techstars Portfolio (techstars.com/portfolio),2026-08-05T18:36:58.568130+00:00,True,
2839,SaveSpace,https://savespace.eu,Lifestyles of Health and Sustainability and wellness,Germany,Techstars Portfolio (techstars.com/portfolio),2026-08-05T18:36:58.568130+00:00,True,
2840,RuleUp,https://ruleup.ai,Fintech,Singapore,Techstars Portfolio (techstars.com/portfolio),2026-08-05T18:36:58.568130+00:00,True,
2841,Rhubarb Labs,https://joinrhubarb.com,"Artificial intelligence and machine learning, Climate tech, Foodtech, Lifestyles of Health and Sustainability and wellness",United States,Techstars Portfolio (techstars.com/portfolio),2026-08-05T18:36:58.568130+00:00,True,
2842,Renderro,https://renderro.com,Cloudtech and DevOps,Poland,Techstars Portfolio (techstars.com/portfolio),2026-08-05T18:36:58.568130+00:00,True,
2843,Rayda,https://rayda.co,HRtech,United States,Techstars Portfolio (techstars.com/portfolio),2026-08-05T18:36:58.568130+00:00,True,
2844,Rate Pro,https://pmiratepro.com,"Fintech, Insurtech, Real estate tech",United States,Techstars Portfolio (techstars.com/portfolio),2026-08-05T18:36:58.568130+00:00,True,
2845,QuirkChat,https://quirktastic.co,"Gaming, Mobile, Virtual reality",United States,Techstars Portfolio (techstars.com/portfolio),2026-08-05T18:36:58.568130+00:00,True,
2846,Purposely.ai,https://purposely.ai,Fintech,United States,Techstars Portfolio (techstars.com/portfolio),2026-08-05T18:36:58.568130+00:00,True,
2847,Presta,https://letspresta.com,Fintech,United States,Techstars Portfolio (techstars.com/portfolio),2026-08-05T18:36:58.568130+00:00,True,
2848,Pennee Technologies,https://pennee.co,Fintech,United States,Techstars Portfolio (techstars.com/portfolio),2026-08-05T18:36:58.568130+00:00,True,
2849,PatentPlus,https://patentplus.io,"Artificial intelligence and machine learning, Cleantech, Internet of Things",Germany,Techstars Portfolio (techstars.com/portfolio),2026-08-05T18:36:58.568130+00:00,True,
2850,Pangian,https://pangian.com,HRtech,United States,Techstars Portfolio (techstars.com/portfolio),2026-08-05T18:36:58.568130+00:00,True,
2851,Palmly,https://getpalmly.com,"Mobile, Technology, media and telecommunications",United States,Techstars Portfolio (techstars.com/portfolio),2026-08-05T18:36:58.568130+00:00,True,
2852,Optimo,https://optimo.so,Edtech,Germany,Techstars Portfolio (techstars.com/portfolio),2026-08-05T18:36:58.568130+00:00,True,
2853,Onboardbase,https://onboardbase.com,Cloudtech and DevOps,United States,Techstars Portfolio (techstars.com/portfolio),2026-08-05T18:36:58.568130+00:00,True,
2854,Omnibio Ltd,https://omnibio.xyz,"Artificial intelligence and machine learning, Healthtech",United Kingdom,Techstars Portfolio (techstars.com/portfolio),2026-08-05T18:36:58.568130+00:00,True,
2855,Oly,https://oly-platform.com,E-commerce,France,Techstars Portfolio (techstars.com/portfolio),2026-08-05T18:36:58.568130+00:00,True,
2856,NeuroGeneces,https://neurogeneces.com,"Digital health, Healthtech, Lifestyles of Health and Sustainability and wellness",United States,Techstars Portfolio (techstars.com/portfolio),2026-08-05T18:36:58.568130+00:00,True,
2857,My Panda,https://mypandaapp.com,"HRtech, Lifestyles of Health and Sustainability and wellness, Mobile",United States,Techstars Portfolio (techstars.com/portfolio),2026-08-05T18:36:58.568130+00:00,True,
2858,MyAniml,https://myaniml.com,"Artificial intelligence and machine learning, Cryptocurrency/Blockchain",United States,Techstars Portfolio (techstars.com/portfolio),2026-08-05T18:36:58.568130+00:00,True,
2859,mishe,https://mishe.co,"Digital health, Healthtech, Mobile",United States,Techstars Portfolio (techstars.com/portfolio),2026-08-05T18:36:58.568130+00:00,True,
2860,MightySignal,https://mightysignal.com,Mobile,United States,Techstars Portfolio (techstars.com/portfolio),2026-08-05T18:36:58.568130+00:00,True,
2861,Metric Mate,https://themetricmate.com,"Digital health, Lifestyles of Health and Sustainability and wellness, Mobile",United States,Techstars Portfolio (techstars.com/portfolio),2026-08-05T18:36:58.568130+00:00,True,
2862,MenuData,https://menudata.ai,"Artificial intelligence and machine learning, Big Data, Foodtech",United States,Techstars Portfolio (techstars.com/portfolio),2026-08-05T18:36:58.568130+00:00,True,
2863,Melanin Kapital,https://melaninkapital.com,Fintech,Kenya,Techstars Portfolio (techstars.com/portfolio),2026-08-05T18:36:58.568130+00:00,True,
2864,Mechadoc,https://mechadoc.io,Healthtech,United States,Techstars Portfolio (techstars.com/portfolio),2026-08-05T18:36:58.568130+00:00,True,
2865,Mauna,https://mauna.mx,Lifestyles of Health and Sustainability and wellness,Mexico,Techstars Portfolio (techstars.com/portfolio),2026-08-05T18:36:58.568130+00:00,True,
2866,Mainstack,https://mainstack.co,"Fintech, Mobile commerce",United States,Techstars Portfolio (techstars.com/portfolio),2026-08-05T18:36:58.568130+00:00,True,
2867,Mahmi Bio,https://mahmi.bio,"Foodtech, Healthtech, Manufacturing",United States,Techstars Portfolio (techstars.com/portfolio),2026-08-05T18:36:58.568130+00:00,True,
2868,Lukango,https://lukango.com,Insurtech,United Kingdom,Techstars Portfolio (techstars.com/portfolio),2026-08-05T18:36:58.568130+00:00,True,
2869,Loopholes,https://loopholes.com,"Artificial intelligence and machine learning, Marketing tech",United States,Techstars Portfolio (techstars.com/portfolio),2026-08-05T18:36:58.568130+00:00,True,
2870,Konduit,https://konduitworks.com,Fintech,United States,Techstars Portfolio (techstars.com/portfolio),2026-08-05T18:36:58.568130+00:00,True,
2871,Joggr,https://joggr.io,Cloudtech and DevOps,United States,Techstars Portfolio (techstars.com/portfolio),2026-08-05T18:36:58.568130+00:00,True,
2872,Jelt,https://jelt.com.co,E-commerce,United States,Techstars Portfolio (techstars.com/portfolio),2026-08-05T18:36:58.568130+00:00,True,
2873,Impact Bytes,https://impactbytes.io,"Adtech, Artificial intelligence and machine learning, Cleantech, Climate tech, Lifestyles of Health and Sustainability and wellness, Marketing tech",Netherlands,Techstars Portfolio (techstars.com/portfolio),2026-08-05T18:36:58.568130+00:00,True,
2874,Illoominus,https://illoominus.com,"Artificial intelligence and machine learning, HRtech",United States,Techstars Portfolio (techstars.com/portfolio),2026-08-05T18:36:58.568130+00:00,True,
2875,HVAKR,https://hvakr.com,"Infrastructure, Manufacturing, SaaS",United States,Techstars Portfolio (techstars.com/portfolio),2026-08-05T18:36:58.568130+00:00,True,
2876,HonestDeed,https://honestdeed.com,"Fintech, Real estate tech",United States,Techstars Portfolio (techstars.com/portfolio),2026-08-05T18:36:58.568130+00:00,True,
2877,Hijack,https://hijack.bio,Digital health,United Kingdom,Techstars Portfolio (techstars.com/portfolio),2026-08-05T18:36:58.568130+00:00,True,
2878,GoodRoads,https://goodroads.io,"Artificial intelligence and machine learning, Infrastructure, Internet of Things",United States,Techstars Portfolio (techstars.com/portfolio),2026-08-05T18:36:58.568130+00:00,True,
2879,GolferX,https://golferx.io,E-commerce,United States,Techstars Portfolio (techstars.com/portfolio),2026-08-05T18:36:58.568130+00:00,True,
2880,GiftPocket,https://giftpocket.com,"Fintech, Mobile",United States,Techstars Portfolio (techstars.com/portfolio),2026-08-05T18:36:58.568130+00:00,True,
2881,Follo,https://follo.co,Construction technology,United States,Techstars Portfolio (techstars.com/portfolio),2026-08-05T18:36:58.568130+00:00,True,
2882,Folio,https://foliotravel.com,Artificial intelligence and machine learning,United States,Techstars Portfolio (techstars.com/portfolio),2026-08-05T18:36:58.568130+00:00,True,
2883,Flex Data,https://beta.flex.game,"Artificial intelligence and machine learning, HRtech",United Kingdom,Techstars Portfolio (techstars.com/portfolio),2026-08-05T18:36:58.568130+00:00,True,
2884,EverLearn,https://everlearncampus-student.com,Edtech,United States,Techstars Portfolio (techstars.com/portfolio),2026-08-05T18:36:58.568130+00:00,True,
2885,Elly,https://ellyhealth.com,"Artificial intelligence and machine learning, Digital health, Edtech, Healthtech",United States,Techstars Portfolio (techstars.com/portfolio),2026-08-05T18:36:58.568130+00:00,True,
2886,Craste,https://craste.co,"Cleantech, Climate tech",India,Techstars Portfolio (techstars.com/portfolio),2026-08-05T18:36:58.568130+00:00,True,
2887,Cookonnect,https://cookonnect.com,Foodtech,United States,Techstars Portfolio (techstars.com/portfolio),2026-08-05T18:36:58.568130+00:00,True,
2888,Climatize,https://climatize.earth,"Cleantech, Climate tech, Fintech, Impact investing, Mobile",United States,Techstars Portfolio (techstars.com/portfolio),2026-08-05T18:36:58.568130+00:00,True,
2889,Circle Blocks Edu,https://plabookeducation.com,Artificial intelligence and machine learning,United States,Techstars Portfolio (techstars.com/portfolio),2026-08-05T18:36:58.568130+00:00,True,
2890,ChatGenie,https://chatgenie.ph,E-commerce,United States,Techstars Portfolio (techstars.com/portfolio),2026-08-05T18:36:58.568130+00:00,True,
2891,Bytebase,https://bytebase.io,"Cloudtech and DevOps, Mobile",United States,Techstars Portfolio (techstars.com/portfolio),2026-08-05T18:36:58.568130+00:00,True,
2892,Builty,https://builty.app,"Artificial intelligence and machine learning, Big Data, Real estate tech",United States,Techstars Portfolio (techstars.com/portfolio),2026-08-05T18:36:58.568130+00:00,True,
2893,BuckUp,https://gobuckup.com,"Climate tech, Fintech, Infrastructure, Mobile",United States,Techstars Portfolio (techstars.com/portfolio),2026-08-05T18:36:58.568130+00:00,True,
2894,Boxologic,https://boxologic.com,"Artificial intelligence and machine learning, Climate tech, Internet of Things, Robotics and Drones",United States,Techstars Portfolio (techstars.com/portfolio),2026-08-05T18:36:58.568130+00:00,True,
2895,BlueSuit Technologies,https://bluesuit.com,"Artificial intelligence and machine learning, Fintech, Mobile",United States,Techstars Portfolio (techstars.com/portfolio),2026-08-05T18:36:58.568130+00:00,True,
2896,Bloctopus,https://bloctopus.io,Cryptocurrency/Blockchain,United Kingdom,Techstars Portfolio (techstars.com/portfolio),2026-08-05T18:36:58.568130+00:00,True,
2897,Biomine Health,https://biominehealth.com,Digital health,United Kingdom,Techstars Portfolio (techstars.com/portfolio),2026-08-05T18:36:58.568130+00:00,True,
2898,Atom Universe,https://atomstars.com,"Adtech, Cloudtech and DevOps, Cryptocurrency/Blockchain, eSports, Gaming, Virtual reality",United Kingdom,Techstars Portfolio (techstars.com/portfolio),2026-08-05T18:36:58.568130+00:00,True,
2899,AstroPrint,https://astroprint.com,Internet of Things,United States,Techstars Portfolio (techstars.com/portfolio),2026-08-05T18:36:58.568130+00:00,True,
2900,Astrius,https://astrius.co,Fintech,United States,Techstars Portfolio (techstars.com/portfolio),2026-08-05T18:36:58.568130+00:00,True,
2901,AlgenAir,https://algenair.com,"Climate tech, Lifestyles of Health and Sustainability and wellness",United States,Techstars Portfolio (techstars.com/portfolio),2026-08-05T18:36:58.568130+00:00,True,
2902,Aistetic,https://aistetic.com,E-commerce,United Kingdom,Techstars Portfolio (techstars.com/portfolio),2026-08-05T18:36:58.568130+00:00,True,
2903,Tarot Analytics,https://tarotanalytics.com,"Climate tech, Mobility tech, Supply chain technology",France,Techstars Portfolio (techstars.com/portfolio),2026-08-05T18:36:58.568130+00:00,True,
2904,CloudGuide,https://cloudguide.me,Mobile,Spain,Techstars Portfolio (techstars.com/portfolio),2026-08-05T18:36:58.568130+00:00,True,
2905,OffGridBox,https://offgridbox.com,"Cleantech, Fintech, Infrastructure, Mobile, Oil and gas",United States,Techstars Portfolio (techstars.com/portfolio),2026-08-05T18:36:58.568130+00:00,True,
2906,Robin,https://robin.live,"Fintech, Internet of Things, Marketing tech",Canada,Techstars Portfolio (techstars.com/portfolio),2026-08-05T18:36:58.568130+00:00,True,
2907,Wiistream,https://wiistream.com,"Industrials, SaaS",Ireland,Techstars Portfolio (techstars.com/portfolio),2026-08-05T18:36:58.568130+00:00,True,
2908,Valio,https://myvalio.com,"Artificial intelligence and machine learning, Cybersecurity, Healthtech",United States,Techstars Portfolio (techstars.com/portfolio),2026-08-05T18:36:58.568130+00:00,True,
2909,Unpluq,https://unpluq.com,"Digital health, Lifestyles of Health and Sustainability and wellness, Mobile",Netherlands,Techstars Portfolio (techstars.com/portfolio),2026-08-05T18:36:58.568130+00:00,True,
2910,Towgrace,https://towgrace.com,Infrastructure,United States,Techstars Portfolio (techstars.com/portfolio),2026-08-05T18:36:58.568130+00:00,True,
2911,The Highlights App,https://thehighlightsapp.com,"Mobile, Technology, media and telecommunications",United States,Techstars Portfolio (techstars.com/portfolio),2026-08-05T18:36:58.568130+00:00,True,
2912,Standd,https://standd.io,"Artificial intelligence and machine learning, Big Data, Insurtech, Legal tech",United States,Techstars Portfolio (techstars.com/portfolio),2026-08-05T18:36:58.568130+00:00,True,
2913,Sloop,https://sloop.ai,"Artificial intelligence and machine learning, Cybersecurity, Healthtech",United States,Techstars Portfolio (techstars.com/portfolio),2026-08-05T18:36:58.568130+00:00,True,
2914,Silico Data,https://silicodata.com,"Artificial intelligence and machine learning, Supply chain technology",United States,Techstars Portfolio (techstars.com/portfolio),2026-08-05T18:36:58.568130+00:00,True,
2915,Sevelyn,https://sevelyn.com,Healthtech,United States,Techstars Portfolio (techstars.com/portfolio),2026-08-05T18:36:58.568130+00:00,True,
2916,Saner.ai,https://saner.ai,Artificial intelligence and machine learning,Vietnam,Techstars Portfolio (techstars.com/portfolio),2026-08-05T18:36:58.568130+00:00,True,
2917,Samaria,https://samaria.co.jp,Artificial intelligence and machine learning,Japan,Techstars Portfolio (techstars.com/portfolio),2026-08-05T18:36:58.568130+00:00,True,
2918,Rise Vest,https://rise.capital,"Fintech, Mobile",Nigeria,Techstars Portfolio (techstars.com/portfolio),2026-08-05T18:36:58.568130+00:00,True,
2919,Ragana,https://1to1.tech,Mobile commerce,United States,Techstars Portfolio (techstars.com/portfolio),2026-08-05T18:36:58.568130+00:00,True,
2920,ProofSpace,https://proofspace.id,Cryptocurrency/Blockchain,United Kingdom,Techstars Portfolio (techstars.com/portfolio),2026-08-05T18:36:58.568130+00:00,True,
2921,Present,https://smallpackages.co,E-commerce,United States,Techstars Portfolio (techstars.com/portfolio),2026-08-05T18:36:58.568130+00:00,True,
2922,Pioneerwork,https://pioneerwork.co,"Artificial intelligence and machine learning, E-commerce",Japan,Techstars Portfolio (techstars.com/portfolio),2026-08-05T18:36:58.568130+00:00,True,
2923,PIEPIE.AI,https://piepie.ai,"Artificial intelligence and machine learning, Marketing tech",United States,Techstars Portfolio (techstars.com/portfolio),2026-08-05T18:36:58.568130+00:00,True,
2924,Phase Zero,https://phasezero.co,"Healthtech, SaaS",United States,Techstars Portfolio (techstars.com/portfolio),2026-08-05T18:36:58.568130+00:00,True,
2925,Perry,https://heyperry.com,Femtech,Switzerland,Techstars Portfolio (techstars.com/portfolio),2026-08-05T18:36:58.568130+00:00,True,
2926,Pawpass,https://usepawpass.com,"Cryptocurrency/Blockchain, Lifestyles of Health and Sustainability and wellness, Mobile",United Kingdom,Techstars Portfolio (techstars.com/portfolio),2026-08-05T18:36:58.568130+00:00,True,
2927,Oversight,https://oversight-ar.com,"Augmented reality, Gaming, Internet of Things, Robotics and Drones, Virtual reality",Israel,Techstars Portfolio (techstars.com/portfolio),2026-08-05T18:36:58.568130+00:00,True,
2928,Out of the Box Education,https://ootb.education,Edtech,United States,Techstars Portfolio (techstars.com/portfolio),2026-08-05T18:36:58.568130+00:00,True,
2929,Omnic Data,https://omnic.ai,"Artificial intelligence and machine learning, eSports",United States,Techstars Portfolio (techstars.com/portfolio),2026-08-05T18:36:58.568130+00:00,True,
2930,Nector,https://nectorcapital.com,Real estate tech,United States,Techstars Portfolio (techstars.com/portfolio),2026-08-05T18:36:58.568130+00:00,True,
2931,Neatsy.ai,https://neatsy.ai,Digital health,United States,Techstars Portfolio (techstars.com/portfolio),2026-08-05T18:36:58.568130+00:00,True,
2932,Millicent,https://millicent.io,"Cryptocurrency/Blockchain, Fintech",United Kingdom,Techstars Portfolio (techstars.com/portfolio),2026-08-05T18:36:58.568130+00:00,True,
2933,March Health,https://march.health,Healthtech,United States,Techstars Portfolio (techstars.com/portfolio),2026-08-05T18:36:58.568130+00:00,True,
2934,Magpie,https://magpiecollectibles.com,Fintech,United States,Techstars Portfolio (techstars.com/portfolio),2026-08-05T18:36:58.568130+00:00,True,
2935,Logicluster,https://logicluster.com,"Artificial intelligence and machine learning, Fintech",United States,Techstars Portfolio (techstars.com/portfolio),2026-08-05T18:36:58.568130+00:00,True,
2936,ListedB,https://listedb.com,"Artificial intelligence and machine learning, Beauty, Lifestyles of Health and Sustainability and wellness, Mobile",United States,Techstars Portfolio (techstars.com/portfolio),2026-08-05T18:36:58.568130+00:00,True,
2937,Leantime,https://leantime.io,Mobile,United States,Techstars Portfolio (techstars.com/portfolio),2026-08-05T18:36:58.568130+00:00,True,
2938,Lantern Finance,https://lantern.finance,Cryptocurrency/Blockchain,United States,Techstars Portfolio (techstars.com/portfolio),2026-08-05T18:36:58.568130+00:00,True,
2939,Kwikkart,https://kwikkart.co,"Adtech, Artificial intelligence and machine learning, Big Data, Internet of Things, SaaS",United States,Techstars Portfolio (techstars.com/portfolio),2026-08-05T18:36:58.568130+00:00,True,
2940,JETSWEAT,https://jetsweatfitness.com,Digital health,United States,Techstars Portfolio (techstars.com/portfolio),2026-08-05T18:36:58.568130+00:00,True,
2941,Inspektlabs,https://inspektlabs.com,"Artificial intelligence and machine learning, Fintech, Insurtech",United States,Techstars Portfolio (techstars.com/portfolio),2026-08-05T18:36:58.568130+00:00,True,
2942,InfraHive,https://infrahive.io,"Artificial intelligence and machine learning, SaaS",United States,Techstars Portfolio (techstars.com/portfolio),2026-08-05T18:36:58.568130+00:00,True,
2943,Group B Labs,https://linkedin.com/company/groupblabs,"Digital health, Femtech, Healthtech, Internet of Things, Lifestyles of Health and Sustainability and wellness, Mobile",United States,Techstars Portfolio (techstars.com/portfolio),2026-08-05T18:36:58.568130+00:00,True,
2944,Glow Up Games,https://glowup.games,"Gaming, Mobile",United States,Techstars Portfolio (techstars.com/portfolio),2026-08-05T18:36:58.568130+00:00,True,
2945,GenoBank.io,https://genobank.io,"Artificial intelligence and machine learning, Cryptocurrency/Blockchain, Cybersecurity, Healthtech, Legal tech",United States,Techstars Portfolio (techstars.com/portfolio),2026-08-05T18:36:58.568130+00:00,True,
2946,Gather Flora,https://gatherflora.com,"Agtech, Climate tech, Foodtech, Lifestyles of Health and Sustainability and wellness, Supply chain technology",United States,Techstars Portfolio (techstars.com/portfolio),2026-08-05T18:36:58.568130+00:00,True,
2947,Ganance,https://ganance.com,"Internet of Things, Lifestyles of Health and Sustainability and wellness, Manufacturing, Mobile",United States,Techstars Portfolio (techstars.com/portfolio),2026-08-05T18:36:58.568130+00:00,True,
2948,Galen Health,https://galenhealth.org,"Artificial intelligence and machine learning, Cybersecurity, Healthtech",United States,Techstars Portfolio (techstars.com/portfolio),2026-08-05T18:36:58.568130+00:00,True,
2949,Flyte,https://flyteai.com,"Artificial intelligence and machine learning, Marketing tech",Canada,Techstars Portfolio (techstars.com/portfolio),2026-08-05T18:36:58.568130+00:00,True,
2950,FileMarket,https://filemarket.xyz,Cryptocurrency/Blockchain,United States,Techstars Portfolio (techstars.com/portfolio),2026-08-05T18:36:58.568130+00:00,True,
2951,FairAI,https://getfair.ai,Artificial intelligence and machine learning,United States,Techstars Portfolio (techstars.com/portfolio),2026-08-05T18:36:58.568130+00:00,True,
2952,Eskuad,https://eskuad.com,"Artificial intelligence and machine learning, Cleantech, Mobile, Oil and gas",United States,Techstars Portfolio (techstars.com/portfolio),2026-08-05T18:36:58.568130+00:00,True,
2953,Embryoxite,https://embryoxite.life,"Artificial intelligence and machine learning, Femtech, Healthtech",United States,Techstars Portfolio (techstars.com/portfolio),2026-08-05T18:36:58.568130+00:00,True,
2954,Ember AI,https://emberai.xyz,"Artificial intelligence and machine learning, Cryptocurrency/Blockchain",United States,Techstars Portfolio (techstars.com/portfolio),2026-08-05T18:36:58.568130+00:00,True,
2955,Dondon Technologies,https://dondontech.com,Artificial intelligence and machine learning,United States,Techstars Portfolio (techstars.com/portfolio),2026-08-05T18:36:58.568130+00:00,True,
2956,Docsumo,https://docsumo.com,"Artificial intelligence and machine learning, Fintech, Mobile",India,Techstars Portfolio (techstars.com/portfolio),2026-08-05T18:36:58.568130+00:00,True,
2957,Digital Will,https://digitalwill.co.jp,"Artificial intelligence and machine learning, Gaming",Japan,Techstars Portfolio (techstars.com/portfolio),2026-08-05T18:36:58.568130+00:00,True,
2958,dealpad,https://dealpad.io,"Big Data, Marketing tech",United Kingdom,Techstars Portfolio (techstars.com/portfolio),2026-08-05T18:36:58.568130+00:00,True,
2959,DaVinci Wearables,https://davinciwearables.com,"Femtech, Lifestyles of Health and Sustainability and wellness, Mobile",United States,Techstars Portfolio (techstars.com/portfolio),2026-08-05T18:36:58.568130+00:00,True,
2960,Crosscourt,https://cross-court.com,Beauty,United States,Techstars Portfolio (techstars.com/portfolio),2026-08-05T18:36:58.568130+00:00,True,
2961,Conquer,https://conquerapp.io,Mobile,United States,Techstars Portfolio (techstars.com/portfolio),2026-08-05T18:36:58.568130+00:00,True,
2962,Compose Health,https://composehealth.ai,"Artificial intelligence and machine learning, Cybersecurity, Healthtech",Canada,Techstars Portfolio (techstars.com/portfolio),2026-08-05T18:36:58.568130+00:00,True,
2963,Coda,https://evviaftercare.com,Pet tech,United States,Techstars Portfolio (techstars.com/portfolio),2026-08-05T18:36:58.568130+00:00,True,
2964,ClothesLyne,https://clotheslyne.com,Mobile,United States,Techstars Portfolio (techstars.com/portfolio),2026-08-05T18:36:58.568130+00:00,True,
2965,breathing.ai,https://breathing.ai,"Artificial intelligence and machine learning, Digital health, Lifestyles of Health and Sustainability and wellness, Mobile",United States,Techstars Portfolio (techstars.com/portfolio),2026-08-05T18:36:58.568130+00:00,True,
2966,Behaivior,https://behaivior.com,"Artificial intelligence and machine learning, Cybersecurity, Healthtech",United States,Techstars Portfolio (techstars.com/portfolio),2026-08-05T18:36:58.568130+00:00,True,
2967,Beezie,https://beezie.io,"Cryptocurrency/Blockchain, Fintech",United States,Techstars Portfolio (techstars.com/portfolio),2026-08-05T18:36:58.568130+00:00,True,
2968,Bebop - Audio Messaging,https://joinbebop.com,Artificial intelligence and machine learning,Finland,Techstars Portfolio (techstars.com/portfolio),2026-08-05T18:36:58.568130+00:00,True,
2969,aVenture,https://aventure.vc,Fintech,United States,Techstars Portfolio (techstars.com/portfolio),2026-08-05T18:36:58.568130+00:00,True,
2970,Assethub,https://assethub.io,Gaming,United States,Techstars Portfolio (techstars.com/portfolio),2026-08-05T18:36:58.568130+00:00,True,
2971,Artizen,https://artizen.fund,Cryptocurrency/Blockchain,United States,Techstars Portfolio (techstars.com/portfolio),2026-08-05T18:36:58.568130+00:00,True,
2972,Amatama,https://amatama.co,"Artificial intelligence and machine learning, Robotics and Drones",Japan,Techstars Portfolio (techstars.com/portfolio),2026-08-05T18:36:58.568130+00:00,True,
2973,Alo Index,https://aloindex.com,"Climate tech, Impact investing",United States,Techstars Portfolio (techstars.com/portfolio),2026-08-05T18:36:58.568130+00:00,True,
2974,Airtorch,https://airtorch.io,"Adtech, Artificial intelligence and machine learning, Fintech, HRtech, Marketing tech",United States,Techstars Portfolio (techstars.com/portfolio),2026-08-05T18:36:58.568130+00:00,True,
2975,AidRx,https://aidrx.app,"Artificial intelligence and machine learning, Cybersecurity, Healthtech",Canada,Techstars Portfolio (techstars.com/portfolio),2026-08-05T18:36:58.568130+00:00,True,
2976,AfroLandTV,https://afrolandtv.com,"Technology, media and telecommunications",United States,Techstars Portfolio (techstars.com/portfolio),2026-08-05T18:36:58.568130+00:00,True,
2977,Accountable,https://accountablehq.com,"Cybersecurity, Healthtech, HRtech, Insurtech",United States,Techstars Portfolio (techstars.com/portfolio),2026-08-05T18:36:58.568130+00:00,True,
2978,Clever Girl Finance,https://clevergirlfinance.com,"Edtech, Femtech, Fintech",United States,Techstars Portfolio (techstars.com/portfolio),2026-08-05T18:36:58.568130+00:00,True,
2979,edn,https://edntech.com,"Agtech, Cleantech, Internet of Things",United States,Techstars Portfolio (techstars.com/portfolio),2026-08-05T18:36:58.568130+00:00,True,
2980,bridge21,https://bridge21inc.com,"Cryptocurrency/Blockchain, Fintech, Mobile",United States,Techstars Portfolio (techstars.com/portfolio),2026-08-05T18:36:58.568130+00:00,True,
2981,We Are Here,https://wearehere.com,Healthtech,United States,Techstars Portfolio (techstars.com/portfolio),2026-08-05T18:36:58.568130+00:00,True,
2982,Vita Innovations,https://vitainnovations.co,Digital health,United States,Techstars Portfolio (techstars.com/portfolio),2026-08-05T18:36:58.568130+00:00,True,
2983,VideoDraft,https://videodraft.ai,Marketing tech,United States,Techstars Portfolio (techstars.com/portfolio),2026-08-05T18:36:58.568130+00:00,True,
2984,Topset Learning,https://topset.app,Edtech,United Kingdom,Techstars Portfolio (techstars.com/portfolio),2026-08-05T18:36:58.568130+00:00,True,
2985,Talisman+,https://gettalisman.com,Fintech,United States,Techstars Portfolio (techstars.com/portfolio),2026-08-05T18:36:58.568130+00:00,True,
2986,Steno,https://steno.ai,"Big Data, Cloudtech and DevOps, Mobile",United States,Techstars Portfolio (techstars.com/portfolio),2026-08-05T18:36:58.568130+00:00,True,
2987,Site Bionics,https://sitebionics.com,"Cloudtech and DevOps, Internet of Things",United States,Techstars Portfolio (techstars.com/portfolio),2026-08-05T18:36:58.568130+00:00,True,
2988,Silver Spur TX,https://silverspurtx.com,Healthtech,United States,Techstars Portfolio (techstars.com/portfolio),2026-08-05T18:36:58.568130+00:00,True,
2989,Remix,https://remix.ing,Future of work,United States,Techstars Portfolio (techstars.com/portfolio),2026-08-05T18:36:58.568130+00:00,True,
2990,Prismia,https://prismia.so,Real estate tech,United States,Techstars Portfolio (techstars.com/portfolio),2026-08-05T18:36:58.568130+00:00,True,
2991,Preface Health,https://prefacehealth.com,"Digital health, Healthtech",United States,Techstars Portfolio (techstars.com/portfolio),2026-08-05T18:36:58.568130+00:00,True,
2992,Praxi,https://praxi.io,Real estate tech,United States,Techstars Portfolio (techstars.com/portfolio),2026-08-05T18:36:58.568130+00:00,True,
2993,nurtur,https://nurturteam.com,Digital health,United States,Techstars Portfolio (techstars.com/portfolio),2026-08-05T18:36:58.568130+00:00,True,
2994,Mosqitter,https://mosqitter.com,"Lifestyles of Health and Sustainability and wellness, Mobile",United States,Techstars Portfolio (techstars.com/portfolio),2026-08-05T18:36:58.568130+00:00,True,
2995,MediCircle,https://medicirclerx.com,"Healthtech, Supply chain technology",United States,Techstars Portfolio (techstars.com/portfolio),2026-08-05T18:36:58.568130+00:00,True,
2996,Limber Technologies,https://limber.life,"Digital health, Healthtech",United States,Techstars Portfolio (techstars.com/portfolio),2026-08-05T18:36:58.568130+00:00,True,
2997,Henna,https://askhenna.com,SaaS,United States,Techstars Portfolio (techstars.com/portfolio),2026-08-05T18:36:58.568130+00:00,True,
2998,General Folders,https://generalfolders.com,"Cloudtech and DevOps, Cybersecurity",United States,Techstars Portfolio (techstars.com/portfolio),2026-08-05T18:36:58.568130+00:00,True,
2999,FynOps,https://fynops.com,E-commerce,United States,Techstars Portfolio (techstars.com/portfolio),2026-08-05T18:36:58.568130+00:00,True,
3000,EasyShake®,https://easyshake.xyz,E-commerce,United States,Techstars Portfolio (techstars.com/portfolio),2026-08-05T18:36:58.568130+00:00,True,
3001,D.Sole,https://d-sole.com,Healthtech,United States,Techstars Portfolio (techstars.com/portfolio),2026-08-05T18:36:58.568130+00:00,True,
3002,Docokids,https://docokids.com,Healthtech,Colombia,Techstars Portfolio (techstars.com/portfolio),2026-08-05T18:36:58.568130+00:00,True,
3003,DocNexus,https://medscrape.com,Healthtech,United States,Techstars Portfolio (techstars.com/portfolio),2026-08-05T18:36:58.568130+00:00,True,
3004,CranioSense,https://craniosense.com,Healthtech,United States,Techstars Portfolio (techstars.com/portfolio),2026-08-05T18:36:58.568130+00:00,True,
3005,Craitor,https://craitor.com,"3D printing, Manufacturing",United States,Techstars Portfolio (techstars.com/portfolio),2026-08-05T18:36:58.568130+00:00,True,
3006,Cobroker AI,https://cobroker.ai,Artificial intelligence and machine learning,United States,Techstars Portfolio (techstars.com/portfolio),2026-08-05T18:36:58.568130+00:00,True,
3007,Clinicbox,https://clinicbox.com,Healthtech,United States,Techstars Portfolio (techstars.com/portfolio),2026-08-05T18:36:58.568130+00:00,True,
3008,CargoShot,https://cargoshot.com,"Mobile, Supply chain technology",United States,Techstars Portfolio (techstars.com/portfolio),2026-08-05T18:36:58.568130+00:00,True,
3009,Brinter,https://brinter.com,Healthtech,United States,Techstars Portfolio (techstars.com/portfolio),2026-08-05T18:36:58.568130+00:00,True,
3010,Brainbot,https://brainbot.co,Healthtech,Canada,Techstars Portfolio (techstars.com/portfolio),2026-08-05T18:36:58.568130+00:00,True,
3011,BeChained,https://bechained.com,Cleantech,United States,Techstars Portfolio (techstars.com/portfolio),2026-08-05T18:36:58.568130+00:00,True,
3012,Babba,https://babbacare.com,Internet of Things,United States,Techstars Portfolio (techstars.com/portfolio),2026-08-05T18:36:58.568130+00:00,True,
3013,Asclepius Health,https://tryasclepius.com,Digital health,United States,Techstars Portfolio (techstars.com/portfolio),2026-08-05T18:36:58.568130+00:00,True,
3014,Ambana,https://ambana.com,Fintech,United States,Techstars Portfolio (techstars.com/portfolio),2026-08-05T18:36:58.568130+00:00,True,
3015,Alsteni Medical,https://alstenimedical.com,Healthtech,United States,Techstars Portfolio (techstars.com/portfolio),2026-08-05T18:36:58.568130+00:00,True,
3016,Allison,https://tryallison.com,Fintech,United States,Techstars Portfolio (techstars.com/portfolio),2026-08-05T18:36:58.568130+00:00,True,
3017,Airbuild,https://airbuild.energy,"Cleantech, Manufacturing",United States,Techstars Portfolio (techstars.com/portfolio),2026-08-05T18:36:58.568130+00:00,True,
3018,Jogg,https://jogg.co,Mobile,United States,Techstars Portfolio (techstars.com/portfolio),2026-08-05T18:36:58.568130+00:00,True,
3019,Zerio,https://zerio.com,Supply chain technology,United States,Techstars Portfolio (techstars.com/portfolio),2026-08-05T18:36:58.568130+00:00,True,
3020,XpressRun,https://xpressrun.com,Supply chain technology,United States,Techstars Portfolio (techstars.com/portfolio),2026-08-05T18:36:58.568130+00:00,True,
3021,What She Said App,https://whatshesaidapp.com,"Femtech, Impact investing, Marketing tech, Mobile",United States,Techstars Portfolio (techstars.com/portfolio),2026-08-05T18:36:58.568130+00:00,True,
3022,Voythos,https://voythos.io,"Artificial intelligence and machine learning, Healthtech",United States,Techstars Portfolio (techstars.com/portfolio),2026-08-05T18:36:58.568130+00:00,True,
3023,Voight AI,https://voight.ai,"Artificial intelligence and machine learning, Gaming",United States,Techstars Portfolio (techstars.com/portfolio),2026-08-05T18:36:58.568130+00:00,True,
3024,Visor,https://visor.vin,"Artificial intelligence and machine learning, SaaS",United States,Techstars Portfolio (techstars.com/portfolio),2026-08-05T18:36:58.568130+00:00,True,
3025,Value Buddy,https://hellovaluebuddy.com,Fintech,United States,Techstars Portfolio (techstars.com/portfolio),2026-08-05T18:36:58.568130+00:00,True,
3026,Valuables,https://valuables.co,Artificial intelligence and machine learning,United States,Techstars Portfolio (techstars.com/portfolio),2026-08-05T18:36:58.568130+00:00,True,
3027,Upgrade Boutique,https://upgradeboutique.com,"Artificial intelligence and machine learning, Beauty, Mobile commerce",United States,Techstars Portfolio (techstars.com/portfolio),2026-08-05T18:36:58.568130+00:00,True,
3028,Tromml,https://tromml.com,"Big Data, Cloudtech and DevOps",United States,Techstars Portfolio (techstars.com/portfolio),2026-08-05T18:36:58.568130+00:00,True,
3029,The 2.0 Collective,https://the20.co,"Artificial intelligence and machine learning, HRtech",United States,Techstars Portfolio (techstars.com/portfolio),2026-08-05T18:36:58.568130+00:00,True,
3030,Syndicate Bio,https://syndicatebio.com,Healthtech,United States,Techstars Portfolio (techstars.com/portfolio),2026-08-05T18:36:58.568130+00:00,True,
3031,Superinsight,https://superinsight.ai,Future of work,United States,Techstars Portfolio (techstars.com/portfolio),2026-08-05T18:36:58.568130+00:00,True,
3032,Superfan,https://superfan.social,"Marketing tech, Mobile, Mobile commerce",United States,Techstars Portfolio (techstars.com/portfolio),2026-08-05T18:36:58.568130+00:00,True,
3033,SOTRO,https://getsotro.com,"Beauty, Lifestyles of Health and Sustainability and wellness",United States,Techstars Portfolio (techstars.com/portfolio),2026-08-05T18:36:58.568130+00:00,True,
3034,Sotira,https://sotira.co,"Fintech, Marketing tech, Mobile commerce",United States,Techstars Portfolio (techstars.com/portfolio),2026-08-05T18:36:58.568130+00:00,True,
3035,SnapRefund,https://snaprefund.io,"Fintech, Insurtech",United States,Techstars Portfolio (techstars.com/portfolio),2026-08-05T18:36:58.568130+00:00,True,
3036,SMART Charts,https://mysmartcharts.com,Digital health,United States,Techstars Portfolio (techstars.com/portfolio),2026-08-05T18:36:58.568130+00:00,True,
3037,SkinnyTax,https://skinny.tax,"Artificial intelligence and machine learning, Fintech, Legal tech",United States,Techstars Portfolio (techstars.com/portfolio),2026-08-05T18:36:58.568130+00:00,True,
3038,Share Farm,https://sharefarm.com,"Agtech, Foodtech, Infrastructure, Supply chain technology",United States,Techstars Portfolio (techstars.com/portfolio),2026-08-05T18:36:58.568130+00:00,True,
3039,Sentius,https://sentius.ai,Artificial intelligence and machine learning,Armenia,Techstars Portfolio (techstars.com/portfolio),2026-08-05T18:36:58.568130+00:00,True,
3040,Seek,https://seekhealthtest.com,"Digital health, Femtech, Healthtech",United States,Techstars Portfolio (techstars.com/portfolio),2026-08-05T18:36:58.568130+00:00,True,
3041,Rubato,https://rubato.life,"Artificial intelligence and machine learning, Healthtech",United States,Techstars Portfolio (techstars.com/portfolio),2026-08-05T18:36:58.568130+00:00,True,
3042,Rockhopper,https://rockhopper.co,"Artificial intelligence and machine learning, Fintech, SaaS",United States,Techstars Portfolio (techstars.com/portfolio),2026-08-05T18:36:58.568130+00:00,True,
3043,Ride iQ,https://ride-iq.com,Edtech,United States,Techstars Portfolio (techstars.com/portfolio),2026-08-05T18:36:58.568130+00:00,True,
3044,Revella Health,https://revellahealth.com,"Artificial intelligence and machine learning, Digital health, Healthtech, Mobile",United States,Techstars Portfolio (techstars.com/portfolio),2026-08-05T18:36:58.568130+00:00,True,
3045,Remembrance,https://notliveyet.com,Augmented reality,United States,Techstars Portfolio (techstars.com/portfolio),2026-08-05T18:36:58.568130+00:00,True,
3046,Reality Trail,https://realityjourneys.com,"Artificial intelligence and machine learning, Augmented reality, Edtech, Marketing tech, Mobile commerce",United States,Techstars Portfolio (techstars.com/portfolio),2026-08-05T18:36:58.568130+00:00,True,
3047,Proton Health,https://proton-health.com,"Artificial intelligence and machine learning, Healthtech",United Kingdom,Techstars Portfolio (techstars.com/portfolio),2026-08-05T18:36:58.568130+00:00,True,
3048,Presence AI,https://presence.ai,Artificial intelligence and machine learning,United States,Techstars Portfolio (techstars.com/portfolio),2026-08-05T18:36:58.568130+00:00,True,
3049,PopViewers,https://popviewers.com,"Artificial intelligence and machine learning, Big Data, Technology, media and telecommunications",United States,Techstars Portfolio (techstars.com/portfolio),2026-08-05T18:36:58.568130+00:00,True,
3050,PlugOp Technologies,https://plugop.com,"Cleantech, Climate tech, Mobility tech, Real estate tech",United States,Techstars Portfolio (techstars.com/portfolio),2026-08-05T18:36:58.568130+00:00,True,
3051,PipeOps,https://pipeops.io,Cloudtech and DevOps,Nigeria,Techstars Portfolio (techstars.com/portfolio),2026-08-05T18:36:58.568130+00:00,True,
3052,Pedal Data,https://pedaldata.com,Digital health,United States,Techstars Portfolio (techstars.com/portfolio),2026-08-05T18:36:58.568130+00:00,True,
3053,Pay4Me App,https://pay4me.app,Fintech,United States,Techstars Portfolio (techstars.com/portfolio),2026-08-05T18:36:58.568130+00:00,True,
3054,Parkster.ai,https://parkster.ai,Mobility tech,United States,Techstars Portfolio (techstars.com/portfolio),2026-08-05T18:36:58.568130+00:00,True,
3055,Parker.,https://investparker.com,Real estate tech,United States,Techstars Portfolio (techstars.com/portfolio),2026-08-05T18:36:58.568130+00:00,True,
3056,Nerveli,https://getnerveli.com,"Artificial intelligence and machine learning, Digital health, Healthtech, Lifestyles of Health and Sustainability and wellness",United States,Techstars Portfolio (techstars.com/portfolio),2026-08-05T18:36:58.568130+00:00,True,
3057,Munivestor,https://munivestor.io,"Cloudtech and DevOps, Fintech, Technology, media and telecommunications",United States,Techstars Portfolio (techstars.com/portfolio),2026-08-05T18:36:58.568130+00:00,True,
3058,Motivision,https://motivision.us,"Artificial intelligence and machine learning, Mobile",United States,Techstars Portfolio (techstars.com/portfolio),2026-08-05T18:36:58.568130+00:00,True,
3059,Monocle,https://monocleapp.co,Artificial intelligence and machine learning,United States,Techstars Portfolio (techstars.com/portfolio),2026-08-05T18:36:58.568130+00:00,True,
3060,Maxwell,https://maxwell.app,"Fintech, HRtech, Mobile",United States,Techstars Portfolio (techstars.com/portfolio),2026-08-05T18:36:58.568130+00:00,True,
3061,Leagueswype,https://leagueswype.com,,United States,Techstars Portfolio (techstars.com/portfolio),2026-08-05T18:36:58.568130+00:00,True,
3062,LastMinute,https://trylastminute.com,Healthtech,United States,Techstars Portfolio (techstars.com/portfolio),2026-08-05T18:36:58.568130+00:00,True,
3063,Keyboard,https://keyboard.dev,"Artificial intelligence and machine learning, Big Data, SaaS, Technology, media and telecommunications",United States,Techstars Portfolio (techstars.com/portfolio),2026-08-05T18:36:58.568130+00:00,True,
3064,Joyn,https://joyn.one,"Artificial intelligence and machine learning, HRtech",United States,Techstars Portfolio (techstars.com/portfolio),2026-08-05T18:36:58.568130+00:00,True,
3065,IQLAND,https://iqland.ai,"Artificial intelligence and machine learning, Real estate tech",United States,Techstars Portfolio (techstars.com/portfolio),2026-08-05T18:36:58.568130+00:00,True,
3066,Humine,https://huminelabs.com,"Cryptocurrency/Blockchain, Healthtech",Canada,Techstars Portfolio (techstars.com/portfolio),2026-08-05T18:36:58.568130+00:00,True,
3067,Homebase,https://homebasedao.io,Cryptocurrency/Blockchain,United States,Techstars Portfolio (techstars.com/portfolio),2026-08-05T18:36:58.568130+00:00,True,
3068,hifive,https://hifivecommunity.com,"Fintech, HRtech",United States,Techstars Portfolio (techstars.com/portfolio),2026-08-05T18:36:58.568130+00:00,True,
3069,HeadOffice,https://headoffice.app,Fintech,United States,Techstars Portfolio (techstars.com/portfolio),2026-08-05T18:36:58.568130+00:00,True,
3070,GroceryList,https://grocerylistgroup.com,"Fintech, Foodtech, Supply chain technology",United States,Techstars Portfolio (techstars.com/portfolio),2026-08-05T18:36:58.568130+00:00,True,
3071,GlüxKind,https://gluxkind.com,"Artificial intelligence and machine learning, Internet of Things, Manufacturing, Robotics and Drones",Canada,Techstars Portfolio (techstars.com/portfolio),2026-08-05T18:36:58.568130+00:00,True,
3072,Globowl,https://theglobowl.com,Foodtech,United States,Techstars Portfolio (techstars.com/portfolio),2026-08-05T18:36:58.568130+00:00,True,
3073,Glitch,https://glitch.fun,Gaming,United States,Techstars Portfolio (techstars.com/portfolio),2026-08-05T18:36:58.568130+00:00,True,
3074,Gisens Biotech,https://gisensbiotech.com,"Digital health, Femtech, Healthtech, Nanotechnology",United States,Techstars Portfolio (techstars.com/portfolio),2026-08-05T18:36:58.568130+00:00,True,
3075,Gilly,https://ongilly.com,Artificial intelligence and machine learning,United States,Techstars Portfolio (techstars.com/portfolio),2026-08-05T18:36:58.568130+00:00,True,
3076,Gently Soap,https://gentlysoap.com,Beauty,United States,Techstars Portfolio (techstars.com/portfolio),2026-08-05T18:36:58.568130+00:00,True,
3077,Gale Payments,https://withgale.com,"Digital health, Femtech, Fintech, Healthtech",United States,Techstars Portfolio (techstars.com/portfolio),2026-08-05T18:36:58.568130+00:00,True,
3078,FluteSpace,https://flutespace.com,"Artificial intelligence and machine learning, Healthtech, Oncology",United States,Techstars Portfolio (techstars.com/portfolio),2026-08-05T18:36:58.568130+00:00,True,
3079,ExactRx,https://exactrx.ai,"Artificial intelligence and machine learning, Healthtech",United States,Techstars Portfolio (techstars.com/portfolio),2026-08-05T18:36:58.568130+00:00,True,
3080,ElectroKare,https://electrokare.com,"Artificial intelligence and machine learning, Digital health, Healthtech",United States,Techstars Portfolio (techstars.com/portfolio),2026-08-05T18:36:58.568130+00:00,True,
3081,efficientSC,https://efficientsc.com,"Healthtech, Supply chain technology",United States,Techstars Portfolio (techstars.com/portfolio),2026-08-05T18:36:58.568130+00:00,True,
3082,Driven,https://paywithdriven.com,"Fintech, Insurtech, Legal tech",United States,Techstars Portfolio (techstars.com/portfolio),2026-08-05T18:36:58.568130+00:00,True,
3083,Decimal Code,https://decimalcode.com,"Artificial intelligence and machine learning, Healthtech",United States,Techstars Portfolio (techstars.com/portfolio),2026-08-05T18:36:58.568130+00:00,True,
3084,Cyphr,https://cyphr.co,"Audiotech, Mobile",Jamaica,Techstars Portfolio (techstars.com/portfolio),2026-08-05T18:36:58.568130+00:00,True,
3085,Copyt,https://copyt.io,Artificial intelligence and machine learning,United States,Techstars Portfolio (techstars.com/portfolio),2026-08-05T18:36:58.568130+00:00,True,
3086,Complya,https://complya.ai,"Artificial intelligence and machine learning, Big Data, Legal tech",United States,Techstars Portfolio (techstars.com/portfolio),2026-08-05T18:36:58.568130+00:00,True,
3087,Clyn,https://clynapp.com,"Impact investing, Lifestyles of Health and Sustainability and wellness, Mobile, Mobile commerce",United States,Techstars Portfolio (techstars.com/portfolio),2026-08-05T18:36:58.568130+00:00,True,
3088,CliniSpan Health,https://clinispanhealth.com,"Digital health, Healthtech",United States,Techstars Portfolio (techstars.com/portfolio),2026-08-05T18:36:58.568130+00:00,True,
3089,Clickvoyant,https://clickvoyant.com,Marketing tech,United States,Techstars Portfolio (techstars.com/portfolio),2026-08-05T18:36:58.568130+00:00,True,
3090,CentralTexas.com,https://squaredeal.app,"Adtech, Fintech, Mobile commerce, Supply chain technology",United States,Techstars Portfolio (techstars.com/portfolio),2026-08-05T18:36:58.568130+00:00,True,
3091,bTECH,https://btechls.com,Healthtech,United States,Techstars Portfolio (techstars.com/portfolio),2026-08-05T18:36:58.568130+00:00,True,
3092,Blomso,https://blomso.com,Agtech,United States,Techstars Portfolio (techstars.com/portfolio),2026-08-05T18:36:58.568130+00:00,True,
3093,Besample,https://besample.app,"Artificial intelligence and machine learning, Edtech, Marketing tech",United States,Techstars Portfolio (techstars.com/portfolio),2026-08-05T18:36:58.568130+00:00,True,
3094,Be Human(e),https://behumane.co,Edtech,United States,Techstars Portfolio (techstars.com/portfolio),2026-08-05T18:36:58.568130+00:00,True,
3095,ARRIVO,https://arrivo.ai,"Mobile, Real estate tech",United States,Techstars Portfolio (techstars.com/portfolio),2026-08-05T18:36:58.568130+00:00,True,
3096,Approveit,https://approveit.today,"Artificial intelligence and machine learning, HRtech",United States,Techstars Portfolio (techstars.com/portfolio),2026-08-05T18:36:58.568130+00:00,True,
3097,Approva,https://approva.co,Fintech,Canada,Techstars Portfolio (techstars.com/portfolio),2026-08-05T18:36:58.568130+00:00,True,
3098,Airyvl,https://airyvl.com,"Artificial intelligence and machine learning, Big Data",United States,Techstars Portfolio (techstars.com/portfolio),2026-08-05T18:36:58.568130+00:00,True,
3099,AI Medica,https://aimedica.ai,"Artificial intelligence and machine learning, Healthtech",United States,Techstars Portfolio (techstars.com/portfolio),2026-08-05T18:36:58.568130+00:00,True,
3100,Activated Scale,https://activatedscale.com,HRtech,United States,Techstars Portfolio (techstars.com/portfolio),2026-08-05T18:36:58.568130+00:00,True,
3101,3D Continuum,https://3dcontinuum.com,"Artificial intelligence and machine learning, Industrials",United States,Techstars Portfolio (techstars.com/portfolio),2026-08-05T18:36:58.568130+00:00,True,
3102,NIMIS Cybersecurity,https://nimis.ai,"Artificial intelligence and machine learning, Cybersecurity, Infrastructure",Australia,Techstars Portfolio (techstars.com/portfolio),2026-08-05T18:36:58.568130+00:00,True,
3103,Localize,https://localizejs.com,"Technology, media and telecommunications",United States,Techstars Portfolio (techstars.com/portfolio),2026-08-05T18:36:58.568130+00:00,True,
3104,Package Zen,https://packagezen.com,Mobile,United States,Techstars Portfolio (techstars.com/portfolio),2026-08-05T18:36:58.568130+00:00,True,
3105,Zirtue,https://zirtue.com,"Fintech, Mobile",United States,Techstars Portfolio (techstars.com/portfolio),2026-08-05T18:36:58.568130+00:00,True,
3106,Swipe Credit,https://swipecredit.com,Fintech,United States,Techstars Portfolio (techstars.com/portfolio),2026-08-05T18:36:58.568130+00:00,True,
3107,Sunny Day Fund,https://sunnydayfund.com,"Fintech, Lifestyles of Health and Sustainability and wellness",United States,Techstars Portfolio (techstars.com/portfolio),2026-08-05T18:36:58.568130+00:00,True,
3108,Staax,https://staaxapp.com,"Cryptocurrency/Blockchain, Fintech",United States,Techstars Portfolio (techstars.com/portfolio),2026-08-05T18:36:58.568130+00:00,True,
3109,Nufi.mx,https://nufi.mx,"Fintech, Infrastructure",Mexico,Techstars Portfolio (techstars.com/portfolio),2026-08-05T18:36:58.568130+00:00,True,
3110,Mobile Fluid Recovery,https://mobilefluid.com,"Cleantech, Climate tech",United States,Techstars Portfolio (techstars.com/portfolio),2026-08-05T18:36:58.568130+00:00,True,
3111,Innovakote,https://innovakote.com,Cleantech,United States,Techstars Portfolio (techstars.com/portfolio),2026-08-05T18:36:58.568130+00:00,True,
3112,InFLOWS,https://designflow.inflows-ai.com,"Artificial intelligence and machine learning, Cleantech, Climate tech, Oil and gas",France,Techstars Portfolio (techstars.com/portfolio),2026-08-05T18:36:58.568130+00:00,True,
3113,Fonbnk,https://fonbnk.com,"Cryptocurrency/Blockchain, Fintech, Mobile",United States,Techstars Portfolio (techstars.com/portfolio),2026-08-05T18:36:58.568130+00:00,True,
3114,Firmus linxe,https://linxe.com,"Fintech, Insurtech",Colombia,Techstars Portfolio (techstars.com/portfolio),2026-08-05T18:36:58.568130+00:00,True,
3115,Cybrik,https://cybrik.ai,"Artificial intelligence and machine learning, Infrastructure, Oil and gas",United States,Techstars Portfolio (techstars.com/portfolio),2026-08-05T18:36:58.568130+00:00,True,
3116,Cancrie,https://cancrie.co,"Cleantech, Climate tech, Manufacturing",India,Techstars Portfolio (techstars.com/portfolio),2026-08-05T18:36:58.568130+00:00,True,
3117,Pubble,https://pubble.io,"Technology, media and telecommunications",United States,Techstars Portfolio (techstars.com/portfolio),2026-08-05T18:36:58.568130+00:00,True,
3118,Good Audience,https://goodaudience.com,Marketing tech,United Kingdom,Techstars Portfolio (techstars.com/portfolio),2026-08-05T18:36:58.568130+00:00,True,
3119,SendFriend,https://sendfriend.io,"Cryptocurrency/Blockchain, Fintech, Mobile",United States,Techstars Portfolio (techstars.com/portfolio),2026-08-05T18:36:58.568130+00:00,True,
3120,Fintros,https://fintros.com,"Artificial intelligence and machine learning, Cryptocurrency/Blockchain, Fintech, HRtech",Canada,Techstars Portfolio (techstars.com/portfolio),2026-08-05T18:36:58.568130+00:00,True,
3121,Lightboard,https://lightboarding.com,"Technology, media and telecommunications",United States,Techstars Portfolio (techstars.com/portfolio),2026-08-05T18:36:58.568130+00:00,True,
3122,Onion Corporation,https://onion.io,Internet of Things,Canada,Techstars Portfolio (techstars.com/portfolio),2026-08-05T18:36:58.568130+00:00,True,
3123,Fairwaves,https://fairwaves.co,"Infrastructure, Mobile, Technology, media and telecommunications",United States,Techstars Portfolio (techstars.com/portfolio),2026-08-05T18:36:58.568130+00:00,True,
3124,Cangrade,https://cangrade.com,"Artificial intelligence and machine learning, HRtech",United States,Techstars Portfolio (techstars.com/portfolio),2026-08-05T18:36:58.568130+00:00,True,
3125,XCredit,https://myxcredit.com,"Edtech, Fintech",United States,Techstars Portfolio (techstars.com/portfolio),2026-08-05T18:36:58.568130+00:00,True,
3126,Westwood Aerogel,https://westwoodaerogel.com,"Cleantech, Manufacturing",United States,Techstars Portfolio (techstars.com/portfolio),2026-08-05T18:36:58.568130+00:00,True,
3127,Vyrtual,https://vyrtual.co,"Artificial intelligence and machine learning, Fintech, Marketing tech",United States,Techstars Portfolio (techstars.com/portfolio),2026-08-05T18:36:58.568130+00:00,True,
3128,Vital Audio,https://vitalaudio.io,"Artificial intelligence and machine learning, Audiotech, Digital health, Healthtech, Lifestyles of Health and Sustainability and wellness",United States,Techstars Portfolio (techstars.com/portfolio),2026-08-05T18:36:58.568130+00:00,True,
3129,Textual,https://textual.com,Marketing tech,United States,Techstars Portfolio (techstars.com/portfolio),2026-08-05T18:36:58.568130+00:00,True,
3130,Taxxwiz,https://taxxwiz.com,"Fintech, Legal tech, SaaS",United States,Techstars Portfolio (techstars.com/portfolio),2026-08-05T18:36:58.568130+00:00,True,
3131,Sweetkiwi,https://sweetkiwi.com,Lifestyles of Health and Sustainability and wellness,United States,Techstars Portfolio (techstars.com/portfolio),2026-08-05T18:36:58.568130+00:00,True,
3132,SuperCopy,https://supercopy.ai,"Artificial intelligence and machine learning, Marketing tech",United States,Techstars Portfolio (techstars.com/portfolio),2026-08-05T18:36:58.568130+00:00,True,
3133,StepWise,https://getstepwise.com,Climate tech,United States,Techstars Portfolio (techstars.com/portfolio),2026-08-05T18:36:58.568130+00:00,True,
3134,SALUBATA,https://salubataofficial.com,Climate tech,France,Techstars Portfolio (techstars.com/portfolio),2026-08-05T18:36:58.568130+00:00,True,
3135,PropTexx,https://proptexx.com,Artificial intelligence and machine learning,United States,Techstars Portfolio (techstars.com/portfolio),2026-08-05T18:36:58.568130+00:00,True,
3136,Omega 3 Nutrition,https://eatomega3.com,Foodtech,United States,Techstars Portfolio (techstars.com/portfolio),2026-08-05T18:36:58.568130+00:00,True,
3137,Moya Aero,https://moyaaero.com,Robotics and Drones,Brazil,Techstars Portfolio (techstars.com/portfolio),2026-08-05T18:36:58.568130+00:00,True,
3138,MobilityZ Health,https://humansinspace.co,"Healthtech, Space tech",United States,Techstars Portfolio (techstars.com/portfolio),2026-08-05T18:36:58.568130+00:00,True,
3139,Locus Lock,https://locuslock.com,"Autonomous cars, Mobility tech, Robotics, Space tech",United States,Techstars Portfolio (techstars.com/portfolio),2026-08-05T18:36:58.568130+00:00,True,
3140,Little Place Labs,https://littleplace.com,"Artificial intelligence and machine learning, Big Data, Space tech",United States,Techstars Portfolio (techstars.com/portfolio),2026-08-05T18:36:58.568130+00:00,True,
3141,Lana Health,https://lana.health,Healthtech,United States,Techstars Portfolio (techstars.com/portfolio),2026-08-05T18:36:58.568130+00:00,True,
3142,Kneevoice,https://kneevoice.com,Healthtech,United States,Techstars Portfolio (techstars.com/portfolio),2026-08-05T18:36:58.568130+00:00,True,
3143,Jackson McCrea,https://jacksonmccreawhiskey.com,Foodtech,United States,Techstars Portfolio (techstars.com/portfolio),2026-08-05T18:36:58.568130+00:00,True,
3144,Iris Light Technologies,https://irislighttech.com,Manufacturing,United States,Techstars Portfolio (techstars.com/portfolio),2026-08-05T18:36:58.568130+00:00,True,
3145,Imetalx Group,https://imetalx.com,"Artificial intelligence and machine learning, Manufacturing, Robotics and Drones, Space tech",United States,Techstars Portfolio (techstars.com/portfolio),2026-08-05T18:36:58.568130+00:00,True,
3146,HiPR Innovation,https://hipr.io,Healthtech,United States,Techstars Portfolio (techstars.com/portfolio),2026-08-05T18:36:58.568130+00:00,True,
3147,GO See The City,https://goseethecity.com,"Cleantech, Climate tech, Foodtech, Mobile",United States,Techstars Portfolio (techstars.com/portfolio),2026-08-05T18:36:58.568130+00:00,True,
3148,Givers Health,https://givers.health,Healthtech,United States,Techstars Portfolio (techstars.com/portfolio),2026-08-05T18:36:58.568130+00:00,True,
3149,Expect Fitness,https://expect.fit,Femtech,United States,Techstars Portfolio (techstars.com/portfolio),2026-08-05T18:36:58.568130+00:00,True,
3150,Efektiva,https://efektiva.mx,Fintech,Mexico,Techstars Portfolio (techstars.com/portfolio),2026-08-05T18:36:58.568130+00:00,True,
3151,EDUrain,https://edurain.org,"Mobile, Real estate tech",United States,Techstars Portfolio (techstars.com/portfolio),2026-08-05T18:36:58.568130+00:00,True,
3152,Cubtale,https://cubtale.com,"Big Data, Digital health, Femtech, Internet of Things, Lifestyles of Health and Sustainability and wellness, Mobile",United States,Techstars Portfolio (techstars.com/portfolio),2026-08-05T18:36:58.568130+00:00,True,
3153,cohere,https://thecohere.com,"Artificial intelligence and machine learning, Big Data",United States,Techstars Portfolio (techstars.com/portfolio),2026-08-05T18:36:58.568130+00:00,True,
3154,MAGMENT,https://magment.co,"Artificial intelligence and machine learning, Climate tech, Infrastructure",Germany,Techstars Portfolio (techstars.com/portfolio),2026-08-05T18:36:58.568130+00:00,True,
3155,AquaRealTime,https://algaetracker.com,"Artificial intelligence and machine learning, Cleantech, Climate tech, Internet of Things",United States,Techstars Portfolio (techstars.com/portfolio),2026-08-05T18:36:58.568130+00:00,True,
3156,Alkemy Environmental,https://alkemyenvironmental.com,"Cleantech, Infrastructure",United States,Techstars Portfolio (techstars.com/portfolio),2026-08-05T18:36:58.568130+00:00,True,
3157,Work Simplr,https://worksimplr.com,"Edtech, HRtech, Impact investing",United States,Techstars Portfolio (techstars.com/portfolio),2026-08-05T18:36:58.568130+00:00,True,
3158,Washbnb,https://washbnb.com,Climate tech,United States,Techstars Portfolio (techstars.com/portfolio),2026-08-05T18:36:58.568130+00:00,True,
3159,Tulay,https://tulay.co,"Fintech, Marketing tech, SaaS",United States,Techstars Portfolio (techstars.com/portfolio),2026-08-05T18:36:58.568130+00:00,True,
3160,Tour,https://leasemagnets.com,Real estate tech,United States,Techstars Portfolio (techstars.com/portfolio),2026-08-05T18:36:58.568130+00:00,True,
3161,Team Fade,https://fade.technology,Adtech,United States,Techstars Portfolio (techstars.com/portfolio),2026-08-05T18:36:58.568130+00:00,True,
3162,StudioUS,https://studious.net,"Edtech, Impact investing",United States,Techstars Portfolio (techstars.com/portfolio),2026-08-05T18:36:58.568130+00:00,True,
3163,St. Martin,https://atthesocialclub.com,Beauty,United States,Techstars Portfolio (techstars.com/portfolio),2026-08-05T18:36:58.568130+00:00,True,
3164,SQOR.ai,https://sqor.ai,Artificial intelligence and machine learning,United States,Techstars Portfolio (techstars.com/portfolio),2026-08-05T18:36:58.568130+00:00,True,
3165,Speak_,https://speak.careers,"Artificial intelligence and machine learning, HRtech, Impact investing",United States,Techstars Portfolio (techstars.com/portfolio),2026-08-05T18:36:58.568130+00:00,True,
3166,Socian Technologies,https://socian.io,"Artificial intelligence and machine learning, Big Data, Mobile, Mobility tech, Nanotechnology, Robotics and Drones, Technology, media and telecommunications",United States,Techstars Portfolio (techstars.com/portfolio),2026-08-05T18:36:58.568130+00:00,True,
3167,ReRent,https://app.rerent.co,Real estate tech,United States,Techstars Portfolio (techstars.com/portfolio),2026-08-05T18:36:58.568130+00:00,True,
3168,Reflekt Me,https://reflektme.com,"Beauty, Marketing tech, Mobile, Mobile commerce, Technology, media and telecommunications",United States,Techstars Portfolio (techstars.com/portfolio),2026-08-05T18:36:58.568130+00:00,True,
3169,Pluck.eco,https://pluck.eco,"Infrastructure, Lifestyles of Health and Sustainability and wellness, Mobility tech, Supply chain technology",United States,Techstars Portfolio (techstars.com/portfolio),2026-08-05T18:36:58.568130+00:00,True,
3170,Pique,https://pique.so,"Artificial intelligence and machine learning, Edtech, HRtech, Impact investing, Lifestyles of Health and Sustainability and wellness",United States,Techstars Portfolio (techstars.com/portfolio),2026-08-05T18:36:58.568130+00:00,True,
3171,Petabolix,https://petabolix.com,"Infrastructure, Lifestyles of Health and Sustainability and wellness, Mobile",United States,Techstars Portfolio (techstars.com/portfolio),2026-08-05T18:36:58.568130+00:00,True,
3172,Performetry,https://performetry.ai,"Artificial intelligence and machine learning, HRtech",Ireland,Techstars Portfolio (techstars.com/portfolio),2026-08-05T18:36:58.568130+00:00,True,
3173,Peadbo,https://peadbo.com,"Edtech, Technology, media and telecommunications",United States,Techstars Portfolio (techstars.com/portfolio),2026-08-05T18:36:58.568130+00:00,True,
3174,Parallux,https://parallux.co,"Audiotech, Augmented reality, Cloudtech and DevOps, eSports, Gaming, Internet of Things, Technology, media and telecommunications, Virtual reality",United States,Techstars Portfolio (techstars.com/portfolio),2026-08-05T18:36:58.568130+00:00,True,
3175,Opnr,https://opnrmusic.com,"Technology, media and telecommunications",United States,Techstars Portfolio (techstars.com/portfolio),2026-08-05T18:36:58.568130+00:00,True,
3176,Nectar,https://usenectar.com,"Artificial intelligence and machine learning, Fintech",United States,Techstars Portfolio (techstars.com/portfolio),2026-08-05T18:36:58.568130+00:00,True,
3177,Musicbuk,https://musicbuk.com,Mobile,United States,Techstars Portfolio (techstars.com/portfolio),2026-08-05T18:36:58.568130+00:00,True,
3178,mtion,https://mtion.tv,Gaming,Canada,Techstars Portfolio (techstars.com/portfolio),2026-08-05T18:36:58.568130+00:00,True,
3179,Make Music Count,https://makemusiccount.com,Mobile,United States,Techstars Portfolio (techstars.com/portfolio),2026-08-05T18:36:58.568130+00:00,True,
3180,Locus Mobility,https://locusmobility.com,Mobility tech,United States,Techstars Portfolio (techstars.com/portfolio),2026-08-05T18:36:58.568130+00:00,True,
3181,LearnHaus,https://learnhaus.ai,"Artificial intelligence and machine learning, Big Data, Edtech, Impact investing, SaaS",United States,Techstars Portfolio (techstars.com/portfolio),2026-08-05T18:36:58.568130+00:00,True,
3182,KYD Labs,https://kydlabs.com,"Artificial intelligence and machine learning, Cryptocurrency/Blockchain, eSports, Gaming",United States,Techstars Portfolio (techstars.com/portfolio),2026-08-05T18:36:58.568130+00:00,True,
3183,Kosmi,https://kosmi.io,Mobile,Canada,Techstars Portfolio (techstars.com/portfolio),2026-08-05T18:36:58.568130+00:00,True,
3184,Kaya,https://joinkaya.com,"Artificial intelligence and machine learning, HRtech, Impact investing",United States,Techstars Portfolio (techstars.com/portfolio),2026-08-05T18:36:58.568130+00:00,True,
3185,Kai XR,https://kaixr.com,"Mobile, Virtual reality",United States,Techstars Portfolio (techstars.com/portfolio),2026-08-05T18:36:58.568130+00:00,True,
3186,Joystik Life,https://joystik.life,"Digital health, Healthtech, Lifestyles of Health and Sustainability and wellness, Mobile",United States,Techstars Portfolio (techstars.com/portfolio),2026-08-05T18:36:58.568130+00:00,True,
3187,Immigify,https://immigify.com,"Artificial intelligence and machine learning, HRtech, Impact investing",United States,Techstars Portfolio (techstars.com/portfolio),2026-08-05T18:36:58.568130+00:00,True,
3188,Imaginario.ai,https://imaginario.ai,"Artificial intelligence and machine learning, Infrastructure, Marketing tech, Technology, media and telecommunications",United Kingdom,Techstars Portfolio (techstars.com/portfolio),2026-08-05T18:36:58.568130+00:00,True,
3189,Hello Audio,https://helloaudio.fm,"Audiotech, Marketing tech",United States,Techstars Portfolio (techstars.com/portfolio),2026-08-05T18:36:58.568130+00:00,True,
3190,Healthy Hip Hop,https://healthy.hiphop,"Cryptocurrency/Blockchain, Edtech, Internet of Things, Mobile",United States,Techstars Portfolio (techstars.com/portfolio),2026-08-05T18:36:58.568130+00:00,True,
3191,Hardly,https://hardly-work.com,"Edtech, HRtech, Impact investing, SaaS",United States,Techstars Portfolio (techstars.com/portfolio),2026-08-05T18:36:58.568130+00:00,True,
3192,Gildform,https://gildform.com,"3D printing, Manufacturing, Supply chain technology",United States,Techstars Portfolio (techstars.com/portfolio),2026-08-05T18:36:58.568130+00:00,True,
3193,Foto Visura,https://visura.co,"Artificial intelligence and machine learning, Cryptocurrency/Blockchain, Infrastructure, Mobile, Technology, media and telecommunications",United States,Techstars Portfolio (techstars.com/portfolio),2026-08-05T18:36:58.568130+00:00,True,
3194,Feedcoyote,https://feedcoyote.com,"Artificial intelligence and machine learning, Fintech, Mobile",United States,Techstars Portfolio (techstars.com/portfolio),2026-08-05T18:36:58.568130+00:00,True,
3195,Exitous,https://exitous.co,"HRtech, Impact investing, Lifestyles of Health and Sustainability and wellness",United States,Techstars Portfolio (techstars.com/portfolio),2026-08-05T18:36:58.568130+00:00,True,
3196,Enrichly,https://enrichly.world,"Artificial intelligence and machine learning, Digital health, Edtech, Gaming",United States,Techstars Portfolio (techstars.com/portfolio),2026-08-05T18:36:58.568130+00:00,True,
3197,Elite Sweets,https://elitedonut.com,Manufacturing,United States,Techstars Portfolio (techstars.com/portfolio),2026-08-05T18:36:58.568130+00:00,True,
3198,Earn & Learn,https://earnlearn.us,"Edtech, Impact investing",United States,Techstars Portfolio (techstars.com/portfolio),2026-08-05T18:36:58.568130+00:00,True,
3199,Dovey,https://doveydates.com,"Gaming, Lifestyles of Health and Sustainability and wellness, Mobile, Virtual reality",United States,Techstars Portfolio (techstars.com/portfolio),2026-08-05T18:36:58.568130+00:00,True,
3200,Courtroom5,https://courtroom5.com,Legal tech,United States,Techstars Portfolio (techstars.com/portfolio),2026-08-05T18:36:58.568130+00:00,True,
3201,Cherry Blossom Intimates,https://cherryblossomintimates.com,"Femtech, Lifestyles of Health and Sustainability and wellness",United States,Techstars Portfolio (techstars.com/portfolio),2026-08-05T18:36:58.568130+00:00,True,
3202,Capsa Technology,https://getcapsa.com,Fintech,United States,Techstars Portfolio (techstars.com/portfolio),2026-08-05T18:36:58.568130+00:00,True,
3203,Cantaloupe AI,https://trycantaloupe.com,"Artificial intelligence and machine learning, HRtech, Impact investing",United States,Techstars Portfolio (techstars.com/portfolio),2026-08-05T18:36:58.568130+00:00,True,
3204,Branda,https://branda.ai,Legal tech,Israel,Techstars Portfolio (techstars.com/portfolio),2026-08-05T18:36:58.568130+00:00,True,
3205,BestFit,https://best-fit.app,"Artificial intelligence and machine learning, Edtech",United States,Techstars Portfolio (techstars.com/portfolio),2026-08-05T18:36:58.568130+00:00,True,
3206,BEERMKR,https://beermkr.com,Foodtech,United States,Techstars Portfolio (techstars.com/portfolio),2026-08-05T18:36:58.568130+00:00,True,
3207,BachPlace,https://bachplace.com,Artificial intelligence and machine learning,United States,Techstars Portfolio (techstars.com/portfolio),2026-08-05T18:36:58.568130+00:00,True,
3208,Arch Pet Food,https://archpetfood.com,"Climate tech, Pet tech",United States,Techstars Portfolio (techstars.com/portfolio),2026-08-05T18:36:58.568130+00:00,True,
3209,Arbo Technologies,https://arbohq.com,Fintech,United States,Techstars Portfolio (techstars.com/portfolio),2026-08-05T18:36:58.568130+00:00,True,
3210,Arbol,https://growarbol.com,"Edtech, Fintech, Impact investing",United States,Techstars Portfolio (techstars.com/portfolio),2026-08-05T18:36:58.568130+00:00,True,
3211,ACT House,https://act.house,"E-commerce, HRtech, SaaS",United States,Techstars Portfolio (techstars.com/portfolio),2026-08-05T18:36:58.568130+00:00,True,
3212,Kapitalwise,https://kapitalwise.com,"Artificial intelligence and machine learning, Fintech",United States,Techstars Portfolio (techstars.com/portfolio),2026-08-05T18:36:58.568130+00:00,True,
3213,Kedeon,https://kedeonsolutions.com,Internet of Things,Latvia,Techstars Portfolio (techstars.com/portfolio),2026-08-05T18:36:58.568130+00:00,True,
3214,eTEU,https://eteu.co.uk,"Mobility tech, SaaS",United Kingdom,Techstars Portfolio (techstars.com/portfolio),2026-08-05T18:36:58.568130+00:00,True,
3215,Crispify.io,https://crispify.io,Mobility tech,Israel,Techstars Portfolio (techstars.com/portfolio),2026-08-05T18:36:58.568130+00:00,True,
3216,Carbon Analytics,https://carbonanalytics.com,Climate tech,United Kingdom,Techstars Portfolio (techstars.com/portfolio),2026-08-05T18:36:58.568130+00:00,True,
3217,Apparier,https://apparier.com,"Technology, media and telecommunications",United Kingdom,Techstars Portfolio (techstars.com/portfolio),2026-08-05T18:36:58.568130+00:00,True,
3218,Vesseladmin,https://vesseladmin.com,Supply chain technology,Norway,Techstars Portfolio (techstars.com/portfolio),2026-08-05T18:36:58.568130+00:00,True,
3219,Virtkick,https://virtkick.com,"SaaS, Technology, media and telecommunications",United States,Techstars Portfolio (techstars.com/portfolio),2026-08-05T18:36:58.568130+00:00,True,
3220,Appbase,https://appbase.io,Infrastructure,United States,Techstars Portfolio (techstars.com/portfolio),2026-08-05T18:36:58.568130+00:00,True,
3221,Streamline Genomics,https://streamlinegenomics.com,Healthtech,Canada,Techstars Portfolio (techstars.com/portfolio),2026-08-05T18:36:58.568130+00:00,True,
3222,One Step Software,https://onestepsoftware.com,Healthtech,United States,Techstars Portfolio (techstars.com/portfolio),2026-08-05T18:36:58.568130+00:00,True,
3223,Mortar Data,https://mortardata.com,Fintech,United States,Techstars Portfolio (techstars.com/portfolio),2026-08-05T18:36:58.568130+00:00,True,
3224,Struct Club,https://structclub.com,Lifestyles of Health and Sustainability and wellness,United States,Techstars Portfolio (techstars.com/portfolio),2026-08-05T18:36:58.568130+00:00,True,
3225,Pivan Interactive,https://pivaninteractive.com,"Artificial intelligence and machine learning, Gaming",United States,Techstars Portfolio (techstars.com/portfolio),2026-08-05T18:36:58.568130+00:00,True,
3226,MODU,https://moduresearch.com,"Artificial intelligence and machine learning, Mobile, Virtual reality",Canada,Techstars Portfolio (techstars.com/portfolio),2026-08-05T18:36:58.568130+00:00,True,
3227,Arete,https://fitmind.app,"Artificial intelligence and machine learning, Healthtech, Lifestyles of Health and Sustainability and wellness, Mobile",Australia,Techstars Portfolio (techstars.com/portfolio),2026-08-05T18:36:58.568130+00:00,True,
3228,A-Champs,https://a-champs.com,"Digital health, Gaming, Healthtech, Internet of Things, Lifestyles of Health and Sustainability and wellness",Spain,Techstars Portfolio (techstars.com/portfolio),2026-08-05T18:36:58.568130+00:00,True,
3229,WunderGrubs,https://wundergrubs.com,"Cleantech, Climate tech, Internet of Things, Mobile",United States,Techstars Portfolio (techstars.com/portfolio),2026-08-05T18:36:58.568130+00:00,True,
3230,Windcredible,https://windcredible.com,"Cleantech, Climate tech, Internet of Things, Mobility tech",Portugal,Techstars Portfolio (techstars.com/portfolio),2026-08-05T18:36:58.568130+00:00,True,
3231,WheelPrice,https://wheelprice.com,Mobility tech,United States,Techstars Portfolio (techstars.com/portfolio),2026-08-05T18:36:58.568130+00:00,True,
3232,We Sparkle,https://wesparkle.co,SaaS,United States,Techstars Portfolio (techstars.com/portfolio),2026-08-05T18:36:58.568130+00:00,True,
3233,WellMiss,https://hellowellmiss.com,"Artificial intelligence and machine learning, Femtech, Lifestyles of Health and Sustainability and wellness",United States,Techstars Portfolio (techstars.com/portfolio),2026-08-05T18:36:58.568130+00:00,True,
3234,WellCapped,https://wellcapped.com,"Beauty, Big Data",United States,Techstars Portfolio (techstars.com/portfolio),2026-08-05T18:36:58.568130+00:00,True,
3235,Vulcan Augmetics,https://wearevulcan.com,"Artificial intelligence and machine learning, Internet of Things, Robotics and Drones",Vietnam,Techstars Portfolio (techstars.com/portfolio),2026-08-05T18:36:58.568130+00:00,True,
3236,Voltaage.io,https://voltaage.io,Mobility tech,France,Techstars Portfolio (techstars.com/portfolio),2026-08-05T18:36:58.568130+00:00,True,
3237,Vertru Technologies,https://vertru.co,"Artificial intelligence and machine learning, Cryptocurrency/Blockchain",United States,Techstars Portfolio (techstars.com/portfolio),2026-08-05T18:36:58.568130+00:00,True,
3238,Upfront Online,https://allupfront.com,"Artificial intelligence and machine learning, Big Data, Edtech, Fintech",United States,Techstars Portfolio (techstars.com/portfolio),2026-08-05T18:36:58.568130+00:00,True,
3239,unremot,https://unremot.com,"Cryptocurrency/Blockchain, HRtech",India,Techstars Portfolio (techstars.com/portfolio),2026-08-05T18:36:58.568130+00:00,True,
3240,Two to Tango,https://twototango.co,"Artificial intelligence and machine learning, Marketing tech, Technology, media and telecommunications",Colombia,Techstars Portfolio (techstars.com/portfolio),2026-08-05T18:36:58.568130+00:00,True,
3241,TuCann Medical,https://tucannmedical.co,"Cleantech, Lifestyles of Health and Sustainability and wellness",Australia,Techstars Portfolio (techstars.com/portfolio),2026-08-05T18:36:58.568130+00:00,True,
3242,Trova,https://trova.io,"Artificial intelligence and machine learning, HRtech, Lifestyles of Health and Sustainability and wellness, Mobile",United States,Techstars Portfolio (techstars.com/portfolio),2026-08-05T18:36:58.568130+00:00,True,
3243,Transition,https://jointransition.com,HRtech,United States,Techstars Portfolio (techstars.com/portfolio),2026-08-05T18:36:58.568130+00:00,True,
3244,TinnCann,https://tinncann.com,Edtech,United States,Techstars Portfolio (techstars.com/portfolio),2026-08-05T18:36:58.568130+00:00,True,
3245,Think  Confluent,https://thinkconfluent.com,"Artificial intelligence and machine learning, HRtech",France,Techstars Portfolio (techstars.com/portfolio),2026-08-05T18:36:58.568130+00:00,True,
3246,The LO.,https://wearethelo.com,"HRtech, Impact investing, Lifestyles of Health and Sustainability and wellness, Technology, media and telecommunications",United States,Techstars Portfolio (techstars.com/portfolio),2026-08-05T18:36:58.568130+00:00,True,
3247,The Fan's Place,https://thefansplace.com,Gaming,United States,Techstars Portfolio (techstars.com/portfolio),2026-08-05T18:36:58.568130+00:00,True,
3248,Surmount,https://surmount.ai,"Artificial intelligence and machine learning, Fintech",United States,Techstars Portfolio (techstars.com/portfolio),2026-08-05T18:36:58.568130+00:00,True,
3249,Stepsize,https://stepsize.com,Artificial intelligence and machine learning,United Kingdom,Techstars Portfolio (techstars.com/portfolio),2026-08-05T18:36:58.568130+00:00,True,
3250,Squid IQ,https://squid-iq.com,"Artificial intelligence and machine learning, Digital health, Healthtech, Impact investing, Internet of Things, Supply chain technology",United States,Techstars Portfolio (techstars.com/portfolio),2026-08-05T18:36:58.568130+00:00,True,
3251,Sportsicon,https://sportsicon.co,"Cryptocurrency/Blockchain, Gaming",United Kingdom,Techstars Portfolio (techstars.com/portfolio),2026-08-05T18:36:58.568130+00:00,True,
3252,spiky.ai,https://spiky.ai,"Artificial intelligence and machine learning, HRtech",United States,Techstars Portfolio (techstars.com/portfolio),2026-08-05T18:36:58.568130+00:00,True,
3253,Sparen Homes,https://sparenadvisory.com,"Artificial intelligence and machine learning, Cryptocurrency/Blockchain, Fintech, Mobile, Real estate tech",United States,Techstars Portfolio (techstars.com/portfolio),2026-08-05T18:36:58.568130+00:00,True,
3254,SPARE,https://gotspare.com,"Fintech, Mobile",United States,Techstars Portfolio (techstars.com/portfolio),2026-08-05T18:36:58.568130+00:00,True,
3255,SoleSafe,https://solesafe.co,"Artificial intelligence and machine learning, Cryptocurrency/Blockchain, Fintech, Insurtech, Mobile",United States,Techstars Portfolio (techstars.com/portfolio),2026-08-05T18:36:58.568130+00:00,True,
3256,Smeisty,https://smeisty.com,Cryptocurrency/Blockchain,United States,Techstars Portfolio (techstars.com/portfolio),2026-08-05T18:36:58.568130+00:00,True,
3257,Silvis Materials,https://silvismaterials.com,Climate tech,United States,Techstars Portfolio (techstars.com/portfolio),2026-08-05T18:36:58.568130+00:00,True,
3258,Sign-Speak,https://sign-speak.com,"Artificial intelligence and machine learning, Mobile",United States,Techstars Portfolio (techstars.com/portfolio),2026-08-05T18:36:58.568130+00:00,True,
3259,Sensegrass,https://sensegrass.com,"Artificial intelligence and machine learning, Internet of Things, Mobile",United States,Techstars Portfolio (techstars.com/portfolio),2026-08-05T18:36:58.568130+00:00,True,
3260,RivetApp,https://rivetapp.co,"Big Data, Marketing tech, Mobile",United States,Techstars Portfolio (techstars.com/portfolio),2026-08-05T18:36:58.568130+00:00,True,
3261,Rif Care,https://rifcare.com,"Femtech, Healthtech, Lifestyles of Health and Sustainability and wellness",United States,Techstars Portfolio (techstars.com/portfolio),2026-08-05T18:36:58.568130+00:00,True,
3262,RentSmallSmall,https://rent.smallsmall.com,Mobile,United States,Techstars Portfolio (techstars.com/portfolio),2026-08-05T18:36:58.568130+00:00,True,
3263,Renofy.ai,https://renofy.ai,E-commerce,United States,Techstars Portfolio (techstars.com/portfolio),2026-08-05T18:36:58.568130+00:00,True,
3264,Relive -,https://relive.pt,Mobile,Portugal,Techstars Portfolio (techstars.com/portfolio),2026-08-05T18:36:58.568130+00:00,True,
3265,Rego,https://liverego.com,"Artificial intelligence and machine learning, Climate tech, Infrastructure, Real estate tech",United States,Techstars Portfolio (techstars.com/portfolio),2026-08-05T18:36:58.568130+00:00,True,
3266,PSI,https://psi-mobile.com,"Artificial intelligence and machine learning, Cryptocurrency/Blockchain",United Kingdom,Techstars Portfolio (techstars.com/portfolio),2026-08-05T18:36:58.568130+00:00,True,
3267,Pibox,https://pibox.com,"Artificial intelligence and machine learning, Mobile, Technology, media and telecommunications",Finland,Techstars Portfolio (techstars.com/portfolio),2026-08-05T18:36:58.568130+00:00,True,
3268,PeepConnect,https://peepwaitlist.com,Marketing tech,United States,Techstars Portfolio (techstars.com/portfolio),2026-08-05T18:36:58.568130+00:00,True,
3269,PeduL,https://pedul.com,"Fintech, HRtech, Mobile",United States,Techstars Portfolio (techstars.com/portfolio),2026-08-05T18:36:58.568130+00:00,True,
3270,Payday Africa,https://usepayday.com,Fintech,United States,Techstars Portfolio (techstars.com/portfolio),2026-08-05T18:36:58.568130+00:00,True,
3271,PACO,https://pacohq.com,Artificial intelligence and machine learning,United States,Techstars Portfolio (techstars.com/portfolio),2026-08-05T18:36:58.568130+00:00,True,
3272,Own the Moment NFT,https://otmnft.com,Cryptocurrency/Blockchain,United States,Techstars Portfolio (techstars.com/portfolio),2026-08-05T18:36:58.568130+00:00,True,
3273,OPTIMIZ,https://optimiz.claims,SaaS,United Kingdom,Techstars Portfolio (techstars.com/portfolio),2026-08-05T18:36:58.568130+00:00,True,
3274,Noktos,https://noktos.com,Fintech,Mexico,Techstars Portfolio (techstars.com/portfolio),2026-08-05T18:36:58.568130+00:00,True,
3275,Next Generation Quantum,https://ngq.io,Artificial intelligence and machine learning,United States,Techstars Portfolio (techstars.com/portfolio),2026-08-05T18:36:58.568130+00:00,True,
3276,ndaOK,https://ndaok.com,Artificial intelligence and machine learning,United States,Techstars Portfolio (techstars.com/portfolio),2026-08-05T18:36:58.568130+00:00,True,
3277,MyFitPod,https://myfitpod.com,"Internet of Things, Lifestyles of Health and Sustainability and wellness",United States,Techstars Portfolio (techstars.com/portfolio),2026-08-05T18:36:58.568130+00:00,True,
3278,Mini City,https://minicityatl.com,"Impact investing, Lifestyles of Health and Sustainability and wellness",United States,Techstars Portfolio (techstars.com/portfolio),2026-08-05T18:36:58.568130+00:00,True,
3279,Metavent,https://metavent.io,"Cleantech, HRtech, Internet of Things, Mobile, Virtual reality",United States,Techstars Portfolio (techstars.com/portfolio),2026-08-05T18:36:58.568130+00:00,True,
3280,Memory My Way,https://memorymyway.com,"Artificial intelligence and machine learning, Mobile",United States,Techstars Portfolio (techstars.com/portfolio),2026-08-05T18:36:58.568130+00:00,True,
3281,Mavity,https://mavity.co,"Artificial intelligence and machine learning, Fintech, HRtech",United States,Techstars Portfolio (techstars.com/portfolio),2026-08-05T18:36:58.568130+00:00,True,
3282,Mattoboard,https://mattoboard.com,"Artificial intelligence and machine learning, Real estate tech, Virtual reality",United States,Techstars Portfolio (techstars.com/portfolio),2026-08-05T18:36:58.568130+00:00,True,
3283,LootLocker,https://lootlocker.io,Gaming,Sweden,Techstars Portfolio (techstars.com/portfolio),2026-08-05T18:36:58.568130+00:00,True,
3284,Local Sports Network,https://localsports.network,"Artificial intelligence and machine learning, Gaming",United States,Techstars Portfolio (techstars.com/portfolio),2026-08-05T18:36:58.568130+00:00,True,
3285,LocalAway,https://localaway.com,,United States,Techstars Portfolio (techstars.com/portfolio),2026-08-05T18:36:58.568130+00:00,True,
3286,Legends,https://livemylegend.com,"Big Data, Cryptocurrency/Blockchain, Mobile, Mobile commerce, Technology, media and telecommunications",United States,Techstars Portfolio (techstars.com/portfolio),2026-08-05T18:36:58.568130+00:00,True,
3287,LeagueOS,https://leagueos.gg,"eSports, Gaming",United States,Techstars Portfolio (techstars.com/portfolio),2026-08-05T18:36:58.568130+00:00,True,
3288,Lawyerd!,https://lawyerd.net,Cryptocurrency/Blockchain,Poland,Techstars Portfolio (techstars.com/portfolio),2026-08-05T18:36:58.568130+00:00,True,
3289,Launchpad Fitness,https://launchpad.fit,"Artificial intelligence and machine learning, Lifestyles of Health and Sustainability and wellness, Manufacturing, Mobile",United States,Techstars Portfolio (techstars.com/portfolio),2026-08-05T18:36:58.568130+00:00,True,
3290,Kyshi,https://kyshi.co,"Fintech, Mobile",United Kingdom,Techstars Portfolio (techstars.com/portfolio),2026-08-05T18:36:58.568130+00:00,True,
3291,Kinumi,https://kinumi.com,"HRtech, Lifestyles of Health and Sustainability and wellness",United States,Techstars Portfolio (techstars.com/portfolio),2026-08-05T18:36:58.568130+00:00,True,
3292,KEIPhone,https://keiphoneglobal.com,"Femtech, Mobile",United States,Techstars Portfolio (techstars.com/portfolio),2026-08-05T18:36:58.568130+00:00,True,
3293,KeepWOL,https://keepwol.com,"Artificial intelligence and machine learning, Edtech, Gaming, HRtech",United States,Techstars Portfolio (techstars.com/portfolio),2026-08-05T18:36:58.568130+00:00,True,
3294,KADO Networks,https://kadonetworks.com,Mobile,United States,Techstars Portfolio (techstars.com/portfolio),2026-08-05T18:36:58.568130+00:00,True,
3295,ion Learning,https://ionlearning.com,HRtech,United States,Techstars Portfolio (techstars.com/portfolio),2026-08-05T18:36:58.568130+00:00,True,
3296,Instinct,https://instinctenvironmental.com,"Artificial intelligence and machine learning, Cleantech, Climate tech, Infrastructure, Internet of Things",United States,Techstars Portfolio (techstars.com/portfolio),2026-08-05T18:36:58.568130+00:00,True,
3297,INPUT SOFT,https://inputsoft.net,Mobility tech,Ukraine,Techstars Portfolio (techstars.com/portfolio),2026-08-05T18:36:58.568130+00:00,True,
3298,INKZUP,https://inkzup.com,Future of work,United States,Techstars Portfolio (techstars.com/portfolio),2026-08-05T18:36:58.568130+00:00,True,
3299,Indistinguishable From Magic,https://ifmagic.io,"Internet of Things, Manufacturing, Robotics and Drones, Virtual reality",United States,Techstars Portfolio (techstars.com/portfolio),2026-08-05T18:36:58.568130+00:00,True,
3300,Humankind Homes,https://humankindhomes.com,"3D printing, Cleantech",United States,Techstars Portfolio (techstars.com/portfolio),2026-08-05T18:36:58.568130+00:00,True,
3301,Holodia,https://holodia.com,"Artificial intelligence and machine learning, Gaming, Virtual reality",Switzerland,Techstars Portfolio (techstars.com/portfolio),2026-08-05T18:36:58.568130+00:00,True,
3302,HiddenLogin,https://hiddenlogin.com,Cybersecurity,United States,Techstars Portfolio (techstars.com/portfolio),2026-08-05T18:36:58.568130+00:00,True,
3303,HeyOpal,https://heyopal.com,"Artificial intelligence and machine learning, Cybersecurity, Healthtech",United States,Techstars Portfolio (techstars.com/portfolio),2026-08-05T18:36:58.568130+00:00,True,
3304,Her Skill Academy,https://herskillacademy.com,Edtech,United States,Techstars Portfolio (techstars.com/portfolio),2026-08-05T18:36:58.568130+00:00,True,
3305,Healthtracka,https://healthtracka.com,"Healthtech, Infrastructure, Lifestyles of Health and Sustainability and wellness",United States,Techstars Portfolio (techstars.com/portfolio),2026-08-05T18:36:58.568130+00:00,True,
3306,HealthHive,https://healthhive.org,"Digital health, Healthtech, Lifestyles of Health and Sustainability and wellness",United States,Techstars Portfolio (techstars.com/portfolio),2026-08-05T18:36:58.568130+00:00,True,
3307,Health Haven Rx,https://healthhavenrx.com,"Artificial intelligence and machine learning, Healthtech, Lifestyles of Health and Sustainability and wellness",United States,Techstars Portfolio (techstars.com/portfolio),2026-08-05T18:36:58.568130+00:00,True,
3308,Hazel,https://hazelhq.com,HRtech,Canada,Techstars Portfolio (techstars.com/portfolio),2026-08-05T18:36:58.568130+00:00,True,
3309,Happied,https://happied.co,"Lifestyles of Health and Sustainability and wellness, Mobile",United States,Techstars Portfolio (techstars.com/portfolio),2026-08-05T18:36:58.568130+00:00,True,
3310,GRIND Interactive,https://grindbasketball.com,"Cryptocurrency/Blockchain, Gaming",United States,Techstars Portfolio (techstars.com/portfolio),2026-08-05T18:36:58.568130+00:00,True,
3311,Grayscale AI,https://grayscale.ai,"Artificial intelligence and machine learning, Robotics and Drones",United Kingdom,Techstars Portfolio (techstars.com/portfolio),2026-08-05T18:36:58.568130+00:00,True,
3312,GoFlyy,https://goflyy.com,Mobile,United States,Techstars Portfolio (techstars.com/portfolio),2026-08-05T18:36:58.568130+00:00,True,
3313,Freeman Capital Management,https://freemancapital.co,"Artificial intelligence and machine learning, Fintech, Mobile",United States,Techstars Portfolio (techstars.com/portfolio),2026-08-05T18:36:58.568130+00:00,True,
3314,FLUIX,https://fluixpro-line.godaddysites.com,Cleantech,India,Techstars Portfolio (techstars.com/portfolio),2026-08-05T18:36:58.568130+00:00,True,
3315,First Ascent Biomedical,https://firstascentbio.com,"Artificial intelligence and machine learning, Healthtech",United States,Techstars Portfolio (techstars.com/portfolio),2026-08-05T18:36:58.568130+00:00,True,
3316,EzSec,https://ezsec.org,Cybersecurity,Canada,Techstars Portfolio (techstars.com/portfolio),2026-08-05T18:36:58.568130+00:00,True,
3317,Exovolar Industries,https://exovolar.com,"Artificial intelligence and machine learning, Industrials, Micromobility, Mobility tech, Robotics and Drones",United States,Techstars Portfolio (techstars.com/portfolio),2026-08-05T18:36:58.568130+00:00,True,
3318,Event Hub,https://eventhub.net,Mobile,United States,Techstars Portfolio (techstars.com/portfolio),2026-08-05T18:36:58.568130+00:00,True,
3319,Equatorial Space Systems Pte Ltd,https://equatorialspace.com,Space tech,Singapore,Techstars Portfolio (techstars.com/portfolio),2026-08-05T18:36:58.568130+00:00,True,
3320,Enreport,https://enreport.io,"Artificial intelligence and machine learning, Cleantech",Finland,Techstars Portfolio (techstars.com/portfolio),2026-08-05T18:36:58.568130+00:00,True,
3321,ECGO,https://ecgo.co,"Artificial intelligence and machine learning, Cleantech, Internet of Things",United States,Techstars Portfolio (techstars.com/portfolio),2026-08-05T18:36:58.568130+00:00,True,
3322,Duhqa,https://duhqa.com,"Fintech, Mobile commerce, Supply chain technology",Canada,Techstars Portfolio (techstars.com/portfolio),2026-08-05T18:36:58.568130+00:00,True,
3323,dolaGon,https://dolagon.com,"Artificial intelligence and machine learning, Robotics and Drones",United States,Techstars Portfolio (techstars.com/portfolio),2026-08-05T18:36:58.568130+00:00,True,
3324,DiveThru,https://divethru.com,"Digital health, Healthtech, Lifestyles of Health and Sustainability and wellness, Mobile",Canada,Techstars Portfolio (techstars.com/portfolio),2026-08-05T18:36:58.568130+00:00,True,
3325,DevNation,https://thedevnation.com,HRtech,Pakistan,Techstars Portfolio (techstars.com/portfolio),2026-08-05T18:36:58.568130+00:00,True,
3326,DEI Directive,https://deidirective.com,Future of work,United States,Techstars Portfolio (techstars.com/portfolio),2026-08-05T18:36:58.568130+00:00,True,
3327,Curastory,https://curastory.co,"Technology, media and telecommunications",United States,Techstars Portfolio (techstars.com/portfolio),2026-08-05T18:36:58.568130+00:00,True,
3328,Courial,https://courial.com,Mobile,United States,Techstars Portfolio (techstars.com/portfolio),2026-08-05T18:36:58.568130+00:00,True,
3329,CONCONNECT,https://conconnect.com,"HRtech, Mobile",United States,Techstars Portfolio (techstars.com/portfolio),2026-08-05T18:36:58.568130+00:00,True,
3330,Cohere Network,https://cohere.network,Infrastructure,United States,Techstars Portfolio (techstars.com/portfolio),2026-08-05T18:36:58.568130+00:00,True,
3331,Circle Labs,https://circlelabs.xyz,"Artificial intelligence and machine learning, Mobile, Virtual reality",United States,Techstars Portfolio (techstars.com/portfolio),2026-08-05T18:36:58.568130+00:00,True,
3332,CINEVVA,https://cinevva.com,"Cryptocurrency/Blockchain, Gaming",United States,Techstars Portfolio (techstars.com/portfolio),2026-08-05T18:36:58.568130+00:00,True,
3333,Chroma Signet,https://chromasignet.com,"Cryptocurrency/Blockchain, Fintech, Internet of Things, Technology, media and telecommunications",United States,Techstars Portfolio (techstars.com/portfolio),2026-08-05T18:36:58.568130+00:00,True,
3334,Chex.AI,https://chex.ai,Artificial intelligence and machine learning,United States,Techstars Portfolio (techstars.com/portfolio),2026-08-05T18:36:58.568130+00:00,True,
3335,Chamba,https://lachamba.app,"HRtech, Mobile",United States,Techstars Portfolio (techstars.com/portfolio),2026-08-05T18:36:58.568130+00:00,True,
3336,Buoy Pricing,https://buoy.us,SaaS,United States,Techstars Portfolio (techstars.com/portfolio),2026-08-05T18:36:58.568130+00:00,True,
3337,Breakthru,https://joinbreakthru.com,"Fintech, Mobile",United States,Techstars Portfolio (techstars.com/portfolio),2026-08-05T18:36:58.568130+00:00,True,
3338,Branch Politics,https://branch.vote,"Technology, media and telecommunications",United States,Techstars Portfolio (techstars.com/portfolio),2026-08-05T18:36:58.568130+00:00,True,
3339,BOS Framework,https://bosframework.com,,United States,Techstars Portfolio (techstars.com/portfolio),2026-08-05T18:36:58.568130+00:00,True,
3340,Borrowing Magnolia,https://borrowingmagnolia.com,,United States,Techstars Portfolio (techstars.com/portfolio),2026-08-05T18:36:58.568130+00:00,True,
3341,Bloominous,https://bloominous.com,"Technology, media and telecommunications",United States,Techstars Portfolio (techstars.com/portfolio),2026-08-05T18:36:58.568130+00:00,True,
3342,Beatmatch,https://beatmatchsocial.com,Mobile,United States,Techstars Portfolio (techstars.com/portfolio),2026-08-05T18:36:58.568130+00:00,True,
3343,BeAKid,https://beakid.com,"Big Data, Edtech",United States,Techstars Portfolio (techstars.com/portfolio),2026-08-05T18:36:58.568130+00:00,True,
3344,AWSM Sauce,https://awsmsauce.co,"Cleantech, Climate tech",United States,Techstars Portfolio (techstars.com/portfolio),2026-08-05T18:36:58.568130+00:00,True,
3345,Avrio,https://avrio.com,"Artificial intelligence and machine learning, Climate tech, Real estate tech",Netherlands,Techstars Portfolio (techstars.com/portfolio),2026-08-05T18:36:58.568130+00:00,True,
3346,Augurisk,https://augurisk.com,"Artificial intelligence and machine learning, Climate tech, Insurtech",United States,Techstars Portfolio (techstars.com/portfolio),2026-08-05T18:36:58.568130+00:00,True,
3347,Athlytic,https://athlytic.io,"Artificial intelligence and machine learning, Mobile",United States,Techstars Portfolio (techstars.com/portfolio),2026-08-05T18:36:58.568130+00:00,True,
3348,ARway,https://arway.app,"Artificial intelligence and machine learning, Mobile, Virtual reality",United Kingdom,Techstars Portfolio (techstars.com/portfolio),2026-08-05T18:36:58.568130+00:00,True,
3349,Armada IQ,https://armadaiq.com,Artificial intelligence and machine learning,United States,Techstars Portfolio (techstars.com/portfolio),2026-08-05T18:36:58.568130+00:00,True,
3350,Aleria,https://aleria.tech,HRtech,United States,Techstars Portfolio (techstars.com/portfolio),2026-08-05T18:36:58.568130+00:00,True,
3351,Akouba Credit,https://akoubacredit.com,Fintech,United States,Techstars Portfolio (techstars.com/portfolio),2026-08-05T18:36:58.568130+00:00,True,
3352,ABBY by GOGOTECH,https://gogotech.co,"Healthtech, Mobility tech",United States,Techstars Portfolio (techstars.com/portfolio),2026-08-05T18:36:58.568130+00:00,True,
3353,Flikshop,https://flikshop.com,Mobile,United States,Techstars Portfolio (techstars.com/portfolio),2026-08-05T18:36:58.568130+00:00,True,
3354,LaaSer Critical Communications,https://laaser911.com,Mobile,United States,Techstars Portfolio (techstars.com/portfolio),2026-08-05T18:36:58.568130+00:00,True,
3355,Brand.ai,https://brand.ai,"Artificial intelligence and machine learning, Mobile",United States,Techstars Portfolio (techstars.com/portfolio),2026-08-05T18:36:58.568130+00:00,True,
3356,STACKEASE,https://eolrobotics.fr,"Artificial intelligence and machine learning, Lifestyles of Health and Sustainability and wellness",France,Techstars Portfolio (techstars.com/portfolio),2026-08-05T18:36:58.568130+00:00,True,
3357,Cloud 66,https://cloud66.com,Cloudtech and DevOps,United Kingdom,Techstars Portfolio (techstars.com/portfolio),2026-08-05T18:36:58.568130+00:00,True,
3358,Wscripted,https://wscripted.co,Mobile,United States,Techstars Portfolio (techstars.com/portfolio),2026-08-05T18:36:58.568130+00:00,True,
3359,Workbnb,https://workbnbapp.com,Real estate tech,United States,Techstars Portfolio (techstars.com/portfolio),2026-08-05T18:36:58.568130+00:00,True,
3360,Wise Assistant,https://wiseassistant.com,"Artificial intelligence and machine learning, Marketing tech",United States,Techstars Portfolio (techstars.com/portfolio),2026-08-05T18:36:58.568130+00:00,True,
3361,WeRadiate,https://weradiate.com,"Agtech, Artificial intelligence and machine learning, Cleantech, Climate tech, Internet of Things",United States,Techstars Portfolio (techstars.com/portfolio),2026-08-05T18:36:58.568130+00:00,True,
3362,Wellacy Health,https://bewellacy.com,Healthtech,United States,Techstars Portfolio (techstars.com/portfolio),2026-08-05T18:36:58.568130+00:00,True,
3363,Weku,https://weku.ai,"Big Data, Cleantech, Climate tech, Lifestyles of Health and Sustainability and wellness",United States,Techstars Portfolio (techstars.com/portfolio),2026-08-05T18:36:58.568130+00:00,True,
3364,Veba,https://vebababy.com,"Digital health, Foodtech, Internet of Things",United States,Techstars Portfolio (techstars.com/portfolio),2026-08-05T18:36:58.568130+00:00,True,
3365,Unpacking,https://unpacking.co,HRtech,United States,Techstars Portfolio (techstars.com/portfolio),2026-08-05T18:36:58.568130+00:00,True,
3366,Trip Slip,https://trytripslip.com,Mobile,United States,Techstars Portfolio (techstars.com/portfolio),2026-08-05T18:36:58.568130+00:00,True,
3367,Superpowers,https://superpowers-inc.com,"Artificial intelligence and machine learning, Fintech",United States,Techstars Portfolio (techstars.com/portfolio),2026-08-05T18:36:58.568130+00:00,True,
3368,SquadTrip,https://squadtrip.com,Fintech,United States,Techstars Portfolio (techstars.com/portfolio),2026-08-05T18:36:58.568130+00:00,True,
3369,Sproxxy,https://sproxxy.com,"Artificial intelligence and machine learning, Big Data, Marketing tech",United States,Techstars Portfolio (techstars.com/portfolio),2026-08-05T18:36:58.568130+00:00,True,
3370,SportsMarkit,https://sportsmarkit.com,"Big Data, Fintech, Mobile commerce",United States,Techstars Portfolio (techstars.com/portfolio),2026-08-05T18:36:58.568130+00:00,True,
3371,SocialPreneur Lab,https://socialpreneurlab.org,"Edtech, Fintech",United States,Techstars Portfolio (techstars.com/portfolio),2026-08-05T18:36:58.568130+00:00,True,
3372,SneakPeek,https://snkpeek.app,"Artificial intelligence and machine learning, Mobile",United States,Techstars Portfolio (techstars.com/portfolio),2026-08-05T18:36:58.568130+00:00,True,
3373,SkiiMoo Tech,https://skiimootech.com,"Healthtech, Mobile",United States,Techstars Portfolio (techstars.com/portfolio),2026-08-05T18:36:58.568130+00:00,True,
3374,Shur,https://getshur.com,"Big Data, Edtech, Fintech, Insurtech",United States,Techstars Portfolio (techstars.com/portfolio),2026-08-05T18:36:58.568130+00:00,True,
3375,Shophand,https://shophand.com,Future of work,United States,Techstars Portfolio (techstars.com/portfolio),2026-08-05T18:36:58.568130+00:00,True,
3376,scale.jobs,https://scale.jobs,"Artificial intelligence and machine learning, HRtech, Mobile",United States,Techstars Portfolio (techstars.com/portfolio),2026-08-05T18:36:58.568130+00:00,True,
3377,Saral,https://mysaralapp.com,Supply chain technology,India,Techstars Portfolio (techstars.com/portfolio),2026-08-05T18:36:58.568130+00:00,True,
3378,Rifbid,https://rifbid.com,"Fintech, Supply chain technology",United States,Techstars Portfolio (techstars.com/portfolio),2026-08-05T18:36:58.568130+00:00,True,
3379,REXIAL,https://rexial.com,"Cryptocurrency/Blockchain, Fintech",United States,Techstars Portfolio (techstars.com/portfolio),2026-08-05T18:36:58.568130+00:00,True,
3380,Ranked® Media & Technologies,https://ranked.technology,"Mobile, Technology, media and telecommunications",United States,Techstars Portfolio (techstars.com/portfolio),2026-08-05T18:36:58.568130+00:00,True,
3381,Pairgap,https://pairgap.com,"Fintech, Real estate tech",United States,Techstars Portfolio (techstars.com/portfolio),2026-08-05T18:36:58.568130+00:00,True,
3382,Painless Picasso,https://painlesspicasso.com,"Beauty, Lifestyles of Health and Sustainability and wellness, Manufacturing",United States,Techstars Portfolio (techstars.com/portfolio),2026-08-05T18:36:58.568130+00:00,True,
3383,Oceanviews,https://oceanviews.ai,"Artificial intelligence and machine learning, Fintech",United States,Techstars Portfolio (techstars.com/portfolio),2026-08-05T18:36:58.568130+00:00,True,
3384,NGHBR,https://nghbr.app,"Adtech, Artificial intelligence and machine learning, Big Data, HRtech, Legal tech, Marketing tech, Mobile, Real estate tech",United States,Techstars Portfolio (techstars.com/portfolio),2026-08-05T18:36:58.568130+00:00,True,
3385,Musa,https://musaventures.com,"Artificial intelligence and machine learning, Fintech",Australia,Techstars Portfolio (techstars.com/portfolio),2026-08-05T18:36:58.568130+00:00,True,
3386,Movez,https://movez.com,"Augmented reality, Big Data, Cryptocurrency/Blockchain, Mobile, Ridesharing, Virtual reality",United States,Techstars Portfolio (techstars.com/portfolio),2026-08-05T18:36:58.568130+00:00,True,
3387,MINWO,https://minwo.co,"Artificial intelligence and machine learning, Fintech",United States,Techstars Portfolio (techstars.com/portfolio),2026-08-05T18:36:58.568130+00:00,True,
3388,MeetYourClass,https://meetyourclass.com,Mobile,United States,Techstars Portfolio (techstars.com/portfolio),2026-08-05T18:36:58.568130+00:00,True,
3389,Luca,https://luca.africa,"Fintech, Mobile commerce, SaaS",United States,Techstars Portfolio (techstars.com/portfolio),2026-08-05T18:36:58.568130+00:00,True,
3390,Le Ora,https://joinleora.com,"Mobile, Mobile commerce",United States,Techstars Portfolio (techstars.com/portfolio),2026-08-05T18:36:58.568130+00:00,True,
3391,Legal Equalizer,https://legalequalizer.com,Mobile,United States,Techstars Portfolio (techstars.com/portfolio),2026-08-05T18:36:58.568130+00:00,True,
3392,Laundr,https://laundr.io,"Cleantech, Lifestyles of Health and Sustainability and wellness, Mobile, Mobile commerce, Technology, media and telecommunications",United States,Techstars Portfolio (techstars.com/portfolio),2026-08-05T18:36:58.568130+00:00,True,
3393,Kiri,https://kiritoys.com,"Edtech, Fintech, Gaming, Impact investing, Internet of Things, Manufacturing",United States,Techstars Portfolio (techstars.com/portfolio),2026-08-05T18:36:58.568130+00:00,True,
3394,KEXY,https://getkexy.com,"Adtech, Artificial intelligence and machine learning, Mobile, Supply chain technology",United States,Techstars Portfolio (techstars.com/portfolio),2026-08-05T18:36:58.568130+00:00,True,
3395,JusticeText,https://justicetext.com,"Audiotech, Legal tech",United States,Techstars Portfolio (techstars.com/portfolio),2026-08-05T18:36:58.568130+00:00,True,
3396,Inpathy,https://inpathy.co,"Digital health, Healthtech, Lifestyles of Health and Sustainability and wellness, Mobile, Technology, media and telecommunications",United States,Techstars Portfolio (techstars.com/portfolio),2026-08-05T18:36:58.568130+00:00,True,
3397,human,https://myhumanapp.com,"Artificial intelligence and machine learning, Big Data, Internet of Things, Mobile",United States,Techstars Portfolio (techstars.com/portfolio),2026-08-05T18:36:58.568130+00:00,True,
3398,HomeFlow,https://tryhomeflow.com,Real estate tech,United States,Techstars Portfolio (techstars.com/portfolio),2026-08-05T18:36:58.568130+00:00,True,
3399,Hipclip,https://hipclip.ai,"Audiotech, Marketing tech, Technology, media and telecommunications",United States,Techstars Portfolio (techstars.com/portfolio),2026-08-05T18:36:58.568130+00:00,True,
3400,Hash App,https://hashvest.com,"Artificial intelligence and machine learning, Cryptocurrency/Blockchain, Fintech",United States,Techstars Portfolio (techstars.com/portfolio),2026-08-05T18:36:58.568130+00:00,True,
3401,Govrn,https://govrn.io,Fintech,United States,Techstars Portfolio (techstars.com/portfolio),2026-08-05T18:36:58.568130+00:00,True,
3402,Goodszilla,https://goodszilla.ca,Fintech,Canada,Techstars Portfolio (techstars.com/portfolio),2026-08-05T18:36:58.568130+00:00,True,
3403,Glou,https://glou.co,"Artificial intelligence and machine learning, Beauty",United States,Techstars Portfolio (techstars.com/portfolio),2026-08-05T18:36:58.568130+00:00,True,
3404,Fitmania,https://getfitmania.com,Artificial intelligence and machine learning,United States,Techstars Portfolio (techstars.com/portfolio),2026-08-05T18:36:58.568130+00:00,True,
3405,Exchange Robotics,https://exchangerobotics.com,Fintech,United States,Techstars Portfolio (techstars.com/portfolio),2026-08-05T18:36:58.568130+00:00,True,
3406,Ditch,https://ditch.io,"Artificial intelligence and machine learning, Fintech",United States,Techstars Portfolio (techstars.com/portfolio),2026-08-05T18:36:58.568130+00:00,True,
3407,Destined AI,https://destined.ai,"Mobile, Technology, media and telecommunications",United States,Techstars Portfolio (techstars.com/portfolio),2026-08-05T18:36:58.568130+00:00,True,
3408,Crediometer,https://crediometer.com,Fintech,United States,Techstars Portfolio (techstars.com/portfolio),2026-08-05T18:36:58.568130+00:00,True,
3409,Craftle,https://craftle.app,Artificial intelligence and machine learning,United States,Techstars Portfolio (techstars.com/portfolio),2026-08-05T18:36:58.568130+00:00,True,
3410,Coordle,https://coordleapp.com,Mobile,United States,Techstars Portfolio (techstars.com/portfolio),2026-08-05T18:36:58.568130+00:00,True,
3411,Container Deposit Fund,https://containerdepositfund.com,"Fintech, Supply chain technology",United States,Techstars Portfolio (techstars.com/portfolio),2026-08-05T18:36:58.568130+00:00,True,
3412,Ceemo.ai,https://perfectlypitched.co,"Artificial intelligence and machine learning, Cloudtech and DevOps, Fintech, Impact investing, Marketing tech, Technology, media and telecommunications",United States,Techstars Portfolio (techstars.com/portfolio),2026-08-05T18:36:58.568130+00:00,True,
3413,Bohamo,https://bohamo.ai,"Artificial intelligence and machine learning, Big Data",United States,Techstars Portfolio (techstars.com/portfolio),2026-08-05T18:36:58.568130+00:00,True,
3414,Bling,https://bling.cloud,"Artificial intelligence and machine learning, Mobile, Mobile commerce, Technology, media and telecommunications",United States,Techstars Portfolio (techstars.com/portfolio),2026-08-05T18:36:58.568130+00:00,True,
3415,Aurgin,https://aurgin.com,"Fintech, Technology, media and telecommunications",United States,Techstars Portfolio (techstars.com/portfolio),2026-08-05T18:36:58.568130+00:00,True,
3416,Afrigility,https://afrigility.com,Supply chain technology,United States,Techstars Portfolio (techstars.com/portfolio),2026-08-05T18:36:58.568130+00:00,True,
3417,Stride,https://stride.ai,Artificial intelligence and machine learning,India,Techstars Portfolio (techstars.com/portfolio),2026-08-05T18:36:58.568130+00:00,True,
3418,ResponsiveAds,https://responsiveads.com,Adtech,United States,Techstars Portfolio (techstars.com/portfolio),2026-08-05T18:36:58.568130+00:00,True,
3419,Leka,https://leka.io,"Edtech, Robotics and Drones",France,Techstars Portfolio (techstars.com/portfolio),2026-08-05T18:36:58.568130+00:00,True,
3420,GroupRaise,https://groupraise.com,Fintech,United States,Techstars Portfolio (techstars.com/portfolio),2026-08-05T18:36:58.568130+00:00,True,
3421,Coffee Cloud,https://coffeecloud.co,Internet of Things,United Kingdom,Techstars Portfolio (techstars.com/portfolio),2026-08-05T18:36:58.568130+00:00,True,
3422,Zencey,https://zencey.com,"Artificial intelligence and machine learning, Digital health, Healthtech",United States,Techstars Portfolio (techstars.com/portfolio),2026-08-05T18:36:58.568130+00:00,True,
3423,Webvizio,https://webvizio.com,Marketing tech,United States,Techstars Portfolio (techstars.com/portfolio),2026-08-05T18:36:58.568130+00:00,True,
3424,Water Monster,https://watermonster.io,"Cleantech, Infrastructure, Internet of Things, Mobility tech",United States,Techstars Portfolio (techstars.com/portfolio),2026-08-05T18:36:58.568130+00:00,True,
3425,Wage,https://playwage.io,Gaming,United States,Techstars Portfolio (techstars.com/portfolio),2026-08-05T18:36:58.568130+00:00,True,
3426,Vitract,https://vitract.com,Lifestyles of Health and Sustainability and wellness,Canada,Techstars Portfolio (techstars.com/portfolio),2026-08-05T18:36:58.568130+00:00,True,
3427,ViewIT,https://viewit.ae,Real estate tech,United Arab Emirates,Techstars Portfolio (techstars.com/portfolio),2026-08-05T18:36:58.568130+00:00,True,
3428,Vesti Technologies,https://wevesti.com,Fintech,United States,Techstars Portfolio (techstars.com/portfolio),2026-08-05T18:36:58.568130+00:00,True,
3429,VacayHQ,https://vacayhq.com,Fintech,United States,Techstars Portfolio (techstars.com/portfolio),2026-08-05T18:36:58.568130+00:00,True,
3430,TUX,https://tux.money,Fintech,United States,Techstars Portfolio (techstars.com/portfolio),2026-08-05T18:36:58.568130+00:00,True,
3431,Trinium Labs,https://triniumlabs.com,Fintech,United States,Techstars Portfolio (techstars.com/portfolio),2026-08-05T18:36:58.568130+00:00,True,
3432,Travaras,https://travaras.com,Lifestyles of Health and Sustainability and wellness,United States,Techstars Portfolio (techstars.com/portfolio),2026-08-05T18:36:58.568130+00:00,True,
3433,Thryft Ship,https://thryftship.com,E-commerce,United States,Techstars Portfolio (techstars.com/portfolio),2026-08-05T18:36:58.568130+00:00,True,
3434,Thirdopinion,https://thirdopinion.io,Digital health,United States,Techstars Portfolio (techstars.com/portfolio),2026-08-05T18:36:58.568130+00:00,True,
3435,Syndacart,https://syndacart.com,Marketing tech,United States,Techstars Portfolio (techstars.com/portfolio),2026-08-05T18:36:58.568130+00:00,True,
3436,Supply Veins,https://supplyveins.com,"Artificial intelligence and machine learning, Mobile commerce, Supply chain technology",United States,Techstars Portfolio (techstars.com/portfolio),2026-08-05T18:36:58.568130+00:00,True,
3437,Sparrow,https://joinsparrow.co,Cryptocurrency/Blockchain,United States,Techstars Portfolio (techstars.com/portfolio),2026-08-05T18:36:58.568130+00:00,True,
3438,Somnea Health,https://somnea.co,Digital health,United States,Techstars Portfolio (techstars.com/portfolio),2026-08-05T18:36:58.568130+00:00,True,
3439,Smart MS3,https://smartms3.com,"Digital health, Internet of Things, Mobile",United States,Techstars Portfolio (techstars.com/portfolio),2026-08-05T18:36:58.568130+00:00,True,
3440,SIPP,https://sippsafely.com,"Cleantech, Climate tech, Infrastructure, Internet of Things",United States,Techstars Portfolio (techstars.com/portfolio),2026-08-05T18:36:58.568130+00:00,True,
3441,Signoff,https://get-signoff.com,Future of work,United States,Techstars Portfolio (techstars.com/portfolio),2026-08-05T18:36:58.568130+00:00,True,
3442,SiftyML,https://siftyml.com,"Artificial intelligence and machine learning, Supply chain technology",United Kingdom,Techstars Portfolio (techstars.com/portfolio),2026-08-05T18:36:58.568130+00:00,True,
3443,Seafood AI,https://seafoodai.com,"Agtech, Artificial intelligence and machine learning, Climate tech, Foodtech, Supply chain technology",United States,Techstars Portfolio (techstars.com/portfolio),2026-08-05T18:36:58.568130+00:00,True,
3444,SafeHill,https://safehill.com,Cybersecurity,United States,Techstars Portfolio (techstars.com/portfolio),2026-08-05T18:36:58.568130+00:00,True,
3445,Rondah AI,https://rondah.ai,Digital health,United States,Techstars Portfolio (techstars.com/portfolio),2026-08-05T18:36:58.568130+00:00,True,
3446,Regfyl,https://regfyl.com,Fintech,United States,Techstars Portfolio (techstars.com/portfolio),2026-08-05T18:36:58.568130+00:00,True,
3447,ProsumerGrid,https://prosumergrid.com,"Cleantech, Climate tech, Technology, media and telecommunications",United States,Techstars Portfolio (techstars.com/portfolio),2026-08-05T18:36:58.568130+00:00,True,
3448,PodLand Media,https://podland.co,"Artificial intelligence and machine learning, Technology, media and telecommunications",United States,Techstars Portfolio (techstars.com/portfolio),2026-08-05T18:36:58.568130+00:00,True,
3449,Pills2Me,https://pills2me.com,"Healthtech, Mobile, Supply chain technology",United States,Techstars Portfolio (techstars.com/portfolio),2026-08-05T18:36:58.568130+00:00,True,
3450,Perennial Paradigm,https://perennialmurals.com,E-commerce,United States,Techstars Portfolio (techstars.com/portfolio),2026-08-05T18:36:58.568130+00:00,True,
3451,Peach,https://joinpeach.co,Fintech,United States,Techstars Portfolio (techstars.com/portfolio),2026-08-05T18:36:58.568130+00:00,True,
3452,Pann,https://verify.inc,"Fintech, Foodtech, Impact investing",United States,Techstars Portfolio (techstars.com/portfolio),2026-08-05T18:36:58.568130+00:00,True,
3453,PairAnything,https://pairanything.com,Marketing tech,United States,Techstars Portfolio (techstars.com/portfolio),2026-08-05T18:36:58.568130+00:00,True,
3454,Overture Games,https://overture.games,Edtech,United States,Techstars Portfolio (techstars.com/portfolio),2026-08-05T18:36:58.568130+00:00,True,
3455,Outlit,https://outlit.ai,Artificial intelligence and machine learning,Canada,Techstars Portfolio (techstars.com/portfolio),2026-08-05T18:36:58.568130+00:00,True,
3456,Ole Paytech,https://olepay.co,Fintech,United States,Techstars Portfolio (techstars.com/portfolio),2026-08-05T18:36:58.568130+00:00,True,
3457,MV Sales&Logistics,https://mvsalesandlogistics.com,"Artificial intelligence and machine learning, Cloudtech and DevOps, Foodtech, Industrials, Mobile, Mobility tech, Pet tech, Supply chain technology",United States,Techstars Portfolio (techstars.com/portfolio),2026-08-05T18:36:58.568130+00:00,True,
3458,Moby,https://mobyfilter.com,"Cleantech, Climate tech, Lifestyles of Health and Sustainability and wellness",United States,Techstars Portfolio (techstars.com/portfolio),2026-08-05T18:36:58.568130+00:00,True,
3459,Mindhelpa,https://mindhelpa.com,Digital health,United Kingdom,Techstars Portfolio (techstars.com/portfolio),2026-08-05T18:36:58.568130+00:00,True,
3460,Memby,https://joinmemby.com,Mobile,United States,Techstars Portfolio (techstars.com/portfolio),2026-08-05T18:36:58.568130+00:00,True,
3461,Meknology,https://meknology.com,"Agtech, Cleantech, Climate tech, Foodtech, Infrastructure, Manufacturing, Oil and gas",United States,Techstars Portfolio (techstars.com/portfolio),2026-08-05T18:36:58.568130+00:00,True,
3462,MedDefend,https://mymeddefend.com,"Digital health, Edtech, Healthtech",United States,Techstars Portfolio (techstars.com/portfolio),2026-08-05T18:36:58.568130+00:00,True,
3463,MAIK,https://maikapp.com,Artificial intelligence and machine learning,United States,Techstars Portfolio (techstars.com/portfolio),2026-08-05T18:36:58.568130+00:00,True,
3464,Lexir,https://lexir.com,Supply chain technology,France,Techstars Portfolio (techstars.com/portfolio),2026-08-05T18:36:58.568130+00:00,True,
3465,LexIQ,https://lexiq.io,Legal tech,United States,Techstars Portfolio (techstars.com/portfolio),2026-08-05T18:36:58.568130+00:00,True,
3466,Jimo,https://usejimo.com,Cloudtech and DevOps,France,Techstars Portfolio (techstars.com/portfolio),2026-08-05T18:36:58.568130+00:00,True,
3467,immersionED,https://immersioned.org,Edtech,United States,Techstars Portfolio (techstars.com/portfolio),2026-08-05T18:36:58.568130+00:00,True,
3468,Hydropool LTD,https://getwater.africa,"Climate tech, Supply chain technology",United States,Techstars Portfolio (techstars.com/portfolio),2026-08-05T18:36:58.568130+00:00,True,
3469,HydroPhos Solutions,https://hydrophossolutions.com,"Agtech, Climate tech, Infrastructure",United States,Techstars Portfolio (techstars.com/portfolio),2026-08-05T18:36:58.568130+00:00,True,
3470,Higheru,https://higheru.ai,Artificial intelligence and machine learning,United States,Techstars Portfolio (techstars.com/portfolio),2026-08-05T18:36:58.568130+00:00,True,
3471,Haven Network,https://havenproject.io,"Artificial intelligence and machine learning, Big Data, Impact investing, SaaS, Supply chain technology",United States,Techstars Portfolio (techstars.com/portfolio),2026-08-05T18:36:58.568130+00:00,True,
3472,GyftGram,https://gyftgram.io,E-commerce,United States,Techstars Portfolio (techstars.com/portfolio),2026-08-05T18:36:58.568130+00:00,True,
3473,GridLink,https://gridlink.co,Mobility tech,United States,Techstars Portfolio (techstars.com/portfolio),2026-08-05T18:36:58.568130+00:00,True,
3474,Gohaus,https://gohaus.ai,Real estate tech,United States,Techstars Portfolio (techstars.com/portfolio),2026-08-05T18:36:58.568130+00:00,True,
3475,Gaia Agricultural & Technology,https://gaiabox.webflow.io,"Agtech, Cleantech",United States,Techstars Portfolio (techstars.com/portfolio),2026-08-05T18:36:58.568130+00:00,True,
3476,FreshX,https://getfreshx.com,Supply chain technology,United States,Techstars Portfolio (techstars.com/portfolio),2026-08-05T18:36:58.568130+00:00,True,
3477,Fleetglue,https://fleetglue.com,Robotics and Drones,United States,Techstars Portfolio (techstars.com/portfolio),2026-08-05T18:36:58.568130+00:00,True,
3478,Flat,https://flathomecare.com,Real estate tech,United States,Techstars Portfolio (techstars.com/portfolio),2026-08-05T18:36:58.568130+00:00,True,
3479,Enigma Aerospace,https://enigma.aero,"Artificial intelligence and machine learning, Mobility tech, Robotics and Drones",United States,Techstars Portfolio (techstars.com/portfolio),2026-08-05T18:36:58.568130+00:00,True,
3480,Early Intervention Systems,https://earlyinterventionsystems.com,Edtech,United States,Techstars Portfolio (techstars.com/portfolio),2026-08-05T18:36:58.568130+00:00,True,
3481,DubPrime,https://dubprime.com,Audiotech,United States,Techstars Portfolio (techstars.com/portfolio),2026-08-05T18:36:58.568130+00:00,True,
3482,ClubReq,https://clubreq.com,Mobility tech,United States,Techstars Portfolio (techstars.com/portfolio),2026-08-05T18:36:58.568130+00:00,True,
3483,Circle+,https://circleplus.xyz,SaaS,United States,Techstars Portfolio (techstars.com/portfolio),2026-08-05T18:36:58.568130+00:00,True,
3484,Cicada,https://cicadamusic.net,"Technology, media and telecommunications",United States,Techstars Portfolio (techstars.com/portfolio),2026-08-05T18:36:58.568130+00:00,True,
3485,Bucephalus,https://bucephalus.tech,"Artificial intelligence and machine learning, Supply chain technology",United States,Techstars Portfolio (techstars.com/portfolio),2026-08-05T18:36:58.568130+00:00,True,
3486,Blue Saturn,https://bluesaturn.io,"Artificial intelligence and machine learning, Cryptocurrency/Blockchain, HRtech",United States,Techstars Portfolio (techstars.com/portfolio),2026-08-05T18:36:58.568130+00:00,True,
3487,Blind Insight,https://blindinsight.com,"Cloudtech and DevOps, Cybersecurity, Infrastructure",United States,Techstars Portfolio (techstars.com/portfolio),2026-08-05T18:36:58.568130+00:00,True,
3488,AWEAR Technologies,https://awear.us,"Digital health, Healthtech",United States,Techstars Portfolio (techstars.com/portfolio),2026-08-05T18:36:58.568130+00:00,True,
3489,Asoba,https://asoba.co,"Artificial intelligence and machine learning, Cleantech",United States,Techstars Portfolio (techstars.com/portfolio),2026-08-05T18:36:58.568130+00:00,True,
3490,askMay,https://askmay.com,"Artificial intelligence and machine learning, Marketing tech",United States,Techstars Portfolio (techstars.com/portfolio),2026-08-05T18:36:58.568130+00:00,True,
3491,AquaOrganix USA,https://aquaorganixusa.com,"Agtech, Cleantech, Climate tech, Foodtech",United States,Techstars Portfolio (techstars.com/portfolio),2026-08-05T18:36:58.568130+00:00,True,
3492,Apricotton,https://apricotton.ca,E-commerce,Canada,Techstars Portfolio (techstars.com/portfolio),2026-08-05T18:36:58.568130+00:00,True,
3493,Alleo.ai,https://alleo.ai,SaaS,United States,Techstars Portfolio (techstars.com/portfolio),2026-08-05T18:36:58.568130+00:00,True,
3494,Agriwater Corp,https://agriwater.tech,Agtech,United States,Techstars Portfolio (techstars.com/portfolio),2026-08-05T18:36:58.568130+00:00,True,
3495,Aerofuse,https://aero-fuse.com,"Climate tech, Mobility tech, Robotics and Drones",United States,Techstars Portfolio (techstars.com/portfolio),2026-08-05T18:36:58.568130+00:00,True,
3496,Aabshar,https://aabshar.net,"Artificial intelligence and machine learning, Cleantech, Climate tech, Impact investing",Pakistan,Techstars Portfolio (techstars.com/portfolio),2026-08-05T18:36:58.568130+00:00,True,
3497,4Point AI,https://4point.ai,"Artificial intelligence and machine learning, Big Data, Climate tech, Industrials, Oil and gas",Canada,Techstars Portfolio (techstars.com/portfolio),2026-08-05T18:36:58.568130+00:00,True,
3498,Botnik Studios,https://botnik.org,Mobile,United States,Techstars Portfolio (techstars.com/portfolio),2026-08-05T18:36:58.568130+00:00,True,
3499,Zumma,https://tuzumma.com,"Femtech, Fintech, Impact investing",United States,Techstars Portfolio (techstars.com/portfolio),2026-08-05T18:36:58.568130+00:00,True,
3500,Uils,https://uils.la,"Artificial intelligence and machine learning, Fintech, Impact investing, Insurtech",Argentina,Techstars Portfolio (techstars.com/portfolio),2026-08-05T18:36:58.568130+00:00,True,
3501,Signal Fusion,https://signalfusion.ai,"Artificial intelligence and machine learning, Audiotech, Digital health, Healthtech",United States,Techstars Portfolio (techstars.com/portfolio),2026-08-05T18:36:58.568130+00:00,True,
3502,Shaztra,https://shaztra.ai,Artificial intelligence and machine learning,United States,Techstars Portfolio (techstars.com/portfolio),2026-08-05T18:36:58.568130+00:00,True,
3503,REX,https://rexd.com,"Artificial intelligence and machine learning, Marketing tech",United States,Techstars Portfolio (techstars.com/portfolio),2026-08-05T18:36:58.568130+00:00,True,
3504,Periculum,https://periculum.io,"Artificial intelligence and machine learning, Big Data, Fintech, Infrastructure",Canada,Techstars Portfolio (techstars.com/portfolio),2026-08-05T18:36:58.568130+00:00,True,
3505,Osky,https://bit.ly/getosky,Fintech,United States,Techstars Portfolio (techstars.com/portfolio),2026-08-05T18:36:58.568130+00:00,True,
3506,O,https://useoinc.com.br,"Artificial intelligence and machine learning, Fintech, Lifestyles of Health and Sustainability and wellness",Brazil,Techstars Portfolio (techstars.com/portfolio),2026-08-05T18:36:58.568130+00:00,True,
3507,Mox,https://mox.cash,"Fintech, HRtech",Mexico,Techstars Portfolio (techstars.com/portfolio),2026-08-05T18:36:58.568130+00:00,True,
3508,Moneo,https://moneo.cash,"Adtech, Big Data, Fintech, Marketing tech, Mobile",Mexico,Techstars Portfolio (techstars.com/portfolio),2026-08-05T18:36:58.568130+00:00,True,
3509,miamarketplace,https://miamarketplace.com,Artificial intelligence and machine learning,Canada,Techstars Portfolio (techstars.com/portfolio),2026-08-05T18:36:58.568130+00:00,True,
3510,Marionette Aps,https://marionettexr.com,"Artificial intelligence and machine learning, Gaming, Virtual reality",Denmark,Techstars Portfolio (techstars.com/portfolio),2026-08-05T18:36:58.568130+00:00,True,
3511,Maket Technologies,https://maket.ca,"Artificial intelligence and machine learning, Infrastructure",Canada,Techstars Portfolio (techstars.com/portfolio),2026-08-05T18:36:58.568130+00:00,True,
3512,Lenme,https://lenme.com,"Fintech, Mobile",United States,Techstars Portfolio (techstars.com/portfolio),2026-08-05T18:36:58.568130+00:00,True,
3513,College Cash,https://yourcollegecash.com,"Adtech, Fintech",United States,Techstars Portfolio (techstars.com/portfolio),2026-08-05T18:36:58.568130+00:00,True,
3514,Cedience,https://cedience.com,"Artificial intelligence and machine learning, Healthtech",Canada,Techstars Portfolio (techstars.com/portfolio),2026-08-05T18:36:58.568130+00:00,True,
3515,Banca.Me,https://banca.me,Fintech,Chile,Techstars Portfolio (techstars.com/portfolio),2026-08-05T18:36:58.568130+00:00,True,
3516,Auribus Music,https://voice.auribus.io,Artificial intelligence and machine learning,United States,Techstars Portfolio (techstars.com/portfolio),2026-08-05T18:36:58.568130+00:00,True,
3517,Atlas AI,https://atlasai.co.uk,"Artificial intelligence and machine learning, Lifestyles of Health and Sustainability and wellness, Mobile",United Kingdom,Techstars Portfolio (techstars.com/portfolio),2026-08-05T18:36:58.568130+00:00,True,
3518,Electronic Gaming Federation,https://egfederation.com,Gaming,United States,Techstars Portfolio (techstars.com/portfolio),2026-08-05T18:36:58.568130+00:00,True,
3519,Wise Athena,https://wiseathena.com,Artificial intelligence and machine learning,United States,Techstars Portfolio (techstars.com/portfolio),2026-08-05T18:36:58.568130+00:00,True,
3520,Sensifai,https://sensifai.com,Artificial intelligence and machine learning,Belgium,Techstars Portfolio (techstars.com/portfolio),2026-08-05T18:36:58.568130+00:00,True,
3521,We Make Change,https://wemakechange.org,Future of work,Netherlands,Techstars Portfolio (techstars.com/portfolio),2026-08-05T18:36:58.568130+00:00,True,
3522,Weaver & Loom,https://weaverandloom.com,"Artificial intelligence and machine learning, Manufacturing, Supply chain technology",Canada,Techstars Portfolio (techstars.com/portfolio),2026-08-05T18:36:58.568130+00:00,True,
3523,Vestinda,https://vestinda.com,"Cryptocurrency/Blockchain, Fintech",Romania,Techstars Portfolio (techstars.com/portfolio),2026-08-05T18:36:58.568130+00:00,True,
3524,Unified API,https://unified.to,Artificial intelligence and machine learning,Canada,Techstars Portfolio (techstars.com/portfolio),2026-08-05T18:36:58.568130+00:00,True,
3525,Tressed DBA The Weave Outlet,https://tressed.com,"Beauty, Supply chain technology, Technology, media and telecommunications, Virtual reality",United States,Techstars Portfolio (techstars.com/portfolio),2026-08-05T18:36:58.568130+00:00,True,
3526,TEST JAR LABS,https://testjarlabs.com,"Cryptocurrency/Blockchain, eSports, Gaming",United States,Techstars Portfolio (techstars.com/portfolio),2026-08-05T18:36:58.568130+00:00,True,
3527,Smply,https://getsmply.com,"Mobile, Mobile commerce",United States,Techstars Portfolio (techstars.com/portfolio),2026-08-05T18:36:58.568130+00:00,True,
3528,Propellane,https://propellane.eu,"Cleantech, Lifestyles of Health and Sustainability and wellness",France,Techstars Portfolio (techstars.com/portfolio),2026-08-05T18:36:58.568130+00:00,True,
3529,Pocmi,https://pocmi.com,"Artificial intelligence and machine learning, Cryptocurrency/Blockchain, HRtech, Legal tech",Jamaica,Techstars Portfolio (techstars.com/portfolio),2026-08-05T18:36:58.568130+00:00,True,
3530,Payfi,https://payfi.ng,"Fintech, Mobile, Mobile commerce",Nigeria,Techstars Portfolio (techstars.com/portfolio),2026-08-05T18:36:58.568130+00:00,True,
3531,Moja,https://withmoja.com,Fintech,United States,Techstars Portfolio (techstars.com/portfolio),2026-08-05T18:36:58.568130+00:00,True,
3532,MinersAI,https://minersai.com,"Artificial intelligence and machine learning, Big Data, Cloudtech and DevOps",United States,Techstars Portfolio (techstars.com/portfolio),2026-08-05T18:36:58.568130+00:00,True,
3533,Marble Legal Solutions,https://marblels.com,"Artificial intelligence and machine learning, Legal tech",United States,Techstars Portfolio (techstars.com/portfolio),2026-08-05T18:36:58.568130+00:00,True,
3534,Made with Black Culture,https://madewithblackculture.com,"Cryptocurrency/Blockchain, Lifestyles of Health and Sustainability and wellness",United States,Techstars Portfolio (techstars.com/portfolio),2026-08-05T18:36:58.568130+00:00,True,
3535,Interplay,https://gointerplay.com,"Mobile, Pet tech",United States,Techstars Portfolio (techstars.com/portfolio),2026-08-05T18:36:58.568130+00:00,True,
3536,Hover.direct,https://hover.direct,"Artificial intelligence and machine learning, Robotics and Drones, Supply chain technology",Canada,Techstars Portfolio (techstars.com/portfolio),2026-08-05T18:36:58.568130+00:00,True,
3537,Greenfluidics,https://greenfluidics.com,"Cleantech, Lifestyles of Health and Sustainability and wellness",United States,Techstars Portfolio (techstars.com/portfolio),2026-08-05T18:36:58.568130+00:00,True,
3538,Greena World,https://greena.world,Future of work,United Kingdom,Techstars Portfolio (techstars.com/portfolio),2026-08-05T18:36:58.568130+00:00,True,
3539,GETELEVENAPP,https://getelevenapp.com,"HRtech, Technology, media and telecommunications",United States,Techstars Portfolio (techstars.com/portfolio),2026-08-05T18:36:58.568130+00:00,True,
3540,FAIRLY AI,https://fairly.ai,"Artificial intelligence and machine learning, Fintech",Canada,Techstars Portfolio (techstars.com/portfolio),2026-08-05T18:36:58.568130+00:00,True,
3541,Ephere Football,https://ephere.football,"Cryptocurrency/Blockchain, eSports",Uruguay,Techstars Portfolio (techstars.com/portfolio),2026-08-05T18:36:58.568130+00:00,True,
3542,ENGAIZ,https://engaiz.com,"Cybersecurity, Insurtech",Canada,Techstars Portfolio (techstars.com/portfolio),2026-08-05T18:36:58.568130+00:00,True,
3543,EEVY,https://eevy.fr,"Cleantech, Lifestyles of Health and Sustainability and wellness, Mobile, Mobility tech",France,Techstars Portfolio (techstars.com/portfolio),2026-08-05T18:36:58.568130+00:00,True,
3544,DoDocs,https://dodocs.ai,"Artificial intelligence and machine learning, Big Data, Cloudtech and DevOps, Legal tech, SaaS, Supply chain technology",United Arab Emirates,Techstars Portfolio (techstars.com/portfolio),2026-08-05T18:36:58.568130+00:00,True,
3545,Dataffluent,https://dataffluent.com,"Artificial intelligence and machine learning, Big Data, Fintech",Jamaica,Techstars Portfolio (techstars.com/portfolio),2026-08-05T18:36:58.568130+00:00,True,
3546,Column,https://joincolumn.com,"Big Data, Cryptocurrency/Blockchain",United States,Techstars Portfolio (techstars.com/portfolio),2026-08-05T18:36:58.568130+00:00,True,
3547,Chimoney,https://chimoney.io,"Fintech, Mobile",Canada,Techstars Portfolio (techstars.com/portfolio),2026-08-05T18:36:58.568130+00:00,True,
3548,CarbonBright,https://carbonbright.co,"Big Data, Climate tech",United States,Techstars Portfolio (techstars.com/portfolio),2026-08-05T18:36:58.568130+00:00,True,
3549,Canopey,https://canopey.com,"Climate tech, Mobile",United Kingdom,Techstars Portfolio (techstars.com/portfolio),2026-08-05T18:36:58.568130+00:00,True,
3550,Better Basics,https://betterbasics.co,"Lifestyles of Health and Sustainability and wellness, Manufacturing",Canada,Techstars Portfolio (techstars.com/portfolio),2026-08-05T18:36:58.568130+00:00,True,
3551,BeautyVoyage,https://beautyvoyage.co,"Beauty, Edtech, Lifestyles of Health and Sustainability and wellness, Mobile commerce",United States,Techstars Portfolio (techstars.com/portfolio),2026-08-05T18:36:58.568130+00:00,True,
3552,Aya Holding,https://ayahq.com,Cryptocurrency/Blockchain,United States,Techstars Portfolio (techstars.com/portfolio),2026-08-05T18:36:58.568130+00:00,True,
3553,AVIEW,https://aviewint.com,Marketing tech,Canada,Techstars Portfolio (techstars.com/portfolio),2026-08-05T18:36:58.568130+00:00,True,
3554,Armur Ai,https://armur.ai,Cybersecurity,India,Techstars Portfolio (techstars.com/portfolio),2026-08-05T18:36:58.568130+00:00,True,
3555,Apxlending,https://apxlending.com,"Cryptocurrency/Blockchain, Fintech",Canada,Techstars Portfolio (techstars.com/portfolio),2026-08-05T18:36:58.568130+00:00,True,
3556,WizDish,https://wizdish.com,Virtual reality,United Kingdom,Techstars Portfolio (techstars.com/portfolio),2026-08-05T18:36:58.568130+00:00,True,
3557,Synervoz Communications,https://synervoz.com,"Artificial intelligence and machine learning, Gaming, Mobile",Canada,Techstars Portfolio (techstars.com/portfolio),2026-08-05T18:36:58.568130+00:00,True,
3558,Vendeee,https://vendeee.com,"Fintech, Mobile commerce",United States,Techstars Portfolio (techstars.com/portfolio),2026-08-05T18:36:58.568130+00:00,True,
3559,UXTesting,https://uxtesting.io,"Cloudtech and DevOps, Mobile",United States,Techstars Portfolio (techstars.com/portfolio),2026-08-05T18:36:58.568130+00:00,True,
3560,Smart Tracker,https://smarttracker.health,Digital health,United States,Techstars Portfolio (techstars.com/portfolio),2026-08-05T18:36:58.568130+00:00,True,
3561,RekFix,https://rekfix.com,"Artificial intelligence and machine learning, Insurtech",United States,Techstars Portfolio (techstars.com/portfolio),2026-08-05T18:36:58.568130+00:00,True,
3562,Osazomon,https://byosaz.com,"Artificial intelligence and machine learning, Beauty, Big Data",United States,Techstars Portfolio (techstars.com/portfolio),2026-08-05T18:36:58.568130+00:00,True,
3563,Nurovant AI,https://nurovant.com,"Artificial intelligence and machine learning, Edtech, HRtech",United States,Techstars Portfolio (techstars.com/portfolio),2026-08-05T18:36:58.568130+00:00,True,
3564,Nongo,https://nongo.ai,Artificial intelligence and machine learning,United States,Techstars Portfolio (techstars.com/portfolio),2026-08-05T18:36:58.568130+00:00,True,
3565,Nayak.ai,https://nayak.ai,Artificial intelligence and machine learning,United States,Techstars Portfolio (techstars.com/portfolio),2026-08-05T18:36:58.568130+00:00,True,
3566,Myri Health,https://myrihealth.com,Digital health,United States,Techstars Portfolio (techstars.com/portfolio),2026-08-05T18:36:58.568130+00:00,True,
3567,MEEK'S VEGAN,https://meeksveganpizza.com,Foodtech,United States,Techstars Portfolio (techstars.com/portfolio),2026-08-05T18:36:58.568130+00:00,True,
3568,Magier AI,https://magier.ai,"Artificial intelligence and machine learning, Cybersecurity, Mobile",United States,Techstars Portfolio (techstars.com/portfolio),2026-08-05T18:36:58.568130+00:00,True,
3569,Happy Pads,https://happypads.co,"Cleantech, Healthtech, Lifestyles of Health and Sustainability and wellness",United States,Techstars Portfolio (techstars.com/portfolio),2026-08-05T18:36:58.568130+00:00,True,
3570,Hack Latino,https://hacklatino.com,"Edtech, Technology, media and telecommunications",United States,Techstars Portfolio (techstars.com/portfolio),2026-08-05T18:36:58.568130+00:00,True,
3571,GrantVEST,https://grantvest.co,Fintech,United States,Techstars Portfolio (techstars.com/portfolio),2026-08-05T18:36:58.568130+00:00,True,
3572,freeWriter,https://freewrtr.com,"Artificial intelligence and machine learning, Gaming, Technology, media and telecommunications",United States,Techstars Portfolio (techstars.com/portfolio),2026-08-05T18:36:58.568130+00:00,True,
3573,Cyphr AI,https://cyphrai.com,Fintech,United States,Techstars Portfolio (techstars.com/portfolio),2026-08-05T18:36:58.568130+00:00,True,
3574,CubeNexus,https://cubenexus.xyz,"Big Data, Cloudtech and DevOps, Cryptocurrency/Blockchain, Internet of Things, Virtual reality",United States,Techstars Portfolio (techstars.com/portfolio),2026-08-05T18:36:58.568130+00:00,True,
3575,Cootoh,https://cootoh.com,Foodtech,United States,Techstars Portfolio (techstars.com/portfolio),2026-08-05T18:36:58.568130+00:00,True,
3576,CModel Data,https://cmodel.io,"Artificial intelligence and machine learning, Big Data",United States,Techstars Portfolio (techstars.com/portfolio),2026-08-05T18:36:58.568130+00:00,True,
3577,Candidate Tools,https://candidatetools.com,"Artificial intelligence and machine learning, Internet of Things, Robotics and Drones, Wearables and quantified self",United States,Techstars Portfolio (techstars.com/portfolio),2026-08-05T18:36:58.568130+00:00,True,
3578,Brolly Africa,https://brolly.africa,Insurtech,United States,Techstars Portfolio (techstars.com/portfolio),2026-08-05T18:36:58.568130+00:00,True,
3579,Young African Catalysts,https://yac.africa,Fintech,South Africa,Techstars Portfolio (techstars.com/portfolio),2026-08-05T18:36:58.568130+00:00,True,
3580,Starbem,https://starbem.app,,Canada,Techstars Portfolio (techstars.com/portfolio),2026-08-05T18:36:58.568130+00:00,True,
3581,Seso Global,https://seso.global,Real estate tech,United Kingdom,Techstars Portfolio (techstars.com/portfolio),2026-08-05T18:36:58.568130+00:00,True,
3582,Reeple.ai,https://reeple.ai,Fintech,Nigeria,Techstars Portfolio (techstars.com/portfolio),2026-08-05T18:36:58.568130+00:00,True,
3583,MPost,https://mpost.africa,Mobile,Kenya,Techstars Portfolio (techstars.com/portfolio),2026-08-05T18:36:58.568130+00:00,True,
3584,Leadfy,https://leadfy.me,"Adtech, Marketing tech",Brazil,Techstars Portfolio (techstars.com/portfolio),2026-08-05T18:36:58.568130+00:00,True,
3585,ladder.africa,https://myladder.africa,"Fintech, Mobile",Ghana,Techstars Portfolio (techstars.com/portfolio),2026-08-05T18:36:58.568130+00:00,True,
3586,Hulugram,https://hulugram.org,Mobile,Ethiopia,Techstars Portfolio (techstars.com/portfolio),2026-08-05T18:36:58.568130+00:00,True,
3587,Graph,https://graph.finance,Fintech,Canada,Techstars Portfolio (techstars.com/portfolio),2026-08-05T18:36:58.568130+00:00,True,
3588,CutStruct,https://livevend.com,Real estate tech,United States,Techstars Portfolio (techstars.com/portfolio),2026-08-05T18:36:58.568130+00:00,True,
3589,Brysk,https://brysk.com,Artificial intelligence and machine learning,United States,Techstars Portfolio (techstars.com/portfolio),2026-08-05T18:36:58.568130+00:00,True,
3590,AdmitOffer,https://admitoffer.com,Future of work,Canada,Techstars Portfolio (techstars.com/portfolio),2026-08-05T18:36:58.568130+00:00,True,
3591,Teskalabs,https://teskalabs.com,"Cybersecurity, Internet of Things, Mobile",United Kingdom,Techstars Portfolio (techstars.com/portfolio),2026-08-05T18:36:58.568130+00:00,True,
3592,Generable,https://generable.com,"Artificial intelligence and machine learning, Healthtech, Oncology",United States,Techstars Portfolio (techstars.com/portfolio),2026-08-05T18:36:58.568130+00:00,True,
3593,Designlab,https://designlab.com,Edtech,United States,Techstars Portfolio (techstars.com/portfolio),2026-08-05T18:36:58.568130+00:00,True,
3594,VendorConnect,https://vendorconnect.ai,Supply chain technology,United States,Techstars Portfolio (techstars.com/portfolio),2026-08-05T18:36:58.568130+00:00,True,
3595,Utopia Global Wellness,https://utopiaspaandglobalwellness.com,"Digital health, Healthtech, HRtech, Insurtech",United States,Techstars Portfolio (techstars.com/portfolio),2026-08-05T18:36:58.568130+00:00,True,
3596,Terralytiq,https://terralytiq.com,"Climate tech, Industrials, Infrastructure, Manufacturing, Supply chain technology",United States,Techstars Portfolio (techstars.com/portfolio),2026-08-05T18:36:58.568130+00:00,True,
3597,Switch,https://myswitchapp.com,"Artificial intelligence and machine learning, Big Data, Cloudtech and DevOps, Mobile, Technology, media and telecommunications",United States,Techstars Portfolio (techstars.com/portfolio),2026-08-05T18:36:58.568130+00:00,True,
3598,Stork Exchange,https://storkexchange.co,"Impact investing, Supply chain technology",United States,Techstars Portfolio (techstars.com/portfolio),2026-08-05T18:36:58.568130+00:00,True,
3599,StageWing,https://stagewing.com,"Artificial intelligence and machine learning, B2B payments, Mobile, Mobile commerce",United States,Techstars Portfolio (techstars.com/portfolio),2026-08-05T18:36:58.568130+00:00,True,
3600,Rhenari,https://rhenari.com,"Artificial intelligence and machine learning, SaaS",United States,Techstars Portfolio (techstars.com/portfolio),2026-08-05T18:36:58.568130+00:00,True,
3601,Nourish and Bloom Technologies,https://nourishandbloomtechnologies.com,"Artificial intelligence and machine learning, Foodtech, Internet of Things",United States,Techstars Portfolio (techstars.com/portfolio),2026-08-05T18:36:58.568130+00:00,True,
3602,Melagen Labs,https://melagenlabs.com,"Manufacturing, Space tech",United States,Techstars Portfolio (techstars.com/portfolio),2026-08-05T18:36:58.568130+00:00,True,
3603,LyfPlus,https://lyfplus.com,"Artificial intelligence and machine learning, Digital health, Healthtech",Tanzania,Techstars Portfolio (techstars.com/portfolio),2026-08-05T18:36:58.568130+00:00,True,
3604,Logra,https://logra.io,Fintech,France,Techstars Portfolio (techstars.com/portfolio),2026-08-05T18:36:58.568130+00:00,True,
3605,Liquid.,https://getliquid.ai,"Artificial intelligence and machine learning, Beauty, Big Data, Fintech",United States,Techstars Portfolio (techstars.com/portfolio),2026-08-05T18:36:58.568130+00:00,True,
3606,Konvas AI,https://konvas.ai,E-commerce,United States,Techstars Portfolio (techstars.com/portfolio),2026-08-05T18:36:58.568130+00:00,True,
3607,Kindlee,https://kindlee.co,Artificial intelligence and machine learning,Netherlands,Techstars Portfolio (techstars.com/portfolio),2026-08-05T18:36:58.568130+00:00,True,
3608,Instant Car Fix,https://instantcarfix.com,"Mobile commerce, Technology, media and telecommunications",United States,Techstars Portfolio (techstars.com/portfolio),2026-08-05T18:36:58.568130+00:00,True,
3609,HyperVention,https://hypervention.com,Digital health,United States,Techstars Portfolio (techstars.com/portfolio),2026-08-05T18:36:58.568130+00:00,True,
3610,Honey to Cocoa,https://honeytococoa.com,"Artificial intelligence and machine learning, Beauty, Big Data, Technology, media and telecommunications",United States,Techstars Portfolio (techstars.com/portfolio),2026-08-05T18:36:58.568130+00:00,True,
3611,Hilltop,https://hilltop-app.com,"Artificial intelligence and machine learning, Big Data, Mobile, Technology, media and telecommunications",United States,Techstars Portfolio (techstars.com/portfolio),2026-08-05T18:36:58.568130+00:00,True,
3612,Hearthmates,https://hearthmates.com,"Mobile, Real estate tech",United States,Techstars Portfolio (techstars.com/portfolio),2026-08-05T18:36:58.568130+00:00,True,
3613,GustoMarket,https://gustomarket.co,"Agtech, Artificial intelligence and machine learning, Big Data, Cleantech",United States,Techstars Portfolio (techstars.com/portfolio),2026-08-05T18:36:58.568130+00:00,True,
3614,Galilei Learning,https://galileilearning.com,"Edtech, HRtech",Colombia,Techstars Portfolio (techstars.com/portfolio),2026-08-05T18:36:58.568130+00:00,True,
3615,Fivvy,https://getfivvy.com,Marketing tech,United States,Techstars Portfolio (techstars.com/portfolio),2026-08-05T18:36:58.568130+00:00,True,
3616,DressyClub,https://dressyclub.com,Mobile commerce,United States,Techstars Portfolio (techstars.com/portfolio),2026-08-05T18:36:58.568130+00:00,True,
3617,Discrepancy AI,https://discrepancyai.com,Artificial intelligence and machine learning,Canada,Techstars Portfolio (techstars.com/portfolio),2026-08-05T18:36:58.568130+00:00,True,
3618,Cosito,https://cosito.ai,Internet of Things,Colombia,Techstars Portfolio (techstars.com/portfolio),2026-08-05T18:36:58.568130+00:00,True,
3619,Climatta,https://climatta.com,Climate tech,United States,Techstars Portfolio (techstars.com/portfolio),2026-08-05T18:36:58.568130+00:00,True,
3620,Cargoplug Logistics,https://getcargoplug.com,Supply chain technology,Nigeria,Techstars Portfolio (techstars.com/portfolio),2026-08-05T18:36:58.568130+00:00,True,
3621,Cai Creative,https://cai.audio,Audiotech,United States,Techstars Portfolio (techstars.com/portfolio),2026-08-05T18:36:58.568130+00:00,True,
3622,BioReact,https://bioreact.co,Healthtech,United States,Techstars Portfolio (techstars.com/portfolio),2026-08-05T18:36:58.568130+00:00,True,
3623,Apexloads,https://apexloads.com,"Fintech, Supply chain technology",United States,Techstars Portfolio (techstars.com/portfolio),2026-08-05T18:36:58.568130+00:00,True,
3624,Aayats,https://aayats.com,"Artificial intelligence and machine learning, Audiotech, Technology, media and telecommunications",United States,Techstars Portfolio (techstars.com/portfolio),2026-08-05T18:36:58.568130+00:00,True,
3625,truQ,https://mytruq.com,"Mobile, Supply chain technology",Nigeria,Techstars Portfolio (techstars.com/portfolio),2026-08-05T18:36:58.568130+00:00,True,
3626,Swag Kicks,https://swag-kicks.com,Supply chain technology,Pakistan,Techstars Portfolio (techstars.com/portfolio),2026-08-05T18:36:58.568130+00:00,True,
3627,Social Champ,https://socialchamp.io,"Adtech, Big Data, Mobile, Technology, media and telecommunications",Pakistan,Techstars Portfolio (techstars.com/portfolio),2026-08-05T18:36:58.568130+00:00,True,
3628,MyCover.ai,https://mycover.ai,"Artificial intelligence and machine learning, Fintech, Insurtech",Nigeria,Techstars Portfolio (techstars.com/portfolio),2026-08-05T18:36:58.568130+00:00,True,
3629,Emergency Response Africa,https://emergencyresponseafrica.com,Healthtech,Canada,Techstars Portfolio (techstars.com/portfolio),2026-08-05T18:36:58.568130+00:00,True,
3630,Blackcopper,https://blackcopper.io,"Fintech, Mobile",Nigeria,Techstars Portfolio (techstars.com/portfolio),2026-08-05T18:36:58.568130+00:00,True,
3631,Kapta,https://kapta.com,SaaS,United States,Techstars Portfolio (techstars.com/portfolio),2026-08-05T18:36:58.568130+00:00,True,
3632,Halotrade,https://halotrade.io,"Cryptocurrency/Blockchain, Fintech, Supply chain technology",United Kingdom,Techstars Portfolio (techstars.com/portfolio),2026-08-05T18:36:58.568130+00:00,True,
3633,StageKeep,https://stagekeep.com,"Augmented reality, Cryptocurrency/Blockchain, Edtech, eSports, Infrastructure",Canada,Techstars Portfolio (techstars.com/portfolio),2026-08-05T18:36:58.568130+00:00,True,
3634,Speak Ai,https://speakai.co,Artificial intelligence and machine learning,Canada,Techstars Portfolio (techstars.com/portfolio),2026-08-05T18:36:58.568130+00:00,True,
3635,Simpu,https://simpu.co,"Infrastructure, Marketing tech, Mobile, Technology, media and telecommunications",United States,Techstars Portfolio (techstars.com/portfolio),2026-08-05T18:36:58.568130+00:00,True,
3636,Renda,https://renda.co,Supply chain technology,Nigeria,Techstars Portfolio (techstars.com/portfolio),2026-08-05T18:36:58.568130+00:00,True,
3637,QuickCart,https://quickcartonline.com,"Fintech, Foodtech, Mobile commerce",Jamaica,Techstars Portfolio (techstars.com/portfolio),2026-08-05T18:36:58.568130+00:00,True,
3638,Liiv,https://coliiving.com,"Artificial intelligence and machine learning, Real estate tech",United States,Techstars Portfolio (techstars.com/portfolio),2026-08-05T18:36:58.568130+00:00,True,
3639,LaborHack,https://laborhack.com,"HRtech, Technology, media and telecommunications",Nigeria,Techstars Portfolio (techstars.com/portfolio),2026-08-05T18:36:58.568130+00:00,True,
3640,Klas,https://tryklas.com,Edtech,Nigeria,Techstars Portfolio (techstars.com/portfolio),2026-08-05T18:36:58.568130+00:00,True,
3641,Hamilton Perkins Collection,https://hamiltonperkins.com,"Cleantech, Climate tech, Impact investing, Lifestyles of Health and Sustainability and wellness, Manufacturing",United States,Techstars Portfolio (techstars.com/portfolio),2026-08-05T18:36:58.568130+00:00,True,
3642,GoSprout,https://gosprout.app,"Climate tech, HRtech, Manufacturing",United States,Techstars Portfolio (techstars.com/portfolio),2026-08-05T18:36:58.568130+00:00,True,
3643,Glover Technologies,https://gloverapp.co,Fintech,Nigeria,Techstars Portfolio (techstars.com/portfolio),2026-08-05T18:36:58.568130+00:00,True,
3644,FourthParty,https://fourthparty.app,Legal tech,United States,Techstars Portfolio (techstars.com/portfolio),2026-08-05T18:36:58.568130+00:00,True,
3645,FEZ Delivery Co.,https://fezdelivery.co,Mobility tech,Nigeria,Techstars Portfolio (techstars.com/portfolio),2026-08-05T18:36:58.568130+00:00,True,
3646,CommerceJet,https://commercejet.com,Supply chain technology,United States,Techstars Portfolio (techstars.com/portfolio),2026-08-05T18:36:58.568130+00:00,True,
3647,ChipedIn,https://chipedin.com,"Artificial intelligence and machine learning, Big Data, Fintech, Mobile commerce, Technology, media and telecommunications",United States,Techstars Portfolio (techstars.com/portfolio),2026-08-05T18:36:58.568130+00:00,True,
3648,Cadly,https://cadly.ai,"3D printing, Artificial intelligence and machine learning, Manufacturing, Marketing tech",United States,Techstars Portfolio (techstars.com/portfolio),2026-08-05T18:36:58.568130+00:00,True,
3649,Autoparti,https://autoparti.app,"Adtech, Marketing tech, Mobile commerce, Mobility tech",United States,Techstars Portfolio (techstars.com/portfolio),2026-08-05T18:36:58.568130+00:00,True,
3650,40hammocks.com,https://40hammocks.com,Mobile,United States,Techstars Portfolio (techstars.com/portfolio),2026-08-05T18:36:58.568130+00:00,True,
3651,Zighra,https://zighra.com,"Artificial intelligence and machine learning, Fintech, Infrastructure, Mobile",Canada,Techstars Portfolio (techstars.com/portfolio),2026-08-05T18:36:58.568130+00:00,True,
3652,MARK Labs,https://marklabs.co,"Artificial intelligence and machine learning, Fintech",United States,Techstars Portfolio (techstars.com/portfolio),2026-08-05T18:36:58.568130+00:00,True,
3653,ZipLunch,https://ziplunch.com,Mobile,Canada,Techstars Portfolio (techstars.com/portfolio),2026-08-05T18:36:58.568130+00:00,True,
3654,Zealous,https://zealous.app,Marketing tech,United States,Techstars Portfolio (techstars.com/portfolio),2026-08-05T18:36:58.568130+00:00,True,
3655,YieldX Solutions,https://yieldx.biz,"Artificial intelligence and machine learning, Internet of Things",Israel,Techstars Portfolio (techstars.com/portfolio),2026-08-05T18:36:58.568130+00:00,True,
3656,Voxon Photonics,https://voxon.co,"Gaming, Virtual reality",Australia,Techstars Portfolio (techstars.com/portfolio),2026-08-05T18:36:58.568130+00:00,True,
3657,Untap Technologies,https://untapcompete.com,HRtech,Egypt,Techstars Portfolio (techstars.com/portfolio),2026-08-05T18:36:58.568130+00:00,True,
3658,Ubi Interactive,https://ubi-interactive.com,"Technology, media and telecommunications",United States,Techstars Portfolio (techstars.com/portfolio),2026-08-05T18:36:58.568130+00:00,True,
3659,Torod,https://torod.co,"Artificial intelligence and machine learning, Insurtech, Internet of Things, Mobile",Saudi Arabia,Techstars Portfolio (techstars.com/portfolio),2026-08-05T18:36:58.568130+00:00,True,
3660,Tegarti,https://tegarti.com,"Infrastructure, Mobile, Supply chain technology",Egypt,Techstars Portfolio (techstars.com/portfolio),2026-08-05T18:36:58.568130+00:00,True,
3661,Suplio,https://hometuls.co,Real estate tech,Colombia,Techstars Portfolio (techstars.com/portfolio),2026-08-05T18:36:58.568130+00:00,True,
3662,She Matters,https://shematters.health,"Femtech, HRtech, Lifestyles of Health and Sustainability and wellness, Mobile",United States,Techstars Portfolio (techstars.com/portfolio),2026-08-05T18:36:58.568130+00:00,True,
3663,Renbizz,https://renbizz.com,,Israel,Techstars Portfolio (techstars.com/portfolio),2026-08-05T18:36:58.568130+00:00,True,
3664,Proxi,https://proxi.co,"Adtech, Gaming, Mobile, Virtual reality",United States,Techstars Portfolio (techstars.com/portfolio),2026-08-05T18:36:58.568130+00:00,True,
3665,Ovv.io,https://ovvio.io,"Technology, media and telecommunications",Israel,Techstars Portfolio (techstars.com/portfolio),2026-08-05T18:36:58.568130+00:00,True,
3666,OptimusQ,https://optimusq.com,Artificial intelligence and machine learning,Israel,Techstars Portfolio (techstars.com/portfolio),2026-08-05T18:36:58.568130+00:00,True,
3667,OnEx Medical,https://medicalonex.com,Fintech,United Arab Emirates,Techstars Portfolio (techstars.com/portfolio),2026-08-05T18:36:58.568130+00:00,True,
3668,Meat-O-Door,https://meattodoor.ae,Mobile,United Arab Emirates,Techstars Portfolio (techstars.com/portfolio),2026-08-05T18:36:58.568130+00:00,True,
3669,Kinetic Global,https://llresponse.com,Mobile,United States,Techstars Portfolio (techstars.com/portfolio),2026-08-05T18:36:58.568130+00:00,True,
3670,jalebi,https://jalebi.io,Foodtech,United Arab Emirates,Techstars Portfolio (techstars.com/portfolio),2026-08-05T18:36:58.568130+00:00,True,
3671,Glamera,https://business.glamera.com,"Lifestyles of Health and Sustainability and wellness, Mobile",Saudi Arabia,Techstars Portfolio (techstars.com/portfolio),2026-08-05T18:36:58.568130+00:00,True,
3672,Gedd.it,https://gedd.it,Cryptocurrency/Blockchain,United States,Techstars Portfolio (techstars.com/portfolio),2026-08-05T18:36:58.568130+00:00,True,
3673,Farm Holdings,https://farm.vc,Real estate tech,United States,Techstars Portfolio (techstars.com/portfolio),2026-08-05T18:36:58.568130+00:00,True,
3674,EZCheck.me,https://ezcheck.me,"Edtech, Mobile",Israel,Techstars Portfolio (techstars.com/portfolio),2026-08-05T18:36:58.568130+00:00,True,
3675,EyeKnow,https://eyeknow.ai,"Artificial intelligence and machine learning, Healthtech",Israel,Techstars Portfolio (techstars.com/portfolio),2026-08-05T18:36:58.568130+00:00,True,
3676,Edizeven,https://edizeven.com,HRtech,United States,Techstars Portfolio (techstars.com/portfolio),2026-08-05T18:36:58.568130+00:00,True,
3677,DawaFast,https://dawafast.com,Supply chain technology,Saudi Arabia,Techstars Portfolio (techstars.com/portfolio),2026-08-05T18:36:58.568130+00:00,True,
3678,Chainstarters,https://chainstarters.com,Cryptocurrency/Blockchain,United States,Techstars Portfolio (techstars.com/portfolio),2026-08-05T18:36:58.568130+00:00,True,
3679,Autority.io,https://autority.io,"Fintech, Insurtech, Mobile, Mobile commerce, Mobility tech",Ecuador,Techstars Portfolio (techstars.com/portfolio),2026-08-05T18:36:58.568130+00:00,True,
3680,AlGooru,https://algooru.com,"Edtech, Mobile",United States,Techstars Portfolio (techstars.com/portfolio),2026-08-05T18:36:58.568130+00:00,True,
3681,Akibah Health,https://akibah.com,Lifestyles of Health and Sustainability and wellness,United States,Techstars Portfolio (techstars.com/portfolio),2026-08-05T18:36:58.568130+00:00,True,
3682,SocialEngine,https://socialengine.com,Fintech,United States,Techstars Portfolio (techstars.com/portfolio),2026-08-05T18:36:58.568130+00:00,True,
3683,Workathlon,https://workathlon.com,"Artificial intelligence and machine learning, HRtech",Greece,Techstars Portfolio (techstars.com/portfolio),2026-08-05T18:36:58.568130+00:00,True,
3684,Vaultoro,https://vaultoro.com,"Cryptocurrency/Blockchain, Fintech",United Kingdom,Techstars Portfolio (techstars.com/portfolio),2026-08-05T18:36:58.568130+00:00,True,
3685,Seeds,https://seedsgives.com,"Fintech, Mobile",United States,Techstars Portfolio (techstars.com/portfolio),2026-08-05T18:36:58.568130+00:00,True,
3686,Paranoid Fan,https://paranoidfan.com,Mobile,United States,Techstars Portfolio (techstars.com/portfolio),2026-08-05T18:36:58.568130+00:00,True,
3687,VITia,https://vitiacare.com,"Digital health, Healthtech, Lifestyles of Health and Sustainability and wellness",United States,Techstars Portfolio (techstars.com/portfolio),2026-08-05T18:36:58.568130+00:00,True,
3688,UpTrials,https://uptrials.com,"Artificial intelligence and machine learning, Digital health, Healthtech",United States,Techstars Portfolio (techstars.com/portfolio),2026-08-05T18:36:58.568130+00:00,True,
3689,UfarmX,https://ufarmx.com,"Agtech, Artificial intelligence and machine learning, Cryptocurrency/Blockchain, Fintech, Supply chain technology",United States,Techstars Portfolio (techstars.com/portfolio),2026-08-05T18:36:58.568130+00:00,True,
3690,Tecde,https://tecde.co,"Artificial intelligence and machine learning, Industrials, Manufacturing",United States,Techstars Portfolio (techstars.com/portfolio),2026-08-05T18:36:58.568130+00:00,True,
3691,Swyft AI,https://swyftai.com,Artificial intelligence and machine learning,United States,Techstars Portfolio (techstars.com/portfolio),2026-08-05T18:36:58.568130+00:00,True,
3692,Oasis Learning,https://oasislearning.ai,Future of work,Canada,Techstars Portfolio (techstars.com/portfolio),2026-08-05T18:36:58.568130+00:00,True,
3693,MRGN,https://mrgn.ai,"Artificial intelligence and machine learning, Big Data",United States,Techstars Portfolio (techstars.com/portfolio),2026-08-05T18:36:58.568130+00:00,True,
3694,Kuali,https://kuali.ai,"Artificial intelligence and machine learning, HRtech",United States,Techstars Portfolio (techstars.com/portfolio),2026-08-05T18:36:58.568130+00:00,True,
3695,Kiper,https://kiper.ai,"Artificial intelligence and machine learning, Healthtech",Colombia,Techstars Portfolio (techstars.com/portfolio),2026-08-05T18:36:58.568130+00:00,True,
3696,Hirize,https://hirize.ai,"Artificial intelligence and machine learning, HRtech, SaaS",United States,Techstars Portfolio (techstars.com/portfolio),2026-08-05T18:36:58.568130+00:00,True,
3697,HACKERverse,https://hackerverse.ai,"Artificial intelligence and machine learning, Cybersecurity",United States,Techstars Portfolio (techstars.com/portfolio),2026-08-05T18:36:58.568130+00:00,True,
3698,Earthics,https://earthics.net,"Cleantech, Climate tech, Industrials, Manufacturing, Mobility tech",United States,Techstars Portfolio (techstars.com/portfolio),2026-08-05T18:36:58.568130+00:00,True,
3699,Duck,https://getduck.co,"Artificial intelligence and machine learning, Big Data",Kenya,Techstars Portfolio (techstars.com/portfolio),2026-08-05T18:36:58.568130+00:00,True,
3700,Druid Learning,https://druidlearning.com,"Artificial intelligence and machine learning, Big Data, Edtech, Technology, media and telecommunications",Ireland,Techstars Portfolio (techstars.com/portfolio),2026-08-05T18:36:58.568130+00:00,True,
3701,ContractPower,https://contractpower.ai,"Artificial intelligence and machine learning, Cleantech, Climate tech, Legal tech",United States,Techstars Portfolio (techstars.com/portfolio),2026-08-05T18:36:58.568130+00:00,True,
3702,Capoom,https://capoom.com,"Artificial intelligence and machine learning, Augmented reality, Big Data, Gaming, Manufacturing, Real estate tech, Robotics and Drones, Technology, media and telecommunications, Virtual reality",United States,Techstars Portfolio (techstars.com/portfolio),2026-08-05T18:36:58.568130+00:00,True,
3703,AirSafe.AI,https://airsafe.ai,"Artificial intelligence and machine learning, Cleantech, Mobility tech, Robotics and Drones",Portugal,Techstars Portfolio (techstars.com/portfolio),2026-08-05T18:36:58.568130+00:00,True,
3704,Playpower Labs,https://playpowerlabs.com,"Cloudtech and DevOps, Edtech, Gaming",United States,Techstars Portfolio (techstars.com/portfolio),2026-08-05T18:36:58.568130+00:00,True,
3705,GoChime,https://gochime.com,"Adtech, Technology, media and telecommunications",United States,Techstars Portfolio (techstars.com/portfolio),2026-08-05T18:36:58.568130+00:00,True,
3706,FlexMinder,https://flexminder.com,Fintech,United States,Techstars Portfolio (techstars.com/portfolio),2026-08-05T18:36:58.568130+00:00,True,
3707,Creator Loop,https://node-app.com,"Marketing tech, Mobile, Technology, media and telecommunications",Canada,Techstars Portfolio (techstars.com/portfolio),2026-08-05T18:36:58.568130+00:00,True,
3708,Compliable,https://compliable.com,"Artificial intelligence and machine learning, Big Data, Fintech, Gaming",United States,Techstars Portfolio (techstars.com/portfolio),2026-08-05T18:36:58.568130+00:00,True,
3709,Alice's Table,https://alicestable.com,Lifestyles of Health and Sustainability and wellness,United States,Techstars Portfolio (techstars.com/portfolio),2026-08-05T18:36:58.568130+00:00,True,
3710,GuestU,https://guestu.com,"Internet of Things, Mobile",Portugal,Techstars Portfolio (techstars.com/portfolio),2026-08-05T18:36:58.568130+00:00,True,
3711,Poptip,https://poptip.com,Fintech,United States,Techstars Portfolio (techstars.com/portfolio),2026-08-05T18:36:58.568130+00:00,True,
3712,fragPaul,https://frag-paul.de,HRtech,Germany,Techstars Portfolio (techstars.com/portfolio),2026-08-05T18:36:58.568130+00:00,True,
3713,StackSource,https://stacksource.com,"Fintech, Real estate tech",United States,Techstars Portfolio (techstars.com/portfolio),2026-08-05T18:36:58.568130+00:00,True,
3714,Sensobi,https://sensobi.com,"Fintech, Mobile",United States,Techstars Portfolio (techstars.com/portfolio),2026-08-05T18:36:58.568130+00:00,True,
3715,Reputize,https://reputize.co,Big Data,United Kingdom,Techstars Portfolio (techstars.com/portfolio),2026-08-05T18:36:58.568130+00:00,True,
3716,Palleter,https://palleter.com,"Artificial intelligence and machine learning, Big Data, Supply chain technology",Estonia,Techstars Portfolio (techstars.com/portfolio),2026-08-05T18:36:58.568130+00:00,True,
3717,Wekeza,https://wekeza.com,Fintech,United States,Techstars Portfolio (techstars.com/portfolio),2026-08-05T18:36:58.568130+00:00,True,
3718,Tinted Health,https://tintedhealth.com,"Healthtech, Lifestyles of Health and Sustainability and wellness",United States,Techstars Portfolio (techstars.com/portfolio),2026-08-05T18:36:58.568130+00:00,True,
3719,THYIM,https://thyim.com,Mobile commerce,United States,Techstars Portfolio (techstars.com/portfolio),2026-08-05T18:36:58.568130+00:00,True,
3720,STB Technologies,https://securethebags.co,"Mobility tech, Real estate tech",United States,Techstars Portfolio (techstars.com/portfolio),2026-08-05T18:36:58.568130+00:00,True,
3721,Senzi.Me,https://pathogenix.ai,"Climate tech, Healthtech, Lifestyles of Health and Sustainability and wellness, Manufacturing",United States,Techstars Portfolio (techstars.com/portfolio),2026-08-05T18:36:58.568130+00:00,True,
3722,Plurawl,https://plurawl.com,"Artificial intelligence and machine learning, Edtech, Lifestyles of Health and Sustainability and wellness",United States,Techstars Portfolio (techstars.com/portfolio),2026-08-05T18:36:58.568130+00:00,True,
3723,Humans Deliver,https://humansdeliver.com,Big Data,United States,Techstars Portfolio (techstars.com/portfolio),2026-08-05T18:36:58.568130+00:00,True,
3724,DataTherm,https://datatherm.net,"Climate tech, Infrastructure, Real estate tech",United States,Techstars Portfolio (techstars.com/portfolio),2026-08-05T18:36:58.568130+00:00,True,
3725,CustomerBase.ai,https://customerbase.ai,SaaS,United States,Techstars Portfolio (techstars.com/portfolio),2026-08-05T18:36:58.568130+00:00,True,
3726,Creativo,https://creativo.ai,"Adtech, Artificial intelligence and machine learning, Marketing tech, SaaS, Technology, media and telecommunications",United States,Techstars Portfolio (techstars.com/portfolio),2026-08-05T18:36:58.568130+00:00,True,
3727,Altior Academy,https://altior.academy,Edtech,United States,Techstars Portfolio (techstars.com/portfolio),2026-08-05T18:36:58.568130+00:00,True,
3728,Joust Labs,https://joust.com,"Fintech, Insurtech, Mobile",United States,Techstars Portfolio (techstars.com/portfolio),2026-08-05T18:36:58.568130+00:00,True,
3729,tsenso,https://tsenso.com,"Artificial intelligence and machine learning, Climate tech, Internet of Things",Germany,Techstars Portfolio (techstars.com/portfolio),2026-08-05T18:36:58.568130+00:00,True,
3730,Upsuite,https://upsuite.com,Real estate tech,United States,Techstars Portfolio (techstars.com/portfolio),2026-08-05T18:36:58.568130+00:00,True,
3731,InstaGift,https://instagift.com,E-commerce,United States,Techstars Portfolio (techstars.com/portfolio),2026-08-05T18:36:58.568130+00:00,True,
3732,Vieweet,https://vieweet.com,Real estate tech,United Kingdom,Techstars Portfolio (techstars.com/portfolio),2026-08-05T18:36:58.568130+00:00,True,
3733,Honeyfi,https://honeyfi.com,"Fintech, Mobile",United States,Techstars Portfolio (techstars.com/portfolio),2026-08-05T18:36:58.568130+00:00,True,
3734,ProtoPixel,https://protopixel.io,Internet of Things,Spain,Techstars Portfolio (techstars.com/portfolio),2026-08-05T18:36:58.568130+00:00,True,
3735,Thinkfuse,https://thinkfuse.com,"SaaS, Technology, media and telecommunications",United States,Techstars Portfolio (techstars.com/portfolio),2026-08-05T18:36:58.568130+00:00,True,
3736,InvitedHome,https://invitedhome.com,Real estate tech,United States,Techstars Portfolio (techstars.com/portfolio),2026-08-05T18:36:58.568130+00:00,True,
3737,Rezora,https://rezora.com,Mobile,United States,Techstars Portfolio (techstars.com/portfolio),2026-08-05T18:36:58.568130+00:00,True,
3738,Speakbox,https://speakbox.ca,"Lifestyles of Health and Sustainability and wellness, Mobile",Canada,Techstars Portfolio (techstars.com/portfolio),2026-08-05T18:36:58.568130+00:00,True,
3739,Shoffr,https://shoffr.io,Artificial intelligence and machine learning,Singapore,Techstars Portfolio (techstars.com/portfolio),2026-08-05T18:36:58.568130+00:00,True,
3740,Marquee,https://marquee.by,"Technology, media and telecommunications",United States,Techstars Portfolio (techstars.com/portfolio),2026-08-05T18:36:58.568130+00:00,True,
3741,SpaceView,https://space.vu,"Mobile, Virtual reality",United States,Techstars Portfolio (techstars.com/portfolio),2026-08-05T18:36:58.568130+00:00,True,
3742,Townfolio,https://townfolio.ca,,Canada,Techstars Portfolio (techstars.com/portfolio),2026-08-05T18:36:58.568130+00:00,True,
3743,The Tap Lab,https://thetaplab.com,"Gaming, Mobile",United States,Techstars Portfolio (techstars.com/portfolio),2026-08-05T18:36:58.568130+00:00,True,
3744,Teltoo,https://teltoo.com,Infrastructure,Spain,Techstars Portfolio (techstars.com/portfolio),2026-08-05T18:36:58.568130+00:00,True,
3745,Tapglue,https://tapglue.com,Mobile,Germany,Techstars Portfolio (techstars.com/portfolio),2026-08-05T18:36:58.568130+00:00,True,
3746,Sike Insights,https://sikeinsights.com,HRtech,United States,Techstars Portfolio (techstars.com/portfolio),2026-08-05T18:36:58.568130+00:00,True,
3747,Shipsi,https://shipsi.com,Supply chain technology,United States,Techstars Portfolio (techstars.com/portfolio),2026-08-05T18:36:58.568130+00:00,True,
3748,Mentio Technologies,https://mentio.ca,"Artificial intelligence and machine learning, Fintech, Mobile",Canada,Techstars Portfolio (techstars.com/portfolio),2026-08-05T18:36:58.568130+00:00,True,
3749,Mayday,https://mayday.am,"Artificial intelligence and machine learning, Lifestyles of Health and Sustainability and wellness, Mobile",Canada,Techstars Portfolio (techstars.com/portfolio),2026-08-05T18:36:58.568130+00:00,True,
3750,Leaf Global Fintech,https://leafglobalfintech.com,"Fintech, Impact investing",United States,Techstars Portfolio (techstars.com/portfolio),2026-08-05T18:36:58.568130+00:00,True,
3751,ishield.ai,https://ishield.ai,"Artificial intelligence and machine learning, Big Data, HRtech",United States,Techstars Portfolio (techstars.com/portfolio),2026-08-05T18:36:58.568130+00:00,True,
3752,Classics&Exotics,https://classicsandexotics.com,,United States,Techstars Portfolio (techstars.com/portfolio),2026-08-05T18:36:58.568130+00:00,True,
3753,Challenger,https://getchallenger.com,"Fintech, HRtech",United States,Techstars Portfolio (techstars.com/portfolio),2026-08-05T18:36:58.568130+00:00,True,
3754,Raise Green,https://raisegreen.com,"Cleantech, Climate tech, Fintech, Impact investing",United States,Techstars Portfolio (techstars.com/portfolio),2026-08-05T18:36:58.568130+00:00,True,
3755,Eletype,https://eletype.com,Artificial intelligence and machine learning,United States,Techstars Portfolio (techstars.com/portfolio),2026-08-05T18:36:58.568130+00:00,True,
3756,Proof,https://proofgov.com,Industrials,Canada,Techstars Portfolio (techstars.com/portfolio),2026-08-05T18:36:58.568130+00:00,True,
3757,Wander,https://days.am,"Fintech, Internet of Things, SaaS",United States,Techstars Portfolio (techstars.com/portfolio),2026-08-05T18:36:58.568130+00:00,True,
3758,TeacherTalent,https://teachertalent.io,HRtech,United States,Techstars Portfolio (techstars.com/portfolio),2026-08-05T18:36:58.568130+00:00,True,
3759,Honest Jobs,https://honestjobs.co,HRtech,United States,Techstars Portfolio (techstars.com/portfolio),2026-08-05T18:36:58.568130+00:00,True,
3760,Homebuyer,https://homebuyer.com,Fintech,United States,Techstars Portfolio (techstars.com/portfolio),2026-08-05T18:36:58.568130+00:00,True,
3761,BeeInstant,https://beeinstant.com,Big Data,Ireland,Techstars Portfolio (techstars.com/portfolio),2026-08-05T18:36:58.568130+00:00,True,
3762,Entertainment Intelligence,https://ent-intell.com,Mobile,United Kingdom,Techstars Portfolio (techstars.com/portfolio),2026-08-05T18:36:58.568130+00:00,True,
3763,Dreami,https://dreami.io,HRtech,United States,Techstars Portfolio (techstars.com/portfolio),2026-08-05T18:36:58.568130+00:00,True,
3764,CheckIO,https://checkio.org,Gaming,United States,Techstars Portfolio (techstars.com/portfolio),2026-08-05T18:36:58.568130+00:00,True,
3765,Sqord,https://sqord.com,"Technology, media and telecommunications",United States,Techstars Portfolio (techstars.com/portfolio),2026-08-05T18:36:58.568130+00:00,True,
3766,Krater,https://krater.io,"Cryptocurrency/Blockchain, Fintech, Infrastructure",Germany,Techstars Portfolio (techstars.com/portfolio),2026-08-05T18:36:58.568130+00:00,True,
3767,Uvize,https://uvize.com,"Edtech, HRtech, Technology, media and telecommunications",United States,Techstars Portfolio (techstars.com/portfolio),2026-08-05T18:36:58.568130+00:00,True,
3768,ManCTL,https://manctl.com,,United States,Techstars Portfolio (techstars.com/portfolio),2026-08-05T18:36:58.568130+00:00,True,
3769,MakieLab,https://makielab.com,Mobile,United Kingdom,Techstars Portfolio (techstars.com/portfolio),2026-08-05T18:36:58.568130+00:00,True,
3770,Codarica,https://codarica.com,Mobile,Sweden,Techstars Portfolio (techstars.com/portfolio),2026-08-05T18:36:58.568130+00:00,True,
3771,Airpost,https://airpost.io,Mobile,United States,Techstars Portfolio (techstars.com/portfolio),2026-08-05T18:36:58.568130+00:00,True,
3772,Popsixle,https://attenex.io,Lifestyles of Health and Sustainability and wellness,United States,Techstars Portfolio (techstars.com/portfolio),2026-08-05T18:36:58.568130+00:00,True,
3773,Fancred,https://fancred.com,Mobile,United States,Techstars Portfolio (techstars.com/portfolio),2026-08-05T18:36:58.568130+00:00,True,
3774,Glidera,https://glidera.io,"Cryptocurrency/Blockchain, Fintech",United States,Techstars Portfolio (techstars.com/portfolio),2026-08-05T18:36:58.568130+00:00,True,
3775,ZIIBRA,https://ziibra.com,E-commerce,United States,Techstars Portfolio (techstars.com/portfolio),2026-08-05T18:36:58.568130+00:00,True,
3776,Tribe,https://tribe.do,Mobile,United States,Techstars Portfolio (techstars.com/portfolio),2026-08-05T18:36:58.568130+00:00,True,
3777,The Shared Web,https://useframe.com,"Adtech, E-commerce",United States,Techstars Portfolio (techstars.com/portfolio),2026-08-05T18:36:58.568130+00:00,True,
3778,Talio Labs,https://talio.co,Mobile,United States,Techstars Portfolio (techstars.com/portfolio),2026-08-05T18:36:58.568130+00:00,True,
3779,SimpleRelevance,https://simplerelevance.com,"Artificial intelligence and machine learning, Big Data, Fintech",United States,Techstars Portfolio (techstars.com/portfolio),2026-08-05T18:36:58.568130+00:00,True,
3780,Qunb,https://qunb.com,Fintech,France,Techstars Portfolio (techstars.com/portfolio),2026-08-05T18:36:58.568130+00:00,True,
3781,Prediculous,https://prediculous.com,"Fintech, Gaming, Mobile",United States,Techstars Portfolio (techstars.com/portfolio),2026-08-05T18:36:58.568130+00:00,True,
3782,PivotDesk,https://pivotdesk.com,"Real estate tech, Technology, media and telecommunications",United States,Techstars Portfolio (techstars.com/portfolio),2026-08-05T18:36:58.568130+00:00,True,
3783,Pickie,https://pickie.com,"E-commerce, Fintech, Mobile",United States,Techstars Portfolio (techstars.com/portfolio),2026-08-05T18:36:58.568130+00:00,True,
3784,People Clerk,https://peopleclerk.com,"Fintech, Legal tech",United States,Techstars Portfolio (techstars.com/portfolio),2026-08-05T18:36:58.568130+00:00,True,
3785,MartMobi Technologies,https://martmobi.com,"E-commerce, Mobile",United States,Techstars Portfolio (techstars.com/portfolio),2026-08-05T18:36:58.568130+00:00,True,
3786,Lumatic,https://lumatic.com,"Fintech, Mobile",United States,Techstars Portfolio (techstars.com/portfolio),2026-08-05T18:36:58.568130+00:00,True,
3787,Lore,https://lore.com,"Artificial intelligence and machine learning, Cryptocurrency/Blockchain, Edtech, Technology, media and telecommunications",United States,Techstars Portfolio (techstars.com/portfolio),2026-08-05T18:36:58.568130+00:00,True,
3788,Laveem,https://laveem.com,"Mobile, Technology, media and telecommunications",United States,Techstars Portfolio (techstars.com/portfolio),2026-08-05T18:36:58.568130+00:00,True,
3789,ImpulseSave,https://impulsesave.com,"Fintech, Mobile",United States,Techstars Portfolio (techstars.com/portfolio),2026-08-05T18:36:58.568130+00:00,True,
3790,Flextrip,https://flextrip.com,Fintech,United States,Techstars Portfolio (techstars.com/portfolio),2026-08-05T18:36:58.568130+00:00,True,
3791,FAM,https://fam.live,Mobile,United States,Techstars Portfolio (techstars.com/portfolio),2026-08-05T18:36:58.568130+00:00,True,
3792,Colatris,https://usejargon.com,Mobile,United States,Techstars Portfolio (techstars.com/portfolio),2026-08-05T18:36:58.568130+00:00,True,
3793,Codeanywhere,https://codeanywhere.com,Cloudtech and DevOps,United States,Techstars Portfolio (techstars.com/portfolio),2026-08-05T18:36:58.568130+00:00,True,
3794,CartCrunch,https://cartcrunch.com,"Fintech, Mobile",United States,Techstars Portfolio (techstars.com/portfolio),2026-08-05T18:36:58.568130+00:00,True,
3795,Brightkite,https://brightkite.com,Mobile,United States,Techstars Portfolio (techstars.com/portfolio),2026-08-05T18:36:58.568130+00:00,True,
3796,Educhain,https://educhain.io,"Cryptocurrency/Blockchain, Cybersecurity, Edtech",Canada,Techstars Portfolio (techstars.com/portfolio),2026-08-05T18:36:58.568130+00:00,True,
3797,Nodesmith,https://nodesmith.io,Cryptocurrency/Blockchain,United States,Techstars Portfolio (techstars.com/portfolio),2026-08-05T18:36:58.568130+00:00,True,
3798,Apostrophe,https://apostrophehealth.com,"Healthtech, HRtech, Insurtech",United States,Techstars Portfolio (techstars.com/portfolio),2026-08-05T18:36:58.568130+00:00,True,
3799,Foodzie,https://foodzie.com,E-commerce,United States,Techstars Portfolio (techstars.com/portfolio),2026-08-05T18:36:58.568130+00:00,True,
3800,Flipd,https://flipdapp.co,"Lifestyles of Health and Sustainability and wellness, Mobile",Canada,Techstars Portfolio (techstars.com/portfolio),2026-08-05T18:36:58.568130+00:00,True,
3801,Lance,https://justlance.co,Fintech,United States,Techstars Portfolio (techstars.com/portfolio),2026-08-05T18:36:58.568130+00:00,True,
3802,VitalFlo,https://vitalflohealth.com,Artificial intelligence and machine learning,United States,Techstars Portfolio (techstars.com/portfolio),2026-08-05T18:36:58.568130+00:00,True,
3803,Star Kitchens Group,https://orda.africa,,United States,Techstars Portfolio (techstars.com/portfolio),2026-08-05T18:36:58.568130+00:00,True,
3804,MadKast,https://madkast.com,Fintech,United States,Techstars Portfolio (techstars.com/portfolio),2026-08-05T18:36:58.568130+00:00,True,
3805,LuDela,https://ludela.com,"Internet of Things, Mobile",United States,Techstars Portfolio (techstars.com/portfolio),2026-08-05T18:36:58.568130+00:00,True,
3806,INVIOU,https://inviou.com,"Cryptocurrency/Blockchain, Fintech",Israel,Techstars Portfolio (techstars.com/portfolio),2026-08-05T18:36:58.568130+00:00,True,
3807,Betaout,https://betaout.com,Artificial intelligence and machine learning,India,Techstars Portfolio (techstars.com/portfolio),2026-08-05T18:36:58.568130+00:00,True,
3808,Kodex AI,https://kodex-ai.com,Artificial intelligence and machine learning,Germany,Techstars Portfolio (techstars.com/portfolio),2026-08-05T18:36:58.568130+00:00,True,
3809,Inside Social,https://insidesocial.com,"Technology, media and telecommunications",United States,Techstars Portfolio (techstars.com/portfolio),2026-08-05T18:36:58.568130+00:00,True,
3810,Gilded,https://gilded.finance,"Cryptocurrency/Blockchain, Fintech",United States,Techstars Portfolio (techstars.com/portfolio),2026-08-05T18:36:58.568130+00:00,True,
3811,Salaryo,https://salaryo.com,Fintech,United States,Techstars Portfolio (techstars.com/portfolio),2026-08-05T18:36:58.568130+00:00,True,
3812,Prospectify,https://prospectify.io,Artificial intelligence and machine learning,United States,Techstars Portfolio (techstars.com/portfolio),2026-08-05T18:36:58.568130+00:00,True,
3813,PLENO,https://pleno.earth,"Artificial intelligence and machine learning, Cleantech, Cryptocurrency/Blockchain, Fintech, Mobile",Germany,Techstars Portfolio (techstars.com/portfolio),2026-08-05T18:36:58.568130+00:00,True,
3814,Dossier,https://trydossier.com,"Technology, media and telecommunications",United States,Techstars Portfolio (techstars.com/portfolio),2026-08-05T18:36:58.568130+00:00,True,
3815,socedo,https://socedo.com,"Marketing tech, Technology, media and telecommunications",United States,Techstars Portfolio (techstars.com/portfolio),2026-08-05T18:36:58.568130+00:00,True,
3816,Piictu,https://piictu.com,"Fintech, Mobile",United States,Techstars Portfolio (techstars.com/portfolio),2026-08-05T18:36:58.568130+00:00,True,
3817,Medicast,https://medicast.com,"Lifestyles of Health and Sustainability and wellness, Mobile",United States,Techstars Portfolio (techstars.com/portfolio),2026-08-05T18:36:58.568130+00:00,True,
3818,Fosbury,https://fosbury.co,"Fintech, Mobile",United States,Techstars Portfolio (techstars.com/portfolio),2026-08-05T18:36:58.568130+00:00,True,
3819,Flawless App,https://flawlessapp.io,Mobile,Ukraine,Techstars Portfolio (techstars.com/portfolio),2026-08-05T18:36:58.568130+00:00,True,
3820,Jargon.com,https://jargon.com,"Technology, media and telecommunications",United States,Techstars Portfolio (techstars.com/portfolio),2026-08-05T18:36:58.568130+00:00,True,
3821,Evolve,https://evolveapp.com,"Artificial intelligence and machine learning, Mobile",United States,Techstars Portfolio (techstars.com/portfolio),2026-08-05T18:36:58.568130+00:00,True,
3822,DataBlade,https://datablade.io,"SaaS, Technology, media and telecommunications",United States,Techstars Portfolio (techstars.com/portfolio),2026-08-05T18:36:58.568130+00:00,True,
3823,Saeidan,https://saeidan.com,Insurtech,United States,Techstars Portfolio (techstars.com/portfolio),2026-08-05T18:36:58.568130+00:00,True,
3824,SocialCrunch,https://socialcrunch.com,"Big Data, Fintech",United States,Techstars Portfolio (techstars.com/portfolio),2026-08-05T18:36:58.568130+00:00,True,
3825,LLUNA,https://hellolluna.com,"HRtech, Technology, media and telecommunications",United States,Techstars Portfolio (techstars.com/portfolio),2026-08-05T18:36:58.568130+00:00,True,
3826,LivNao,https://livnao.com,Artificial intelligence and machine learning,United States,Techstars Portfolio (techstars.com/portfolio),2026-08-05T18:36:58.568130+00:00,True,
3827,Datapath.io,https://datapath.io,"Cloudtech and DevOps, Infrastructure, Technology, media and telecommunications",Germany,Techstars Portfolio (techstars.com/portfolio),2026-08-05T18:36:58.568130+00:00,True,
3828,Corr.BI,https://corrbi.com,Big Data,Israel,Techstars Portfolio (techstars.com/portfolio),2026-08-05T18:36:58.568130+00:00,True,
3829,OXON Technologies,https://oxon-tech.com,"Cleantech, Mobility tech, Oil and gas",United States,Techstars Portfolio (techstars.com/portfolio),2026-08-05T18:36:58.568130+00:00,True,
3830,Harbor,https://harborplan.com,"Artificial intelligence and machine learning, Fintech",United States,Techstars Portfolio (techstars.com/portfolio),2026-08-05T18:36:58.568130+00:00,True,
3831,Think Outside,https://thinkoutside.no,Internet of Things,Norway,Techstars Portfolio (techstars.com/portfolio),2026-08-05T18:36:58.568130+00:00,True,
3832,Crowsnest,https://crowsnest.io,Internet of Things,United States,Techstars Portfolio (techstars.com/portfolio),2026-08-05T18:36:58.568130+00:00,True,
3833,Pathful,https://pathful.com,"Artificial intelligence and machine learning, Mobile",Canada,Techstars Portfolio (techstars.com/portfolio),2026-08-05T18:36:58.568130+00:00,True,
3834,SnapEngage,https://snapengage.com,Infrastructure,United States,Techstars Portfolio (techstars.com/portfolio),2026-08-05T18:36:58.568130+00:00,True,
3835,Inscope Medical Solutions,https://inscopemedical.com,"Healthtech, Internet of Things",United States,Techstars Portfolio (techstars.com/portfolio),2026-08-05T18:36:58.568130+00:00,True,
3836,Hotelhero,https://hotelhero.tech,Marketing tech,Germany,Techstars Portfolio (techstars.com/portfolio),2026-08-05T18:36:58.568130+00:00,True,
3837,Melon Health,https://melonhealth.com,"Digital health, Healthtech, Lifestyles of Health and Sustainability and wellness",United States,Techstars Portfolio (techstars.com/portfolio),2026-08-05T18:36:58.568130+00:00,True,
3838,Twine,https://twinelabs.com,Mobile,United States,Techstars Portfolio (techstars.com/portfolio),2026-08-05T18:36:58.568130+00:00,True,
3839,StudyOS,https://studyos.co,"Healthtech, Lifestyles of Health and Sustainability and wellness",United States,Techstars Portfolio (techstars.com/portfolio),2026-08-05T18:36:58.568130+00:00,True,
3840,QuantShip,https://quantship.ai,Artificial intelligence and machine learning,Singapore,Techstars Portfolio (techstars.com/portfolio),2026-08-05T18:36:58.568130+00:00,True,
3841,Oneforty,https://oneforty.com,"Fintech, Mobile",United States,Techstars Portfolio (techstars.com/portfolio),2026-08-05T18:36:58.568130+00:00,True,
3842,Messy.fm,https://messy.fm,Audiotech,United States,Techstars Portfolio (techstars.com/portfolio),2026-08-05T18:36:58.568130+00:00,True,
3843,EIO Diagnostics,https://eiodiagnostics.com,"Agtech, Artificial intelligence and machine learning, Cleantech, Healthtech, Impact investing, Internet of Things",United States,Techstars Portfolio (techstars.com/portfolio),2026-08-05T18:36:58.568130+00:00,True,
3844,Noir Food,https://noirfood.com,Marketing tech,United States,Techstars Portfolio (techstars.com/portfolio),2026-08-05T18:36:58.568130+00:00,True,
3845,Staq,https://staq.io,Gaming,United States,Techstars Portfolio (techstars.com/portfolio),2026-08-05T18:36:58.568130+00:00,True,
3846,Fetchnotes,https://fetchnotes.com,"Mobile, SaaS",United States,Techstars Portfolio (techstars.com/portfolio),2026-08-05T18:36:58.568130+00:00,True,
3847,The Mentor Method,https://thementormethod.com,HRtech,United States,Techstars Portfolio (techstars.com/portfolio),2026-08-05T18:36:58.568130+00:00,True,
3848,Percepta Labs,https://percepta.ai,"Artificial intelligence and machine learning, Internet of Things",United States,Techstars Portfolio (techstars.com/portfolio),2026-08-05T18:36:58.568130+00:00,True,
3849,Demoflow,https://gondola.ai,"Mobile, Technology, media and telecommunications",United States,Techstars Portfolio (techstars.com/portfolio),2026-08-05T18:36:58.568130+00:00,True,
3850,EMOTAI,https://emotai.tech,"Gaming, Healthtech, HRtech",Portugal,Techstars Portfolio (techstars.com/portfolio),2026-08-05T18:36:58.568130+00:00,True,
3851,StatsMix,https://statsmix.com,"Fintech, SaaS",United States,Techstars Portfolio (techstars.com/portfolio),2026-08-05T18:36:58.568130+00:00,True,
3852,Spark Change,https://sparkchange.io,"Cleantech, Cryptocurrency/Blockchain, Fintech, Mobile",United States,Techstars Portfolio (techstars.com/portfolio),2026-08-05T18:36:58.568130+00:00,True,
3853,Klooff,https://klooff.com,"Mobile, Pet tech, Technology, media and telecommunications",United States,Techstars Portfolio (techstars.com/portfolio),2026-08-05T18:36:58.568130+00:00,True,
3854,Daily Pnut,https://dailypnut.com,Artificial intelligence and machine learning,United States,Techstars Portfolio (techstars.com/portfolio),2026-08-05T18:36:58.568130+00:00,True,
3855,Airtime,https://airtimeux.com,Artificial intelligence and machine learning,Germany,Techstars Portfolio (techstars.com/portfolio),2026-08-05T18:36:58.568130+00:00,True,
3856,Using Miles,https://usingmiles.com,Fintech,United States,Techstars Portfolio (techstars.com/portfolio),2026-08-05T18:36:58.568130+00:00,True,
3857,Anthill,https://anthillai.com,"Artificial intelligence and machine learning, HRtech",United States,Techstars Portfolio (techstars.com/portfolio),2026-08-05T18:36:58.568130+00:00,True,
3858,Sorry As A Service,https://sorryasaservice.com,"SaaS, Technology, media and telecommunications",Estonia,Techstars Portfolio (techstars.com/portfolio),2026-08-05T18:36:58.568130+00:00,True,
3859,GoMiles,https://gomiles.com,Fintech,United States,Techstars Portfolio (techstars.com/portfolio),2026-08-05T18:36:58.568130+00:00,True,
3860,Mammoth Water,https://mammothwater.com,"Cleantech, Climate tech, Fintech",United States,Techstars Portfolio (techstars.com/portfolio),2026-08-05T18:36:58.568130+00:00,True,
3861,MarketVibe,https://marketvibe.com,Fintech,United States,Techstars Portfolio (techstars.com/portfolio),2026-08-05T18:36:58.568130+00:00,True,
3862,Purple,https://getpurple.io,"Artificial intelligence and machine learning, Fintech, Mobile",United States,Techstars Portfolio (techstars.com/portfolio),2026-08-05T18:36:58.568130+00:00,True,
3863,ZERV,https://zerv.io,"Lifestyles of Health and Sustainability and wellness, Mobile",Canada,Techstars Portfolio (techstars.com/portfolio),2026-08-05T18:36:58.568130+00:00,True,
3864,Litimetrics,https://litimetrics.com,Artificial intelligence and machine learning,United States,Techstars Portfolio (techstars.com/portfolio),2026-08-05T18:36:58.568130+00:00,True,
3865,Shopturn,https://shopturn.co,,United States,Techstars Portfolio (techstars.com/portfolio),2026-08-05T18:36:58.568130+00:00,True,
3866,Growth Geeks,https://growthgeeks.com,"Adtech, Technology, media and telecommunications",United States,Techstars Portfolio (techstars.com/portfolio),2026-08-05T18:36:58.568130+00:00,True,
3867,Walkthrough,https://getawalkthrough.com,Fintech,United States,Techstars Portfolio (techstars.com/portfolio),2026-08-05T18:36:58.568130+00:00,True,
3868,LifeWeb 360,https://lifeweb360.com,"Technology, media and telecommunications",United States,Techstars Portfolio (techstars.com/portfolio),2026-08-05T18:36:58.568130+00:00,True,
3869,Girbil,https://unbird.com,Mobile,United States,Techstars Portfolio (techstars.com/portfolio),2026-08-05T18:36:58.568130+00:00,True,
3870,Fyyne,https://fyyne.com,Mobile,Canada,Techstars Portfolio (techstars.com/portfolio),2026-08-05T18:36:58.568130+00:00,True,
3871,FanWide,https://fanwide.com,Gaming,United States,Techstars Portfolio (techstars.com/portfolio),2026-08-05T18:36:58.568130+00:00,True,
3872,Dispatch,https://dispatch.me,"Agtech, Big Data, Fintech, Foodtech, Real estate tech, SaaS",United States,Techstars Portfolio (techstars.com/portfolio),2026-08-05T18:36:58.568130+00:00,True,
3873,CoachBase,https://coachbase.com,Mobile,Hong Kong,Techstars Portfolio (techstars.com/portfolio),2026-08-05T18:36:58.568130+00:00,True,
3874,WeDeliver,https://wedeliver.us,"E-commerce, Mobile, Supply chain technology",United States,Techstars Portfolio (techstars.com/portfolio),2026-08-05T18:36:58.568130+00:00,True,
3875,Smart Host,https://smarthost.me,"SaaS, Technology, media and telecommunications",United States,Techstars Portfolio (techstars.com/portfolio),2026-08-05T18:36:58.568130+00:00,True,
3876,NMRKT,https://nmrkt.com,"E-commerce, Technology, media and telecommunications",United States,Techstars Portfolio (techstars.com/portfolio),2026-08-05T18:36:58.568130+00:00,True,
3877,Knowtify,https://knowtify.io,"Artificial intelligence and machine learning, Marketing tech",United States,Techstars Portfolio (techstars.com/portfolio),2026-08-05T18:36:58.568130+00:00,True,
3878,AccelGolf,https://accel-golf.com,Mobile,United States,Techstars Portfolio (techstars.com/portfolio),2026-08-05T18:36:58.568130+00:00,True,
3879,Fortified Bicycle,https://fortifiedbike.com,"Lifestyles of Health and Sustainability and wellness, Mobility tech",United States,Techstars Portfolio (techstars.com/portfolio),2026-08-05T18:36:58.568130+00:00,True,
3880,Story2,https://story2.com,Edtech,United States,Techstars Portfolio (techstars.com/portfolio),2026-08-05T18:36:58.568130+00:00,True,
3881,PierceMatrix,https://piercematrix.com,Infrastructure,United States,Techstars Portfolio (techstars.com/portfolio),2026-08-05T18:36:58.568130+00:00,True,
3882,SmallKnot,https://smallknot.com,Fintech,United States,Techstars Portfolio (techstars.com/portfolio),2026-08-05T18:36:58.568130+00:00,True,
3883,OpenSauced,https://opensauced.pizza,Big Data,United States,Techstars Portfolio (techstars.com/portfolio),2026-08-05T18:36:58.568130+00:00,True,
3884,Cassiopeia,https://cassiopeia.tech,"Fintech, HRtech",Israel,Techstars Portfolio (techstars.com/portfolio),2026-08-05T18:36:58.568130+00:00,True,
3885,SVRF,https://svrf.com,"Mobile, Virtual reality",United States,Techstars Portfolio (techstars.com/portfolio),2026-08-05T18:36:58.568130+00:00,True,
3886,Anywyse,https://anywyse.audio,"Audiotech, Edtech",Netherlands,Techstars Portfolio (techstars.com/portfolio),2026-08-05T18:36:58.568130+00:00,True,
3887,FirstDerm,https://firstderm.com,"Healthtech, Insurtech, Lifestyles of Health and Sustainability and wellness, Mobile",United States,Techstars Portfolio (techstars.com/portfolio),2026-08-05T18:36:58.568130+00:00,True,
3888,Flexia,https://flexiapilates.com,"Digital health, Lifestyles of Health and Sustainability and wellness",United States,Techstars Portfolio (techstars.com/portfolio),2026-08-05T18:36:58.568130+00:00,True,
3889,ClauseMatch,https://clausematch.com,Fintech,United Kingdom,Techstars Portfolio (techstars.com/portfolio),2026-08-05T18:36:58.568130+00:00,True,
3890,Settld.Care,https://settld.care,"Technology, media and telecommunications",United Kingdom,Techstars Portfolio (techstars.com/portfolio),2026-08-05T18:36:58.568130+00:00,True,
3891,Magnet,https://usemagnet.com,Internet of Things,United States,Techstars Portfolio (techstars.com/portfolio),2026-08-05T18:36:58.568130+00:00,True,
3892,acuteIQ,https://acuteiq.com,Artificial intelligence and machine learning,United States,Techstars Portfolio (techstars.com/portfolio),2026-08-05T18:36:58.568130+00:00,True,
3893,Clyp,https://clyp.it,Audiotech,United States,Techstars Portfolio (techstars.com/portfolio),2026-08-05T18:36:58.568130+00:00,True,
3894,Aimo,https://aimo.co,E-commerce,Peru,Techstars Portfolio (techstars.com/portfolio),2026-08-05T18:36:58.568130+00:00,True,
3895,Inicio Health,https://inicio.uk,Digital health,United Kingdom,Techstars Portfolio (techstars.com/portfolio),2026-08-05T18:36:58.568130+00:00,True,
3896,YData,https://ydata.ai,"Artificial intelligence and machine learning, Infrastructure",Portugal,Techstars Portfolio (techstars.com/portfolio),2026-08-05T18:36:58.568130+00:00,True,
3897,Voray,https://voray.com,"Technology, media and telecommunications",United States,Techstars Portfolio (techstars.com/portfolio),2026-08-05T18:36:58.568130+00:00,True,
3898,TrueAbility,https://trueability.com,"Edtech, HRtech",United States,Techstars Portfolio (techstars.com/portfolio),2026-08-05T18:36:58.568130+00:00,True,
3899,section.io,https://section.io,"Cloudtech and DevOps, Infrastructure",United States,Techstars Portfolio (techstars.com/portfolio),2026-08-05T18:36:58.568130+00:00,True,
3900,OfColor,https://ofcolor.com,"Fintech, HRtech",United States,Techstars Portfolio (techstars.com/portfolio),2026-08-05T18:36:58.568130+00:00,True,
3901,Karma,https://yourkarma.com,"Artificial intelligence and machine learning, Cryptocurrency/Blockchain, Fintech, Mobile",United States,Techstars Portfolio (techstars.com/portfolio),2026-08-05T18:36:58.568130+00:00,True,
3902,HotDrop,https://hotdropapp.com,"Artificial intelligence and machine learning, Mobile",United States,Techstars Portfolio (techstars.com/portfolio),2026-08-05T18:36:58.568130+00:00,True,
3903,Hoard,https://hoardspot.com,Mobile,Germany,Techstars Portfolio (techstars.com/portfolio),2026-08-05T18:36:58.568130+00:00,True,
3904,HeySuper,https://heysuper.com,Mobile,United States,Techstars Portfolio (techstars.com/portfolio),2026-08-05T18:36:58.568130+00:00,True,
3905,zuri fertility,,Digital health,United States,Techstars Portfolio (techstars.com/portfolio),2026-08-05T18:36:58.568130+00:00,True,
3906,Zoi meet,,Internet of Things,Netherlands,Techstars Portfolio (techstars.com/portfolio),2026-08-05T18:36:58.568130+00:00,True,
3907,Ziptask,,Fintech,United States,Techstars Portfolio (techstars.com/portfolio),2026-08-05T18:36:58.568130+00:00,True,
3908,Zimbali Networks,,"Artificial intelligence and machine learning, Cryptocurrency/Blockchain, Fintech, Internet of Things, Mobile",United States,Techstars Portfolio (techstars.com/portfolio),2026-08-05T18:36:58.568130+00:00,True,
3909,Zify,,Mobile,India,Techstars Portfolio (techstars.com/portfolio),2026-08-05T18:36:58.568130+00:00,True,
3910,ZendyHealth,,Healthtech,United States,Techstars Portfolio (techstars.com/portfolio),2026-08-05T18:36:58.568130+00:00,True,
3911,Zelia,,Mobile,United States,Techstars Portfolio (techstars.com/portfolio),2026-08-05T18:36:58.568130+00:00,True,
3912,YOW,,,Israel,Techstars Portfolio (techstars.com/portfolio),2026-08-05T18:36:58.568130+00:00,True,
3913,Yosko,,"Healthtech, Mobile",United States,Techstars Portfolio (techstars.com/portfolio),2026-08-05T18:36:58.568130+00:00,True,
3914,Yoller,,Mobile,United Kingdom,Techstars Portfolio (techstars.com/portfolio),2026-08-05T18:36:58.568130+00:00,True,
3915,Yave,,"Fintech, Mobile",United States,Techstars Portfolio (techstars.com/portfolio),2026-08-05T18:36:58.568130+00:00,True,
3916,Yacob,,Mobile,United Arab Emirates,Techstars Portfolio (techstars.com/portfolio),2026-08-05T18:36:58.568130+00:00,True,
3917,Xworks Tech,,Cleantech,United Kingdom,Techstars Portfolio (techstars.com/portfolio),2026-08-05T18:36:58.568130+00:00,True,
3918,Xpand,,"Cryptocurrency/Blockchain, Gaming",United States,Techstars Portfolio (techstars.com/portfolio),2026-08-05T18:36:58.568130+00:00,True,
3919,xHood,,"Digital health, Femtech, Healthtech, Impact investing, Lifestyles of Health and Sustainability and wellness",United States,Techstars Portfolio (techstars.com/portfolio),2026-08-05T18:36:58.568130+00:00,True,
3920,Xapix.io,,"Big Data, Internet of Things, Mobile",United States,Techstars Portfolio (techstars.com/portfolio),2026-08-05T18:36:58.568130+00:00,True,
3921,Wysefit,,"Lifestyles of Health and Sustainability and wellness, Mobile",United States,Techstars Portfolio (techstars.com/portfolio),2026-08-05T18:36:58.568130+00:00,True,
3922,Worthright,,"Fintech, Insurtech",United States,Techstars Portfolio (techstars.com/portfolio),2026-08-05T18:36:58.568130+00:00,True,
3923,World Blender,,"Fintech, Gaming, Mobile",United States,Techstars Portfolio (techstars.com/portfolio),2026-08-05T18:36:58.568130+00:00,True,
3924,WorkMob,,"HRtech, Industrials",United States,Techstars Portfolio (techstars.com/portfolio),2026-08-05T18:36:58.568130+00:00,True,
3925,Workfrom,,Mobile,United States,Techstars Portfolio (techstars.com/portfolio),2026-08-05T18:36:58.568130+00:00,True,
3926,Workchew,,Real estate tech,United States,Techstars Portfolio (techstars.com/portfolio),2026-08-05T18:36:58.568130+00:00,True,
3927,Woorly,,,United States,Techstars Portfolio (techstars.com/portfolio),2026-08-05T18:36:58.568130+00:00,True,
3928,Wonders Lab,,Mobile,United States,Techstars Portfolio (techstars.com/portfolio),2026-08-05T18:36:58.568130+00:00,True,
3929,Wisor,,"Artificial intelligence and machine learning, Fintech",Israel,Techstars Portfolio (techstars.com/portfolio),2026-08-05T18:36:58.568130+00:00,True,
3930,WishRoute,,"Artificial intelligence and machine learning, Lifestyles of Health and Sustainability and wellness, Mobile",United States,Techstars Portfolio (techstars.com/portfolio),2026-08-05T18:36:58.568130+00:00,True,
3931,Wise Apple,,"HRtech, Mobile",United States,Techstars Portfolio (techstars.com/portfolio),2026-08-05T18:36:58.568130+00:00,True,
3932,WINIM,,"Cleantech, Foodtech, Lifestyles of Health and Sustainability and wellness, Mobile",Argentina,Techstars Portfolio (techstars.com/portfolio),2026-08-05T18:36:58.568130+00:00,True,
3933,Windrush,,"Fintech, Mobile",United States,Techstars Portfolio (techstars.com/portfolio),2026-08-05T18:36:58.568130+00:00,True,
3934,wiARframe,,"Mobile, Virtual reality",United States,Techstars Portfolio (techstars.com/portfolio),2026-08-05T18:36:58.568130+00:00,True,
3935,Whirl,,"Big Data, E-commerce, Fintech, Mobile",United States,Techstars Portfolio (techstars.com/portfolio),2026-08-05T18:36:58.568130+00:00,True,
3936,Which Ventures,,Fintech,United States,Techstars Portfolio (techstars.com/portfolio),2026-08-05T18:36:58.568130+00:00,True,
3937,Wheeli,,"Climate tech, Mobile",United States,Techstars Portfolio (techstars.com/portfolio),2026-08-05T18:36:58.568130+00:00,True,
3938,Whatsub,,Fintech,Netherlands,Techstars Portfolio (techstars.com/portfolio),2026-08-05T18:36:58.568130+00:00,True,
3939,weview,,"Technology, media and telecommunications",Germany,Techstars Portfolio (techstars.com/portfolio),2026-08-05T18:36:58.568130+00:00,True,
3940,West tenth,,Mobile,United States,Techstars Portfolio (techstars.com/portfolio),2026-08-05T18:36:58.568130+00:00,True,
3941,WeSolv,,HRtech,United States,Techstars Portfolio (techstars.com/portfolio),2026-08-05T18:36:58.568130+00:00,True,
3942,Wellnify.ai,,"Augmented reality, Digital health, Healthtech",Canada,Techstars Portfolio (techstars.com/portfolio),2026-08-05T18:36:58.568130+00:00,True,
3943,Wellhire,,"HRtech, Mobile",United States,Techstars Portfolio (techstars.com/portfolio),2026-08-05T18:36:58.568130+00:00,True,
3944,WeChipN,,Cryptocurrency/Blockchain,United States,Techstars Portfolio (techstars.com/portfolio),2026-08-05T18:36:58.568130+00:00,True,
3945,WeBuyGold,,"Technology, media and telecommunications",United States,Techstars Portfolio (techstars.com/portfolio),2026-08-05T18:36:58.568130+00:00,True,
3946,WebCurfew,,"Fintech, Internet of Things, SaaS",United States,Techstars Portfolio (techstars.com/portfolio),2026-08-05T18:36:58.568130+00:00,True,
3947,Weav Music,,Audiotech,United States,Techstars Portfolio (techstars.com/portfolio),2026-08-05T18:36:58.568130+00:00,True,
3948,Weave.ai,,"Artificial intelligence and machine learning, Mobile",United Kingdom,Techstars Portfolio (techstars.com/portfolio),2026-08-05T18:36:58.568130+00:00,True,
3949,WAYERZ,,Fintech,Israel,Techstars Portfolio (techstars.com/portfolio),2026-08-05T18:36:58.568130+00:00,True,
3950,Wavelength,,"Healthtech, Lifestyles of Health and Sustainability and wellness, Mobile",United States,Techstars Portfolio (techstars.com/portfolio),2026-08-05T18:36:58.568130+00:00,True,
3951,Watermelon,,Cloudtech and DevOps,Colombia,Techstars Portfolio (techstars.com/portfolio),2026-08-05T18:36:58.568130+00:00,True,
3952,WatchTower Robotics,,"Cleantech, Climate tech, Robotics and Drones",United States,Techstars Portfolio (techstars.com/portfolio),2026-08-05T18:36:58.568130+00:00,True,
3953,Wantworthy,,"E-commerce, Fintech",United States,Techstars Portfolio (techstars.com/portfolio),2026-08-05T18:36:58.568130+00:00,True,
3954,Waldo House,,"Fintech, Real estate tech",United States,Techstars Portfolio (techstars.com/portfolio),2026-08-05T18:36:58.568130+00:00,True,
3955,Wala,,"Fintech, Mobile",South Africa,Techstars Portfolio (techstars.com/portfolio),2026-08-05T18:36:58.568130+00:00,True,
3956,Waggle,,"Artificial intelligence and machine learning, Edtech, HRtech",United Kingdom,Techstars Portfolio (techstars.com/portfolio),2026-08-05T18:36:58.568130+00:00,True,
3957,Voyhoy,,"Technology, media and telecommunications",Chile,Techstars Portfolio (techstars.com/portfolio),2026-08-05T18:36:58.568130+00:00,True,
3958,Voyance,,Artificial intelligence and machine learning,Cameroon,Techstars Portfolio (techstars.com/portfolio),2026-08-05T18:36:58.568130+00:00,True,
3959,Voike,,"Technology, media and telecommunications",United States,Techstars Portfolio (techstars.com/portfolio),2026-08-05T18:36:58.568130+00:00,True,
3960,VoiceKitt,,Marketing tech,Germany,Techstars Portfolio (techstars.com/portfolio),2026-08-05T18:36:58.568130+00:00,True,
3961,VoiceHero,,Mobile,Canada,Techstars Portfolio (techstars.com/portfolio),2026-08-05T18:36:58.568130+00:00,True,
3962,VO2,,"Cryptocurrency/Blockchain, Fintech",United States,Techstars Portfolio (techstars.com/portfolio),2026-08-05T18:36:58.568130+00:00,True,
3963,Vitae Industries,,Artificial intelligence and machine learning,United States,Techstars Portfolio (techstars.com/portfolio),2026-08-05T18:36:58.568130+00:00,True,
3964,VisualLabs AI,,Audiotech,United States,Techstars Portfolio (techstars.com/portfolio),2026-08-05T18:36:58.568130+00:00,True,
3965,Vision Anchor,,Mobility tech,Slovenia,Techstars Portfolio (techstars.com/portfolio),2026-08-05T18:36:58.568130+00:00,True,
3966,Virimodo,,"Cleantech, Mobile",United States,Techstars Portfolio (techstars.com/portfolio),2026-08-05T18:36:58.568130+00:00,True,
3967,Viciniti,,"Infrastructure, Internet of Things, Mobile",United Kingdom,Techstars Portfolio (techstars.com/portfolio),2026-08-05T18:36:58.568130+00:00,True,
3968,VetCloud,,Fintech,United Kingdom,Techstars Portfolio (techstars.com/portfolio),2026-08-05T18:36:58.568130+00:00,True,
3969,Vestive,,"Climate tech, Fintech",United States,Techstars Portfolio (techstars.com/portfolio),2026-08-05T18:36:58.568130+00:00,True,
3970,Vervet Canned Cocktails,,Lifestyles of Health and Sustainability and wellness,United States,Techstars Portfolio (techstars.com/portfolio),2026-08-05T18:36:58.568130+00:00,True,
3971,Vertoe,,Mobile,United States,Techstars Portfolio (techstars.com/portfolio),2026-08-05T18:36:58.568130+00:00,True,
3972,Vertisense,,"Lifestyles of Health and Sustainability and wellness, Mobile",United States,Techstars Portfolio (techstars.com/portfolio),2026-08-05T18:36:58.568130+00:00,True,
3973,Vert,,"Gaming, Internet of Things",Israel,Techstars Portfolio (techstars.com/portfolio),2026-08-05T18:36:58.568130+00:00,True,
3974,Versor,,Artificial intelligence and machine learning,Norway,Techstars Portfolio (techstars.com/portfolio),2026-08-05T18:36:58.568130+00:00,True,
3975,Veesual,,"Artificial intelligence and machine learning, Virtual reality",France,Techstars Portfolio (techstars.com/portfolio),2026-08-05T18:36:58.568130+00:00,True,
3976,Vector Legal Method,,"Legal tech, Technology, media and telecommunications",United States,Techstars Portfolio (techstars.com/portfolio),2026-08-05T18:36:58.568130+00:00,True,
3977,VAUX,,Artificial intelligence and machine learning,Australia,Techstars Portfolio (techstars.com/portfolio),2026-08-05T18:36:58.568130+00:00,True,
3978,Vallai,,"Artificial intelligence and machine learning, Big Data",France,Techstars Portfolio (techstars.com/portfolio),2026-08-05T18:36:58.568130+00:00,True,
3979,Vacation Fund,,"Fintech, HRtech, Lifestyles of Health and Sustainability and wellness",Canada,Techstars Portfolio (techstars.com/portfolio),2026-08-05T18:36:58.568130+00:00,True,
3980,Vaale,,Fintech,Colombia,Techstars Portfolio (techstars.com/portfolio),2026-08-05T18:36:58.568130+00:00,True,
3981,Uuvipak,,"Foodtech, Manufacturing",Australia,Techstars Portfolio (techstars.com/portfolio),2026-08-05T18:36:58.568130+00:00,True,
3982,Urtak,,"Fintech, SaaS",United States,Techstars Portfolio (techstars.com/portfolio),2026-08-05T18:36:58.568130+00:00,True,
3983,Urban Leash,,"Mobile, Pet tech, Technology, media and telecommunications",United States,Techstars Portfolio (techstars.com/portfolio),2026-08-05T18:36:58.568130+00:00,True,
3984,Urban Data Eye,,Artificial intelligence and machine learning,Spain,Techstars Portfolio (techstars.com/portfolio),2026-08-05T18:36:58.568130+00:00,True,
3985,Urban3D,,Internet of Things,United States,Techstars Portfolio (techstars.com/portfolio),2026-08-05T18:36:58.568130+00:00,True,
3986,Upsteer,,Future of work,United States,Techstars Portfolio (techstars.com/portfolio),2026-08-05T18:36:58.568130+00:00,True,
3987,Upside Saving,,"Artificial intelligence and machine learning, Fintech",United Kingdom,Techstars Portfolio (techstars.com/portfolio),2026-08-05T18:36:58.568130+00:00,True,
3988,Upful.ai,,"Artificial intelligence and machine learning, Edtech, HRtech",United States,Techstars Portfolio (techstars.com/portfolio),2026-08-05T18:36:58.568130+00:00,True,
3989,Unlimited Engineering,,Industrials,Spain,Techstars Portfolio (techstars.com/portfolio),2026-08-05T18:36:58.568130+00:00,True,
3990,UniZest,,Fintech,United Kingdom,Techstars Portfolio (techstars.com/portfolio),2026-08-05T18:36:58.568130+00:00,True,
3991,UniqueSound,,"Technology, media and telecommunications",United States,Techstars Portfolio (techstars.com/portfolio),2026-08-05T18:36:58.568130+00:00,True,
3992,Union Crate,,Artificial intelligence and machine learning,United States,Techstars Portfolio (techstars.com/portfolio),2026-08-05T18:36:58.568130+00:00,True,
3993,TypeLead,,Mobile,India,Techstars Portfolio (techstars.com/portfolio),2026-08-05T18:36:58.568130+00:00,True,
3994,TutorMe,,Edtech,United Kingdom,Techstars Portfolio (techstars.com/portfolio),2026-08-05T18:36:58.568130+00:00,True,
3995,TutorialTab,,Edtech,United States,Techstars Portfolio (techstars.com/portfolio),2026-08-05T18:36:58.568130+00:00,True,
3996,Tumo,,"Fintech, Legal tech",United States,Techstars Portfolio (techstars.com/portfolio),2026-08-05T18:36:58.568130+00:00,True,
3997,Tuffel,,"Big Data, Internet of Things, Mobile",United States,Techstars Portfolio (techstars.com/portfolio),2026-08-05T18:36:58.568130+00:00,True,
3998,Tryum,,,United Kingdom,Techstars Portfolio (techstars.com/portfolio),2026-08-05T18:36:58.568130+00:00,True,
3999,Trustline,,"Cryptocurrency/Blockchain, Fintech",France,Techstars Portfolio (techstars.com/portfolio),2026-08-05T18:36:58.568130+00:00,True,
4000,Trusscore,,Nanotechnology,Canada,Techstars Portfolio (techstars.com/portfolio),2026-08-05T18:36:58.568130+00:00,True,
4001,TrueFacet,,"E-commerce, Technology, media and telecommunications",United States,Techstars Portfolio (techstars.com/portfolio),2026-08-05T18:36:58.568130+00:00,True,
4002,TruantToday,,"Edtech, Fintech, SaaS",United States,Techstars Portfolio (techstars.com/portfolio),2026-08-05T18:36:58.568130+00:00,True,
4003,Trousso,,"Cleantech, Femtech, Mobile commerce",United States,Techstars Portfolio (techstars.com/portfolio),2026-08-05T18:36:58.568130+00:00,True,
4004,Triomi Medical,,Mobile,United States,Techstars Portfolio (techstars.com/portfolio),2026-08-05T18:36:58.568130+00:00,True,
4005,Trilleco,,"Artificial intelligence and machine learning, Cleantech, Climate tech, Infrastructure, Internet of Things, Lifestyles of Health and Sustainability and wellness, Manufacturing, Mobile, Supply chain technology, Virtual reality",Finland,Techstars Portfolio (techstars.com/portfolio),2026-08-05T18:36:58.568130+00:00,True,
4006,Tribl,,Mobile,United States,Techstars Portfolio (techstars.com/portfolio),2026-08-05T18:36:58.568130+00:00,True,
4007,Treasure,,"Edtech, Fintech, Mobile",Canada,Techstars Portfolio (techstars.com/portfolio),2026-08-05T18:36:58.568130+00:00,True,
4008,Transfer Thought,,Virtual reality,United States,Techstars Portfolio (techstars.com/portfolio),2026-08-05T18:36:58.568130+00:00,True,
4009,Trala,,Mobile,United States,Techstars Portfolio (techstars.com/portfolio),2026-08-05T18:36:58.568130+00:00,True,
4010,TrakBar,,SaaS,Croatia,Techstars Portfolio (techstars.com/portfolio),2026-08-05T18:36:58.568130+00:00,True,
4011,Trailze,,Mobility tech,Israel,Techstars Portfolio (techstars.com/portfolio),2026-08-05T18:36:58.568130+00:00,True,
4012,Traction,,Mobile,United States,Techstars Portfolio (techstars.com/portfolio),2026-08-05T18:36:58.568130+00:00,True,
4013,Trackter Systems,,Foodtech,United States,Techstars Portfolio (techstars.com/portfolio),2026-08-05T18:36:58.568130+00:00,True,
4014,ToVieFor,,E-commerce,United States,Techstars Portfolio (techstars.com/portfolio),2026-08-05T18:36:58.568130+00:00,True,
4015,Touco,,Fintech,United Kingdom,Techstars Portfolio (techstars.com/portfolio),2026-08-05T18:36:58.568130+00:00,True,
4016,TouchBase,,Mobile,United States,Techstars Portfolio (techstars.com/portfolio),2026-08-05T18:36:58.568130+00:00,True,
4017,Touch,,SaaS,United States,Techstars Portfolio (techstars.com/portfolio),2026-08-05T18:36:58.568130+00:00,True,
4018,Toucan Events,,Mobile,United States,Techstars Portfolio (techstars.com/portfolio),2026-08-05T18:36:58.568130+00:00,True,
4019,Touca,,Artificial intelligence and machine learning,United States,Techstars Portfolio (techstars.com/portfolio),2026-08-05T18:36:58.568130+00:00,True,
4020,Torque,,Cloudtech and DevOps,United States,Techstars Portfolio (techstars.com/portfolio),2026-08-05T18:36:58.568130+00:00,True,
4021,Torche,,"Fintech, Mobile",Nigeria,Techstars Portfolio (techstars.com/portfolio),2026-08-05T18:36:58.568130+00:00,True,
4022,Toneboard,,"Artificial intelligence and machine learning, Infrastructure, Mobile",Latvia,Techstars Portfolio (techstars.com/portfolio),2026-08-05T18:36:58.568130+00:00,True,
4023,TommyRun,,"Industrials, Mobile",United States,Techstars Portfolio (techstars.com/portfolio),2026-08-05T18:36:58.568130+00:00,True,
4024,Todooly,,E-commerce,United States,Techstars Portfolio (techstars.com/portfolio),2026-08-05T18:36:58.568130+00:00,True,
4025,Tinitell,,"Internet of Things, Mobile, Technology, media and telecommunications",Sweden,Techstars Portfolio (techstars.com/portfolio),2026-08-05T18:36:58.568130+00:00,True,
4026,TimeCredit,,Artificial intelligence and machine learning,United States,Techstars Portfolio (techstars.com/portfolio),2026-08-05T18:36:58.568130+00:00,True,
4027,TicketRev,,"Fintech, Mobile commerce, Technology, media and telecommunications",United States,Techstars Portfolio (techstars.com/portfolio),2026-08-05T18:36:58.568130+00:00,True,
4028,THX Network,,Fintech,Netherlands,Techstars Portfolio (techstars.com/portfolio),2026-08-05T18:36:58.568130+00:00,True,
4029,Thrive Savings,,"E-commerce, Fintech, Mobile",Canada,Techstars Portfolio (techstars.com/portfolio),2026-08-05T18:36:58.568130+00:00,True,
4030,This App Saves Lives,,"Fintech, Gaming, Healthtech, Insurtech, Mobile, Mobility tech",United States,Techstars Portfolio (techstars.com/portfolio),2026-08-05T18:36:58.568130+00:00,True,
4031,ThirdFi,,"Artificial intelligence and machine learning, Cryptocurrency/Blockchain, Fintech",Singapore,Techstars Portfolio (techstars.com/portfolio),2026-08-05T18:36:58.568130+00:00,True,
4032,Third Design,,"Augmented reality, Manufacturing, Technology, media and telecommunications",United States,Techstars Portfolio (techstars.com/portfolio),2026-08-05T18:36:58.568130+00:00,True,
4033,ThinkLoot,,Artificial intelligence and machine learning,United States,Techstars Portfolio (techstars.com/portfolio),2026-08-05T18:36:58.568130+00:00,True,
4034,Thinker-Tinker,,Internet of Things,United States,Techstars Portfolio (techstars.com/portfolio),2026-08-05T18:36:58.568130+00:00,True,
4035,The Wed Clique,,Mobile,United States,Techstars Portfolio (techstars.com/portfolio),2026-08-05T18:36:58.568130+00:00,True,
4036,The Sun Exchange,,"Cleantech, Infrastructure",South Africa,Techstars Portfolio (techstars.com/portfolio),2026-08-05T18:36:58.568130+00:00,True,
4037,The Porch Pod,,Internet of Things,United States,Techstars Portfolio (techstars.com/portfolio),2026-08-05T18:36:58.568130+00:00,True,
4038,The Highway Girl,,"E-commerce, Lifestyles of Health and Sustainability and wellness",United States,Techstars Portfolio (techstars.com/portfolio),2026-08-05T18:36:58.568130+00:00,True,
4039,TheGreatOut,,Mobile,United States,Techstars Portfolio (techstars.com/portfolio),2026-08-05T18:36:58.568130+00:00,True,
4040,The Fetchery,,,United States,Techstars Portfolio (techstars.com/portfolio),2026-08-05T18:36:58.568130+00:00,True,
4041,The Better Spot,,"Healthtech, Lifestyles of Health and Sustainability and wellness",United States,Techstars Portfolio (techstars.com/portfolio),2026-08-05T18:36:58.568130+00:00,True,
4042,The Accessory Junkie,,,United States,Techstars Portfolio (techstars.com/portfolio),2026-08-05T18:36:58.568130+00:00,True,
4043,Terrene,,"Artificial intelligence and machine learning, Internet of Things",Canada,Techstars Portfolio (techstars.com/portfolio),2026-08-05T18:36:58.568130+00:00,True,
4044,TEQ,,"Artificial intelligence and machine learning, Cleantech, Climate tech, Infrastructure, Internet of Things",United States,Techstars Portfolio (techstars.com/portfolio),2026-08-05T18:36:58.568130+00:00,True,
4045,Teporto,,"Carsharing, Climate tech, Mobile, Mobility tech",United States,Techstars Portfolio (techstars.com/portfolio),2026-08-05T18:36:58.568130+00:00,True,
4046,Ten Spot,,"HRtech, Mobile, Technology, media and telecommunications",United States,Techstars Portfolio (techstars.com/portfolio),2026-08-05T18:36:58.568130+00:00,True,
4047,Tenacity,,"HRtech, Mobile",United States,Techstars Portfolio (techstars.com/portfolio),2026-08-05T18:36:58.568130+00:00,True,
4048,Tempus Energy,,"Artificial intelligence and machine learning, Cleantech, Climate tech",United Kingdom,Techstars Portfolio (techstars.com/portfolio),2026-08-05T18:36:58.568130+00:00,True,
4049,Tempore,,SaaS,United States,Techstars Portfolio (techstars.com/portfolio),2026-08-05T18:36:58.568130+00:00,True,
4050,TempMine,,HRtech,United States,Techstars Portfolio (techstars.com/portfolio),2026-08-05T18:36:58.568130+00:00,True,
4051,tech4farmers,,Mobile,Uganda,Techstars Portfolio (techstars.com/portfolio),2026-08-05T18:36:58.568130+00:00,True,
4052,TasteMedia,,Marketing tech,United States,Techstars Portfolio (techstars.com/portfolio),2026-08-05T18:36:58.568130+00:00,True,
4053,Tastebase,,E-commerce,United States,Techstars Portfolio (techstars.com/portfolio),2026-08-05T18:36:58.568130+00:00,True,
4054,Taro Finance,,"Cryptocurrency/Blockchain, Fintech",United States,Techstars Portfolio (techstars.com/portfolio),2026-08-05T18:36:58.568130+00:00,True,
4055,TARA,,Edtech,United States,Techstars Portfolio (techstars.com/portfolio),2026-08-05T18:36:58.568130+00:00,True,
4056,Talox,,Real estate tech,Singapore,Techstars Portfolio (techstars.com/portfolio),2026-08-05T18:36:58.568130+00:00,True,
4057,Tallysticks,,"Artificial intelligence and machine learning, Cryptocurrency/Blockchain, Fintech",United Kingdom,Techstars Portfolio (techstars.com/portfolio),2026-08-05T18:36:58.568130+00:00,True,
4058,Tally,,Mobile,Canada,Techstars Portfolio (techstars.com/portfolio),2026-08-05T18:36:58.568130+00:00,True,
4059,Talk Howdy,,Mobile,United States,Techstars Portfolio (techstars.com/portfolio),2026-08-05T18:36:58.568130+00:00,True,
4060,Talk Hiring,,HRtech,United States,Techstars Portfolio (techstars.com/portfolio),2026-08-05T18:36:58.568130+00:00,True,
4061,Talented,,"HRtech, Industrials, Manufacturing, Mobile, Robotics and Drones",United States,Techstars Portfolio (techstars.com/portfolio),2026-08-05T18:36:58.568130+00:00,True,
4062,Tabl,,Artificial intelligence and machine learning,Japan,Techstars Portfolio (techstars.com/portfolio),2026-08-05T18:36:58.568130+00:00,True,
4063,Synswap,,"Cryptocurrency/Blockchain, Fintech",United Kingdom,Techstars Portfolio (techstars.com/portfolio),2026-08-05T18:36:58.568130+00:00,True,
4064,SyncSpot,,Marketing tech,United Kingdom,Techstars Portfolio (techstars.com/portfolio),2026-08-05T18:36:58.568130+00:00,True,
4065,Syncify,,Mobile,United Kingdom,Techstars Portfolio (techstars.com/portfolio),2026-08-05T18:36:58.568130+00:00,True,
4066,Synch,,Mobile,United States,Techstars Portfolio (techstars.com/portfolio),2026-08-05T18:36:58.568130+00:00,True,
4067,Sympatic,,"Big Data, Cybersecurity, Fintech, Healthtech",United States,Techstars Portfolio (techstars.com/portfolio),2026-08-05T18:36:58.568130+00:00,True,
4068,Swiftly,,"Artificial intelligence and machine learning, HRtech, Mobile",Sweden,Techstars Portfolio (techstars.com/portfolio),2026-08-05T18:36:58.568130+00:00,True,
4069,SWERVE Fitness,,"Artificial intelligence and machine learning, Digital health, Gaming, Lifestyles of Health and Sustainability and wellness, Technology, media and telecommunications",United States,Techstars Portfolio (techstars.com/portfolio),2026-08-05T18:36:58.568130+00:00,True,
4070,SweetieDev,,"Artificial intelligence and machine learning, Healthtech, Lifestyles of Health and Sustainability and wellness, Mobile",United Kingdom,Techstars Portfolio (techstars.com/portfolio),2026-08-05T18:36:58.568130+00:00,True,
4071,SweatFlex,,"Gaming, HRtech, Internet of Things",United States,Techstars Portfolio (techstars.com/portfolio),2026-08-05T18:36:58.568130+00:00,True,
4072,Swayed,,Artificial intelligence and machine learning,United States,Techstars Portfolio (techstars.com/portfolio),2026-08-05T18:36:58.568130+00:00,True,
4073,Sway,,Healthtech,United States,Techstars Portfolio (techstars.com/portfolio),2026-08-05T18:36:58.568130+00:00,True,
4074,Sustaio,,"Cleantech, Climate tech, Fintech, Internet of Things, Lifestyles of Health and Sustainability and wellness, Mobile",United States,Techstars Portfolio (techstars.com/portfolio),2026-08-05T18:36:58.568130+00:00,True,
4075,SureConsent,,"Digital health, Healthtech",United States,Techstars Portfolio (techstars.com/portfolio),2026-08-05T18:36:58.568130+00:00,True,
4076,Super Bloom Bakery,,"Foodtech, Lifestyles of Health and Sustainability and wellness, Manufacturing",United States,Techstars Portfolio (techstars.com/portfolio),2026-08-05T18:36:58.568130+00:00,True,
4077,Sundar,,"Climate tech, Cryptocurrency/Blockchain",United States,Techstars Portfolio (techstars.com/portfolio),2026-08-05T18:36:58.568130+00:00,True,
4078,SubHub,,"Edtech, Impact investing",United States,Techstars Portfolio (techstars.com/portfolio),2026-08-05T18:36:58.568130+00:00,True,
4079,Subhe,,Edtech,India,Techstars Portfolio (techstars.com/portfolio),2026-08-05T18:36:58.568130+00:00,True,
4080,Stylindex,,Fintech,United Kingdom,Techstars Portfolio (techstars.com/portfolio),2026-08-05T18:36:58.568130+00:00,True,
4081,StudyFree,,Edtech,United States,Techstars Portfolio (techstars.com/portfolio),2026-08-05T18:36:58.568130+00:00,True,
4082,Studio,,"Gaming, Internet of Things, Lifestyles of Health and Sustainability and wellness, Mobile",United States,Techstars Portfolio (techstars.com/portfolio),2026-08-05T18:36:58.568130+00:00,True,
4083,STRUCTUR3D PRINTING,,"Industrials, Nanotechnology",Canada,Techstars Portfolio (techstars.com/portfolio),2026-08-05T18:36:58.568130+00:00,True,
4084,Strohl Medical Technologies,,,United States,Techstars Portfolio (techstars.com/portfolio),2026-08-05T18:36:58.568130+00:00,True,
4085,StrikesApp,,Fintech,United Kingdom,Techstars Portfolio (techstars.com/portfolio),2026-08-05T18:36:58.568130+00:00,True,
4086,StremX,,Fintech,Israel,Techstars Portfolio (techstars.com/portfolio),2026-08-05T18:36:58.568130+00:00,True,
4087,Stratos,,"HRtech, Impact investing",United States,Techstars Portfolio (techstars.com/portfolio),2026-08-05T18:36:58.568130+00:00,True,
4088,Strangeloop Studios,,"Technology, media and telecommunications",United States,Techstars Portfolio (techstars.com/portfolio),2026-08-05T18:36:58.568130+00:00,True,
4089,STRAFFR,,"Digital health, Healthtech, Internet of Things, Lifestyles of Health and Sustainability and wellness, Mobile",Germany,Techstars Portfolio (techstars.com/portfolio),2026-08-05T18:36:58.568130+00:00,True,
4090,StoryFit,,Artificial intelligence and machine learning,United States,Techstars Portfolio (techstars.com/portfolio),2026-08-05T18:36:58.568130+00:00,True,
4091,StormSensor,,"Cleantech, Climate tech",United States,Techstars Portfolio (techstars.com/portfolio),2026-08-05T18:36:58.568130+00:00,True,
4092,StockTouch,,,United States,Techstars Portfolio (techstars.com/portfolio),2026-08-05T18:36:58.568130+00:00,True,
4093,STIGMA,,Digital health,United States,Techstars Portfolio (techstars.com/portfolio),2026-08-05T18:36:58.568130+00:00,True,
4094,Stefan's Head,,"E-commerce, Mobile",United States,Techstars Portfolio (techstars.com/portfolio),2026-08-05T18:36:58.568130+00:00,True,
4095,SteadyBricks,,"Fintech, Micromobility",Ireland,Techstars Portfolio (techstars.com/portfolio),2026-08-05T18:36:58.568130+00:00,True,
4096,Statera,,Mobile,United States,Techstars Portfolio (techstars.com/portfolio),2026-08-05T18:36:58.568130+00:00,True,
4097,Stateless,,Infrastructure,United States,Techstars Portfolio (techstars.com/portfolio),2026-08-05T18:36:58.568130+00:00,True,
4098,Stasis Labs,,Healthtech,United States,Techstars Portfolio (techstars.com/portfolio),2026-08-05T18:36:58.568130+00:00,True,
4099,Stark Mobility,,"Technology, media and telecommunications",United States,Techstars Portfolio (techstars.com/portfolio),2026-08-05T18:36:58.568130+00:00,True,
4100,Stand In,,Mobile,United States,Techstars Portfolio (techstars.com/portfolio),2026-08-05T18:36:58.568130+00:00,True,
4101,Standard Analytics,,Artificial intelligence and machine learning,United States,Techstars Portfolio (techstars.com/portfolio),2026-08-05T18:36:58.568130+00:00,True,
4102,Staffless.ai,,Robotics and Drones,United States,Techstars Portfolio (techstars.com/portfolio),2026-08-05T18:36:58.568130+00:00,True,
4103,Stackin',,Fintech,United States,Techstars Portfolio (techstars.com/portfolio),2026-08-05T18:36:58.568130+00:00,True,
4104,Stackhouse,,"Infrastructure, Internet of Things, Robotics and Drones",United States,Techstars Portfolio (techstars.com/portfolio),2026-08-05T18:36:58.568130+00:00,True,
4105,Stacked,,HRtech,United States,Techstars Portfolio (techstars.com/portfolio),2026-08-05T18:36:58.568130+00:00,True,
4106,Squirrel,,"Fintech, Mobile",United Kingdom,Techstars Portfolio (techstars.com/portfolio),2026-08-05T18:36:58.568130+00:00,True,
4107,Spyn Pay,,Fintech,United States,Techstars Portfolio (techstars.com/portfolio),2026-08-05T18:36:58.568130+00:00,True,
4108,Spry,,Fintech,United States,Techstars Portfolio (techstars.com/portfolio),2026-08-05T18:36:58.568130+00:00,True,
4109,SpotCrowd,,Cybersecurity,United States,Techstars Portfolio (techstars.com/portfolio),2026-08-05T18:36:58.568130+00:00,True,
4110,SportSyncTech,,"Big Data, Cryptocurrency/Blockchain, eSports, Marketing tech",France,Techstars Portfolio (techstars.com/portfolio),2026-08-05T18:36:58.568130+00:00,True,
4111,Sportsy,,Mobile,United States,Techstars Portfolio (techstars.com/portfolio),2026-08-05T18:36:58.568130+00:00,True,
4112,Spora Health,,Lifestyles of Health and Sustainability and wellness,United States,Techstars Portfolio (techstars.com/portfolio),2026-08-05T18:36:58.568130+00:00,True,
4113,Spoonshot,,Artificial intelligence and machine learning,United States,Techstars Portfolio (techstars.com/portfolio),2026-08-05T18:36:58.568130+00:00,True,
4114,Spontaneously,,Fintech,United States,Techstars Portfolio (techstars.com/portfolio),2026-08-05T18:36:58.568130+00:00,True,
4115,Sponsokit,,Mobile,Germany,Techstars Portfolio (techstars.com/portfolio),2026-08-05T18:36:58.568130+00:00,True,
4116,Spoken,,"Artificial intelligence and machine learning, Mobile",United States,Techstars Portfolio (techstars.com/portfolio),2026-08-05T18:36:58.568130+00:00,True,
4117,Split Gym,,E-commerce,United States,Techstars Portfolio (techstars.com/portfolio),2026-08-05T18:36:58.568130+00:00,True,
4118,Spliqs,,"Artificial intelligence and machine learning, Mobile",Canada,Techstars Portfolio (techstars.com/portfolio),2026-08-05T18:36:58.568130+00:00,True,
4119,SpexAI,,"Artificial intelligence and machine learning, Robotics and Drones",Germany,Techstars Portfolio (techstars.com/portfolio),2026-08-05T18:36:58.568130+00:00,True,
4120,Spero,,Mobile,United States,Techstars Portfolio (techstars.com/portfolio),2026-08-05T18:36:58.568130+00:00,True,
4121,Speedwell & Yarrow,,"Artificial intelligence and machine learning, HRtech",United States,Techstars Portfolio (techstars.com/portfolio),2026-08-05T18:36:58.568130+00:00,True,
4122,SpectatAR,,Gaming,United States,Techstars Portfolio (techstars.com/portfolio),2026-08-05T18:36:58.568130+00:00,True,
4123,SPCE,,Real estate tech,United Kingdom,Techstars Portfolio (techstars.com/portfolio),2026-08-05T18:36:58.568130+00:00,True,
4124,Sparktrend,,"Artificial intelligence and machine learning, Mobile",United States,Techstars Portfolio (techstars.com/portfolio),2026-08-05T18:36:58.568130+00:00,True,
4125,SparkCloud,,"Fintech, Mobile",United States,Techstars Portfolio (techstars.com/portfolio),2026-08-05T18:36:58.568130+00:00,True,
4126,Southie Autonomy,,"Artificial intelligence and machine learning, Robotics and Drones",United States,Techstars Portfolio (techstars.com/portfolio),2026-08-05T18:36:58.568130+00:00,True,
4127,SoundTrack AI,,Artificial intelligence and machine learning,Israel,Techstars Portfolio (techstars.com/portfolio),2026-08-05T18:36:58.568130+00:00,True,
4128,Soraytec,,"Artificial intelligence and machine learning, Big Data, Cleantech, Climate tech, Industrials, Infrastructure, Real estate tech",Germany,Techstars Portfolio (techstars.com/portfolio),2026-08-05T18:36:58.568130+00:00,True,
4129,Sopris Health,,Artificial intelligence and machine learning,United States,Techstars Portfolio (techstars.com/portfolio),2026-08-05T18:36:58.568130+00:00,True,
4130,Sophia,,"Digital health, HRtech, Technology, media and telecommunications",United States,Techstars Portfolio (techstars.com/portfolio),2026-08-05T18:36:58.568130+00:00,True,
4131,SonX,,Cryptocurrency/Blockchain,United Kingdom,Techstars Portfolio (techstars.com/portfolio),2026-08-05T18:36:58.568130+00:00,True,
4132,SOMOS,,Edtech,Mexico,Techstars Portfolio (techstars.com/portfolio),2026-08-05T18:36:58.568130+00:00,True,
4133,SOMM'IT,,"Artificial intelligence and machine learning, Supply chain technology",France,Techstars Portfolio (techstars.com/portfolio),2026-08-05T18:36:58.568130+00:00,True,
4134,some.place,,Cryptocurrency/Blockchain,Australia,Techstars Portfolio (techstars.com/portfolio),2026-08-05T18:36:58.568130+00:00,True,
4135,Somatic Labs,,"Internet of Things, Mobile, Virtual reality",United States,Techstars Portfolio (techstars.com/portfolio),2026-08-05T18:36:58.568130+00:00,True,
4136,Soluki,,"Technology, media and telecommunications",United Arab Emirates,Techstars Portfolio (techstars.com/portfolio),2026-08-05T18:36:58.568130+00:00,True,
4137,Solid,,"Fintech, Mobile",United States,Techstars Portfolio (techstars.com/portfolio),2026-08-05T18:36:58.568130+00:00,True,
4138,Solenica,,"Cleantech, Climate tech, Internet of Things, Robotics and Drones",Italy,Techstars Portfolio (techstars.com/portfolio),2026-08-05T18:36:58.568130+00:00,True,
4139,Sol Clarity,,"Cleantech, Climate tech, Lifestyles of Health and Sustainability and wellness, Manufacturing",United States,Techstars Portfolio (techstars.com/portfolio),2026-08-05T18:36:58.568130+00:00,True,
4140,Solavio Labs,,"Cleantech, Manufacturing, Robotics and Drones",India,Techstars Portfolio (techstars.com/portfolio),2026-08-05T18:36:58.568130+00:00,True,
4141,SolarFi,,Cleantech,United States,Techstars Portfolio (techstars.com/portfolio),2026-08-05T18:36:58.568130+00:00,True,
4142,Solace Vision,,"Artificial intelligence and machine learning, Virtual reality",United States,Techstars Portfolio (techstars.com/portfolio),2026-08-05T18:36:58.568130+00:00,True,
4143,SokoDAO,,"Cryptocurrency/Blockchain, HRtech",United States,Techstars Portfolio (techstars.com/portfolio),2026-08-05T18:36:58.568130+00:00,True,
4144,Softcube,,"Adtech, Artificial intelligence and machine learning, Big Data",United States,Techstars Portfolio (techstars.com/portfolio),2026-08-05T18:36:58.568130+00:00,True,
4145,SocialSci,,"Fintech, Mobile, Robotics and Drones",United States,Techstars Portfolio (techstars.com/portfolio),2026-08-05T18:36:58.568130+00:00,True,
4146,Social Lender,https://sociallenderng.com,"Fintech, Mobile",Nigeria,Techstars Portfolio (techstars.com/portfolio),2026-08-05T18:36:58.568130+00:00,True,
4147,SocialCapital,,"Artificial intelligence and machine learning, HRtech",United States,Techstars Portfolio (techstars.com/portfolio),2026-08-05T18:36:58.568130+00:00,True,
4148,Snippet Finance,,Fintech,United States,Techstars Portfolio (techstars.com/portfolio),2026-08-05T18:36:58.568130+00:00,True,
4149,Snapscreen,,Mobile,Austria,Techstars Portfolio (techstars.com/portfolio),2026-08-05T18:36:58.568130+00:00,True,
4150,Smiletronix,,"Artificial intelligence and machine learning, Healthtech, Lifestyles of Health and Sustainability and wellness",Spain,Techstars Portfolio (techstars.com/portfolio),2026-08-05T18:36:58.568130+00:00,True,
4151,smileML,,Artificial intelligence and machine learning,United States,Techstars Portfolio (techstars.com/portfolio),2026-08-05T18:36:58.568130+00:00,True,
4152,Smartsy,,Marketing tech,United States,Techstars Portfolio (techstars.com/portfolio),2026-08-05T18:36:58.568130+00:00,True,
4153,Smarton Learning Solutions,,,United States,Techstars Portfolio (techstars.com/portfolio),2026-08-05T18:36:58.568130+00:00,True,
4154,Smartbin.io,,Climate tech,United States,Techstars Portfolio (techstars.com/portfolio),2026-08-05T18:36:58.568130+00:00,True,
4155,Slingshot,,HRtech,United States,Techstars Portfolio (techstars.com/portfolio),2026-08-05T18:36:58.568130+00:00,True,
4156,SlidePiper,,Mobile,Israel,Techstars Portfolio (techstars.com/portfolio),2026-08-05T18:36:58.568130+00:00,True,
4157,SliceUp,,"Artificial intelligence and machine learning, Cybersecurity, Internet of Things",United States,Techstars Portfolio (techstars.com/portfolio),2026-08-05T18:36:58.568130+00:00,True,
4158,SkyHi,,"Mobile, Mobility tech",United States,Techstars Portfolio (techstars.com/portfolio),2026-08-05T18:36:58.568130+00:00,True,
4159,SkyGlue,,Marketing tech,United States,Techstars Portfolio (techstars.com/portfolio),2026-08-05T18:36:58.568130+00:00,True,
4160,Skycharge,,Robotics and Drones,Germany,Techstars Portfolio (techstars.com/portfolio),2026-08-05T18:36:58.568130+00:00,True,
4161,Skit!,,"Fintech, Mobile",United States,Techstars Portfolio (techstars.com/portfolio),2026-08-05T18:36:58.568130+00:00,True,
4162,Skilbi,,"Edtech, HRtech",United States,Techstars Portfolio (techstars.com/portfolio),2026-08-05T18:36:58.568130+00:00,True,
4163,Sixth Man Technologies,,"Technology, media and telecommunications",United States,Techstars Portfolio (techstars.com/portfolio),2026-08-05T18:36:58.568130+00:00,True,
4164,Sipply,,Foodtech,Canada,Techstars Portfolio (techstars.com/portfolio),2026-08-05T18:36:58.568130+00:00,True,
4165,SimplyMeet,,Mobile,United States,Techstars Portfolio (techstars.com/portfolio),2026-08-05T18:36:58.568130+00:00,True,
4166,Simply Good,,"Artificial intelligence and machine learning, Fintech, Mobile",Canada,Techstars Portfolio (techstars.com/portfolio),2026-08-05T18:36:58.568130+00:00,True,
4167,SimpleForms,,"Artificial intelligence and machine learning, HRtech",United States,Techstars Portfolio (techstars.com/portfolio),2026-08-05T18:36:58.568130+00:00,True,
4168,SilverBack,,"Artificial intelligence and machine learning, Gaming, Mobile commerce",Israel,Techstars Portfolio (techstars.com/portfolio),2026-08-05T18:36:58.568130+00:00,True,
4169,Sidelines,,"Gaming, Lifestyles of Health and Sustainability and wellness",United States,Techstars Portfolio (techstars.com/portfolio),2026-08-05T18:36:58.568130+00:00,True,
4170,Sickweather,,"Artificial intelligence and machine learning, Lifestyles of Health and Sustainability and wellness, Mobile",United States,Techstars Portfolio (techstars.com/portfolio),2026-08-05T18:36:58.568130+00:00,True,
4171,SICDRONE,,"Artificial intelligence and machine learning, Oil and gas, Robotics and Drones",United States,Techstars Portfolio (techstars.com/portfolio),2026-08-05T18:36:58.568130+00:00,True,
4172,Sia Secure,,Cybersecurity,North Macedonia,Techstars Portfolio (techstars.com/portfolio),2026-08-05T18:36:58.568130+00:00,True,
4173,Shotcall,,Gaming,United States,Techstars Portfolio (techstars.com/portfolio),2026-08-05T18:36:58.568130+00:00,True,
4174,ShortCut,,"E-commerce, Mobile",United Kingdom,Techstars Portfolio (techstars.com/portfolio),2026-08-05T18:36:58.568130+00:00,True,
4175,Shopsy,,"E-commerce, Mobile",United States,Techstars Portfolio (techstars.com/portfolio),2026-08-05T18:36:58.568130+00:00,True,
4176,Shopl,,Mobile,United States,Techstars Portfolio (techstars.com/portfolio),2026-08-05T18:36:58.568130+00:00,True,
4177,Shipright HQ,,Marketing tech,Netherlands,Techstars Portfolio (techstars.com/portfolio),2026-08-05T18:36:58.568130+00:00,True,
4178,ShiftUp,,Edtech,United States,Techstars Portfolio (techstars.com/portfolio),2026-08-05T18:36:58.568130+00:00,True,
4179,Shelfleet,,Mobile,United States,Techstars Portfolio (techstars.com/portfolio),2026-08-05T18:36:58.568130+00:00,True,
4180,Sheets & Giggles,,"Cleantech, Climate tech",United States,Techstars Portfolio (techstars.com/portfolio),2026-08-05T18:36:58.568130+00:00,True,
4181,SharpShark,,"Cryptocurrency/Blockchain, Cybersecurity, Mobile",Chile,Techstars Portfolio (techstars.com/portfolio),2026-08-05T18:36:58.568130+00:00,True,
4182,Shareable Social,,Adtech,United States,Techstars Portfolio (techstars.com/portfolio),2026-08-05T18:36:58.568130+00:00,True,
4183,Shaka Culture,,HRtech,United States,Techstars Portfolio (techstars.com/portfolio),2026-08-05T18:36:58.568130+00:00,True,
4184,Seva,,"Technology, media and telecommunications",United States,Techstars Portfolio (techstars.com/portfolio),2026-08-05T18:36:58.568130+00:00,True,
4185,Seshie,,"HRtech, Lifestyles of Health and Sustainability and wellness",United States,Techstars Portfolio (techstars.com/portfolio),2026-08-05T18:36:58.568130+00:00,True,
4186,Sensorscall,,"Artificial intelligence and machine learning, Internet of Things",United States,Techstars Portfolio (techstars.com/portfolio),2026-08-05T18:36:58.568130+00:00,True,
4187,Senscity,,"Cleantech, Climate tech, Insurtech, Internet of Things",Australia,Techstars Portfolio (techstars.com/portfolio),2026-08-05T18:36:58.568130+00:00,True,
4188,Semanttic,,SaaS,United States,Techstars Portfolio (techstars.com/portfolio),2026-08-05T18:36:58.568130+00:00,True,
4189,Seldon,,"Artificial intelligence and machine learning, Infrastructure",United Kingdom,Techstars Portfolio (techstars.com/portfolio),2026-08-05T18:36:58.568130+00:00,True,
4190,Sēkr,,Mobile,United States,Techstars Portfolio (techstars.com/portfolio),2026-08-05T18:36:58.568130+00:00,True,
4191,Seize,,Mobile,United States,Techstars Portfolio (techstars.com/portfolio),2026-08-05T18:36:58.568130+00:00,True,
4192,SEEVA Technologies,,Artificial intelligence and machine learning,United States,Techstars Portfolio (techstars.com/portfolio),2026-08-05T18:36:58.568130+00:00,True,
4193,Seed,,Edtech,United States,Techstars Portfolio (techstars.com/portfolio),2026-08-05T18:36:58.568130+00:00,True,
4194,SecureMarking,,"Cryptocurrency/Blockchain, Cybersecurity, Internet of Things, Mobile",United States,Techstars Portfolio (techstars.com/portfolio),2026-08-05T18:36:58.568130+00:00,True,
4195,Second Degree,,HRtech,United States,Techstars Portfolio (techstars.com/portfolio),2026-08-05T18:36:58.568130+00:00,True,
4196,SecondBrain,,Artificial intelligence and machine learning,United States,Techstars Portfolio (techstars.com/portfolio),2026-08-05T18:36:58.568130+00:00,True,
4197,Search to Phone,,Fintech,United States,Techstars Portfolio (techstars.com/portfolio),2026-08-05T18:36:58.568130+00:00,True,
4198,SeaMiles,,"Fintech, Mobile, Technology, media and telecommunications",Singapore,Techstars Portfolio (techstars.com/portfolio),2026-08-05T18:36:58.568130+00:00,True,
4199,SeaErra,,Artificial intelligence and machine learning,Israel,Techstars Portfolio (techstars.com/portfolio),2026-08-05T18:36:58.568130+00:00,True,
4200,SeaDeep,,"Artificial intelligence and machine learning, Cleantech, Internet of Things",United States,Techstars Portfolio (techstars.com/portfolio),2026-08-05T18:36:58.568130+00:00,True,
4201,Sea Analytics,,"Artificial intelligence and machine learning, Internet of Things, Lifestyles of Health and Sustainability and wellness, Mobile",Israel,Techstars Portfolio (techstars.com/portfolio),2026-08-05T18:36:58.568130+00:00,True,
4202,Scrutinize,,Fintech,United States,Techstars Portfolio (techstars.com/portfolio),2026-08-05T18:36:58.568130+00:00,True,
4203,ScriptPad,,"Fintech, Mobile",United States,Techstars Portfolio (techstars.com/portfolio),2026-08-05T18:36:58.568130+00:00,True,
4204,SciArt Software,,"Technology, media and telecommunications",United States,Techstars Portfolio (techstars.com/portfolio),2026-08-05T18:36:58.568130+00:00,True,
4205,Scent Lab,,Beauty,United States,Techstars Portfolio (techstars.com/portfolio),2026-08-05T18:36:58.568130+00:00,True,
4206,ScaleFactor,,"Artificial intelligence and machine learning, Fintech",United States,Techstars Portfolio (techstars.com/portfolio),2026-08-05T18:36:58.568130+00:00,True,
4207,Savvy DeFi,,"Cryptocurrency/Blockchain, Fintech",United States,Techstars Portfolio (techstars.com/portfolio),2026-08-05T18:36:58.568130+00:00,True,
4208,Savvy,,Fintech,France,Techstars Portfolio (techstars.com/portfolio),2026-08-05T18:36:58.568130+00:00,True,
4209,Savium,,"Cryptocurrency/Blockchain, Fintech",United Kingdom,Techstars Portfolio (techstars.com/portfolio),2026-08-05T18:36:58.568130+00:00,True,
4210,Savitude,,Artificial intelligence and machine learning,United States,Techstars Portfolio (techstars.com/portfolio),2026-08-05T18:36:58.568130+00:00,True,
4211,Savex,,"Cryptocurrency/Blockchain, Fintech",United States,Techstars Portfolio (techstars.com/portfolio),2026-08-05T18:36:58.568130+00:00,True,
4212,Sandglaz,,"Artificial intelligence and machine learning, Fintech, Robotics and Drones",Canada,Techstars Portfolio (techstars.com/portfolio),2026-08-05T18:36:58.568130+00:00,True,
4213,Sam Heather,,Mobile,United Kingdom,Techstars Portfolio (techstars.com/portfolio),2026-08-05T18:36:58.568130+00:00,True,
4214,Saige,,Foodtech,United States,Techstars Portfolio (techstars.com/portfolio),2026-08-05T18:36:58.568130+00:00,True,
4215,Sage Hero,,Artificial intelligence and machine learning,United States,Techstars Portfolio (techstars.com/portfolio),2026-08-05T18:36:58.568130+00:00,True,
4216,Safurai,,"Cryptocurrency/Blockchain, Virtual reality",Italy,Techstars Portfolio (techstars.com/portfolio),2026-08-05T18:36:58.568130+00:00,True,
4217,SAFA.ai,,Artificial intelligence and machine learning,United States,Techstars Portfolio (techstars.com/portfolio),2026-08-05T18:36:58.568130+00:00,True,
4218,Sabana,,"Artificial intelligence and machine learning, Cleantech, Real estate tech",United States,Techstars Portfolio (techstars.com/portfolio),2026-08-05T18:36:58.568130+00:00,True,
4219,RxPlace,,"Artificial intelligence and machine learning, Healthtech, Supply chain technology",United States,Techstars Portfolio (techstars.com/portfolio),2026-08-05T18:36:58.568130+00:00,True,
4220,Ruth Health,,"Femtech, Lifestyles of Health and Sustainability and wellness",United States,Techstars Portfolio (techstars.com/portfolio),2026-08-05T18:36:58.568130+00:00,True,
4221,Ruksack,,Mobile,Canada,Techstars Portfolio (techstars.com/portfolio),2026-08-05T18:36:58.568130+00:00,True,
4222,rublys,,Mobile,Austria,Techstars Portfolio (techstars.com/portfolio),2026-08-05T18:36:58.568130+00:00,True,
4223,Rosso & Flynn,,"Technology, media and telecommunications",United States,Techstars Portfolio (techstars.com/portfolio),2026-08-05T18:36:58.568130+00:00,True,
4224,ROOMATIC,,Mobile,Germany,Techstars Portfolio (techstars.com/portfolio),2026-08-05T18:36:58.568130+00:00,True,
4225,Rombo,,SaaS,United Kingdom,Techstars Portfolio (techstars.com/portfolio),2026-08-05T18:36:58.568130+00:00,True,
4226,RollSale,,"E-commerce, Fintech, Mobile",United States,Techstars Portfolio (techstars.com/portfolio),2026-08-05T18:36:58.568130+00:00,True,
4227,Roleshare,,HRtech,United Kingdom,Techstars Portfolio (techstars.com/portfolio),2026-08-05T18:36:58.568130+00:00,True,
4228,Roger,,Robotics and Drones,United States,Techstars Portfolio (techstars.com/portfolio),2026-08-05T18:36:58.568130+00:00,True,
4229,Rodin,,"Mobile, Virtual reality",United States,Techstars Portfolio (techstars.com/portfolio),2026-08-05T18:36:58.568130+00:00,True,
4230,ROCKI,,Mobile,United States,Techstars Portfolio (techstars.com/portfolio),2026-08-05T18:36:58.568130+00:00,True,
4231,Robyn,,"Femtech, Lifestyles of Health and Sustainability and wellness",United States,Techstars Portfolio (techstars.com/portfolio),2026-08-05T18:36:58.568130+00:00,True,
4232,ROBOWEB Corp.,,"Cloudtech and DevOps, Mobile",United States,Techstars Portfolio (techstars.com/portfolio),2026-08-05T18:36:58.568130+00:00,True,
4233,Roborus,,Marketing tech,South Korea,Techstars Portfolio (techstars.com/portfolio),2026-08-05T18:36:58.568130+00:00,True,
4234,Robinhood,,"Fintech, Mobile",Israel,Techstars Portfolio (techstars.com/portfolio),2026-08-05T18:36:58.568130+00:00,True,
4235,ringblingz,,Internet of Things,United States,Techstars Portfolio (techstars.com/portfolio),2026-08-05T18:36:58.568130+00:00,True,
4236,Rhinobird,,Mobile,United States,Techstars Portfolio (techstars.com/portfolio),2026-08-05T18:36:58.568130+00:00,True,
4237,Rhetora.ai,,Marketing tech,United States,Techstars Portfolio (techstars.com/portfolio),2026-08-05T18:36:58.568130+00:00,True,
4238,rfrd,,"Technology, media and telecommunications",United States,Techstars Portfolio (techstars.com/portfolio),2026-08-05T18:36:58.568130+00:00,True,
4239,Rex Animal Health,,Future of work,United States,Techstars Portfolio (techstars.com/portfolio),2026-08-05T18:36:58.568130+00:00,True,
4240,Rewire Health,,"Digital health, Healthtech",United States,Techstars Portfolio (techstars.com/portfolio),2026-08-05T18:36:58.568130+00:00,True,
4241,Rewire Fitness,,"eSports, Healthtech, Lifestyles of Health and Sustainability and wellness, Mobile",United States,Techstars Portfolio (techstars.com/portfolio),2026-08-05T18:36:58.568130+00:00,True,
4242,Rewind Me,,"Fintech, Mobile",United States,Techstars Portfolio (techstars.com/portfolio),2026-08-05T18:36:58.568130+00:00,True,
4243,RewardsForce,,SaaS,United States,Techstars Portfolio (techstars.com/portfolio),2026-08-05T18:36:58.568130+00:00,True,
4244,Revolar,,Internet of Things,United States,Techstars Portfolio (techstars.com/portfolio),2026-08-05T18:36:58.568130+00:00,True,
4245,Revio,,"E-commerce, Manufacturing",United States,Techstars Portfolio (techstars.com/portfolio),2026-08-05T18:36:58.568130+00:00,True,
4246,Reveler,,"eSports, Gaming, Mobile, Technology, media and telecommunications",United States,Techstars Portfolio (techstars.com/portfolio),2026-08-05T18:36:58.568130+00:00,True,
4247,RetroLabs,,Climate tech,United States,Techstars Portfolio (techstars.com/portfolio),2026-08-05T18:36:58.568130+00:00,True,
4248,Retentive,,"Cloudtech and DevOps, HRtech, Mobile",United States,Techstars Portfolio (techstars.com/portfolio),2026-08-05T18:36:58.568130+00:00,True,
4249,Retavo,,"Mobile commerce, Technology, media and telecommunications",United States,Techstars Portfolio (techstars.com/portfolio),2026-08-05T18:36:58.568130+00:00,True,
4250,RetargetLinks,,"Adtech, Technology, media and telecommunications",Canada,Techstars Portfolio (techstars.com/portfolio),2026-08-05T18:36:58.568130+00:00,True,
4251,RetailQuant,,"Artificial intelligence and machine learning, Internet of Things",Germany,Techstars Portfolio (techstars.com/portfolio),2026-08-05T18:36:58.568130+00:00,True,
4252,Re-Style,,"Lifestyles of Health and Sustainability and wellness, Technology, media and telecommunications",United Kingdom,Techstars Portfolio (techstars.com/portfolio),2026-08-05T18:36:58.568130+00:00,True,
4253,ResonanceX,,"Cryptocurrency/Blockchain, Fintech",United Kingdom,Techstars Portfolio (techstars.com/portfolio),2026-08-05T18:36:58.568130+00:00,True,
4254,Resonance,,"Fintech, HRtech",United Kingdom,Techstars Portfolio (techstars.com/portfolio),2026-08-05T18:36:58.568130+00:00,True,
4255,ResolutionTube,,"Mobile, Virtual reality",United States,Techstars Portfolio (techstars.com/portfolio),2026-08-05T18:36:58.568130+00:00,True,
4256,ReplySend,,"Cloudtech and DevOps, SaaS",United States,Techstars Portfolio (techstars.com/portfolio),2026-08-05T18:36:58.568130+00:00,True,
4257,Replica Studios,,"Artificial intelligence and machine learning, Gaming, Mobile",Australia,Techstars Portfolio (techstars.com/portfolio),2026-08-05T18:36:58.568130+00:00,True,
4258,Repairly,,"Mobile, Technology, media and telecommunications",United Kingdom,Techstars Portfolio (techstars.com/portfolio),2026-08-05T18:36:58.568130+00:00,True,
4259,Repairit,,Artificial intelligence and machine learning,United States,Techstars Portfolio (techstars.com/portfolio),2026-08-05T18:36:58.568130+00:00,True,
4260,RentMonitor,,"Fintech, Real estate tech",United States,Techstars Portfolio (techstars.com/portfolio),2026-08-05T18:36:58.568130+00:00,True,
4261,RentMatch,,"Mobile, Real estate tech",United States,Techstars Portfolio (techstars.com/portfolio),2026-08-05T18:36:58.568130+00:00,True,
4262,Renno,,"Artificial intelligence and machine learning, Real estate tech",United States,Techstars Portfolio (techstars.com/portfolio),2026-08-05T18:36:58.568130+00:00,True,
4263,Remidi,,Internet of Things,United States,Techstars Portfolio (techstars.com/portfolio),2026-08-05T18:36:58.568130+00:00,True,
4264,Remetrik,,"Fintech, Mobile",United States,Techstars Portfolio (techstars.com/portfolio),2026-08-05T18:36:58.568130+00:00,True,
4265,Rely.io,,"Artificial intelligence and machine learning, Cloudtech and DevOps, Infrastructure",Portugal,Techstars Portfolio (techstars.com/portfolio),2026-08-05T18:36:58.568130+00:00,True,
4266,Relovv,,Climate tech,United States,Techstars Portfolio (techstars.com/portfolio),2026-08-05T18:36:58.568130+00:00,True,
4267,reKode Education,,,United States,Techstars Portfolio (techstars.com/portfolio),2026-08-05T18:36:58.568130+00:00,True,
4268,Rejoicy,,Mobile,United States,Techstars Portfolio (techstars.com/portfolio),2026-08-05T18:36:58.568130+00:00,True,
4269,Reibase,,"Artificial intelligence and machine learning, Cloudtech and DevOps",United States,Techstars Portfolio (techstars.com/portfolio),2026-08-05T18:36:58.568130+00:00,True,
4270,RefineAI,,Mobile,United States,Techstars Portfolio (techstars.com/portfolio),2026-08-05T18:36:58.568130+00:00,True,
4271,Red Rover,,"Edtech, Mobile, Technology, media and telecommunications",United States,Techstars Portfolio (techstars.com/portfolio),2026-08-05T18:36:58.568130+00:00,True,
4272,Red Fox Insights,,"Gaming, Mobile",United States,Techstars Portfolio (techstars.com/portfolio),2026-08-05T18:36:58.568130+00:00,True,
4273,Recycled Granite,,Climate tech,United States,Techstars Portfolio (techstars.com/portfolio),2026-08-05T18:36:58.568130+00:00,True,
4274,Recruiting Innovation,,"Edtech, HRtech",United States,Techstars Portfolio (techstars.com/portfolio),2026-08-05T18:36:58.568130+00:00,True,
4275,Recroot,,HRtech,Ireland,Techstars Portfolio (techstars.com/portfolio),2026-08-05T18:36:58.568130+00:00,True,
4276,Recotap,,"Artificial intelligence and machine learning, Marketing tech",India,Techstars Portfolio (techstars.com/portfolio),2026-08-05T18:36:58.568130+00:00,True,
4277,Re Cae,,"Artificial intelligence and machine learning, Space tech",Switzerland,Techstars Portfolio (techstars.com/portfolio),2026-08-05T18:36:58.568130+00:00,True,
4278,Reason,,"Fintech, Mobile",United States,Techstars Portfolio (techstars.com/portfolio),2026-08-05T18:36:58.568130+00:00,True,
4279,RealSynth,,Artificial intelligence and machine learning,Germany,Techstars Portfolio (techstars.com/portfolio),2026-08-05T18:36:58.568130+00:00,True,
4280,RealAR,,"Artificial intelligence and machine learning, Augmented reality, Fintech, Mobile, Real estate tech, Virtual reality",Australia,Techstars Portfolio (techstars.com/portfolio),2026-08-05T18:36:58.568130+00:00,True,
4281,Reach Robotics,,"Gaming, Robotics and Drones, Virtual reality",United Kingdom,Techstars Portfolio (techstars.com/portfolio),2026-08-05T18:36:58.568130+00:00,True,
4282,ReAble,,"Edtech, Fintech, Mobile",United States,Techstars Portfolio (techstars.com/portfolio),2026-08-05T18:36:58.568130+00:00,True,
4283,Raybased,,"Internet of Things, Real estate tech",Sweden,Techstars Portfolio (techstars.com/portfolio),2026-08-05T18:36:58.568130+00:00,True,
4284,Rational Robotics,,Robotics and Drones,United States,Techstars Portfolio (techstars.com/portfolio),2026-08-05T18:36:58.568130+00:00,True,
4285,Rares,,"E-commerce, Fintech, Mobile",United States,Techstars Portfolio (techstars.com/portfolio),2026-08-05T18:36:58.568130+00:00,True,
4286,Rally Networks,,"Internet of Things, Mobile",United States,Techstars Portfolio (techstars.com/portfolio),2026-08-05T18:36:58.568130+00:00,True,
4287,Rainway,,"Gaming, Mobile",United States,Techstars Portfolio (techstars.com/portfolio),2026-08-05T18:36:58.568130+00:00,True,
4288,Radiomaze,,Internet of Things,United States,Techstars Portfolio (techstars.com/portfolio),2026-08-05T18:36:58.568130+00:00,True,
4289,Radia,,"Cryptocurrency/Blockchain, Fintech",United States,Techstars Portfolio (techstars.com/portfolio),2026-08-05T18:36:58.568130+00:00,True,
4290,Raddle,,Mobile,United States,Techstars Portfolio (techstars.com/portfolio),2026-08-05T18:36:58.568130+00:00,True,
4291,Quimby,,"Digital health, Healthtech, HRtech, Impact investing, Lifestyles of Health and Sustainability and wellness",United States,Techstars Portfolio (techstars.com/portfolio),2026-08-05T18:36:58.568130+00:00,True,
4292,QuickCarl,,Mobile,United States,Techstars Portfolio (techstars.com/portfolio),2026-08-05T18:36:58.568130+00:00,True,
4293,Quant-Co,,Artificial intelligence and machine learning,United Kingdom,Techstars Portfolio (techstars.com/portfolio),2026-08-05T18:36:58.568130+00:00,True,
4294,Quantac,,"Digital health, Technology, media and telecommunications",United States,Techstars Portfolio (techstars.com/portfolio),2026-08-05T18:36:58.568130+00:00,True,
4295,Qualia Health,,"Digital health, Mobile",United States,Techstars Portfolio (techstars.com/portfolio),2026-08-05T18:36:58.568130+00:00,True,
4296,Qsee,,"Artificial intelligence and machine learning, Industrials, Infrastructure, Internet of Things",Israel,Techstars Portfolio (techstars.com/portfolio),2026-08-05T18:36:58.568130+00:00,True,
4297,QoL Devices,,"Lifestyles of Health and Sustainability and wellness, Mobile",United States,Techstars Portfolio (techstars.com/portfolio),2026-08-05T18:36:58.568130+00:00,True,
4298,Q Blocks,,Artificial intelligence and machine learning,United States,Techstars Portfolio (techstars.com/portfolio),2026-08-05T18:36:58.568130+00:00,True,
4299,Qanta.ai,,"Artificial intelligence and machine learning, Fintech",Israel,Techstars Portfolio (techstars.com/portfolio),2026-08-05T18:36:58.568130+00:00,True,
4300,PWRFWD,,Cryptocurrency/Blockchain,United States,Techstars Portfolio (techstars.com/portfolio),2026-08-05T18:36:58.568130+00:00,True,
4301,Pushmote,,"Internet of Things, Mobile",United States,Techstars Portfolio (techstars.com/portfolio),2026-08-05T18:36:58.568130+00:00,True,
4302,Pundit,,Mobile,United States,Techstars Portfolio (techstars.com/portfolio),2026-08-05T18:36:58.568130+00:00,True,
4303,Punchlist,,,United States,Techstars Portfolio (techstars.com/portfolio),2026-08-05T18:36:58.568130+00:00,True,
4304,Pulsewave,,"Artificial intelligence and machine learning, Digital health, Healthtech, Internet of Things, Lifestyles of Health and Sustainability and wellness",Switzerland,Techstars Portfolio (techstars.com/portfolio),2026-08-05T18:36:58.568130+00:00,True,
4305,pulley.ai,,Artificial intelligence and machine learning,United Kingdom,Techstars Portfolio (techstars.com/portfolio),2026-08-05T18:36:58.568130+00:00,True,
4306,Puebla,,"Agtech, Supply chain technology",United States,Techstars Portfolio (techstars.com/portfolio),2026-08-05T18:36:58.568130+00:00,True,
4307,Psykosoft,,Fintech,United Kingdom,Techstars Portfolio (techstars.com/portfolio),2026-08-05T18:36:58.568130+00:00,True,
4308,P.S. Bridal Rental,,"Technology, media and telecommunications",United Kingdom,Techstars Portfolio (techstars.com/portfolio),2026-08-05T18:36:58.568130+00:00,True,
4309,pryml,,Artificial intelligence and machine learning,Ireland,Techstars Portfolio (techstars.com/portfolio),2026-08-05T18:36:58.568130+00:00,True,
4310,Provider Pool,,"HRtech, Mobile",United States,Techstars Portfolio (techstars.com/portfolio),2026-08-05T18:36:58.568130+00:00,True,
4311,Provender,,"Climate tech, E-commerce, Foodtech, Technology, media and telecommunications",Canada,Techstars Portfolio (techstars.com/portfolio),2026-08-05T18:36:58.568130+00:00,True,
4312,Prototypo,,Mobile,France,Techstars Portfolio (techstars.com/portfolio),2026-08-05T18:36:58.568130+00:00,True,
4313,ProtoExchange,,,United States,Techstars Portfolio (techstars.com/portfolio),2026-08-05T18:36:58.568130+00:00,True,
4314,Prosporus,,SaaS,United States,Techstars Portfolio (techstars.com/portfolio),2026-08-05T18:36:58.568130+00:00,True,
4315,PropFolio,,"Fintech, Real estate tech",United Kingdom,Techstars Portfolio (techstars.com/portfolio),2026-08-05T18:36:58.568130+00:00,True,
4316,Project Fixup,,"Fintech, Technology, media and telecommunications",United States,Techstars Portfolio (techstars.com/portfolio),2026-08-05T18:36:58.568130+00:00,True,
4317,Progress Innovation,,Fintech,United States,Techstars Portfolio (techstars.com/portfolio),2026-08-05T18:36:58.568130+00:00,True,
4318,Profeci,,Marketing tech,United States,Techstars Portfolio (techstars.com/portfolio),2026-08-05T18:36:58.568130+00:00,True,
4319,Priviom,,Artificial intelligence and machine learning,United States,Techstars Portfolio (techstars.com/portfolio),2026-08-05T18:36:58.568130+00:00,True,
4320,Priva,,"Industrials, Mobility tech",United States,Techstars Portfolio (techstars.com/portfolio),2026-08-05T18:36:58.568130+00:00,True,
4321,PrintToPeer,,"Artificial intelligence and machine learning, Mobile",United Kingdom,Techstars Portfolio (techstars.com/portfolio),2026-08-05T18:36:58.568130+00:00,True,
4322,Prinsta,,"Cleantech, Climate tech, Internet of Things, Robotics and Drones",United States,Techstars Portfolio (techstars.com/portfolio),2026-08-05T18:36:58.568130+00:00,True,
4323,Prime,,Mobile,United States,Techstars Portfolio (techstars.com/portfolio),2026-08-05T18:36:58.568130+00:00,True,
4324,Price Backers,,Marketing tech,Israel,Techstars Portfolio (techstars.com/portfolio),2026-08-05T18:36:58.568130+00:00,True,
4325,Preesale,,Mobile,United States,Techstars Portfolio (techstars.com/portfolio),2026-08-05T18:36:58.568130+00:00,True,
4326,Precavida,,"Artificial intelligence and machine learning, Lifestyles of Health and Sustainability and wellness",United States,Techstars Portfolio (techstars.com/portfolio),2026-08-05T18:36:58.568130+00:00,True,
4327,Praktice AI,,"Artificial intelligence and machine learning, Mobile",United States,Techstars Portfolio (techstars.com/portfolio),2026-08-05T18:36:58.568130+00:00,True,
4328,PowerSpike,,Gaming,United States,Techstars Portfolio (techstars.com/portfolio),2026-08-05T18:36:58.568130+00:00,True,
4329,Postmaster,,"E-commerce, Fintech",United States,Techstars Portfolio (techstars.com/portfolio),2026-08-05T18:36:58.568130+00:00,True,
4330,Positive Finance,,Fintech,United States,Techstars Portfolio (techstars.com/portfolio),2026-08-05T18:36:58.568130+00:00,True,
4331,Poshpacker,,Lifestyles of Health and Sustainability and wellness,United States,Techstars Portfolio (techstars.com/portfolio),2026-08-05T18:36:58.568130+00:00,True,
4332,PopUp Play,,Mobile,United States,Techstars Portfolio (techstars.com/portfolio),2026-08-05T18:36:58.568130+00:00,True,
4333,PopPD,,Edtech,United States,Techstars Portfolio (techstars.com/portfolio),2026-08-05T18:36:58.568130+00:00,True,
4334,Poplin,,"Femtech, Healthtech",United States,Techstars Portfolio (techstars.com/portfolio),2026-08-05T18:36:58.568130+00:00,True,
4335,Pongo,,"Adtech, Mobile, Mobile commerce, Technology, media and telecommunications",United States,Techstars Portfolio (techstars.com/portfolio),2026-08-05T18:36:58.568130+00:00,True,
4336,POMP,,Mobile,France,Techstars Portfolio (techstars.com/portfolio),2026-08-05T18:36:58.568130+00:00,True,
4337,Pomika,,Artificial intelligence and machine learning,United States,Techstars Portfolio (techstars.com/portfolio),2026-08-05T18:36:58.568130+00:00,True,
4338,Polywork,,"Artificial intelligence and machine learning, Lifestyles of Health and Sustainability and wellness, SaaS",United Kingdom,Techstars Portfolio (techstars.com/portfolio),2026-08-05T18:36:58.568130+00:00,True,
4339,Polydone,,Mobile,United Kingdom,Techstars Portfolio (techstars.com/portfolio),2026-08-05T18:36:58.568130+00:00,True,
4340,Pollen,,"Adtech, Marketing tech",United States,Techstars Portfolio (techstars.com/portfolio),2026-08-05T18:36:58.568130+00:00,True,
4341,Polar Search,,Artificial intelligence and machine learning,United States,Techstars Portfolio (techstars.com/portfolio),2026-08-05T18:36:58.568130+00:00,True,
4342,Pluto Money,,"Fintech, Mobile",United States,Techstars Portfolio (techstars.com/portfolio),2026-08-05T18:36:58.568130+00:00,True,
4343,Plum,,"Fintech, HRtech, Insurtech, Internet of Things, Mobile",United States,Techstars Portfolio (techstars.com/portfolio),2026-08-05T18:36:58.568130+00:00,True,
4344,Plentina,,"Artificial intelligence and machine learning, Fintech",United States,Techstars Portfolio (techstars.com/portfolio),2026-08-05T18:36:58.568130+00:00,True,
4345,Plazmod Technologies,,"Cleantech, Manufacturing",United States,Techstars Portfolio (techstars.com/portfolio),2026-08-05T18:36:58.568130+00:00,True,
4346,Play Impossible Corporation,,Mobile,United States,Techstars Portfolio (techstars.com/portfolio),2026-08-05T18:36:58.568130+00:00,True,
4347,PlayFull,,"Gaming, Mobile",United States,Techstars Portfolio (techstars.com/portfolio),2026-08-05T18:36:58.568130+00:00,True,
4348,Platera.ai,,"Artificial intelligence and machine learning, Gaming",Israel,Techstars Portfolio (techstars.com/portfolio),2026-08-05T18:36:58.568130+00:00,True,
4349,Planted,,"HRtech, Mobile",United States,Techstars Portfolio (techstars.com/portfolio),2026-08-05T18:36:58.568130+00:00,True,
4350,Plannly,,"Artificial intelligence and machine learning, Digital health, Healthtech, HRtech, Insurtech",United States,Techstars Portfolio (techstars.com/portfolio),2026-08-05T18:36:58.568130+00:00,True,
4351,PLANETARIANS,,"Agtech, Cleantech, Climate tech, Fintech, Foodtech",United States,Techstars Portfolio (techstars.com/portfolio),2026-08-05T18:36:58.568130+00:00,True,
4352,plain.,,Artificial intelligence and machine learning,Poland,Techstars Portfolio (techstars.com/portfolio),2026-08-05T18:36:58.568130+00:00,True,
4353,Pixspan,,Artificial intelligence and machine learning,United States,Techstars Portfolio (techstars.com/portfolio),2026-08-05T18:36:58.568130+00:00,True,
4354,Pium,,Internet of Things,United States,Techstars Portfolio (techstars.com/portfolio),2026-08-05T18:36:58.568130+00:00,True,
4355,PITZ,,"Gaming, Mobile",United States,Techstars Portfolio (techstars.com/portfolio),2026-08-05T18:36:58.568130+00:00,True,
4356,Pistol Lake,,"Climate tech, Internet of Things, Manufacturing",United States,Techstars Portfolio (techstars.com/portfolio),2026-08-05T18:36:58.568130+00:00,True,
4357,Pilotworks,,Mobile,United States,Techstars Portfolio (techstars.com/portfolio),2026-08-05T18:36:58.568130+00:00,True,
4358,Picxy,,Mobile,India,Techstars Portfolio (techstars.com/portfolio),2026-08-05T18:36:58.568130+00:00,True,
4359,PickaDeli,,Mobile,Spain,Techstars Portfolio (techstars.com/portfolio),2026-08-05T18:36:58.568130+00:00,True,
4360,Phood,,"Fintech, Mobile",United States,Techstars Portfolio (techstars.com/portfolio),2026-08-05T18:36:58.568130+00:00,True,
4361,Pesky Fish,,"Climate tech, Technology, media and telecommunications",United Kingdom,Techstars Portfolio (techstars.com/portfolio),2026-08-05T18:36:58.568130+00:00,True,
4362,Perform,,"Artificial intelligence and machine learning, Lifestyles of Health and Sustainability and wellness, Mobile",United States,Techstars Portfolio (techstars.com/portfolio),2026-08-05T18:36:58.568130+00:00,True,
4363,Pepr,,Foodtech,United States,Techstars Portfolio (techstars.com/portfolio),2026-08-05T18:36:58.568130+00:00,True,
4364,Pepper Cooking,,"Internet of Things, Lifestyles of Health and Sustainability and wellness",United States,Techstars Portfolio (techstars.com/portfolio),2026-08-05T18:36:58.568130+00:00,True,
4365,People's Software,,Fintech,United States,Techstars Portfolio (techstars.com/portfolio),2026-08-05T18:36:58.568130+00:00,True,
4366,Peek,,Mobile,United Kingdom,Techstars Portfolio (techstars.com/portfolio),2026-08-05T18:36:58.568130+00:00,True,
4367,Payvmnt,,"Artificial intelligence and machine learning, Mobility tech, Supply chain technology",United States,Techstars Portfolio (techstars.com/portfolio),2026-08-05T18:36:58.568130+00:00,True,
4368,PayPeanuts,,"Fintech, Gaming, Mobile",Germany,Techstars Portfolio (techstars.com/portfolio),2026-08-05T18:36:58.568130+00:00,True,
4369,Paymins,,"E-commerce, Fintech, Mobile",Ireland,Techstars Portfolio (techstars.com/portfolio),2026-08-05T18:36:58.568130+00:00,True,
4370,Pax Credit,,"Cryptocurrency/Blockchain, Fintech",India,Techstars Portfolio (techstars.com/portfolio),2026-08-05T18:36:58.568130+00:00,True,
4371,Pathspark,,HRtech,United States,Techstars Portfolio (techstars.com/portfolio),2026-08-05T18:36:58.568130+00:00,True,
4372,PartyWith,,Mobile,Netherlands,Techstars Portfolio (techstars.com/portfolio),2026-08-05T18:36:58.568130+00:00,True,
4373,Parsed,,"Artificial intelligence and machine learning, Infrastructure, Technology, media and telecommunications",United States,Techstars Portfolio (techstars.com/portfolio),2026-08-05T18:36:58.568130+00:00,True,
4374,Parcel AI,,Real estate tech,Poland,Techstars Portfolio (techstars.com/portfolio),2026-08-05T18:36:58.568130+00:00,True,
4375,ParaSpace,,"Internet of Things, Virtual reality",Australia,Techstars Portfolio (techstars.com/portfolio),2026-08-05T18:36:58.568130+00:00,True,
4376,Parakeet,,Mobile,United States,Techstars Portfolio (techstars.com/portfolio),2026-08-05T18:36:58.568130+00:00,True,
4377,Paperade AI,,"Artificial intelligence and machine learning, Big Data",United States,Techstars Portfolio (techstars.com/portfolio),2026-08-05T18:36:58.568130+00:00,True,
4378,pantreeco,,Mobile,Australia,Techstars Portfolio (techstars.com/portfolio),2026-08-05T18:36:58.568130+00:00,True,
4379,Pansieve,,"Big Data, Fintech, Mobile",United States,Techstars Portfolio (techstars.com/portfolio),2026-08-05T18:36:58.568130+00:00,True,
4380,PanOpen,,Edtech,United States,Techstars Portfolio (techstars.com/portfolio),2026-08-05T18:36:58.568130+00:00,True,
4381,PairTree,,Femtech,United States,Techstars Portfolio (techstars.com/portfolio),2026-08-05T18:36:58.568130+00:00,True,
4382,PainNavigator,,Digital health,United States,Techstars Portfolio (techstars.com/portfolio),2026-08-05T18:36:58.568130+00:00,True,
4383,Painless1099,,"Fintech, Insurtech",United States,Techstars Portfolio (techstars.com/portfolio),2026-08-05T18:36:58.568130+00:00,True,
4384,Paerpay,,Fintech,United States,Techstars Portfolio (techstars.com/portfolio),2026-08-05T18:36:58.568130+00:00,True,
4385,Pactta,,"Cryptocurrency/Blockchain, Fintech, Infrastructure",Argentina,Techstars Portfolio (techstars.com/portfolio),2026-08-05T18:36:58.568130+00:00,True,
4386,Pact,,Mobile,United States,Techstars Portfolio (techstars.com/portfolio),2026-08-05T18:36:58.568130+00:00,True,
4387,Pacemaker,,"Artificial intelligence and machine learning, Mobile",Sweden,Techstars Portfolio (techstars.com/portfolio),2026-08-05T18:36:58.568130+00:00,True,
4388,Oystr Finance,,"Artificial intelligence and machine learning, Big Data, Fintech, Impact investing, Infrastructure",Nigeria,Techstars Portfolio (techstars.com/portfolio),2026-08-05T18:36:58.568130+00:00,True,
4389,Oxie,,Internet of Things,Israel,Techstars Portfolio (techstars.com/portfolio),2026-08-05T18:36:58.568130+00:00,True,
4390,OwnTrail,,Mobile,United States,Techstars Portfolio (techstars.com/portfolio),2026-08-05T18:36:58.568130+00:00,True,
4391,Ownerhood,,"Fintech, Real estate tech",Israel,Techstars Portfolio (techstars.com/portfolio),2026-08-05T18:36:58.568130+00:00,True,
4392,OVATEMP,,"Femtech, Mobile",United States,Techstars Portfolio (techstars.com/portfolio),2026-08-05T18:36:58.568130+00:00,True,
4393,OUTRO,,Mobile,United States,Techstars Portfolio (techstars.com/portfolio),2026-08-05T18:36:58.568130+00:00,True,
4394,OurPass,,"E-commerce, Fintech",United States,Techstars Portfolio (techstars.com/portfolio),2026-08-05T18:36:58.568130+00:00,True,
4395,Ottogee,,Internet of Things,United States,Techstars Portfolio (techstars.com/portfolio),2026-08-05T18:36:58.568130+00:00,True,
4396,Osu,,"Big Data, Fintech, Mobile",United Kingdom,Techstars Portfolio (techstars.com/portfolio),2026-08-05T18:36:58.568130+00:00,True,
4397,Osper,,"Edtech, Fintech",United Kingdom,Techstars Portfolio (techstars.com/portfolio),2026-08-05T18:36:58.568130+00:00,True,
4398,Ordrx,,Fintech,United States,Techstars Portfolio (techstars.com/portfolio),2026-08-05T18:36:58.568130+00:00,True,
4399,OrdrSmart,,Supply chain technology,United States,Techstars Portfolio (techstars.com/portfolio),2026-08-05T18:36:58.568130+00:00,True,
4400,Open Labs,,"Technology, media and telecommunications",United States,Techstars Portfolio (techstars.com/portfolio),2026-08-05T18:36:58.568130+00:00,True,
4401,OpenAxis,,"Technology, media and telecommunications",United States,Techstars Portfolio (techstars.com/portfolio),2026-08-05T18:36:58.568130+00:00,True,
4402,OP3Nvoice,,,United Kingdom,Techstars Portfolio (techstars.com/portfolio),2026-08-05T18:36:58.568130+00:00,True,
4403,OndeCare,,"Healthtech, HRtech, Mobile",United States,Techstars Portfolio (techstars.com/portfolio),2026-08-05T18:36:58.568130+00:00,True,
4404,Omaiven Health,,"Artificial intelligence and machine learning, Healthtech, SaaS",United States,Techstars Portfolio (techstars.com/portfolio),2026-08-05T18:36:58.568130+00:00,True,
4405,ollo wearables,,"Mobile, Technology, media and telecommunications",United States,Techstars Portfolio (techstars.com/portfolio),2026-08-05T18:36:58.568130+00:00,True,
4406,OjaExpress,,Foodtech,United States,Techstars Portfolio (techstars.com/portfolio),2026-08-05T18:36:58.568130+00:00,True,
4407,Ohwow!,,Mobile,United States,Techstars Portfolio (techstars.com/portfolio),2026-08-05T18:36:58.568130+00:00,True,
4408,OHNE,,Lifestyles of Health and Sustainability and wellness,United Kingdom,Techstars Portfolio (techstars.com/portfolio),2026-08-05T18:36:58.568130+00:00,True,
4409,OFunnel,,HRtech,United States,Techstars Portfolio (techstars.com/portfolio),2026-08-05T18:36:58.568130+00:00,True,
4410,Official,,Marketing tech,United States,Techstars Portfolio (techstars.com/portfolio),2026-08-05T18:36:58.568130+00:00,True,
4411,Odaptos,,"Artificial intelligence and machine learning, Insurtech, Marketing tech, Mobile commerce, Technology, media and telecommunications",France,Techstars Portfolio (techstars.com/portfolio),2026-08-05T18:36:58.568130+00:00,True,
4412,Octane Technologies,,"Gaming, Mobile",United States,Techstars Portfolio (techstars.com/portfolio),2026-08-05T18:36:58.568130+00:00,True,
4413,Occo,,,United States,Techstars Portfolio (techstars.com/portfolio),2026-08-05T18:36:58.568130+00:00,True,
4414,Obsess,,Virtual reality,United States,Techstars Portfolio (techstars.com/portfolio),2026-08-05T18:36:58.568130+00:00,True,
4415,Oblio,,"Artificial intelligence and machine learning, Edtech, Future of work",United States,Techstars Portfolio (techstars.com/portfolio),2026-08-05T18:36:58.568130+00:00,True,
4416,Oathello,,Fintech,Ireland,Techstars Portfolio (techstars.com/portfolio),2026-08-05T18:36:58.568130+00:00,True,
4417,Nytilus,,Robotics and Drones,Canada,Techstars Portfolio (techstars.com/portfolio),2026-08-05T18:36:58.568130+00:00,True,
4418,Nveloped,,Fintech,United States,Techstars Portfolio (techstars.com/portfolio),2026-08-05T18:36:58.568130+00:00,True,
4419,NUKERN,,Fintech,Canada,Techstars Portfolio (techstars.com/portfolio),2026-08-05T18:36:58.568130+00:00,True,
4420,Nudge Health,,"Artificial intelligence and machine learning, Mobile",Germany,Techstars Portfolio (techstars.com/portfolio),2026-08-05T18:36:58.568130+00:00,True,
4421,NUBO,,Real estate tech,Italy,Techstars Portfolio (techstars.com/portfolio),2026-08-05T18:36:58.568130+00:00,True,
4422,NRGI.ai,,SaaS,Ireland,Techstars Portfolio (techstars.com/portfolio),2026-08-05T18:36:58.568130+00:00,True,
4423,NovaXS Biotech,,"Healthtech, Internet of Things, Mobile",United States,Techstars Portfolio (techstars.com/portfolio),2026-08-05T18:36:58.568130+00:00,True,
4424,Nourisher,,Lifestyles of Health and Sustainability and wellness,United States,Techstars Portfolio (techstars.com/portfolio),2026-08-05T18:36:58.568130+00:00,True,
4425,Noteworth,,Healthtech,United States,Techstars Portfolio (techstars.com/portfolio),2026-08-05T18:36:58.568130+00:00,True,
4426,Norsjór AS,,"Artificial intelligence and machine learning, Cleantech, Climate tech, Oil and gas, Robotics and Drones",Norway,Techstars Portfolio (techstars.com/portfolio),2026-08-05T18:36:58.568130+00:00,True,
4427,Nori,,"Cleantech, Climate tech, Cryptocurrency/Blockchain",United States,Techstars Portfolio (techstars.com/portfolio),2026-08-05T18:36:58.568130+00:00,True,
4428,nopilot.ai,,Artificial intelligence and machine learning,Singapore,Techstars Portfolio (techstars.com/portfolio),2026-08-05T18:36:58.568130+00:00,True,
4429,NoledgeLoss,,"Artificial intelligence and machine learning, Cloudtech and DevOps, Technology, media and telecommunications",Israel,Techstars Portfolio (techstars.com/portfolio),2026-08-05T18:36:58.568130+00:00,True,
4430,Noah,,Fintech,United States,Techstars Portfolio (techstars.com/portfolio),2026-08-05T18:36:58.568130+00:00,True,
4431,NNext Co.,,Artificial intelligence and machine learning,United States,Techstars Portfolio (techstars.com/portfolio),2026-08-05T18:36:58.568130+00:00,True,
4432,Nise,,Internet of Things,Canada,Techstars Portfolio (techstars.com/portfolio),2026-08-05T18:36:58.568130+00:00,True,
4433,NimbleBox.ai,,Artificial intelligence and machine learning,India,Techstars Portfolio (techstars.com/portfolio),2026-08-05T18:36:58.568130+00:00,True,
4434,Nimbla,,"Fintech, Insurtech",United Kingdom,Techstars Portfolio (techstars.com/portfolio),2026-08-05T18:36:58.568130+00:00,True,
4435,Nido Robotics,,"Industrials, Infrastructure, Oil and gas, Robotics and Drones",Spain,Techstars Portfolio (techstars.com/portfolio),2026-08-05T18:36:58.568130+00:00,True,
4436,nFlux,,"Artificial intelligence and machine learning, Cloudtech and DevOps, Manufacturing, Technology, media and telecommunications",United States,Techstars Portfolio (techstars.com/portfolio),2026-08-05T18:36:58.568130+00:00,True,
4437,NextStep.io,,"Lifestyles of Health and Sustainability and wellness, Mobile",United States,Techstars Portfolio (techstars.com/portfolio),2026-08-05T18:36:58.568130+00:00,True,
4438,Nextly,,"Technology, media and telecommunications",United States,Techstars Portfolio (techstars.com/portfolio),2026-08-05T18:36:58.568130+00:00,True,
4439,Newt,,Lifestyles of Health and Sustainability and wellness,Israel,Techstars Portfolio (techstars.com/portfolio),2026-08-05T18:36:58.568130+00:00,True,
4440,NeveMind,,"Artificial intelligence and machine learning, Big Data, Cloudtech and DevOps, Mobile",Norway,Techstars Portfolio (techstars.com/portfolio),2026-08-05T18:36:58.568130+00:00,True,
4441,NeuroApplied,,Infrastructure,Israel,Techstars Portfolio (techstars.com/portfolio),2026-08-05T18:36:58.568130+00:00,True,
4442,NeuralSpace,,"Artificial intelligence and machine learning, Mobile",United Kingdom,Techstars Portfolio (techstars.com/portfolio),2026-08-05T18:36:58.568130+00:00,True,
4443,NetCloak,,"Cybersecurity, Infrastructure",United States,Techstars Portfolio (techstars.com/portfolio),2026-08-05T18:36:58.568130+00:00,True,
4444,Nestedfunds,,Fintech,United States,Techstars Portfolio (techstars.com/portfolio),2026-08-05T18:36:58.568130+00:00,True,
4445,Nestar Energy,,"Cleantech, Climate tech, Infrastructure",United States,Techstars Portfolio (techstars.com/portfolio),2026-08-05T18:36:58.568130+00:00,True,
4446,Neon Wild,,"Gaming, Virtual reality",United States,Techstars Portfolio (techstars.com/portfolio),2026-08-05T18:36:58.568130+00:00,True,
4447,Nebulab,,"Infrastructure, SaaS",United States,Techstars Portfolio (techstars.com/portfolio),2026-08-05T18:36:58.568130+00:00,True,
4448,Near,,Edtech,United States,Techstars Portfolio (techstars.com/portfolio),2026-08-05T18:36:58.568130+00:00,True,
4449,NConnex,,"Robotics and Drones, Virtual reality",United States,Techstars Portfolio (techstars.com/portfolio),2026-08-05T18:36:58.568130+00:00,True,
4450,Nautilus Labs,,Artificial intelligence and machine learning,United States,Techstars Portfolio (techstars.com/portfolio),2026-08-05T18:36:58.568130+00:00,True,
4451,Natufia Labs,,Climate tech,Estonia,Techstars Portfolio (techstars.com/portfolio),2026-08-05T18:36:58.568130+00:00,True,
4452,Native,,"Edtech, HRtech",United States,Techstars Portfolio (techstars.com/portfolio),2026-08-05T18:36:58.568130+00:00,True,
4453,Naria AI,,"Artificial intelligence and machine learning, Edtech, Mobile",United States,Techstars Portfolio (techstars.com/portfolio),2026-08-05T18:36:58.568130+00:00,True,
4454,NAL Media,,Mobile,United States,Techstars Portfolio (techstars.com/portfolio),2026-08-05T18:36:58.568130+00:00,True,
4455,NaCa Fermentation,,,United States,Techstars Portfolio (techstars.com/portfolio),2026-08-05T18:36:58.568130+00:00,True,
4456,NABL,,Fintech,India,Techstars Portfolio (techstars.com/portfolio),2026-08-05T18:36:58.568130+00:00,True,
4457,MySky Technologies,,Robotics and Drones,Australia,Techstars Portfolio (techstars.com/portfolio),2026-08-05T18:36:58.568130+00:00,True,
4458,MYMA.io,,"Internet of Things, Lifestyles of Health and Sustainability and wellness",United Kingdom,Techstars Portfolio (techstars.com/portfolio),2026-08-05T18:36:58.568130+00:00,True,
4459,Mycroft,,"Artificial intelligence and machine learning, Internet of Things, Mobile",United States,Techstars Portfolio (techstars.com/portfolio),2026-08-05T18:36:58.568130+00:00,True,
4460,MyBetterFit,,Artificial intelligence and machine learning,United States,Techstars Portfolio (techstars.com/portfolio),2026-08-05T18:36:58.568130+00:00,True,
4461,Music Mania Games,,"Gaming, Mobile",United States,Techstars Portfolio (techstars.com/portfolio),2026-08-05T18:36:58.568130+00:00,True,
4462,Musicasa,,"Technology, media and telecommunications",United States,Techstars Portfolio (techstars.com/portfolio),2026-08-05T18:36:58.568130+00:00,True,
4463,MUSE Robotics,,Robotics and Drones,Greece,Techstars Portfolio (techstars.com/portfolio),2026-08-05T18:36:58.568130+00:00,True,
4464,Murfie,,"E-commerce, Fintech",United States,Techstars Portfolio (techstars.com/portfolio),2026-08-05T18:36:58.568130+00:00,True,
4465,Much,,Fintech,United States,Techstars Portfolio (techstars.com/portfolio),2026-08-05T18:36:58.568130+00:00,True,
4466,Moveline,,"E-commerce, Fintech",United States,Techstars Portfolio (techstars.com/portfolio),2026-08-05T18:36:58.568130+00:00,True,
4467,Moss,,"Cryptocurrency/Blockchain, Marketing tech",United States,Techstars Portfolio (techstars.com/portfolio),2026-08-05T18:36:58.568130+00:00,True,
4468,Monkey Analytics,,Fintech,United States,Techstars Portfolio (techstars.com/portfolio),2026-08-05T18:36:58.568130+00:00,True,
4469,Moni,,"Fintech, Mobile",Canada,Techstars Portfolio (techstars.com/portfolio),2026-08-05T18:36:58.568130+00:00,True,
4470,MoneyVerbs,,Fintech,United States,Techstars Portfolio (techstars.com/portfolio),2026-08-05T18:36:58.568130+00:00,True,
4471,Mona Labs,,"Artificial intelligence and machine learning, Mobile",United States,Techstars Portfolio (techstars.com/portfolio),2026-08-05T18:36:58.568130+00:00,True,
4472,Mogotest,,Fintech,United States,Techstars Portfolio (techstars.com/portfolio),2026-08-05T18:36:58.568130+00:00,True,
4473,MODICA,,"3D printing, Artificial intelligence and machine learning, Industrials, Manufacturing, Robotics and Drones, Space tech",United States,Techstars Portfolio (techstars.com/portfolio),2026-08-05T18:36:58.568130+00:00,True,
4474,ModelMe3D,,Real estate tech,Netherlands,Techstars Portfolio (techstars.com/portfolio),2026-08-05T18:36:58.568130+00:00,True,
4475,Modal Living,,"Manufacturing, Real estate tech",United States,Techstars Portfolio (techstars.com/portfolio),2026-08-05T18:36:58.568130+00:00,True,
4476,Modabound,,"E-commerce, Fintech",United States,Techstars Portfolio (techstars.com/portfolio),2026-08-05T18:36:58.568130+00:00,True,
4477,Mockmate,,"Artificial intelligence and machine learning, HRtech",Spain,Techstars Portfolio (techstars.com/portfolio),2026-08-05T18:36:58.568130+00:00,True,
4478,Mobius,,"Climate tech, Industrials",United States,Techstars Portfolio (techstars.com/portfolio),2026-08-05T18:36:58.568130+00:00,True,
4479,MobIntent,,Fintech,United States,Techstars Portfolio (techstars.com/portfolio),2026-08-05T18:36:58.568130+00:00,True,
4480,MixPose,,"Artificial intelligence and machine learning, Lifestyles of Health and Sustainability and wellness, Mobile",United States,Techstars Portfolio (techstars.com/portfolio),2026-08-05T18:36:58.568130+00:00,True,
4481,Missfits,,,Italy,Techstars Portfolio (techstars.com/portfolio),2026-08-05T18:36:58.568130+00:00,True,
4482,MIO ROBOT KIOSKs,,"Artificial intelligence and machine learning, Mobile, Robotics and Drones, Technology, media and telecommunications",United Kingdom,Techstars Portfolio (techstars.com/portfolio),2026-08-05T18:36:58.568130+00:00,True,
4483,MindStand Technologies,,"Artificial intelligence and machine learning, HRtech",United States,Techstars Portfolio (techstars.com/portfolio),2026-08-05T18:36:58.568130+00:00,True,
4484,Mindi,,"Artificial intelligence and machine learning, Virtual reality",United Kingdom,Techstars Portfolio (techstars.com/portfolio),2026-08-05T18:36:58.568130+00:00,True,
4485,Mindflow Health,,"Healthtech, Mobile",United Kingdom,Techstars Portfolio (techstars.com/portfolio),2026-08-05T18:36:58.568130+00:00,True,
4486,Mindfire Technology,,"Big Data, Cloudtech and DevOps, Mobile",United States,Techstars Portfolio (techstars.com/portfolio),2026-08-05T18:36:58.568130+00:00,True,
4487,Mind-Easy,,"HRtech, Lifestyles of Health and Sustainability and wellness",Canada,Techstars Portfolio (techstars.com/portfolio),2026-08-05T18:36:58.568130+00:00,True,
4488,Mimrr,,Artificial intelligence and machine learning,United States,Techstars Portfolio (techstars.com/portfolio),2026-08-05T18:36:58.568130+00:00,True,
4489,MilkRun,,Climate tech,United States,Techstars Portfolio (techstars.com/portfolio),2026-08-05T18:36:58.568130+00:00,True,
4490,Migrations.ml,,"Artificial intelligence and machine learning, Fintech",Canada,Techstars Portfolio (techstars.com/portfolio),2026-08-05T18:36:58.568130+00:00,True,
4491,Midgame.gg,,Gaming,United States,Techstars Portfolio (techstars.com/portfolio),2026-08-05T18:36:58.568130+00:00,True,
4492,MICRON3DP,,"Industrials, Manufacturing",Israel,Techstars Portfolio (techstars.com/portfolio),2026-08-05T18:36:58.568130+00:00,True,
4493,MiBolsillo,,"Fintech, Mobile",Peru,Techstars Portfolio (techstars.com/portfolio),2026-08-05T18:36:58.568130+00:00,True,
4494,MFGWorx,,"HRtech, Manufacturing",United States,Techstars Portfolio (techstars.com/portfolio),2026-08-05T18:36:58.568130+00:00,True,
4495,Metta Space,,"Artificial intelligence and machine learning, HRtech, Legal tech, Lifestyles of Health and Sustainability and wellness, Mobile",Spain,Techstars Portfolio (techstars.com/portfolio),2026-08-05T18:36:58.568130+00:00,True,
4496,MetalMaker 3D,,"3D printing, Manufacturing",United States,Techstars Portfolio (techstars.com/portfolio),2026-08-05T18:36:58.568130+00:00,True,
4497,Meta Construction Technologies,,"Artificial intelligence and machine learning, Infrastructure, Internet of Things, Mobile",United States,Techstars Portfolio (techstars.com/portfolio),2026-08-05T18:36:58.568130+00:00,True,
4498,Merklebot,,"Artificial intelligence and machine learning, Cryptocurrency/Blockchain, Cybersecurity, Fintech, Industrials, Infrastructure, Internet of Things, Manufacturing, Oil and gas, Real estate tech, Robotics and Drones, Supply chain technology",United States,Techstars Portfolio (techstars.com/portfolio),2026-08-05T18:36:58.568130+00:00,True,
4499,MentorMob,,Mobile,United States,Techstars Portfolio (techstars.com/portfolio),2026-08-05T18:36:58.568130+00:00,True,
4500,MemoryWell,,"Healthtech, Infrastructure, Lifestyles of Health and Sustainability and wellness",United States,Techstars Portfolio (techstars.com/portfolio),2026-08-05T18:36:58.568130+00:00,True,
4501,Mellow,,"Edtech, Fintech, Mobile",Hong Kong,Techstars Portfolio (techstars.com/portfolio),2026-08-05T18:36:58.568130+00:00,True,
4502,Mello,,"HRtech, Lifestyles of Health and Sustainability and wellness, Mobile",Germany,Techstars Portfolio (techstars.com/portfolio),2026-08-05T18:36:58.568130+00:00,True,
4503,MeetMindful,,"Lifestyles of Health and Sustainability and wellness, Technology, media and telecommunications",United States,Techstars Portfolio (techstars.com/portfolio),2026-08-05T18:36:58.568130+00:00,True,
4504,MeeteR,,"Artificial intelligence and machine learning, Big Data, Fintech, Infrastructure",United States,Techstars Portfolio (techstars.com/portfolio),2026-08-05T18:36:58.568130+00:00,True,
4505,Meenta,,"Digital health, Healthtech",United States,Techstars Portfolio (techstars.com/portfolio),2026-08-05T18:36:58.568130+00:00,True,
4506,Medsembly,,"Edtech, Healthtech",United States,Techstars Portfolio (techstars.com/portfolio),2026-08-05T18:36:58.568130+00:00,True,
4507,Media Disco,,Adtech,United States,Techstars Portfolio (techstars.com/portfolio),2026-08-05T18:36:58.568130+00:00,True,
4508,MCSquared Health,,Fintech,United States,Techstars Portfolio (techstars.com/portfolio),2026-08-05T18:36:58.568130+00:00,True,
4509,MCLedger,,"Artificial intelligence and machine learning, Cryptocurrency/Blockchain, Internet of Things, Mobility tech, Supply chain technology",France,Techstars Portfolio (techstars.com/portfolio),2026-08-05T18:36:58.568130+00:00,True,
4510,Mavuno Technologies,,"Agtech, Artificial intelligence and machine learning, Fintech, Mobile",Germany,Techstars Portfolio (techstars.com/portfolio),2026-08-05T18:36:58.568130+00:00,True,
4511,Matutto,,Edtech,United Kingdom,Techstars Portfolio (techstars.com/portfolio),2026-08-05T18:36:58.568130+00:00,True,
4512,Matter.io,,,United States,Techstars Portfolio (techstars.com/portfolio),2026-08-05T18:36:58.568130+00:00,True,
4513,Materian.ai,,"Artificial intelligence and machine learning, Supply chain technology",United States,Techstars Portfolio (techstars.com/portfolio),2026-08-05T18:36:58.568130+00:00,True,
4514,Maslo,,"Artificial intelligence and machine learning, Lifestyles of Health and Sustainability and wellness, Mobile",United States,Techstars Portfolio (techstars.com/portfolio),2026-08-05T18:36:58.568130+00:00,True,
4515,Masa,,"Agtech, Foodtech",United States,Techstars Portfolio (techstars.com/portfolio),2026-08-05T18:36:58.568130+00:00,True,
4516,Marli Technology Solutions,,"Artificial intelligence and machine learning, Cleantech, Climate tech, Cryptocurrency/Blockchain, Fintech, Impact investing, Internet of Things",Australia,Techstars Portfolio (techstars.com/portfolio),2026-08-05T18:36:58.568130+00:00,True,
4517,Maptia,,Fintech,United States,Techstars Portfolio (techstars.com/portfolio),2026-08-05T18:36:58.568130+00:00,True,
4518,Mapt,,"Artificial intelligence and machine learning, Edtech, Impact investing",United States,Techstars Portfolio (techstars.com/portfolio),2026-08-05T18:36:58.568130+00:00,True,
4519,Mantaray Climate,,Climate tech,Australia,Techstars Portfolio (techstars.com/portfolio),2026-08-05T18:36:58.568130+00:00,True,
4520,MamaMend,,"Femtech, Insurtech, Mobile",United States,Techstars Portfolio (techstars.com/portfolio),2026-08-05T18:36:58.568130+00:00,True,
4521,MakersKit,,Lifestyles of Health and Sustainability and wellness,United States,Techstars Portfolio (techstars.com/portfolio),2026-08-05T18:36:58.568130+00:00,True,
4522,Makerbloks,,Internet of Things,Canada,Techstars Portfolio (techstars.com/portfolio),2026-08-05T18:36:58.568130+00:00,True,
4523,Mailana,,Fintech,United States,Techstars Portfolio (techstars.com/portfolio),2026-08-05T18:36:58.568130+00:00,True,
4524,Magnific,,Infrastructure,United Kingdom,Techstars Portfolio (techstars.com/portfolio),2026-08-05T18:36:58.568130+00:00,True,
4525,Magico,,"Internet of Things, Mobile",Israel,Techstars Portfolio (techstars.com/portfolio),2026-08-05T18:36:58.568130+00:00,True,
4526,Magicflix,,Mobile,United States,Techstars Portfolio (techstars.com/portfolio),2026-08-05T18:36:58.568130+00:00,True,
4527,Lupa,,"Lifestyles of Health and Sustainability and wellness, Mobile",United Kingdom,Techstars Portfolio (techstars.com/portfolio),2026-08-05T18:36:58.568130+00:00,True,
4528,Lunar Labs,,"Fintech, Mobile",United States,Techstars Portfolio (techstars.com/portfolio),2026-08-05T18:36:58.568130+00:00,True,
4529,LuggAgent,,Mobile commerce,Hong Kong,Techstars Portfolio (techstars.com/portfolio),2026-08-05T18:36:58.568130+00:00,True,
4530,LSVR,,"Artificial intelligence and machine learning, Mobile, Virtual reality",United States,Techstars Portfolio (techstars.com/portfolio),2026-08-05T18:36:58.568130+00:00,True,
4531,Loyalti,,"Gaming, Mobile",United States,Techstars Portfolio (techstars.com/portfolio),2026-08-05T18:36:58.568130+00:00,True,
4532,LOWR,,Artificial intelligence and machine learning,United Kingdom,Techstars Portfolio (techstars.com/portfolio),2026-08-05T18:36:58.568130+00:00,True,
4533,Louis,,Manufacturing,France,Techstars Portfolio (techstars.com/portfolio),2026-08-05T18:36:58.568130+00:00,True,
4534,Loudcaster,,"Adtech, Technology, media and telecommunications",United States,Techstars Portfolio (techstars.com/portfolio),2026-08-05T18:36:58.568130+00:00,True,
4535,LotStocks,,Fintech,United States,Techstars Portfolio (techstars.com/portfolio),2026-08-05T18:36:58.568130+00:00,True,
4536,Loom Network,,"Cloudtech and DevOps, Technology, media and telecommunications",Thailand,Techstars Portfolio (techstars.com/portfolio),2026-08-05T18:36:58.568130+00:00,True,
4537,Loki.code,,"Cryptocurrency/Blockchain, Infrastructure",United States,Techstars Portfolio (techstars.com/portfolio),2026-08-05T18:36:58.568130+00:00,True,
4538,Locus,,"Artificial intelligence and machine learning, Mobile",United States,Techstars Portfolio (techstars.com/portfolio),2026-08-05T18:36:58.568130+00:00,True,
4539,Locumunity,,HRtech,Canada,Techstars Portfolio (techstars.com/portfolio),2026-08-05T18:36:58.568130+00:00,True,
4540,LOCCO,,"Audiotech, Mobility tech, Technology, media and telecommunications",Germany,Techstars Portfolio (techstars.com/portfolio),2026-08-05T18:36:58.568130+00:00,True,
4541,Loadzpro,,"Artificial intelligence and machine learning, Insurtech, Mobile, Mobile commerce, Mobility tech, Supply chain technology",United States,Techstars Portfolio (techstars.com/portfolio),2026-08-05T18:36:58.568130+00:00,True,
4542,Livelii,,"Fintech, Insurtech, Lifestyles of Health and Sustainability and wellness",Canada,Techstars Portfolio (techstars.com/portfolio),2026-08-05T18:36:58.568130+00:00,True,
4543,Live2Leave,,Mobile,United Kingdom,Techstars Portfolio (techstars.com/portfolio),2026-08-05T18:36:58.568130+00:00,True,
4544,LittleNewt,,"Artificial intelligence and machine learning, Fintech",United States,Techstars Portfolio (techstars.com/portfolio),2026-08-05T18:36:58.568130+00:00,True,
4545,Littl,,Lifestyles of Health and Sustainability and wellness,Canada,Techstars Portfolio (techstars.com/portfolio),2026-08-05T18:36:58.568130+00:00,True,
4546,LISUS Technologies,,"Artificial intelligence and machine learning, Cleantech, Lifestyles of Health and Sustainability and wellness",United States,Techstars Portfolio (techstars.com/portfolio),2026-08-05T18:36:58.568130+00:00,True,
4547,LiquidLandscape,,"Big Data, Healthtech",United States,Techstars Portfolio (techstars.com/portfolio),2026-08-05T18:36:58.568130+00:00,True,
4548,Linksy,,"Fintech, Mobile",United States,Techstars Portfolio (techstars.com/portfolio),2026-08-05T18:36:58.568130+00:00,True,
4549,LinkCycle,,Fintech,United States,Techstars Portfolio (techstars.com/portfolio),2026-08-05T18:36:58.568130+00:00,True,
4550,LightmassDynamics,,Big Data,Slovenia,Techstars Portfolio (techstars.com/portfolio),2026-08-05T18:36:58.568130+00:00,True,
4551,LifeTap,,Artificial intelligence and machine learning,Germany,Techstars Portfolio (techstars.com/portfolio),2026-08-05T18:36:58.568130+00:00,True,
4552,Lifesaver,,"Fintech, Impact investing",United States,Techstars Portfolio (techstars.com/portfolio),2026-08-05T18:36:58.568130+00:00,True,
4553,Lifekind,,"Artificial intelligence and machine learning, Gaming, Virtual reality",United States,Techstars Portfolio (techstars.com/portfolio),2026-08-05T18:36:58.568130+00:00,True,
4554,Liberate Studio,,Lifestyles of Health and Sustainability and wellness,United States,Techstars Portfolio (techstars.com/portfolio),2026-08-05T18:36:58.568130+00:00,True,
4555,Level,,Fintech,United States,Techstars Portfolio (techstars.com/portfolio),2026-08-05T18:36:58.568130+00:00,True,
4556,Lerch,,"Big Data, Fintech",United States,Techstars Portfolio (techstars.com/portfolio),2026-08-05T18:36:58.568130+00:00,True,
4557,Leo Aerospace,,Industrials,United States,Techstars Portfolio (techstars.com/portfolio),2026-08-05T18:36:58.568130+00:00,True,
4558,Lengoo,,"Artificial intelligence and machine learning, Industrials",Germany,Techstars Portfolio (techstars.com/portfolio),2026-08-05T18:36:58.568130+00:00,True,
4559,LegalQ,,Legal tech,United States,Techstars Portfolio (techstars.com/portfolio),2026-08-05T18:36:58.568130+00:00,True,
4560,Left,,Mobile,United States,Techstars Portfolio (techstars.com/portfolio),2026-08-05T18:36:58.568130+00:00,True,
4561,Leblum,,"Technology, media and telecommunications",United States,Techstars Portfolio (techstars.com/portfolio),2026-08-05T18:36:58.568130+00:00,True,
4562,Leasy,,Fintech,Italy,Techstars Portfolio (techstars.com/portfolio),2026-08-05T18:36:58.568130+00:00,True,
4563,Lean Systems,,Big Data,United States,Techstars Portfolio (techstars.com/portfolio),2026-08-05T18:36:58.568130+00:00,True,
4564,Lassy Project,,Mobile,United States,Techstars Portfolio (techstars.com/portfolio),2026-08-05T18:36:58.568130+00:00,True,
4565,Lanu,,Mobile,United Kingdom,Techstars Portfolio (techstars.com/portfolio),2026-08-05T18:36:58.568130+00:00,True,
4566,LangoLab,,"Technology, media and telecommunications",United States,Techstars Portfolio (techstars.com/portfolio),2026-08-05T18:36:58.568130+00:00,True,
4567,LaneSpotter Bike,,"Climate tech, Mobile",United States,Techstars Portfolio (techstars.com/portfolio),2026-08-05T18:36:58.568130+00:00,True,
4568,Lancify,,"Edtech, Mobile",India,Techstars Portfolio (techstars.com/portfolio),2026-08-05T18:36:58.568130+00:00,True,
4569,Kytelabs,,Mobile,Puerto Rico,Techstars Portfolio (techstars.com/portfolio),2026-08-05T18:36:58.568130+00:00,True,
4570,Kyso,,Big Data,United States,Techstars Portfolio (techstars.com/portfolio),2026-08-05T18:36:58.568130+00:00,True,
4571,Kutumbita,,"Artificial intelligence and machine learning, HRtech, Mobile",Singapore,Techstars Portfolio (techstars.com/portfolio),2026-08-05T18:36:58.568130+00:00,True,
4572,kpiready.com,,Fintech,United States,Techstars Portfolio (techstars.com/portfolio),2026-08-05T18:36:58.568130+00:00,True,
4573,Kousso,,Real estate tech,United States,Techstars Portfolio (techstars.com/portfolio),2026-08-05T18:36:58.568130+00:00,True,
4574,korzo,,Fintech,United States,Techstars Portfolio (techstars.com/portfolio),2026-08-05T18:36:58.568130+00:00,True,
4575,Kono.ai,,Artificial intelligence and machine learning,United States,Techstars Portfolio (techstars.com/portfolio),2026-08-05T18:36:58.568130+00:00,True,
4576,Komi,,"Foodtech, Lifestyles of Health and Sustainability and wellness",United States,Techstars Portfolio (techstars.com/portfolio),2026-08-05T18:36:58.568130+00:00,True,
4577,Kodo,,HRtech,United States,Techstars Portfolio (techstars.com/portfolio),2026-08-05T18:36:58.568130+00:00,True,
4578,Koala.,,"Artificial intelligence and machine learning, Mobile, Pet tech",Israel,Techstars Portfolio (techstars.com/portfolio),2026-08-05T18:36:58.568130+00:00,True,
4579,Knoq,,Mobile,United States,Techstars Portfolio (techstars.com/portfolio),2026-08-05T18:36:58.568130+00:00,True,
4580,Knoow,,"Adtech, Mobile, Technology, media and telecommunications",United States,Techstars Portfolio (techstars.com/portfolio),2026-08-05T18:36:58.568130+00:00,True,
4581,Knolly,,Artificial intelligence and machine learning,United States,Techstars Portfolio (techstars.com/portfolio),2026-08-05T18:36:58.568130+00:00,True,
4582,Kndrd,,Real estate tech,United States,Techstars Portfolio (techstars.com/portfolio),2026-08-05T18:36:58.568130+00:00,True,
4583,Kitchenswaps,,"Foodtech, Mobile",Denmark,Techstars Portfolio (techstars.com/portfolio),2026-08-05T18:36:58.568130+00:00,True,
4584,Kisura,,"Lifestyles of Health and Sustainability and wellness, Technology, media and telecommunications",Germany,Techstars Portfolio (techstars.com/portfolio),2026-08-05T18:36:58.568130+00:00,True,
4585,Kintsugi,,"Artificial intelligence and machine learning, Infrastructure, Lifestyles of Health and Sustainability and wellness, Mobile",United States,Techstars Portfolio (techstars.com/portfolio),2026-08-05T18:36:58.568130+00:00,True,
4586,Kintail,,"Artificial intelligence and machine learning, Infrastructure",United States,Techstars Portfolio (techstars.com/portfolio),2026-08-05T18:36:58.568130+00:00,True,
4587,Kindora,,"Fintech, Mobile",Ireland,Techstars Portfolio (techstars.com/portfolio),2026-08-05T18:36:58.568130+00:00,True,
4588,Keybot,,"Internet of Things, Mobile",United States,Techstars Portfolio (techstars.com/portfolio),2026-08-05T18:36:58.568130+00:00,True,
4589,Keese,,"Fintech, Mobile",Israel,Techstars Portfolio (techstars.com/portfolio),2026-08-05T18:36:58.568130+00:00,True,
4590,Kea Medicals,,Healthtech,Benin,Techstars Portfolio (techstars.com/portfolio),2026-08-05T18:36:58.568130+00:00,True,
4591,KB Labs,,Mobile,United States,Techstars Portfolio (techstars.com/portfolio),2026-08-05T18:36:58.568130+00:00,True,
4592,Karmies,,"Adtech, Mobile",United States,Techstars Portfolio (techstars.com/portfolio),2026-08-05T18:36:58.568130+00:00,True,
4593,Kapsul,,Internet of Things,United States,Techstars Portfolio (techstars.com/portfolio),2026-08-05T18:36:58.568130+00:00,True,
4594,Kai Coach,,Lifestyles of Health and Sustainability and wellness,Israel,Techstars Portfolio (techstars.com/portfolio),2026-08-05T18:36:58.568130+00:00,True,
4595,Jupiter Card,,Fintech,United States,Techstars Portfolio (techstars.com/portfolio),2026-08-05T18:36:58.568130+00:00,True,
4596,Jumble,,Cybersecurity,Ireland,Techstars Portfolio (techstars.com/portfolio),2026-08-05T18:36:58.568130+00:00,True,
4597,Julius Technologies,,"Artificial intelligence and machine learning, Cloudtech and DevOps, Infrastructure",United States,Techstars Portfolio (techstars.com/portfolio),2026-08-05T18:36:58.568130+00:00,True,
4598,Jukely,,Mobile,United States,Techstars Portfolio (techstars.com/portfolio),2026-08-05T18:36:58.568130+00:00,True,
4599,Joylet,,"Lifestyles of Health and Sustainability and wellness, Mobile commerce, Supply chain technology",United States,Techstars Portfolio (techstars.com/portfolio),2026-08-05T18:36:58.568130+00:00,True,
4600,Journy,,Mobile,United States,Techstars Portfolio (techstars.com/portfolio),2026-08-05T18:36:58.568130+00:00,True,
4601,Joonko,,"Artificial intelligence and machine learning, HRtech",United States,Techstars Portfolio (techstars.com/portfolio),2026-08-05T18:36:58.568130+00:00,True,
4602,Jolt Athletics,,Internet of Things,United States,Techstars Portfolio (techstars.com/portfolio),2026-08-05T18:36:58.568130+00:00,True,
4603,Joint Homes,,"Fintech, Real estate tech",United States,Techstars Portfolio (techstars.com/portfolio),2026-08-05T18:36:58.568130+00:00,True,
4604,Joany,,"Fintech, Insurtech",United States,Techstars Portfolio (techstars.com/portfolio),2026-08-05T18:36:58.568130+00:00,True,
4605,JibJib,,"Fintech, Mobile, Mobile commerce",United Kingdom,Techstars Portfolio (techstars.com/portfolio),2026-08-05T18:36:58.568130+00:00,True,
4606,Jewelbots,,"E-commerce, Edtech",United States,Techstars Portfolio (techstars.com/portfolio),2026-08-05T18:36:58.568130+00:00,True,
4607,Jessie,,Lifestyles of Health and Sustainability and wellness,United States,Techstars Portfolio (techstars.com/portfolio),2026-08-05T18:36:58.568130+00:00,True,
4608,Java EDA,,,United States,Techstars Portfolio (techstars.com/portfolio),2026-08-05T18:36:58.568130+00:00,True,
4609,Jamii,,"Fintech, Insurtech, Mobile",Tanzania,Techstars Portfolio (techstars.com/portfolio),2026-08-05T18:36:58.568130+00:00,True,
4610,Jagger,,"Marketing tech, Technology, media and telecommunications",Israel,Techstars Portfolio (techstars.com/portfolio),2026-08-05T18:36:58.568130+00:00,True,
4611,JAAK,,Cryptocurrency/Blockchain,United Kingdom,Techstars Portfolio (techstars.com/portfolio),2026-08-05T18:36:58.568130+00:00,True,
4612,IR Sensors,,Internet of Things,Australia,Techstars Portfolio (techstars.com/portfolio),2026-08-05T18:36:58.568130+00:00,True,
4613,IrisVR,,Virtual reality,United States,Techstars Portfolio (techstars.com/portfolio),2026-08-05T18:36:58.568130+00:00,True,
4614,Iridium Dynamics,,"Climate tech, Robotics and Drones",Australia,Techstars Portfolio (techstars.com/portfolio),2026-08-05T18:36:58.568130+00:00,True,
4615,IQID Technology,,Edtech,United States,Techstars Portfolio (techstars.com/portfolio),2026-08-05T18:36:58.568130+00:00,True,
4616,Invio,,"Artificial intelligence and machine learning, Healthtech",United States,Techstars Portfolio (techstars.com/portfolio),2026-08-05T18:36:58.568130+00:00,True,
4617,Inuka Pap,,"Fintech, Impact investing",Kenya,Techstars Portfolio (techstars.com/portfolio),2026-08-05T18:36:58.568130+00:00,True,
4618,IntelligentX,,"Artificial intelligence and machine learning, E-commerce",United States,Techstars Portfolio (techstars.com/portfolio),2026-08-05T18:36:58.568130+00:00,True,
4619,InstaCar,,"Mobility tech, Technology, media and telecommunications",India,Techstars Portfolio (techstars.com/portfolio),2026-08-05T18:36:58.568130+00:00,True,
4620,Inspire Me Korea,,,United Kingdom,Techstars Portfolio (techstars.com/portfolio),2026-08-05T18:36:58.568130+00:00,True,
4621,InspectoBot,,Robotics and Drones,United States,Techstars Portfolio (techstars.com/portfolio),2026-08-05T18:36:58.568130+00:00,True,
4622,In-Seam,,"Beauty, Mobile commerce",United States,Techstars Portfolio (techstars.com/portfolio),2026-08-05T18:36:58.568130+00:00,True,
4623,inRentive,,Real estate tech,United States,Techstars Portfolio (techstars.com/portfolio),2026-08-05T18:36:58.568130+00:00,True,
4624,Innvox,,Artificial intelligence and machine learning,United States,Techstars Portfolio (techstars.com/portfolio),2026-08-05T18:36:58.568130+00:00,True,
4625,inlike,,"Agtech, Artificial intelligence and machine learning, Foodtech",United States,Techstars Portfolio (techstars.com/portfolio),2026-08-05T18:36:58.568130+00:00,True,
4626,Inklocker,,3D printing,United States,Techstars Portfolio (techstars.com/portfolio),2026-08-05T18:36:58.568130+00:00,True,
4627,Inkdrop.ai,,Artificial intelligence and machine learning,Switzerland,Techstars Portfolio (techstars.com/portfolio),2026-08-05T18:36:58.568130+00:00,True,
4628,InFront Compliance,,Artificial intelligence and machine learning,United States,Techstars Portfolio (techstars.com/portfolio),2026-08-05T18:36:58.568130+00:00,True,
4629,Influunt Systems,,Cleantech,Spain,Techstars Portfolio (techstars.com/portfolio),2026-08-05T18:36:58.568130+00:00,True,
4630,Indybo,,"Artificial intelligence and machine learning, Robotics and Drones",United Kingdom,Techstars Portfolio (techstars.com/portfolio),2026-08-05T18:36:58.568130+00:00,True,
4631,Indoor Collective,,"eSports, Gaming, Mobile",United States,Techstars Portfolio (techstars.com/portfolio),2026-08-05T18:36:58.568130+00:00,True,
4632,Increment Analytics,,HRtech,United States,Techstars Portfolio (techstars.com/portfolio),2026-08-05T18:36:58.568130+00:00,True,
4633,Incomparable Things,,Lifestyles of Health and Sustainability and wellness,United States,Techstars Portfolio (techstars.com/portfolio),2026-08-05T18:36:58.568130+00:00,True,
4634,Inclusivv,,"HRtech, Lifestyles of Health and Sustainability and wellness, Marketing tech, Technology, media and telecommunications",United States,Techstars Portfolio (techstars.com/portfolio),2026-08-05T18:36:58.568130+00:00,True,
4635,Inclusion Unpacked,,HRtech,United States,Techstars Portfolio (techstars.com/portfolio),2026-08-05T18:36:58.568130+00:00,True,
4636,InboxFever,,"Cloudtech and DevOps, Fintech",United States,Techstars Portfolio (techstars.com/portfolio),2026-08-05T18:36:58.568130+00:00,True,
4637,Impala,,Mobile,United Kingdom,Techstars Portfolio (techstars.com/portfolio),2026-08-05T18:36:58.568130+00:00,True,
4638,Immerce,,"Artificial intelligence and machine learning, Fintech",United States,Techstars Portfolio (techstars.com/portfolio),2026-08-05T18:36:58.568130+00:00,True,
4639,ILUMA,,SaaS,United States,Techstars Portfolio (techstars.com/portfolio),2026-08-05T18:36:58.568130+00:00,True,
4640,Ikkos,,Augmented reality,United States,Techstars Portfolio (techstars.com/portfolio),2026-08-05T18:36:58.568130+00:00,True,
4641,IBrainy,,"Artificial intelligence and machine learning, Gaming, Mobile",Israel,Techstars Portfolio (techstars.com/portfolio),2026-08-05T18:36:58.568130+00:00,True,
4642,Iamus,,"Artificial intelligence and machine learning, Climate tech, Internet of Things, Robotics and Drones",Ireland,Techstars Portfolio (techstars.com/portfolio),2026-08-05T18:36:58.568130+00:00,True,
4643,IamBot,,"Artificial intelligence and machine learning, Mobile",United States,Techstars Portfolio (techstars.com/portfolio),2026-08-05T18:36:58.568130+00:00,True,
4644,hyphen,,"Cryptocurrency/Blockchain, Fintech",United States,Techstars Portfolio (techstars.com/portfolio),2026-08-05T18:36:58.568130+00:00,True,
4645,Hypeal,,Cryptocurrency/Blockchain,Netherlands,Techstars Portfolio (techstars.com/portfolio),2026-08-05T18:36:58.568130+00:00,True,
4646,HYP3R,,Mobile,United States,Techstars Portfolio (techstars.com/portfolio),2026-08-05T18:36:58.568130+00:00,True,
4647,Hya Bioplastics,,Climate tech,Uganda,Techstars Portfolio (techstars.com/portfolio),2026-08-05T18:36:58.568130+00:00,True,
4648,HUSSLUP,,"HRtech, Mobile",United States,Techstars Portfolio (techstars.com/portfolio),2026-08-05T18:36:58.568130+00:00,True,
4649,Hurry Home,,Fintech,United States,Techstars Portfolio (techstars.com/portfolio),2026-08-05T18:36:58.568130+00:00,True,
4650,Hurdl,,"Artificial intelligence and machine learning, Internet of Things, Mobile",United States,Techstars Portfolio (techstars.com/portfolio),2026-08-05T18:36:58.568130+00:00,True,
4651,Humanising Autonomy,,Artificial intelligence and machine learning,United Kingdom,Techstars Portfolio (techstars.com/portfolio),2026-08-05T18:36:58.568130+00:00,True,
4652,Hullabalu,,Mobile,United States,Techstars Portfolio (techstars.com/portfolio),2026-08-05T18:36:58.568130+00:00,True,
4653,HuBoard,,"Technology, media and telecommunications",United States,Techstars Portfolio (techstars.com/portfolio),2026-08-05T18:36:58.568130+00:00,True,
4654,Hot,,Mobile,Spain,Techstars Portfolio (techstars.com/portfolio),2026-08-05T18:36:58.568130+00:00,True,
4655,HOOKS,,"Internet of Things, Mobile",United States,Techstars Portfolio (techstars.com/portfolio),2026-08-05T18:36:58.568130+00:00,True,
4656,HomeRoom,,Big Data,United States,Techstars Portfolio (techstars.com/portfolio),2026-08-05T18:36:58.568130+00:00,True,
4657,Hollerback,,Mobile,United States,Techstars Portfolio (techstars.com/portfolio),2026-08-05T18:36:58.568130+00:00,True,
4658,HipFire Games,,"Gaming, Virtual reality",Finland,Techstars Portfolio (techstars.com/portfolio),2026-08-05T18:36:58.568130+00:00,True,
4659,Highre,,"Edtech, HRtech",United Kingdom,Techstars Portfolio (techstars.com/portfolio),2026-08-05T18:36:58.568130+00:00,True,
4660,HighFive,,Mobile,United States,Techstars Portfolio (techstars.com/portfolio),2026-08-05T18:36:58.568130+00:00,True,
4661,Highbrow,,Edtech,United Kingdom,Techstars Portfolio (techstars.com/portfolio),2026-08-05T18:36:58.568130+00:00,True,
4662,heySimulate,,Supply chain technology,United Kingdom,Techstars Portfolio (techstars.com/portfolio),2026-08-05T18:36:58.568130+00:00,True,
4663,HeyMojo,,SaaS,India,Techstars Portfolio (techstars.com/portfolio),2026-08-05T18:36:58.568130+00:00,True,
4664,Heroic.ly,,Artificial intelligence and machine learning,United States,Techstars Portfolio (techstars.com/portfolio),2026-08-05T18:36:58.568130+00:00,True,
4665,Hero,,"Artificial intelligence and machine learning, Fintech, Gaming, Insurtech, Mobile, Robotics and Drones",United States,Techstars Portfolio (techstars.com/portfolio),2026-08-05T18:36:58.568130+00:00,True,
4666,HermesIQ,,Artificial intelligence and machine learning,United States,Techstars Portfolio (techstars.com/portfolio),2026-08-05T18:36:58.568130+00:00,True,
4667,Herd,,"HRtech, Lifestyles of Health and Sustainability and wellness, Mobile",United States,Techstars Portfolio (techstars.com/portfolio),2026-08-05T18:36:58.568130+00:00,True,
4668,HelpSocial,,"Artificial intelligence and machine learning, Mobile",United States,Techstars Portfolio (techstars.com/portfolio),2026-08-05T18:36:58.568130+00:00,True,
4669,Helm Solutions,,"Cybersecurity, Infrastructure",United States,Techstars Portfolio (techstars.com/portfolio),2026-08-05T18:36:58.568130+00:00,True,
4670,Hello Iris,,"Artificial intelligence and machine learning, Lifestyles of Health and Sustainability and wellness, Mobile",Canada,Techstars Portfolio (techstars.com/portfolio),2026-08-05T18:36:58.568130+00:00,True,
4671,HelloBlock,,Cryptocurrency/Blockchain,United States,Techstars Portfolio (techstars.com/portfolio),2026-08-05T18:36:58.568130+00:00,True,
4672,HelixAI,,Artificial intelligence and machine learning,United States,Techstars Portfolio (techstars.com/portfolio),2026-08-05T18:36:58.568130+00:00,True,
4673,Heddoko,,"Artificial intelligence and machine learning, Internet of Things",Canada,Techstars Portfolio (techstars.com/portfolio),2026-08-05T18:36:58.568130+00:00,True,
4674,Heartbeat,,Gaming,United States,Techstars Portfolio (techstars.com/portfolio),2026-08-05T18:36:58.568130+00:00,True,
4675,HealthID,,Mobile,United States,Techstars Portfolio (techstars.com/portfolio),2026-08-05T18:36:58.568130+00:00,True,
4676,HealthcareTTU,,Fintech,United States,Techstars Portfolio (techstars.com/portfolio),2026-08-05T18:36:58.568130+00:00,True,
4677,Headliner,,"Technology, media and telecommunications",United Kingdom,Techstars Portfolio (techstars.com/portfolio),2026-08-05T18:36:58.568130+00:00,True,
4678,HBCUMADE,,Mobile,United States,Techstars Portfolio (techstars.com/portfolio),2026-08-05T18:36:58.568130+00:00,True,
4679,Havoc Shield,,Cybersecurity,United States,Techstars Portfolio (techstars.com/portfolio),2026-08-05T18:36:58.568130+00:00,True,
4680,HaveMyShift,,"Fintech, Mobile",United States,Techstars Portfolio (techstars.com/portfolio),2026-08-05T18:36:58.568130+00:00,True,
4681,Haste,,"Gaming, Mobile",United States,Techstars Portfolio (techstars.com/portfolio),2026-08-05T18:36:58.568130+00:00,True,
4682,Harvey,,"Artificial intelligence and machine learning, Cryptocurrency/Blockchain, Healthtech, Technology, media and telecommunications",United States,Techstars Portfolio (techstars.com/portfolio),2026-08-05T18:36:58.568130+00:00,True,
4683,Harp Health,,Mobile,United Kingdom,Techstars Portfolio (techstars.com/portfolio),2026-08-05T18:36:58.568130+00:00,True,
4684,Hardbound,,Mobile,United States,Techstars Portfolio (techstars.com/portfolio),2026-08-05T18:36:58.568130+00:00,True,
4685,HappsNow,,Mobile,United States,Techstars Portfolio (techstars.com/portfolio),2026-08-05T18:36:58.568130+00:00,True,
4686,HandsDown,,"Femtech, Mobile",United States,Techstars Portfolio (techstars.com/portfolio),2026-08-05T18:36:58.568130+00:00,True,
4687,Halo Automotive,,"Internet of Things, Mobile",United States,Techstars Portfolio (techstars.com/portfolio),2026-08-05T18:36:58.568130+00:00,True,
4688,Gybe,,Cleantech,United States,Techstars Portfolio (techstars.com/portfolio),2026-08-05T18:36:58.568130+00:00,True,
4689,Gust,,"Fintech, Internet of Things, Mobile",United States,Techstars Portfolio (techstars.com/portfolio),2026-08-05T18:36:58.568130+00:00,True,
4690,Guideli,,"Artificial intelligence and machine learning, Legal tech, Mobile",United States,Techstars Portfolio (techstars.com/portfolio),2026-08-05T18:36:58.568130+00:00,True,
4691,Grove,,"Climate tech, Cybersecurity, HRtech, Mobile",United States,Techstars Portfolio (techstars.com/portfolio),2026-08-05T18:36:58.568130+00:00,True,
4692,Groundhog,,"Cryptocurrency/Blockchain, Fintech",Canada,Techstars Portfolio (techstars.com/portfolio),2026-08-05T18:36:58.568130+00:00,True,
4693,Groovv,,Fintech,United States,Techstars Portfolio (techstars.com/portfolio),2026-08-05T18:36:58.568130+00:00,True,
4694,Gritly,,"Edtech, HRtech, Infrastructure",United States,Techstars Portfolio (techstars.com/portfolio),2026-08-05T18:36:58.568130+00:00,True,
4695,GRIT.,,"Fintech, Mobile",United States,Techstars Portfolio (techstars.com/portfolio),2026-08-05T18:36:58.568130+00:00,True,
4696,Greets,,"Cryptocurrency/Blockchain, Fintech, Mobile, Mobile commerce, Technology, media and telecommunications",United States,Techstars Portfolio (techstars.com/portfolio),2026-08-05T18:36:58.568130+00:00,True,
4697,Green Room App,,"Fintech, HRtech, Technology, media and telecommunications",United States,Techstars Portfolio (techstars.com/portfolio),2026-08-05T18:36:58.568130+00:00,True,
4698,Grandpal,,Lifestyles of Health and Sustainability and wellness,Ireland,Techstars Portfolio (techstars.com/portfolio),2026-08-05T18:36:58.568130+00:00,True,
4699,Grain Fertility,,"Digital health, Femtech",United States,Techstars Portfolio (techstars.com/portfolio),2026-08-05T18:36:58.568130+00:00,True,
4700,Grace,,"Mobile, Technology, media and telecommunications",United States,Techstars Portfolio (techstars.com/portfolio),2026-08-05T18:36:58.568130+00:00,True,
4701,GoTradie,,Mobile,Australia,Techstars Portfolio (techstars.com/portfolio),2026-08-05T18:36:58.568130+00:00,True,
4702,Gone,,"E-commerce, Mobile",United States,Techstars Portfolio (techstars.com/portfolio),2026-08-05T18:36:58.568130+00:00,True,
4703,GoKid,,Mobile,United States,Techstars Portfolio (techstars.com/portfolio),2026-08-05T18:36:58.568130+00:00,True,
4704,Gofer,,"Healthtech, SaaS",France,Techstars Portfolio (techstars.com/portfolio),2026-08-05T18:36:58.568130+00:00,True,
4705,goedle.io,,"Artificial intelligence and machine learning, Mobile",Germany,Techstars Portfolio (techstars.com/portfolio),2026-08-05T18:36:58.568130+00:00,True,
4706,Glade,,Fintech,Nigeria,Techstars Portfolio (techstars.com/portfolio),2026-08-05T18:36:58.568130+00:00,True,
4707,Given Goods,,"Climate tech, E-commerce, Fintech, Mobile",United States,Techstars Portfolio (techstars.com/portfolio),2026-08-05T18:36:58.568130+00:00,True,
4708,Gig Wage,,"Cryptocurrency/Blockchain, Fintech, HRtech",United States,Techstars Portfolio (techstars.com/portfolio),2026-08-05T18:36:58.568130+00:00,True,
4709,Gift Nabü,,"Adtech, Climate tech, Edtech, Fintech, Healthtech, Internet of Things, Marketing tech, Technology, media and telecommunications",United States,Techstars Portfolio (techstars.com/portfolio),2026-08-05T18:36:58.568130+00:00,True,
4710,GET DUCK,,"Fintech, Foodtech, Mobile",Australia,Techstars Portfolio (techstars.com/portfolio),2026-08-05T18:36:58.568130+00:00,True,
4711,GeoSpock,,"Artificial intelligence and machine learning, Big Data, Fintech, Mobile",United Kingdom,Techstars Portfolio (techstars.com/portfolio),2026-08-05T18:36:58.568130+00:00,True,
4712,Geospiza,,Climate tech,United States,Techstars Portfolio (techstars.com/portfolio),2026-08-05T18:36:58.568130+00:00,True,
4713,GeoPalz,,Lifestyles of Health and Sustainability and wellness,United States,Techstars Portfolio (techstars.com/portfolio),2026-08-05T18:36:58.568130+00:00,True,
4714,Gather Data,,"Fintech, HRtech, Infrastructure, Insurtech",United States,Techstars Portfolio (techstars.com/portfolio),2026-08-05T18:36:58.568130+00:00,True,
4715,Gastrozentrale,,"Technology, media and telecommunications",Germany,Techstars Portfolio (techstars.com/portfolio),2026-08-05T18:36:58.568130+00:00,True,
4716,Ganymede Games,,"Gaming, Technology, media and telecommunications",United States,Techstars Portfolio (techstars.com/portfolio),2026-08-05T18:36:58.568130+00:00,True,
4717,GamY,,"Artificial intelligence and machine learning, Big Data",Germany,Techstars Portfolio (techstars.com/portfolio),2026-08-05T18:36:58.568130+00:00,True,
4718,GameWisp,,"Fintech, Gaming",United States,Techstars Portfolio (techstars.com/portfolio),2026-08-05T18:36:58.568130+00:00,True,
4719,Gamefuly,,"Gaming, Mobile",United States,Techstars Portfolio (techstars.com/portfolio),2026-08-05T18:36:58.568130+00:00,True,
4720,Galaxy AI,,"Artificial intelligence and machine learning, Fintech, Insurtech",United States,Techstars Portfolio (techstars.com/portfolio),2026-08-05T18:36:58.568130+00:00,True,
4721,Gaia,,"Cleantech, Fintech, Infrastructure, Lifestyles of Health and Sustainability and wellness",Denmark,Techstars Portfolio (techstars.com/portfolio),2026-08-05T18:36:58.568130+00:00,True,
4722,Gabu,,Edtech,Mexico,Techstars Portfolio (techstars.com/portfolio),2026-08-05T18:36:58.568130+00:00,True,
4723,Gabriel Money,,"Artificial intelligence and machine learning, Fintech",United States,Techstars Portfolio (techstars.com/portfolio),2026-08-05T18:36:58.568130+00:00,True,
4724,Futury,,HRtech,United States,Techstars Portfolio (techstars.com/portfolio),2026-08-05T18:36:58.568130+00:00,True,
4725,Future,,"Cleantech, Fintech, Mobile",United States,Techstars Portfolio (techstars.com/portfolio),2026-08-05T18:36:58.568130+00:00,True,
4726,Fresco,,Foodtech,Italy,Techstars Portfolio (techstars.com/portfolio),2026-08-05T18:36:58.568130+00:00,True,
4727,Frenemies,,Mobile,United States,Techstars Portfolio (techstars.com/portfolio),2026-08-05T18:36:58.568130+00:00,True,
4728,FreeTextbooks,,"E-commerce, Mobile commerce",United States,Techstars Portfolio (techstars.com/portfolio),2026-08-05T18:36:58.568130+00:00,True,
4729,Freeplay App,,"Gaming, Lifestyles of Health and Sustainability and wellness, Mobile",United States,Techstars Portfolio (techstars.com/portfolio),2026-08-05T18:36:58.568130+00:00,True,
4730,Freedom Audio,,Internet of Things,United States,Techstars Portfolio (techstars.com/portfolio),2026-08-05T18:36:58.568130+00:00,True,
4731,Frame Health,,"Artificial intelligence and machine learning, Digital health, Healthtech",United States,Techstars Portfolio (techstars.com/portfolio),2026-08-05T18:36:58.568130+00:00,True,
4732,Foundry Six,,"Gaming, Mobile, Virtual reality",United States,Techstars Portfolio (techstars.com/portfolio),2026-08-05T18:36:58.568130+00:00,True,
4733,Foreverly Co,,"Fintech, HRtech, Lifestyles of Health and Sustainability and wellness, Mobile",United States,Techstars Portfolio (techstars.com/portfolio),2026-08-05T18:36:58.568130+00:00,True,
4734,Forestry.io,,Mobile,Canada,Techstars Portfolio (techstars.com/portfolio),2026-08-05T18:36:58.568130+00:00,True,
4735,Forefront,,"Artificial intelligence and machine learning, HRtech",United States,Techstars Portfolio (techstars.com/portfolio),2026-08-05T18:36:58.568130+00:00,True,
4736,ForceField IO,,"Cybersecurity, Insurtech, Legal tech",United States,Techstars Portfolio (techstars.com/portfolio),2026-08-05T18:36:58.568130+00:00,True,
4737,Food for All,,"Climate tech, Internet of Things",United States,Techstars Portfolio (techstars.com/portfolio),2026-08-05T18:36:58.568130+00:00,True,
4738,FOMO Group Holdings,,Fintech,South Africa,Techstars Portfolio (techstars.com/portfolio),2026-08-05T18:36:58.568130+00:00,True,
4739,Followear,,,Israel,Techstars Portfolio (techstars.com/portfolio),2026-08-05T18:36:58.568130+00:00,True,
4740,FlyThere,,"Mobile, Robotics and Drones, Virtual reality",United States,Techstars Portfolio (techstars.com/portfolio),2026-08-05T18:36:58.568130+00:00,True,
4741,Flux,,"Cryptocurrency/Blockchain, Fintech, Mobile",United Kingdom,Techstars Portfolio (techstars.com/portfolio),2026-08-05T18:36:58.568130+00:00,True,
4742,Fluffy,,"Fintech, Insurtech, Mobile",United Kingdom,Techstars Portfolio (techstars.com/portfolio),2026-08-05T18:36:58.568130+00:00,True,
4743,Flourish,,"Healthtech, Lifestyles of Health and Sustainability and wellness, Mobile",United States,Techstars Portfolio (techstars.com/portfolio),2026-08-05T18:36:58.568130+00:00,True,
4744,Floop,,Edtech,United States,Techstars Portfolio (techstars.com/portfolio),2026-08-05T18:36:58.568130+00:00,True,
4745,Flite Material Sciences,,"Cleantech, Climate tech, Industrials, Manufacturing",Canada,Techstars Portfolio (techstars.com/portfolio),2026-08-05T18:36:58.568130+00:00,True,
4746,Flinja,,"Industrials, Mobile",United States,Techstars Portfolio (techstars.com/portfolio),2026-08-05T18:36:58.568130+00:00,True,
4747,Fleri,,"Fintech, Healthtech, Insurtech",United States,Techstars Portfolio (techstars.com/portfolio),2026-08-05T18:36:58.568130+00:00,True,
4748,Flaist,,Fintech,United States,Techstars Portfolio (techstars.com/portfolio),2026-08-05T18:36:58.568130+00:00,True,
4749,Five Letter Foods,,"Cleantech, Climate tech, Foodtech, Lifestyles of Health and Sustainability and wellness, Pet tech",Finland,Techstars Portfolio (techstars.com/portfolio),2026-08-05T18:36:58.568130+00:00,True,
4750,FitDeck Mobile,,"Mobile, SaaS",United States,Techstars Portfolio (techstars.com/portfolio),2026-08-05T18:36:58.568130+00:00,True,
4751,FitCause,,Fintech,United States,Techstars Portfolio (techstars.com/portfolio),2026-08-05T18:36:58.568130+00:00,True,
4752,FitBliss,,"Artificial intelligence and machine learning, Fintech, Insurtech, Lifestyles of Health and Sustainability and wellness",United States,Techstars Portfolio (techstars.com/portfolio),2026-08-05T18:36:58.568130+00:00,True,
4753,Fish Bowl VR,,Gaming,United States,Techstars Portfolio (techstars.com/portfolio),2026-08-05T18:36:58.568130+00:00,True,
4754,firstAI,,"Artificial intelligence and machine learning, Fintech",United States,Techstars Portfolio (techstars.com/portfolio),2026-08-05T18:36:58.568130+00:00,True,
4755,Fire Memos,,Artificial intelligence and machine learning,United States,Techstars Portfolio (techstars.com/portfolio),2026-08-05T18:36:58.568130+00:00,True,
4756,findSisterhood,,Mobile,United States,Techstars Portfolio (techstars.com/portfolio),2026-08-05T18:36:58.568130+00:00,True,
4757,Findmeashoe,,"Internet of Things, Mobile",India,Techstars Portfolio (techstars.com/portfolio),2026-08-05T18:36:58.568130+00:00,True,
4758,Findit,,Mobile,United States,Techstars Portfolio (techstars.com/portfolio),2026-08-05T18:36:58.568130+00:00,True,
4759,Finch,,Artificial intelligence and machine learning,United States,Techstars Portfolio (techstars.com/portfolio),2026-08-05T18:36:58.568130+00:00,True,
4760,Filament,,"Cryptocurrency/Blockchain, Fintech, Infrastructure, Internet of Things",United States,Techstars Portfolio (techstars.com/portfolio),2026-08-05T18:36:58.568130+00:00,True,
4761,Fiat Labs,,,United States,Techstars Portfolio (techstars.com/portfolio),2026-08-05T18:36:58.568130+00:00,True,
4762,Fernish,,"Lifestyles of Health and Sustainability and wellness, Mobile",United States,Techstars Portfolio (techstars.com/portfolio),2026-08-05T18:36:58.568130+00:00,True,
4763,Felix,,"Artificial intelligence and machine learning, Fintech, Insurtech",United Arab Emirates,Techstars Portfolio (techstars.com/portfolio),2026-08-05T18:36:58.568130+00:00,True,
4764,F-Drones,,Robotics and Drones,Singapore,Techstars Portfolio (techstars.com/portfolio),2026-08-05T18:36:58.568130+00:00,True,
4765,Fazta,,"Adtech, Technology, media and telecommunications",United States,Techstars Portfolio (techstars.com/portfolio),2026-08-05T18:36:58.568130+00:00,True,
4766,Fathom Drone,,"Mobile, Robotics and Drones",United States,Techstars Portfolio (techstars.com/portfolio),2026-08-05T18:36:58.568130+00:00,True,
4767,Faster Than Light,,"Cryptocurrency/Blockchain, Fintech",United States,Techstars Portfolio (techstars.com/portfolio),2026-08-05T18:36:58.568130+00:00,True,
4768,Fashion Project,,Fintech,United States,Techstars Portfolio (techstars.com/portfolio),2026-08-05T18:36:58.568130+00:00,True,
4769,FarmCrowdy,,Mobile,Nigeria,Techstars Portfolio (techstars.com/portfolio),2026-08-05T18:36:58.568130+00:00,True,
4770,Farcast,,"Infrastructure, Robotics and Drones",United States,Techstars Portfolio (techstars.com/portfolio),2026-08-05T18:36:58.568130+00:00,True,
4771,FantasyHub,,Gaming,United States,Techstars Portfolio (techstars.com/portfolio),2026-08-05T18:36:58.568130+00:00,True,
4772,Fan Powered,,"Fintech, Mobile, Technology, media and telecommunications",United States,Techstars Portfolio (techstars.com/portfolio),2026-08-05T18:36:58.568130+00:00,True,
4773,FamilyTech,,Mobile,United States,Techstars Portfolio (techstars.com/portfolio),2026-08-05T18:36:58.568130+00:00,True,
4774,FairFrame,,"Artificial intelligence and machine learning, HRtech, Mobile",United States,Techstars Portfolio (techstars.com/portfolio),2026-08-05T18:36:58.568130+00:00,True,
4775,Factor.io,,"Artificial intelligence and machine learning, Cloudtech and DevOps",United States,Techstars Portfolio (techstars.com/portfolio),2026-08-05T18:36:58.568130+00:00,True,
4776,Facenote,,"Artificial intelligence and machine learning, Fintech, Healthtech, Marketing tech, Real estate tech, Supply chain technology",United States,Techstars Portfolio (techstars.com/portfolio),2026-08-05T18:36:58.568130+00:00,True,
4777,F2K,,"eSports, Gaming, Mobile",Guernsey,Techstars Portfolio (techstars.com/portfolio),2026-08-05T18:36:58.568130+00:00,True,
4778,ezWiFi,,"Adtech, Cryptocurrency/Blockchain",Singapore,Techstars Portfolio (techstars.com/portfolio),2026-08-05T18:36:58.568130+00:00,True,
4779,eyecandylab,,Virtual reality,United States,Techstars Portfolio (techstars.com/portfolio),2026-08-05T18:36:58.568130+00:00,True,
4780,ExpenseBot,,"Artificial intelligence and machine learning, Fintech",United States,Techstars Portfolio (techstars.com/portfolio),2026-08-05T18:36:58.568130+00:00,True,
4781,Everprep,,Edtech,United States,Techstars Portfolio (techstars.com/portfolio),2026-08-05T18:36:58.568130+00:00,True,
4782,Everledger,,"Artificial intelligence and machine learning, Cryptocurrency/Blockchain, Fintech, Gaming, Insurtech",United Kingdom,Techstars Portfolio (techstars.com/portfolio),2026-08-05T18:36:58.568130+00:00,True,
4783,EventVue,,Fintech,United States,Techstars Portfolio (techstars.com/portfolio),2026-08-05T18:36:58.568130+00:00,True,
4784,Eunimart,,"Artificial intelligence and machine learning, Big Data",India,Techstars Portfolio (techstars.com/portfolio),2026-08-05T18:36:58.568130+00:00,True,
4785,ETALYC,,"Artificial intelligence and machine learning, Infrastructure, Internet of Things",United States,Techstars Portfolio (techstars.com/portfolio),2026-08-05T18:36:58.568130+00:00,True,
4786,Esportudo,,"Artificial intelligence and machine learning, Gaming, Mobile",United States,Techstars Portfolio (techstars.com/portfolio),2026-08-05T18:36:58.568130+00:00,True,
4787,Esoteric,,Cryptocurrency/Blockchain,United Kingdom,Techstars Portfolio (techstars.com/portfolio),2026-08-05T18:36:58.568130+00:00,True,
4788,Ernit,,"Fintech, Internet of Things, Mobile",Denmark,Techstars Portfolio (techstars.com/portfolio),2026-08-05T18:36:58.568130+00:00,True,
4789,Equipt,,Edtech,United States,Techstars Portfolio (techstars.com/portfolio),2026-08-05T18:36:58.568130+00:00,True,
4790,EQLAB,,"Artificial intelligence and machine learning, Cryptocurrency/Blockchain, HRtech, Technology, media and telecommunications, Virtual reality",United States,Techstars Portfolio (techstars.com/portfolio),2026-08-05T18:36:58.568130+00:00,True,
4791,Epicurate,,"Foodtech, Mobile",United States,Techstars Portfolio (techstars.com/portfolio),2026-08-05T18:36:58.568130+00:00,True,
4792,Epic Playground,,"Adtech, Marketing tech",United States,Techstars Portfolio (techstars.com/portfolio),2026-08-05T18:36:58.568130+00:00,True,
4793,Ephemeris,,"Artificial intelligence and machine learning, Manufacturing, Mobile commerce",United States,Techstars Portfolio (techstars.com/portfolio),2026-08-05T18:36:58.568130+00:00,True,
4794,E.O.I Technologies,,"Artificial intelligence and machine learning, Internet of Things",Canada,Techstars Portfolio (techstars.com/portfolio),2026-08-05T18:36:58.568130+00:00,True,
4795,Enroll Hero,,"Fintech, Insurtech",United States,Techstars Portfolio (techstars.com/portfolio),2026-08-05T18:36:58.568130+00:00,True,
4796,EnrichHER,,Fintech,United States,Techstars Portfolio (techstars.com/portfolio),2026-08-05T18:36:58.568130+00:00,True,
4797,EnMass Energy,,"Cleantech, Fintech, Mobile",United States,Techstars Portfolio (techstars.com/portfolio),2026-08-05T18:36:58.568130+00:00,True,
4798,Enco,,"Cleantech, Climate tech, Lifestyles of Health and Sustainability and wellness, Mobile",Italy,Techstars Portfolio (techstars.com/portfolio),2026-08-05T18:36:58.568130+00:00,True,
4799,EMPOWRD,,Mobile,United States,Techstars Portfolio (techstars.com/portfolio),2026-08-05T18:36:58.568130+00:00,True,
4800,EmpowerU,,"Edtech, Mobile",United States,Techstars Portfolio (techstars.com/portfolio),2026-08-05T18:36:58.568130+00:00,True,
4801,EmpiricaLab,,"Digital health, Edtech, Healthtech, HRtech",United States,Techstars Portfolio (techstars.com/portfolio),2026-08-05T18:36:58.568130+00:00,True,
4802,Emigreat,,"HRtech, Legal tech, Mobile",Sweden,Techstars Portfolio (techstars.com/portfolio),2026-08-05T18:36:58.568130+00:00,True,
4803,Emergent One,,"Fintech, Mobile, SaaS",United States,Techstars Portfolio (techstars.com/portfolio),2026-08-05T18:36:58.568130+00:00,True,
4804,Embrace,,"Artificial intelligence and machine learning, Fintech, Mobile",United States,Techstars Portfolio (techstars.com/portfolio),2026-08-05T18:36:58.568130+00:00,True,
4805,Embark.live,,Edtech,United States,Techstars Portfolio (techstars.com/portfolio),2026-08-05T18:36:58.568130+00:00,True,
4806,Elumium,,Mobile,United Kingdom,Techstars Portfolio (techstars.com/portfolio),2026-08-05T18:36:58.568130+00:00,True,
4807,elo audio,,Mobile,United States,Techstars Portfolio (techstars.com/portfolio),2026-08-05T18:36:58.568130+00:00,True,
4808,Elmy,,Mobile,Canada,Techstars Portfolio (techstars.com/portfolio),2026-08-05T18:36:58.568130+00:00,True,
4809,Ella,,Mobile,United States,Techstars Portfolio (techstars.com/portfolio),2026-08-05T18:36:58.568130+00:00,True,
4810,Elemetric,,Cryptocurrency/Blockchain,United States,Techstars Portfolio (techstars.com/portfolio),2026-08-05T18:36:58.568130+00:00,True,
4811,Elasticode,,Mobile,Israel,Techstars Portfolio (techstars.com/portfolio),2026-08-05T18:36:58.568130+00:00,True,
4812,Elastic Audio,,Gaming,United States,Techstars Portfolio (techstars.com/portfolio),2026-08-05T18:36:58.568130+00:00,True,
4813,Elanation,,"Healthtech, Lifestyles of Health and Sustainability and wellness",Australia,Techstars Portfolio (techstars.com/portfolio),2026-08-05T18:36:58.568130+00:00,True,
4814,eevo,,"Mobile, Virtual reality",United States,Techstars Portfolio (techstars.com/portfolio),2026-08-05T18:36:58.568130+00:00,True,
4815,Eduro,,"Infrastructure, Internet of Things",Canada,Techstars Portfolio (techstars.com/portfolio),2026-08-05T18:36:58.568130+00:00,True,
4816,Edify,,Artificial intelligence and machine learning,United States,Techstars Portfolio (techstars.com/portfolio),2026-08-05T18:36:58.568130+00:00,True,
4817,ecoVent,,"Climate tech, Internet of Things",United States,Techstars Portfolio (techstars.com/portfolio),2026-08-05T18:36:58.568130+00:00,True,
4818,Ecoisme,,"Artificial intelligence and machine learning, Climate tech, Internet of Things",United Kingdom,Techstars Portfolio (techstars.com/portfolio),2026-08-05T18:36:58.568130+00:00,True,
4819,Ecocrumb,,"Cleantech, Climate tech, Mobile",United States,Techstars Portfolio (techstars.com/portfolio),2026-08-05T18:36:58.568130+00:00,True,
4820,EasyLokal,,Supply chain technology,India,Techstars Portfolio (techstars.com/portfolio),2026-08-05T18:36:58.568130+00:00,True,
4821,EarBuds,,Mobile,United States,Techstars Portfolio (techstars.com/portfolio),2026-08-05T18:36:58.568130+00:00,True,
4822,Duality Health,,"Artificial intelligence and machine learning, Digital health, Healthtech",United States,Techstars Portfolio (techstars.com/portfolio),2026-08-05T18:36:58.568130+00:00,True,
4823,Dronesmith Technologies,,"Internet of Things, Mobile, Robotics and Drones",United States,Techstars Portfolio (techstars.com/portfolio),2026-08-05T18:36:58.568130+00:00,True,
4824,Drizzle,,Fintech,United States,Techstars Portfolio (techstars.com/portfolio),2026-08-05T18:36:58.568130+00:00,True,
4825,Drinkeasy,,"Technology, media and telecommunications",United States,Techstars Portfolio (techstars.com/portfolio),2026-08-05T18:36:58.568130+00:00,True,
4826,Downtown AI,,"Artificial intelligence and machine learning, Climate tech, Internet of Things, Mobility tech, Supply chain technology",Canada,Techstars Portfolio (techstars.com/portfolio),2026-08-05T18:36:58.568130+00:00,True,
4827,Dot Team,,"Fintech, HRtech",United States,Techstars Portfolio (techstars.com/portfolio),2026-08-05T18:36:58.568130+00:00,True,
4828,Doohickey,,"Artificial intelligence and machine learning, E-commerce, Manufacturing",United States,Techstars Portfolio (techstars.com/portfolio),2026-08-05T18:36:58.568130+00:00,True,
4829,"Don't Shop, Swap",,Climate tech,United Kingdom,Techstars Portfolio (techstars.com/portfolio),2026-08-05T18:36:58.568130+00:00,True,
4830,Don't Get Mad Get Paid,,Mobile,United States,Techstars Portfolio (techstars.com/portfolio),2026-08-05T18:36:58.568130+00:00,True,
4831,Dodo Smart,,"Edtech, Gaming",Israel,Techstars Portfolio (techstars.com/portfolio),2026-08-05T18:36:58.568130+00:00,True,
4832,Dobby,,"Artificial intelligence and machine learning, Cryptocurrency/Blockchain, Fintech, Insurtech, Internet of Things, Real estate tech",United States,Techstars Portfolio (techstars.com/portfolio),2026-08-05T18:36:58.568130+00:00,True,
4833,Divercity,,"Artificial intelligence and machine learning, HRtech",United States,Techstars Portfolio (techstars.com/portfolio),2026-08-05T18:36:58.568130+00:00,True,
4834,DistributedID,,,Canada,Techstars Portfolio (techstars.com/portfolio),2026-08-05T18:36:58.568130+00:00,True,
4835,Dimensions,,,United States,Techstars Portfolio (techstars.com/portfolio),2026-08-05T18:36:58.568130+00:00,True,
4836,Digital Medical Tech,,"Internet of Things, Mobile",United States,Techstars Portfolio (techstars.com/portfolio),2026-08-05T18:36:58.568130+00:00,True,
4837,Dieta Health,,"Healthtech, Lifestyles of Health and Sustainability and wellness, Mobile",United States,Techstars Portfolio (techstars.com/portfolio),2026-08-05T18:36:58.568130+00:00,True,
4838,DiDi,,"Artificial intelligence and machine learning, Fintech",United States,Techstars Portfolio (techstars.com/portfolio),2026-08-05T18:36:58.568130+00:00,True,
4839,Diana AI,,Artificial intelligence and machine learning,United States,Techstars Portfolio (techstars.com/portfolio),2026-08-05T18:36:58.568130+00:00,True,
4840,Diagenetix,,Internet of Things,United States,Techstars Portfolio (techstars.com/portfolio),2026-08-05T18:36:58.568130+00:00,True,
4841,Devver,,"Cloudtech and DevOps, Fintech",United States,Techstars Portfolio (techstars.com/portfolio),2026-08-05T18:36:58.568130+00:00,True,
4842,Devpass,,Cloudtech and DevOps,Brazil,Techstars Portfolio (techstars.com/portfolio),2026-08-05T18:36:58.568130+00:00,True,
4843,Designhubz,,"Augmented reality, Robotics and Drones, Virtual reality",United States,Techstars Portfolio (techstars.com/portfolio),2026-08-05T18:36:58.568130+00:00,True,
4844,Deltika,,"Artificial intelligence and machine learning, Fintech",Israel,Techstars Portfolio (techstars.com/portfolio),2026-08-05T18:36:58.568130+00:00,True,
4845,Delta AI,,Artificial intelligence and machine learning,Australia,Techstars Portfolio (techstars.com/portfolio),2026-08-05T18:36:58.568130+00:00,True,
4846,deetz,,Mobile,United States,Techstars Portfolio (techstars.com/portfolio),2026-08-05T18:36:58.568130+00:00,True,
4847,Deekit,,"Technology, media and telecommunications",United Kingdom,Techstars Portfolio (techstars.com/portfolio),2026-08-05T18:36:58.568130+00:00,True,
4848,Dedalo,,"Artificial intelligence and machine learning, Cleantech, Climate tech, Impact investing, Space tech",Italy,Techstars Portfolio (techstars.com/portfolio),2026-08-05T18:36:58.568130+00:00,True,
4849,Declique,,"Fintech, Industrials, Internet of Things, Manufacturing",France,Techstars Portfolio (techstars.com/portfolio),2026-08-05T18:36:58.568130+00:00,True,
4850,Decisive,,"Artificial intelligence and machine learning, Mobile",United States,Techstars Portfolio (techstars.com/portfolio),2026-08-05T18:36:58.568130+00:00,True,
4851,DearFlow AI,,Future of work,Germany,Techstars Portfolio (techstars.com/portfolio),2026-08-05T18:36:58.568130+00:00,True,
4852,DEAN Intelligence,,"Artificial intelligence and machine learning, Legal tech",Israel,Techstars Portfolio (techstars.com/portfolio),2026-08-05T18:36:58.568130+00:00,True,
4853,Data Everywhere,,Cloudtech and DevOps,United States,Techstars Portfolio (techstars.com/portfolio),2026-08-05T18:36:58.568130+00:00,True,
4854,Dash Labs,,"Fintech, Internet of Things, Mobile, Mobility tech",United States,Techstars Portfolio (techstars.com/portfolio),2026-08-05T18:36:58.568130+00:00,True,
4855,Dashbell,,"Real estate tech, Technology, media and telecommunications",United States,Techstars Portfolio (techstars.com/portfolio),2026-08-05T18:36:58.568130+00:00,True,
4856,Dash,,"Fintech, Mobile commerce",United States,Techstars Portfolio (techstars.com/portfolio),2026-08-05T18:36:58.568130+00:00,True,
4857,Dapio,,"Fintech, Mobile",United Kingdom,Techstars Portfolio (techstars.com/portfolio),2026-08-05T18:36:58.568130+00:00,True,
4858,danger!awesome,,,United States,Techstars Portfolio (techstars.com/portfolio),2026-08-05T18:36:58.568130+00:00,True,
4859,Daedalus Technologies,,Cryptocurrency/Blockchain,United States,Techstars Portfolio (techstars.com/portfolio),2026-08-05T18:36:58.568130+00:00,True,
4860,d20 Solutions,,Supply chain technology,United States,Techstars Portfolio (techstars.com/portfolio),2026-08-05T18:36:58.568130+00:00,True,
4861,Cycuro,,"Artificial intelligence and machine learning, Cybersecurity, Infrastructure",Israel,Techstars Portfolio (techstars.com/portfolio),2026-08-05T18:36:58.568130+00:00,True,
4862,Curu,,"Fintech, Mobile",United States,Techstars Portfolio (techstars.com/portfolio),2026-08-05T18:36:58.568130+00:00,True,
4863,Curious,,,United States,Techstars Portfolio (techstars.com/portfolio),2026-08-05T18:36:58.568130+00:00,True,
4864,Curie London,,"Climate tech, Lifestyles of Health and Sustainability and wellness",United Kingdom,Techstars Portfolio (techstars.com/portfolio),2026-08-05T18:36:58.568130+00:00,True,
4865,Curada,,"Digital health, Healthtech",United Kingdom,Techstars Portfolio (techstars.com/portfolio),2026-08-05T18:36:58.568130+00:00,True,
4866,Cuentología,,Edtech,United States,Techstars Portfolio (techstars.com/portfolio),2026-08-05T18:36:58.568130+00:00,True,
4867,CuddlUp,,"Technology, media and telecommunications",France,Techstars Portfolio (techstars.com/portfolio),2026-08-05T18:36:58.568130+00:00,True,
4868,Cucumber Tony,,"Artificial intelligence and machine learning, Cloudtech and DevOps, Internet of Things, Mobile",United Kingdom,Techstars Portfolio (techstars.com/portfolio),2026-08-05T18:36:58.568130+00:00,True,
4869,Cuantix,,"Fintech, Mobile, Supply chain technology",Chile,Techstars Portfolio (techstars.com/portfolio),2026-08-05T18:36:58.568130+00:00,True,
4870,Cryptive,,Insurtech,United Kingdom,Techstars Portfolio (techstars.com/portfolio),2026-08-05T18:36:58.568130+00:00,True,
4871,Crowdz,,"Artificial intelligence and machine learning, Cryptocurrency/Blockchain, Fintech, Supply chain technology",United States,Techstars Portfolio (techstars.com/portfolio),2026-08-05T18:36:58.568130+00:00,True,
4872,CrowdSense,,"Artificial intelligence and machine learning, Big Data, Cybersecurity, Fintech",Israel,Techstars Portfolio (techstars.com/portfolio),2026-08-05T18:36:58.568130+00:00,True,
4873,Crowdestates,,Fintech,United Kingdom,Techstars Portfolio (techstars.com/portfolio),2026-08-05T18:36:58.568130+00:00,True,
4874,Crescendo,,"Artificial intelligence and machine learning, Fintech, Gaming, HRtech, Mobile, Technology, media and telecommunications",Canada,Techstars Portfolio (techstars.com/portfolio),2026-08-05T18:36:58.568130+00:00,True,
4875,Crema,,"Fintech, Mobile",United States,Techstars Portfolio (techstars.com/portfolio),2026-08-05T18:36:58.568130+00:00,True,
4876,Credential,,"Artificial intelligence and machine learning, Cleantech, Climate tech, Fintech, Impact investing, Supply chain technology",United States,Techstars Portfolio (techstars.com/portfolio),2026-08-05T18:36:58.568130+00:00,True,
4877,Cred,,Fintech,Israel,Techstars Portfolio (techstars.com/portfolio),2026-08-05T18:36:58.568130+00:00,True,
4878,Crea.vision,,Artificial intelligence and machine learning,United Kingdom,Techstars Portfolio (techstars.com/portfolio),2026-08-05T18:36:58.568130+00:00,True,
4879,CreatorBox,,,United States,Techstars Portfolio (techstars.com/portfolio),2026-08-05T18:36:58.568130+00:00,True,
4880,Creative Brain Studios,,"Gaming, Mobile",United States,Techstars Portfolio (techstars.com/portfolio),2026-08-05T18:36:58.568130+00:00,True,
4881,Creatext,,Artificial intelligence and machine learning,Germany,Techstars Portfolio (techstars.com/portfolio),2026-08-05T18:36:58.568130+00:00,True,
4882,Create,,"Fintech, Mobile, Real estate tech",United States,Techstars Portfolio (techstars.com/portfolio),2026-08-05T18:36:58.568130+00:00,True,
4883,Craftmerce,,"Artificial intelligence and machine learning, Mobile commerce, Supply chain technology",United States,Techstars Portfolio (techstars.com/portfolio),2026-08-05T18:36:58.568130+00:00,True,
4884,CottageClass,,Edtech,United States,Techstars Portfolio (techstars.com/portfolio),2026-08-05T18:36:58.568130+00:00,True,
4885,Cortex,,Artificial intelligence and machine learning,United States,Techstars Portfolio (techstars.com/portfolio),2026-08-05T18:36:58.568130+00:00,True,
4886,Corgee,,Fintech,Spain,Techstars Portfolio (techstars.com/portfolio),2026-08-05T18:36:58.568130+00:00,True,
4887,Copycat,,Mobile,United States,Techstars Portfolio (techstars.com/portfolio),2026-08-05T18:36:58.568130+00:00,True,
4888,Coopify,,SaaS,United States,Techstars Portfolio (techstars.com/portfolio),2026-08-05T18:36:58.568130+00:00,True,
4889,CoolChip Technologies,,"Climate tech, Gaming",United States,Techstars Portfolio (techstars.com/portfolio),2026-08-05T18:36:58.568130+00:00,True,
4890,Control Tower,,"Fintech, Industrials, Insurtech, Mobile, Robotics and Drones",United States,Techstars Portfolio (techstars.com/portfolio),2026-08-05T18:36:58.568130+00:00,True,
4891,Contract Cloud,,Legal tech,United States,Techstars Portfolio (techstars.com/portfolio),2026-08-05T18:36:58.568130+00:00,True,
4892,Continuum Fashion,,,United States,Techstars Portfolio (techstars.com/portfolio),2026-08-05T18:36:58.568130+00:00,True,
4893,Contellio,,"Marketing tech, Technology, media and telecommunications",United Kingdom,Techstars Portfolio (techstars.com/portfolio),2026-08-05T18:36:58.568130+00:00,True,
4894,Constellation,,Marketing tech,United States,Techstars Portfolio (techstars.com/portfolio),2026-08-05T18:36:58.568130+00:00,True,
4895,Conserve With Us,,"Cleantech, Climate tech, Mobile",United States,Techstars Portfolio (techstars.com/portfolio),2026-08-05T18:36:58.568130+00:00,True,
4896,Confidante,,"Artificial intelligence and machine learning, Lifestyles of Health and Sustainability and wellness",United States,Techstars Portfolio (techstars.com/portfolio),2026-08-05T18:36:58.568130+00:00,True,
4897,Conductor,,Mobile,United States,Techstars Portfolio (techstars.com/portfolio),2026-08-05T18:36:58.568130+00:00,True,
4898,Condition One,,"Mobile, Virtual reality",United States,Techstars Portfolio (techstars.com/portfolio),2026-08-05T18:36:58.568130+00:00,True,
4899,Concierge,,"Artificial intelligence and machine learning, Internet of Things, Mobile",Canada,Techstars Portfolio (techstars.com/portfolio),2026-08-05T18:36:58.568130+00:00,True,
4900,Concert Window,,,United States,Techstars Portfolio (techstars.com/portfolio),2026-08-05T18:36:58.568130+00:00,True,
4901,Compsol eCOIDA,,"Digital health, Fintech",South Africa,Techstars Portfolio (techstars.com/portfolio),2026-08-05T18:36:58.568130+00:00,True,
4902,ComplYant,,Fintech,United States,Techstars Portfolio (techstars.com/portfolio),2026-08-05T18:36:58.568130+00:00,True,
4903,CompleteSet,,Mobile,United States,Techstars Portfolio (techstars.com/portfolio),2026-08-05T18:36:58.568130+00:00,True,
4904,COMMUNITYx,,,United States,Techstars Portfolio (techstars.com/portfolio),2026-08-05T18:36:58.568130+00:00,True,
4905,Common Form,,"Fintech, Mobile",United States,Techstars Portfolio (techstars.com/portfolio),2026-08-05T18:36:58.568130+00:00,True,
4906,Collider,,"Industrials, Manufacturing",United States,Techstars Portfolio (techstars.com/portfolio),2026-08-05T18:36:58.568130+00:00,True,
4907,Collectiv.TV,,"Technology, media and telecommunications",Canada,Techstars Portfolio (techstars.com/portfolio),2026-08-05T18:36:58.568130+00:00,True,
4908,Cogniant.co,,"Artificial intelligence and machine learning, Healthtech, Internet of Things, Virtual reality",Singapore,Techstars Portfolio (techstars.com/portfolio),2026-08-05T18:36:58.568130+00:00,True,
4909,coexist,,HRtech,United States,Techstars Portfolio (techstars.com/portfolio),2026-08-05T18:36:58.568130+00:00,True,
4910,Clutch,,Marketing tech,United States,Techstars Portfolio (techstars.com/portfolio),2026-08-05T18:36:58.568130+00:00,True,
4911,Clusiv,,HRtech,United States,Techstars Portfolio (techstars.com/portfolio),2026-08-05T18:36:58.568130+00:00,True,
4912,Cloudsnap,,"Fintech, Infrastructure, SaaS",United States,Techstars Portfolio (techstars.com/portfolio),2026-08-05T18:36:58.568130+00:00,True,
4913,closedloop,,"Artificial intelligence and machine learning, Infrastructure, Robotics and Drones, Space tech",United States,Techstars Portfolio (techstars.com/portfolio),2026-08-05T18:36:58.568130+00:00,True,
4914,C-Log,,,Singapore,Techstars Portfolio (techstars.com/portfolio),2026-08-05T18:36:58.568130+00:00,True,
4915,Clever People,,"Audiotech, Mobile",United States,Techstars Portfolio (techstars.com/portfolio),2026-08-05T18:36:58.568130+00:00,True,
4916,Clarke.ai,,"Artificial intelligence and machine learning, Mobile",United States,Techstars Portfolio (techstars.com/portfolio),2026-08-05T18:36:58.568130+00:00,True,
4917,Civin,,"Big Data, Impact investing, Infrastructure, Legal tech, Technology, media and telecommunications",United States,Techstars Portfolio (techstars.com/portfolio),2026-08-05T18:36:58.568130+00:00,True,
4918,Civilize,,Fintech,United States,Techstars Portfolio (techstars.com/portfolio),2026-08-05T18:36:58.568130+00:00,True,
4919,CivicSync,,Artificial intelligence and machine learning,United States,Techstars Portfolio (techstars.com/portfolio),2026-08-05T18:36:58.568130+00:00,True,
4920,Circletime Interactive,,"Femtech, Gaming",Brazil,Techstars Portfolio (techstars.com/portfolio),2026-08-05T18:36:58.568130+00:00,True,
4921,Cinta Color,,Beauty,United States,Techstars Portfolio (techstars.com/portfolio),2026-08-05T18:36:58.568130+00:00,True,
4922,Chord,,Fintech,United States,Techstars Portfolio (techstars.com/portfolio),2026-08-05T18:36:58.568130+00:00,True,
4923,ChoiceMap,,Mobile,United States,Techstars Portfolio (techstars.com/portfolio),2026-08-05T18:36:58.568130+00:00,True,
4924,Chicago Collaboratory,,Artificial intelligence and machine learning,United States,Techstars Portfolio (techstars.com/portfolio),2026-08-05T18:36:58.568130+00:00,True,
4925,Chef Connie,,Foodtech,Canada,Techstars Portfolio (techstars.com/portfolio),2026-08-05T18:36:58.568130+00:00,True,
4926,Chargd,,"Artificial intelligence and machine learning, Cleantech, Climate tech, Fintech, Infrastructure, Internet of Things, Lifestyles of Health and Sustainability and wellness, Mobile, Mobility tech",Germany,Techstars Portfolio (techstars.com/portfolio),2026-08-05T18:36:58.568130+00:00,True,
4927,Chapter,,"Digital health, Fintech, Insurtech, Mobile",United States,Techstars Portfolio (techstars.com/portfolio),2026-08-05T18:36:58.568130+00:00,True,
4928,Chaos Reactor,,"Artificial intelligence and machine learning, Audiotech",United States,Techstars Portfolio (techstars.com/portfolio),2026-08-05T18:36:58.568130+00:00,True,
4929,Cerebro Solutions,,"Mobile, SaaS, Virtual reality",United States,Techstars Portfolio (techstars.com/portfolio),2026-08-05T18:36:58.568130+00:00,True,
4930,CDL Warrior,,Mobile,United States,Techstars Portfolio (techstars.com/portfolio),2026-08-05T18:36:58.568130+00:00,True,
4931,Catalog,,Fintech,United States,Techstars Portfolio (techstars.com/portfolio),2026-08-05T18:36:58.568130+00:00,True,
4932,Castor,,"3D printing, Artificial intelligence and machine learning, Industrials, Manufacturing",Israel,Techstars Portfolio (techstars.com/portfolio),2026-08-05T18:36:58.568130+00:00,True,
4933,Cashpool,,"Fintech, Impact investing",United States,Techstars Portfolio (techstars.com/portfolio),2026-08-05T18:36:58.568130+00:00,True,
4934,Casalist,,Real estate tech,United States,Techstars Portfolio (techstars.com/portfolio),2026-08-05T18:36:58.568130+00:00,True,
4935,CartFresh,,"E-commerce, Lifestyles of Health and Sustainability and wellness, Supply chain technology",United States,Techstars Portfolio (techstars.com/portfolio),2026-08-05T18:36:58.568130+00:00,True,
4936,Cartesian Labs,,,United States,Techstars Portfolio (techstars.com/portfolio),2026-08-05T18:36:58.568130+00:00,True,
4937,Carma,,"Fintech, Insurtech, Mobile, Mobility tech",United States,Techstars Portfolio (techstars.com/portfolio),2026-08-05T18:36:58.568130+00:00,True,
4938,Caretaker,,"Fintech, Mobile, Real estate tech",United States,Techstars Portfolio (techstars.com/portfolio),2026-08-05T18:36:58.568130+00:00,True,
4939,Carefluent,,Healthtech,United States,Techstars Portfolio (techstars.com/portfolio),2026-08-05T18:36:58.568130+00:00,True,
4940,CardioCube,,"Artificial intelligence and machine learning, Lifestyles of Health and Sustainability and wellness",United States,Techstars Portfolio (techstars.com/portfolio),2026-08-05T18:36:58.568130+00:00,True,
4941,Carbon Robotics,,"Artificial intelligence and machine learning, Internet of Things, Robotics and Drones",United States,Techstars Portfolio (techstars.com/portfolio),2026-08-05T18:36:58.568130+00:00,True,
4942,Cappella,,"Artificial intelligence and machine learning, Digital health, Femtech, Healthtech, Lifestyles of Health and Sustainability and wellness",United States,Techstars Portfolio (techstars.com/portfolio),2026-08-05T18:36:58.568130+00:00,True,
4943,Capexmove,,"Cryptocurrency/Blockchain, Fintech",United Kingdom,Techstars Portfolio (techstars.com/portfolio),2026-08-05T18:36:58.568130+00:00,True,
4944,Canopy Platform Pty Ltd,,"Artificial intelligence and machine learning, HRtech",Australia,Techstars Portfolio (techstars.com/portfolio),2026-08-05T18:36:58.568130+00:00,True,
4945,Canopy,,"Technology, media and telecommunications",United States,Techstars Portfolio (techstars.com/portfolio),2026-08-05T18:36:58.568130+00:00,True,
4946,Candy Jar,,,United States,Techstars Portfolio (techstars.com/portfolio),2026-08-05T18:36:58.568130+00:00,True,
4947,CANDL,,Mobile,United States,Techstars Portfolio (techstars.com/portfolio),2026-08-05T18:36:58.568130+00:00,True,
4948,Candidly,,"HRtech, Mobile",United States,Techstars Portfolio (techstars.com/portfolio),2026-08-05T18:36:58.568130+00:00,True,
4949,Campfire,,Mobile,United States,Techstars Portfolio (techstars.com/portfolio),2026-08-05T18:36:58.568130+00:00,True,
4950,CALT Dynamics,,Virtual reality,Ireland,Techstars Portfolio (techstars.com/portfolio),2026-08-05T18:36:58.568130+00:00,True,
4951,CAKE,,Fintech,United States,Techstars Portfolio (techstars.com/portfolio),2026-08-05T18:36:58.568130+00:00,True,
4952,Byte Money,,Fintech,South Africa,Techstars Portfolio (techstars.com/portfolio),2026-08-05T18:36:58.568130+00:00,True,
4953,Byte Detection,,"Artificial intelligence and machine learning, Cybersecurity, Fintech",United States,Techstars Portfolio (techstars.com/portfolio),2026-08-05T18:36:58.568130+00:00,True,
4954,Buy Play Win,,"E-commerce, Fintech",United States,Techstars Portfolio (techstars.com/portfolio),2026-08-05T18:36:58.568130+00:00,True,
4955,Buyable,,"Artificial intelligence and machine learning, Fintech, Mobility tech",United States,Techstars Portfolio (techstars.com/portfolio),2026-08-05T18:36:58.568130+00:00,True,
4956,Butterflye,,Artificial intelligence and machine learning,United States,Techstars Portfolio (techstars.com/portfolio),2026-08-05T18:36:58.568130+00:00,True,
4957,Burpy,,"Foodtech, Infrastructure",United States,Techstars Portfolio (techstars.com/portfolio),2026-08-05T18:36:58.568130+00:00,True,
4958,Bundl Technologies,,,United States,Techstars Portfolio (techstars.com/portfolio),2026-08-05T18:36:58.568130+00:00,True,
4959,Bundil,,"Cryptocurrency/Blockchain, Fintech, Mobile",United States,Techstars Portfolio (techstars.com/portfolio),2026-08-05T18:36:58.568130+00:00,True,
4960,BuildSim,,"Artificial intelligence and machine learning, Cleantech, Infrastructure, Internet of Things",United States,Techstars Portfolio (techstars.com/portfolio),2026-08-05T18:36:58.568130+00:00,True,
4961,BuildersCloud,,"Artificial intelligence and machine learning, Mobile, Real estate tech, SaaS, Technology, media and telecommunications",United States,Techstars Portfolio (techstars.com/portfolio),2026-08-05T18:36:58.568130+00:00,True,
4962,Buglance DMCC,,"Cloudtech and DevOps, Mobile",United Arab Emirates,Techstars Portfolio (techstars.com/portfolio),2026-08-05T18:36:58.568130+00:00,True,
4963,BriteHub,,Artificial intelligence and machine learning,United States,Techstars Portfolio (techstars.com/portfolio),2026-08-05T18:36:58.568130+00:00,True,
4964,Brio Systems,,"Lifestyles of Health and Sustainability and wellness, Mobile",United States,Techstars Portfolio (techstars.com/portfolio),2026-08-05T18:36:58.568130+00:00,True,
4965,Brightwork,,Mobile,United States,Techstars Portfolio (techstars.com/portfolio),2026-08-05T18:36:58.568130+00:00,True,
4966,Brief,,"Artificial intelligence and machine learning, Legal tech",United States,Techstars Portfolio (techstars.com/portfolio),2026-08-05T18:36:58.568130+00:00,True,
4967,BridgedAI,,Infrastructure,India,Techstars Portfolio (techstars.com/portfolio),2026-08-05T18:36:58.568130+00:00,True,
4968,Brewbot,,Mobile,United Kingdom,Techstars Portfolio (techstars.com/portfolio),2026-08-05T18:36:58.568130+00:00,True,
4969,Breakout Experiences,,HRtech,United States,Techstars Portfolio (techstars.com/portfolio),2026-08-05T18:36:58.568130+00:00,True,
4970,BRAIQ,,"Artificial intelligence and machine learning, Industrials",United States,Techstars Portfolio (techstars.com/portfolio),2026-08-05T18:36:58.568130+00:00,True,
4971,Boxella,,Lifestyles of Health and Sustainability and wellness,United States,Techstars Portfolio (techstars.com/portfolio),2026-08-05T18:36:58.568130+00:00,True,
4972,Bottlecode,,Beauty,United States,Techstars Portfolio (techstars.com/portfolio),2026-08-05T18:36:58.568130+00:00,True,
4973,Botanisol Analytics,,Healthtech,United States,Techstars Portfolio (techstars.com/portfolio),2026-08-05T18:36:58.568130+00:00,True,
4974,Bongalow,,"Fintech, Real estate tech",Nigeria,Techstars Portfolio (techstars.com/portfolio),2026-08-05T18:36:58.568130+00:00,True,
4975,Bondsy,,"E-commerce, Fintech, Mobile",United States,Techstars Portfolio (techstars.com/portfolio),2026-08-05T18:36:58.568130+00:00,True,
4976,Bonbouton,,Internet of Things,United States,Techstars Portfolio (techstars.com/portfolio),2026-08-05T18:36:58.568130+00:00,True,
4977,Bob Makler,,"Artificial intelligence and machine learning, Mobile, Real estate tech",Estonia,Techstars Portfolio (techstars.com/portfolio),2026-08-05T18:36:58.568130+00:00,True,
4978,Bluebox Now,,Fintech,United States,Techstars Portfolio (techstars.com/portfolio),2026-08-05T18:36:58.568130+00:00,True,
4979,BluBinder,,Fintech,United States,Techstars Portfolio (techstars.com/portfolio),2026-08-05T18:36:58.568130+00:00,True,
4980,Bloveit,,"Lifestyles of Health and Sustainability and wellness, Mobile",United States,Techstars Portfolio (techstars.com/portfolio),2026-08-05T18:36:58.568130+00:00,True,
4981,Blossm,,Mobile,United States,Techstars Portfolio (techstars.com/portfolio),2026-08-05T18:36:58.568130+00:00,True,
4982,Bloop Browser,,"Cryptocurrency/Blockchain, Mobile",United States,Techstars Portfolio (techstars.com/portfolio),2026-08-05T18:36:58.568130+00:00,True,
4983,blik,,"Artificial intelligence and machine learning, Fintech, Internet of Things",Germany,Techstars Portfolio (techstars.com/portfolio),2026-08-05T18:36:58.568130+00:00,True,
4984,BlendBow,,Robotics and Drones,France,Techstars Portfolio (techstars.com/portfolio),2026-08-05T18:36:58.568130+00:00,True,
4985,Bleach Cyber,,Cybersecurity,United States,Techstars Portfolio (techstars.com/portfolio),2026-08-05T18:36:58.568130+00:00,True,
4986,BlazingDB,,Big Data,United States,Techstars Portfolio (techstars.com/portfolio),2026-08-05T18:36:58.568130+00:00,True,
4987,Blawesome,,"Cryptocurrency/Blockchain, Lifestyles of Health and Sustainability and wellness",Canada,Techstars Portfolio (techstars.com/portfolio),2026-08-05T18:36:58.568130+00:00,True,
4988,Blank Slate Systems,,Mobile,United States,Techstars Portfolio (techstars.com/portfolio),2026-08-05T18:36:58.568130+00:00,True,
4989,BlackHedge,,"Artificial intelligence and machine learning, Fintech, Mobile",United States,Techstars Portfolio (techstars.com/portfolio),2026-08-05T18:36:58.568130+00:00,True,
4990,Bitback,,"Cryptocurrency/Blockchain, Fintech, Mobile",Canada,Techstars Portfolio (techstars.com/portfolio),2026-08-05T18:36:58.568130+00:00,True,
4991,Bird Coach,,Healthtech,United States,Techstars Portfolio (techstars.com/portfolio),2026-08-05T18:36:58.568130+00:00,True,
4992,BirdBox,,"Fintech, Mobile, SaaS",United States,Techstars Portfolio (techstars.com/portfolio),2026-08-05T18:36:58.568130+00:00,True,
4993,Binsight,,"Artificial intelligence and machine learning, Internet of Things, Mobile",Israel,Techstars Portfolio (techstars.com/portfolio),2026-08-05T18:36:58.568130+00:00,True,
4994,Binaize,,"Artificial intelligence and machine learning, Healthtech",United States,Techstars Portfolio (techstars.com/portfolio),2026-08-05T18:36:58.568130+00:00,True,
4995,Bild.,,"Cleantech, Fintech, Technology, media and telecommunications",United States,Techstars Portfolio (techstars.com/portfolio),2026-08-05T18:36:58.568130+00:00,True,
4996,Big Data for Humans,,Artificial intelligence and machine learning,United Kingdom,Techstars Portfolio (techstars.com/portfolio),2026-08-05T18:36:58.568130+00:00,True,
4997,Bidvine,,"HRtech, Mobile",United Kingdom,Techstars Portfolio (techstars.com/portfolio),2026-08-05T18:36:58.568130+00:00,True,
4998,BezoMoney,,Fintech,United States,Techstars Portfolio (techstars.com/portfolio),2026-08-05T18:36:58.568130+00:00,True,
4999,BeyondRanked,,"eSports, Gaming",United States,Techstars Portfolio (techstars.com/portfolio),2026-08-05T18:36:58.568130+00:00,True,
5000,Bewgle,,Artificial intelligence and machine learning,United States,Techstars Portfolio (techstars.com/portfolio),2026-08-05T18:36:58.568130+00:00,True,
5001,Better Coliving,,"Cleantech, Lifestyles of Health and Sustainability and wellness, Real estate tech",United States,Techstars Portfolio (techstars.com/portfolio),2026-08-05T18:36:58.568130+00:00,True,
5002,BeSafe.io,,"Cybersecurity, Infrastructure",Armenia,Techstars Portfolio (techstars.com/portfolio),2026-08-05T18:36:58.568130+00:00,True,
5003,Benny,,Fintech,United States,Techstars Portfolio (techstars.com/portfolio),2026-08-05T18:36:58.568130+00:00,True,
5004,Bench,,Fintech,Canada,Techstars Portfolio (techstars.com/portfolio),2026-08-05T18:36:58.568130+00:00,True,
5005,BenBen,,Real estate tech,Ghana,Techstars Portfolio (techstars.com/portfolio),2026-08-05T18:36:58.568130+00:00,True,
5006,Belong Anywhere,,HRtech,United Kingdom,Techstars Portfolio (techstars.com/portfolio),2026-08-05T18:36:58.568130+00:00,True,
5007,bekome,,Healthtech,United States,Techstars Portfolio (techstars.com/portfolio),2026-08-05T18:36:58.568130+00:00,True,
5008,BeehiveID,,"Artificial intelligence and machine learning, Fintech",United States,Techstars Portfolio (techstars.com/portfolio),2026-08-05T18:36:58.568130+00:00,True,
5009,BEAWaRe,,Climate tech,Italy,Techstars Portfolio (techstars.com/portfolio),2026-08-05T18:36:58.568130+00:00,True,
5010,Beanstalk,,Edtech,United States,Techstars Portfolio (techstars.com/portfolio),2026-08-05T18:36:58.568130+00:00,True,
5011,Beagle Learning,,"Artificial intelligence and machine learning, Edtech, Mobile",United States,Techstars Portfolio (techstars.com/portfolio),2026-08-05T18:36:58.568130+00:00,True,
5012,Bawte,,Mobile,United States,Techstars Portfolio (techstars.com/portfolio),2026-08-05T18:36:58.568130+00:00,True,
5013,BaseStone,,Mobile,United Kingdom,Techstars Portfolio (techstars.com/portfolio),2026-08-05T18:36:58.568130+00:00,True,
5014,BARRATIO,,"3D printing, Artificial intelligence and machine learning, Gaming",France,Techstars Portfolio (techstars.com/portfolio),2026-08-05T18:36:58.568130+00:00,True,
5015,Barac,,"Artificial intelligence and machine learning, Cybersecurity, Fintech, Infrastructure",United Kingdom,Techstars Portfolio (techstars.com/portfolio),2026-08-05T18:36:58.568130+00:00,True,
5016,Bailport,,"Cryptocurrency/Blockchain, Fintech, Mobile",United States,Techstars Portfolio (techstars.com/portfolio),2026-08-05T18:36:58.568130+00:00,True,
5017,BagsUp,,Mobile,United States,Techstars Portfolio (techstars.com/portfolio),2026-08-05T18:36:58.568130+00:00,True,
5018,Babbly,,"Artificial intelligence and machine learning, Lifestyles of Health and Sustainability and wellness, Mobile",Canada,Techstars Portfolio (techstars.com/portfolio),2026-08-05T18:36:58.568130+00:00,True,
5019,Baalm,,"Artificial intelligence and machine learning, Lifestyles of Health and Sustainability and wellness",United States,Techstars Portfolio (techstars.com/portfolio),2026-08-05T18:36:58.568130+00:00,True,
5020,Ayana Therapy,,"Healthtech, Lifestyles of Health and Sustainability and wellness, Mobile",United States,Techstars Portfolio (techstars.com/portfolio),2026-08-05T18:36:58.568130+00:00,True,
5021,Avuba,,"Fintech, Mobile",Germany,Techstars Portfolio (techstars.com/portfolio),2026-08-05T18:36:58.568130+00:00,True,
5022,Avisare,,"Technology, media and telecommunications",United States,Techstars Portfolio (techstars.com/portfolio),2026-08-05T18:36:58.568130+00:00,True,
5023,Avenir Labs,,"Fintech, Infrastructure",United States,Techstars Portfolio (techstars.com/portfolio),2026-08-05T18:36:58.568130+00:00,True,
5024,Avenify,,"Fintech, Healthtech",United States,Techstars Portfolio (techstars.com/portfolio),2026-08-05T18:36:58.568130+00:00,True,
5025,Avemus,,"Agtech, Climate tech, Technology, media and telecommunications",Israel,Techstars Portfolio (techstars.com/portfolio),2026-08-05T18:36:58.568130+00:00,True,
5026,Avalon AI,,Artificial intelligence and machine learning,United Kingdom,Techstars Portfolio (techstars.com/portfolio),2026-08-05T18:36:58.568130+00:00,True,
5027,Autonopia,,"Artificial intelligence and machine learning, Infrastructure, Oil and gas, Real estate tech, Robotics and Drones",Canada,Techstars Portfolio (techstars.com/portfolio),2026-08-05T18:36:58.568130+00:00,True,
5028,Autom8,,"Cryptocurrency/Blockchain, Internet of Things",United States,Techstars Portfolio (techstars.com/portfolio),2026-08-05T18:36:58.568130+00:00,True,
5029,AutoDo-IT,,Mobile,United States,Techstars Portfolio (techstars.com/portfolio),2026-08-05T18:36:58.568130+00:00,True,
5030,Autobon,,"Artificial intelligence and machine learning, Internet of Things, Robotics and Drones",United States,Techstars Portfolio (techstars.com/portfolio),2026-08-05T18:36:58.568130+00:00,True,
5031,Audioland,,"Artificial intelligence and machine learning, Audiotech, Technology, media and telecommunications",United States,Techstars Portfolio (techstars.com/portfolio),2026-08-05T18:36:58.568130+00:00,True,
5032,Audience,,"Artificial intelligence and machine learning, Gaming, Mobile",United States,Techstars Portfolio (techstars.com/portfolio),2026-08-05T18:36:58.568130+00:00,True,
5033,Attentive.us,,"Marketing tech, Technology, media and telecommunications",Portugal,Techstars Portfolio (techstars.com/portfolio),2026-08-05T18:36:58.568130+00:00,True,
5034,Atlas,,"Cryptocurrency/Blockchain, Fintech, Insurtech",United States,Techstars Portfolio (techstars.com/portfolio),2026-08-05T18:36:58.568130+00:00,True,
5035,Athen.ai,,"Artificial intelligence and machine learning, Internet of Things, Robotics and Drones",United States,Techstars Portfolio (techstars.com/portfolio),2026-08-05T18:36:58.568130+00:00,True,
5036,AtCipher,,"Cybersecurity, Infrastructure",United States,Techstars Portfolio (techstars.com/portfolio),2026-08-05T18:36:58.568130+00:00,True,
5037,Astros,,Gaming,United States,Techstars Portfolio (techstars.com/portfolio),2026-08-05T18:36:58.568130+00:00,True,
5038,Astronuts,,Cloudtech and DevOps,United States,Techstars Portfolio (techstars.com/portfolio),2026-08-05T18:36:58.568130+00:00,True,
5039,Asoriba,https://asoriba.com,"Fintech, Mobile",Ghana,Techstars Portfolio (techstars.com/portfolio),2026-08-05T18:36:58.568130+00:00,True,
5040,AskWinston,,Mobile,United Kingdom,Techstars Portfolio (techstars.com/portfolio),2026-08-05T18:36:58.568130+00:00,True,
5041,A Retail Space,,Real estate tech,United States,Techstars Portfolio (techstars.com/portfolio),2026-08-05T18:36:58.568130+00:00,True,
5042,Arch Finance,,"Cryptocurrency/Blockchain, Fintech",United States,Techstars Portfolio (techstars.com/portfolio),2026-08-05T18:36:58.568130+00:00,True,
5043,Aradon,,"Big Data, Healthtech, Oncology, Robotics and Drones",Netherlands,Techstars Portfolio (techstars.com/portfolio),2026-08-05T18:36:58.568130+00:00,True,
5044,Aqulytics,,"Cleantech, Climate tech",United States,Techstars Portfolio (techstars.com/portfolio),2026-08-05T18:36:58.568130+00:00,True,
5045,Apres.io,,Artificial intelligence and machine learning,United States,Techstars Portfolio (techstars.com/portfolio),2026-08-05T18:36:58.568130+00:00,True,
5046,AppInsight,,"Cybersecurity, Mobile",United States,Techstars Portfolio (techstars.com/portfolio),2026-08-05T18:36:58.568130+00:00,True,
5047,Apollo,,Mobile,United States,Techstars Portfolio (techstars.com/portfolio),2026-08-05T18:36:58.568130+00:00,True,
5048,Apeiron Space,,"Industrials, Space tech",United States,Techstars Portfolio (techstars.com/portfolio),2026-08-05T18:36:58.568130+00:00,True,
5049,Anything World,,"Artificial intelligence and machine learning, Gaming, Virtual reality",United Kingdom,Techstars Portfolio (techstars.com/portfolio),2026-08-05T18:36:58.568130+00:00,True,
5050,AnyLedger,,"Cryptocurrency/Blockchain, Fintech, Infrastructure, Internet of Things",Germany,Techstars Portfolio (techstars.com/portfolio),2026-08-05T18:36:58.568130+00:00,True,
5051,AnyaUp,,Mobile,United States,Techstars Portfolio (techstars.com/portfolio),2026-08-05T18:36:58.568130+00:00,True,
5052,anthym,,"HRtech, Technology, media and telecommunications",United States,Techstars Portfolio (techstars.com/portfolio),2026-08-05T18:36:58.568130+00:00,True,
5053,Answerbite,,Marketing tech,United States,Techstars Portfolio (techstars.com/portfolio),2026-08-05T18:36:58.568130+00:00,True,
5054,Another-Lane,,Mobile commerce,United States,Techstars Portfolio (techstars.com/portfolio),2026-08-05T18:36:58.568130+00:00,True,
5055,andMe,,Mobile,United Kingdom,Techstars Portfolio (techstars.com/portfolio),2026-08-05T18:36:58.568130+00:00,True,
5056,Andia,,"Artificial intelligence and machine learning, Cryptocurrency/Blockchain, Fintech",United States,Techstars Portfolio (techstars.com/portfolio),2026-08-05T18:36:58.568130+00:00,True,
5057,Ampogee,,"Technology, media and telecommunications",United States,Techstars Portfolio (techstars.com/portfolio),2026-08-05T18:36:58.568130+00:00,True,
5058,AmpIdea,,Healthtech,United States,Techstars Portfolio (techstars.com/portfolio),2026-08-05T18:36:58.568130+00:00,True,
5059,Amelia,,"HRtech, Lifestyles of Health and Sustainability and wellness",United States,Techstars Portfolio (techstars.com/portfolio),2026-08-05T18:36:58.568130+00:00,True,
5060,Ambit.AI,,"Artificial intelligence and machine learning, HRtech",United States,Techstars Portfolio (techstars.com/portfolio),2026-08-05T18:36:58.568130+00:00,True,
5061,Ambie,,"Technology, media and telecommunications",United Kingdom,Techstars Portfolio (techstars.com/portfolio),2026-08-05T18:36:58.568130+00:00,True,
5062,Aman,,Insurtech,Indonesia,Techstars Portfolio (techstars.com/portfolio),2026-08-05T18:36:58.568130+00:00,True,
5063,Allie,,HRtech,United States,Techstars Portfolio (techstars.com/portfolio),2026-08-05T18:36:58.568130+00:00,True,
5064,Allhers,,Mobile,United States,Techstars Portfolio (techstars.com/portfolio),2026-08-05T18:36:58.568130+00:00,True,
5065,Alkemi AI,,"Cryptocurrency/Blockchain, Fintech",Canada,Techstars Portfolio (techstars.com/portfolio),2026-08-05T18:36:58.568130+00:00,True,
5066,Algosave,,"Artificial intelligence and machine learning, Fintech",Israel,Techstars Portfolio (techstars.com/portfolio),2026-08-05T18:36:58.568130+00:00,True,
5067,AlgoPay,,"Fintech, Mobile",United States,Techstars Portfolio (techstars.com/portfolio),2026-08-05T18:36:58.568130+00:00,True,
5068,Alena,,"Artificial intelligence and machine learning, Healthtech, Lifestyles of Health and Sustainability and wellness, Mobile",United Kingdom,Techstars Portfolio (techstars.com/portfolio),2026-08-05T18:36:58.568130+00:00,True,
5069,Albo,,"Artificial intelligence and machine learning, Cleantech, Climate tech, Robotics and Drones",Israel,Techstars Portfolio (techstars.com/portfolio),2026-08-05T18:36:58.568130+00:00,True,
5070,Akdemia,https://akdemia.com,Mobile,Peru,Techstars Portfolio (techstars.com/portfolio),2026-08-05T18:36:58.568130+00:00,True,
5071,Air Tailor,,Mobile,United States,Techstars Portfolio (techstars.com/portfolio),2026-08-05T18:36:58.568130+00:00,True,
5072,Aire,,"Artificial intelligence and machine learning, Fintech",United Kingdom,Techstars Portfolio (techstars.com/portfolio),2026-08-05T18:36:58.568130+00:00,True,
5073,Aidos Healthcare,,Artificial intelligence and machine learning,United States,Techstars Portfolio (techstars.com/portfolio),2026-08-05T18:36:58.568130+00:00,True,
5074,AidBanc,,Fintech,United States,Techstars Portfolio (techstars.com/portfolio),2026-08-05T18:36:58.568130+00:00,True,
5075,Agovest,,"Edtech, Fintech, Mobile",Mexico,Techstars Portfolio (techstars.com/portfolio),2026-08-05T18:36:58.568130+00:00,True,
5076,Afloat,,Mobile,United States,Techstars Portfolio (techstars.com/portfolio),2026-08-05T18:36:58.568130+00:00,True,
5077,Afford Healthcare,,Digital health,United States,Techstars Portfolio (techstars.com/portfolio),2026-08-05T18:36:58.568130+00:00,True,
5078,Affectly,,Fintech,United States,Techstars Portfolio (techstars.com/portfolio),2026-08-05T18:36:58.568130+00:00,True,
5079,Aerotronic,,"Artificial intelligence and machine learning, Robotics and Drones",United States,Techstars Portfolio (techstars.com/portfolio),2026-08-05T18:36:58.568130+00:00,True,
5080,AdYapper,,"Adtech, Mobile",United States,Techstars Portfolio (techstars.com/portfolio),2026-08-05T18:36:58.568130+00:00,True,
5081,Advosense,,"Healthtech, Internet of Things",United States,Techstars Portfolio (techstars.com/portfolio),2026-08-05T18:36:58.568130+00:00,True,
5082,Advize.ai,,Artificial intelligence and machine learning,Canada,Techstars Portfolio (techstars.com/portfolio),2026-08-05T18:36:58.568130+00:00,True,
5083,Additive Rocket Corporation,,"Manufacturing, Space tech",United States,Techstars Portfolio (techstars.com/portfolio),2026-08-05T18:36:58.568130+00:00,True,
5084,Adaptively Education,,Edtech,United States,Techstars Portfolio (techstars.com/portfolio),2026-08-05T18:36:58.568130+00:00,True,
5085,AdaptiLab,,"Artificial intelligence and machine learning, HRtech",United States,Techstars Portfolio (techstars.com/portfolio),2026-08-05T18:36:58.568130+00:00,True,
5086,Acculis,,"Artificial intelligence and machine learning, Infrastructure",United States,Techstars Portfolio (techstars.com/portfolio),2026-08-05T18:36:58.568130+00:00,True,
5087,Accelerate3D,,"Artificial intelligence and machine learning, Internet of Things, Robotics and Drones",United States,Techstars Portfolio (techstars.com/portfolio),2026-08-05T18:36:58.568130+00:00,True,
5088,accelEQ,,Healthtech,United States,Techstars Portfolio (techstars.com/portfolio),2026-08-05T18:36:58.568130+00:00,True,
5089,8base,,Cloudtech and DevOps,United States,Techstars Portfolio (techstars.com/portfolio),2026-08-05T18:36:58.568130+00:00,True,
5090,3chron,,"Technology, media and telecommunications, Virtual reality",Israel,Techstars Portfolio (techstars.com/portfolio),2026-08-05T18:36:58.568130+00:00,True,
5091,1sm,,,United States,Techstars Portfolio (techstars.com/portfolio),2026-08-05T18:36:58.568130+00:00,True,
5092,Zenimal,https://zenimals.com,"Audiotech, Edtech, Healthtech, Lifestyles of Health and Sustainability and wellness",United States,Techstars Portfolio (techstars.com/portfolio),2026-08-05T18:36:58.568130+00:00,True,
5093,Zenihub,https://zenihub.com,"Fintech, Real estate tech, Web 3.0/Crypto/Blockchain",Japan,Techstars Portfolio (techstars.com/portfolio),2026-08-05T18:36:58.568130+00:00,True,
5094,zenchef,https://zenchef.com,"Marketing tech, Mobile, Technology, media and telecommunications",France,Techstars Portfolio (techstars.com/portfolio),2026-08-05T18:36:58.568130+00:00,True,
5095,Zafra Cloud,https://zafra.cloud,,Honduras,Techstars Portfolio (techstars.com/portfolio),2026-08-05T18:36:58.568130+00:00,True,
5096,YTeach,https://yteach.com,Edtech,United States,Techstars Portfolio (techstars.com/portfolio),2026-08-05T18:36:58.568130+00:00,True,
5097,Younode,https://younode.com,,Japan,Techstars Portfolio (techstars.com/portfolio),2026-08-05T18:36:58.568130+00:00,True,
5098,"yocto Co.,Ltd",https://yocto-life.co.jp,"Digital health, Healthtech, Lifestyles of Health and Sustainability and wellness",,Techstars Portfolio (techstars.com/portfolio),2026-08-05T18:36:58.568130+00:00,True,
5099,Xiggit,https://xiggit.com,"Fintech, HRtech, Insurtech",United States,Techstars Portfolio (techstars.com/portfolio),2026-08-05T18:36:58.568130+00:00,True,
5100,Wynd,https://wynd.eu,Cleantech,France,Techstars Portfolio (techstars.com/portfolio),2026-08-05T18:36:58.568130+00:00,True,
5101,Winks.fun,https://winks.fun,"Cryptocurrency/Blockchain, Marketing tech, SaaS",United Arab Emirates,Techstars Portfolio (techstars.com/portfolio),2026-08-05T18:36:58.568130+00:00,True,
5102,WineOpSys,https://wineopsys.com,"Agtech, Cryptocurrency/Blockchain, SaaS, Supply chain technology",Moldova,Techstars Portfolio (techstars.com/portfolio),2026-08-05T18:36:58.568130+00:00,True,
5103,WholeCare,https://wholecarehub.com,"Digital health, Healthtech",United States,Techstars Portfolio (techstars.com/portfolio),2026-08-05T18:36:58.568130+00:00,True,
5104,Welltree,https://welltree-us.com,,,Techstars Portfolio (techstars.com/portfolio),2026-08-05T18:36:58.568130+00:00,True,
5105,Wellspring,https://wellspring.money,"Cryptocurrency/Blockchain, Fintech",United States,Techstars Portfolio (techstars.com/portfolio),2026-08-05T18:36:58.568130+00:00,True,
5106,WeHunter.,https://we-hunter.com,,Argentina,Techstars Portfolio (techstars.com/portfolio),2026-08-05T18:36:58.568130+00:00,True,
5107,We Hate Exercise,https://wehateexercise.com,"Digital health, Healthtech, Lifestyles of Health and Sustainability and wellness",United States,Techstars Portfolio (techstars.com/portfolio),2026-08-05T18:36:58.568130+00:00,True,
5108,Weflawless,https://weflawless.co,Edtech,Saudi Arabia,Techstars Portfolio (techstars.com/portfolio),2026-08-05T18:36:58.568130+00:00,True,
5109,Wayfarer,https://kabinhotel.xyz,,Japan,Techstars Portfolio (techstars.com/portfolio),2026-08-05T18:36:58.568130+00:00,True,
5110,Water Design Japan,https://en.waterdesign.tokyo,,,Techstars Portfolio (techstars.com/portfolio),2026-08-05T18:36:58.568130+00:00,True,
5111,Warmi,https://soywarmi.lat,"Femtech, Fintech, Healthtech",Ecuador,Techstars Portfolio (techstars.com/portfolio),2026-08-05T18:36:58.568130+00:00,True,
5112,VR Eval,https://moretoolife.org,"Digital health, Healthtech, Virtual reality",United States,Techstars Portfolio (techstars.com/portfolio),2026-08-05T18:36:58.568130+00:00,True,
5113,Vox Technologies,https://vox.delivery,"Artificial intelligence and machine learning, Marketing tech, Mobile commerce, Real estate tech, Supply chain technology",Japan,Techstars Portfolio (techstars.com/portfolio),2026-08-05T18:36:58.568130+00:00,True,
5114,VopplAR,https://vopplar.com,"Artificial intelligence and machine learning, Augmented reality, Mobile",United States,Techstars Portfolio (techstars.com/portfolio),2026-08-05T18:36:58.568130+00:00,True,
5115,voltiumAi,https://voltium.ai,"Artificial intelligence and machine learning, Big Data, Cleantech, Climate tech, SaaS",,Techstars Portfolio (techstars.com/portfolio),2026-08-05T18:36:58.568130+00:00,True,
5116,VisionSync,https://visionsync.com,"Artificial intelligence and machine learning, Edtech, Healthtech, HRtech, SaaS",United States,Techstars Portfolio (techstars.com/portfolio),2026-08-05T18:36:58.568130+00:00,True,
5117,Villy,https://myvilly.com,"Femtech, Infrastructure, Lifestyles of Health and Sustainability and wellness",United States,Techstars Portfolio (techstars.com/portfolio),2026-08-05T18:36:58.568130+00:00,True,
5118,Veena,https://veena.studio,Audiotech,United States,Techstars Portfolio (techstars.com/portfolio),2026-08-05T18:36:58.568130+00:00,True,
5119,Vaulted,https://vaulted-co.com,Internet of Things,United States,Techstars Portfolio (techstars.com/portfolio),2026-08-05T18:36:58.568130+00:00,True,
5120,Vaila Shoes,https://vailashoes.com,"Beauty, E-commerce",United States,Techstars Portfolio (techstars.com/portfolio),2026-08-05T18:36:58.568130+00:00,True,
5121,UzimaNexus,https://uzimanexus.com,"Artificial intelligence and machine learning, Cryptocurrency/Blockchain, Healthtech, Lifestyles of Health and Sustainability and wellness",Kenya,Techstars Portfolio (techstars.com/portfolio),2026-08-05T18:36:58.568130+00:00,True,
5122,UTXOS,https://utxos.dev,"Cryptocurrency/Blockchain, SaaS",Singapore,Techstars Portfolio (techstars.com/portfolio),2026-08-05T18:36:58.568130+00:00,True,
5123,Underdose,,Healthtech,United States,Techstars Portfolio (techstars.com/portfolio),2026-08-05T18:36:58.568130+00:00,True,
5124,UAVistas,https://uavistasllc.com,"Artificial intelligence and machine learning, Edtech",United States,Techstars Portfolio (techstars.com/portfolio),2026-08-05T18:36:58.568130+00:00,True,
5125,Tutok,https://tutok.com.co,,Colombia,Techstars Portfolio (techstars.com/portfolio),2026-08-05T18:36:58.568130+00:00,True,
5126,Turing School,https://turing.edu,Edtech,United States,Techstars Portfolio (techstars.com/portfolio),2026-08-05T18:36:58.568130+00:00,True,
5127,Tummi,https://tummi.framer.website,"Digital health, Healthtech, Lifestyles of Health and Sustainability and wellness",United States,Techstars Portfolio (techstars.com/portfolio),2026-08-05T18:36:58.568130+00:00,True,
5128,TrustFundRegistry,https://trustfundregistry.com,"Artificial intelligence and machine learning, Fintech, Technology, media and telecommunications",United States,Techstars Portfolio (techstars.com/portfolio),2026-08-05T18:36:58.568130+00:00,True,
5129,Treffa,https://treffa.us,E-commerce,United States,Techstars Portfolio (techstars.com/portfolio),2026-08-05T18:36:58.568130+00:00,True,
5130,Travelsist,https://travelsist.com,Internet of Things,United States,Techstars Portfolio (techstars.com/portfolio),2026-08-05T18:36:58.568130+00:00,True,
5131,Traffic Data Group,https://trafficdatagroup.com,Mobility tech,,Techstars Portfolio (techstars.com/portfolio),2026-08-05T18:36:58.568130+00:00,True,
5132,Tourist Flow,https://agilitas.group,"Artificial intelligence and machine learning, Big Data, E-commerce, Marketing tech, Mobility tech",,Techstars Portfolio (techstars.com/portfolio),2026-08-05T18:36:58.568130+00:00,True,
5133,Toto Sleep,https://toto-sleep.com,"Internet of Things, Wearables and quantified self",United Kingdom,Techstars Portfolio (techstars.com/portfolio),2026-08-05T18:36:58.568130+00:00,True,
5134,Tizo,https://tizo.app,,Nicaragua,Techstars Portfolio (techstars.com/portfolio),2026-08-05T18:36:58.568130+00:00,True,
5135,Tim Host,https://linkedin.com/in/host,,Germany,Techstars Portfolio (techstars.com/portfolio),2026-08-05T18:36:58.568130+00:00,True,
5136,Time to Educate,https://harp-koala-gkxd.squarespace.com,"Digital health, Healthtech, Technology, media and telecommunications",United States,Techstars Portfolio (techstars.com/portfolio),2026-08-05T18:36:58.568130+00:00,True,
5137,Tilli,https://tillikids.com,,United States,Techstars Portfolio (techstars.com/portfolio),2026-08-05T18:36:58.568130+00:00,True,
5138,TicVision,https://ticvision.io,"Artificial intelligence and machine learning, Digital health, Healthtech, SaaS",United States,Techstars Portfolio (techstars.com/portfolio),2026-08-05T18:36:58.568130+00:00,True,
5139,Threadlabs,,"E-commerce, Manufacturing, Supply chain technology, Technology, media and telecommunications",United States,Techstars Portfolio (techstars.com/portfolio),2026-08-05T18:36:58.568130+00:00,True,
5140,Think Nursery,https://thinknursery.com,,United Arab Emirates,Techstars Portfolio (techstars.com/portfolio),2026-08-05T18:36:58.568130+00:00,True,
5141,The WordWave,https://thewordwave.com,"Future of work, Marketing tech, Technology, media and telecommunications",Lebanon,Techstars Portfolio (techstars.com/portfolio),2026-08-05T18:36:58.568130+00:00,True,
5142,Thellex,https://thellex.com,Fintech,Cyprus,Techstars Portfolio (techstars.com/portfolio),2026-08-05T18:36:58.568130+00:00,True,
5143,The Jefas,https://thejefas.com,"Beauty, Mobile commerce",United States,Techstars Portfolio (techstars.com/portfolio),2026-08-05T18:36:58.568130+00:00,True,
5144,The HGHLT,https://thehghlt.com,E-commerce,United States,Techstars Portfolio (techstars.com/portfolio),2026-08-05T18:36:58.568130+00:00,True,
5145,theheard,https://theheard.co,"Beauty, Digital health, Healthtech",United States,Techstars Portfolio (techstars.com/portfolio),2026-08-05T18:36:58.568130+00:00,True,
5146,The Chaincademy,https://thechaincademy.com,"Artificial intelligence and machine learning, Cryptocurrency/Blockchain, Edtech, HRtech, SaaS",United Kingdom,Techstars Portfolio (techstars.com/portfolio),2026-08-05T18:36:58.568130+00:00,True,
5147,The Blocc,https://bloccpay.com,"Cryptocurrency/Blockchain, HRtech",United Arab Emirates,Techstars Portfolio (techstars.com/portfolio),2026-08-05T18:36:58.568130+00:00,True,
5148,The AI Education Project,https://aiedu.org,"Artificial intelligence and machine learning, Edtech",United States,Techstars Portfolio (techstars.com/portfolio),2026-08-05T18:36:58.568130+00:00,True,
5149,Textura,https://textura-hair.com,"3D printing, Beauty",United States,Techstars Portfolio (techstars.com/portfolio),2026-08-05T18:36:58.568130+00:00,True,
5150,Tesis Time,https://tesistime.ai,Edtech,Ecuador,Techstars Portfolio (techstars.com/portfolio),2026-08-05T18:36:58.568130+00:00,True,
5151,Terralima,https://terralima.co,Agtech,Kenya,Techstars Portfolio (techstars.com/portfolio),2026-08-05T18:36:58.568130+00:00,True,
5152,Tern,https://travelwithtern.com,Artificial intelligence and machine learning,United States,Techstars Portfolio (techstars.com/portfolio),2026-08-05T18:36:58.568130+00:00,True,
5153,terapIA,https://terapia.invalid,,Chile,Techstars Portfolio (techstars.com/portfolio),2026-08-05T18:36:58.568130+00:00,True,
5154,Telepresenz,https://telepresenz.com,Manufacturing,United States,Techstars Portfolio (techstars.com/portfolio),2026-08-05T18:36:58.568130+00:00,True,
5155,TeachKloud,https://teachkloud.com,,Ireland,Techstars Portfolio (techstars.com/portfolio),2026-08-05T18:36:58.568130+00:00,True,
5156,TDRI Limited,https://tdrisolutions.com,"Cleantech, Climate tech",New Zealand,Techstars Portfolio (techstars.com/portfolio),2026-08-05T18:36:58.568130+00:00,True,
5157,Tasmimak,https://tasmimak.com,"Future of work, Marketing tech",Egypt,Techstars Portfolio (techstars.com/portfolio),2026-08-05T18:36:58.568130+00:00,True,
5158,TAGBASE,https://tagbase.io,"Big Data, E-commerce, Internet of Things, SaaS, Supply chain technology",Austria,Techstars Portfolio (techstars.com/portfolio),2026-08-05T18:36:58.568130+00:00,True,
5159,Tablecross,https://tablecross.com,,Japan,Techstars Portfolio (techstars.com/portfolio),2026-08-05T18:36:58.568130+00:00,True,
5160,Synthwave,https://synthwavedefi.com,"Cryptocurrency/Blockchain, Cybersecurity, Fintech, HRtech, SaaS",United States,Techstars Portfolio (techstars.com/portfolio),2026-08-05T18:36:58.568130+00:00,True,
5161,Symspace,https://symspacelabs.com,"Augmented reality, E-commerce",United States,Techstars Portfolio (techstars.com/portfolio),2026-08-05T18:36:58.568130+00:00,True,
5162,"Summercat. Co.,Ltd.",https://summercat.co,,,Techstars Portfolio (techstars.com/portfolio),2026-08-05T18:36:58.568130+00:00,True,
5163,Stu app,https://stu app.invalid,,Costa Rica,Techstars Portfolio (techstars.com/portfolio),2026-08-05T18:36:58.568130+00:00,True,
5164,Str3amcore Labs,https://str3amcore.com,"Artificial intelligence and machine learning, Big Data, Cryptocurrency/Blockchain",United States,Techstars Portfolio (techstars.com/portfolio),2026-08-05T18:36:58.568130+00:00,True,
5165,Storytailor,https://storytailor.ai,"Artificial intelligence and machine learning, Edtech",United States,Techstars Portfolio (techstars.com/portfolio),2026-08-05T18:36:58.568130+00:00,True,
5166,Storybutton,https://storybutton.com,,United States,Techstars Portfolio (techstars.com/portfolio),2026-08-05T18:36:58.568130+00:00,True,
5167,Storybook,https://storybook-app.com,,United States,Techstars Portfolio (techstars.com/portfolio),2026-08-05T18:36:58.568130+00:00,True,
5168,STIOKids,https://stiokids.com,"Edtech, SaaS",,Techstars Portfolio (techstars.com/portfolio),2026-08-05T18:36:58.568130+00:00,True,
5169,Staat,https://staat.co,Big Data,United States,Techstars Portfolio (techstars.com/portfolio),2026-08-05T18:36:58.568130+00:00,True,
5170,Spatial Topology Technology,https://spatial-topology.com,,Taiwan,Techstars Portfolio (techstars.com/portfolio),2026-08-05T18:36:58.568130+00:00,True,
5171,SpaceOU,,,,Techstars Portfolio (techstars.com/portfolio),2026-08-05T18:36:58.568130+00:00,True,
5172,Space Copy,https://spacecopy.com,"3D printing, Artificial intelligence and machine learning, Infrastructure, Space tech",Canada,Techstars Portfolio (techstars.com/portfolio),2026-08-05T18:36:58.568130+00:00,True,
5173,SoyLugoo,https://soylugoo.com,,Ecuador,Techstars Portfolio (techstars.com/portfolio),2026-08-05T18:36:58.568130+00:00,True,
5174,Solaxy Group,https://solaxygroup.com,"Cleantech, Climate tech",United States,Techstars Portfolio (techstars.com/portfolio),2026-08-05T18:36:58.568130+00:00,True,
5175,Solaris Space,https://solarisspace.com,"Cleantech, Climate tech, Space tech",United Arab Emirates,Techstars Portfolio (techstars.com/portfolio),2026-08-05T18:36:58.568130+00:00,True,
5176,Snapi Health,https://snapihealth.com,,United States,Techstars Portfolio (techstars.com/portfolio),2026-08-05T18:36:58.568130+00:00,True,
5177,SMSNR,https://smsnr.herokuapp.com,,Saudi Arabia,Techstars Portfolio (techstars.com/portfolio),2026-08-05T18:36:58.568130+00:00,True,
5178,SmartSprout Technologies,https://linkedin.com/in/valenciawinston28,"Cleantech, Climate tech",United States,Techstars Portfolio (techstars.com/portfolio),2026-08-05T18:36:58.568130+00:00,True,
5179,SmarTrust,https://smartrust.me,"Artificial intelligence and machine learning, Cryptocurrency/Blockchain, E-commerce",Albania,Techstars Portfolio (techstars.com/portfolio),2026-08-05T18:36:58.568130+00:00,True,
5180,Smarticles,https://mysmarticles.com,Edtech,United States,Techstars Portfolio (techstars.com/portfolio),2026-08-05T18:36:58.568130+00:00,True,
5181,Small Bites Adventure Club,https://smallbites.club,Edtech,United States,Techstars Portfolio (techstars.com/portfolio),2026-08-05T18:36:58.568130+00:00,True,
5182,Slip Signal Technologies,https://slipsignal.com,"Cleantech, Manufacturing, Robotics and Drones, Space tech",United States,Techstars Portfolio (techstars.com/portfolio),2026-08-05T18:36:58.568130+00:00,True,
5183,SIRC,https://sirc.co.jp,,Japan,Techstars Portfolio (techstars.com/portfolio),2026-08-05T18:36:58.568130+00:00,True,
5184,Silver Guardian,https://silverguardian.app,"Healthtech, Lifestyles of Health and Sustainability and wellness",Panama,Techstars Portfolio (techstars.com/portfolio),2026-08-05T18:36:58.568130+00:00,True,
5185,SIER Sidekick,https://siertech.com,"Edtech, Virtual reality",United States,Techstars Portfolio (techstars.com/portfolio),2026-08-05T18:36:58.568130+00:00,True,
5186,ShowAgents,https://myshowagent.com,Real estate tech,United States,Techstars Portfolio (techstars.com/portfolio),2026-08-05T18:36:58.568130+00:00,True,
5187,Shire,https://shire.blue,"Technology, media and telecommunications",United States,Techstars Portfolio (techstars.com/portfolio),2026-08-05T18:36:58.568130+00:00,True,
5188,Shifterr,https://getshifterr.com,HRtech,United States,Techstars Portfolio (techstars.com/portfolio),2026-08-05T18:36:58.568130+00:00,True,
5189,SharyCo,https://sharyco.com,"Cleantech, Climate tech",Argentina,Techstars Portfolio (techstars.com/portfolio),2026-08-05T18:36:58.568130+00:00,True,
5190,Shanda,https://shanda.studio,"Technology, media and telecommunications",United States,Techstars Portfolio (techstars.com/portfolio),2026-08-05T18:36:58.568130+00:00,True,
5191,Seventh Degree Technologies,https://sevdeg.com,"Artificial intelligence and machine learning, Digital health, Healthtech, Internet of Things, SaaS",United States,Techstars Portfolio (techstars.com/portfolio),2026-08-05T18:36:58.568130+00:00,True,
5192,Service Stories,https://servicestories.com,"Artificial intelligence and machine learning, Marketing tech, SaaS",United States,Techstars Portfolio (techstars.com/portfolio),2026-08-05T18:36:58.568130+00:00,True,
5193,Scraft,https://scraft.ai,"Artificial intelligence and machine learning, Edtech",United States,Techstars Portfolio (techstars.com/portfolio),2026-08-05T18:36:58.568130+00:00,True,
5194,SchoolSphere,https://linkedin.com/company/schoolspher,Edtech,United States,Techstars Portfolio (techstars.com/portfolio),2026-08-05T18:36:58.568130+00:00,True,
5195,Scholist App,https://scholistapp.com,,United States,Techstars Portfolio (techstars.com/portfolio),2026-08-05T18:36:58.568130+00:00,True,
5196,Scholarshine,https://scholar-shine.com,,Panama,Techstars Portfolio (techstars.com/portfolio),2026-08-05T18:36:58.568130+00:00,True,
5197,SayKid,https://saykid.com,,United States,Techstars Portfolio (techstars.com/portfolio),2026-08-05T18:36:58.568130+00:00,True,
5198,Satellite Debris Detector,,,Saudi Arabia,Techstars Portfolio (techstars.com/portfolio),2026-08-05T18:36:58.568130+00:00,True,
5199,SARsatX,https://sarsatarabia.com,"Agtech, Space tech",Saudi Arabia,Techstars Portfolio (techstars.com/portfolio),2026-08-05T18:36:58.568130+00:00,True,
5200,Sanqi Therapeutics,,Beauty,United States,Techstars Portfolio (techstars.com/portfolio),2026-08-05T18:36:58.568130+00:00,True,
5201,Sanodoc Technologies FZE,https://sanoflow.io,Restaurant tech,United Arab Emirates,Techstars Portfolio (techstars.com/portfolio),2026-08-05T18:36:58.568130+00:00,True,
5202,Sagri,https://sagri.tokyo,,Japan,Techstars Portfolio (techstars.com/portfolio),2026-08-05T18:36:58.568130+00:00,True,
5203,SAGOS POWER,https://sagospower.com,,United States,Techstars Portfolio (techstars.com/portfolio),2026-08-05T18:36:58.568130+00:00,True,
5204,Sagos Pos,https://sagospos.com,"Foodtech, Fintech, Cleantech, Drones",United States,Techstars Portfolio (techstars.com/portfolio),2026-08-05T18:36:58.568130+00:00,True,
5205,RYA Platform,https://ryaplatform.com,,Chile,Techstars Portfolio (techstars.com/portfolio),2026-08-05T18:36:58.568130+00:00,True,
5206,RUN.EDGE,https://run-edge.com,,,Techstars Portfolio (techstars.com/portfolio),2026-08-05T18:36:58.568130+00:00,True,
5207,RolesConFuturo,https://rolesconfuturo.my.canva.site,,Peru,Techstars Portfolio (techstars.com/portfolio),2026-08-05T18:36:58.568130+00:00,True,
5208,Rock Rabbit,https://rockrabbit.ai,"Artificial intelligence and machine learning, Cleantech, Climate tech, Real estate tech",United States,Techstars Portfolio (techstars.com/portfolio),2026-08-05T18:36:58.568130+00:00,True,
5209,Robeff Technology,https://robeff.com,"Climate tech, Industrials, Manufacturing, Robotics and Drones",Turkey,Techstars Portfolio (techstars.com/portfolio),2026-08-05T18:36:58.568130+00:00,True,
5210,RIXEV 乘號智慧車輛,https://rixev-eds.com,"Artificial intelligence and machine learning, Cleantech, Micromobility, Mobility tech",Taiwan,Techstars Portfolio (techstars.com/portfolio),2026-08-05T18:36:58.568130+00:00,True,
5211,Rigby AI,,"SaaS, Technology, media and telecommunications",,Techstars Portfolio (techstars.com/portfolio),2026-08-05T18:36:58.568130+00:00,True,
5212,RiDERgy,https://ridergy.com,"Artificial intelligence and machine learning, Climate tech, Mobility tech, SaaS",Germany,Techstars Portfolio (techstars.com/portfolio),2026-08-05T18:36:58.568130+00:00,True,
5213,RiceApp,https://riceapp.io,"E-commerce, Fintech",United States,Techstars Portfolio (techstars.com/portfolio),2026-08-05T18:36:58.568130+00:00,True,
5214,Revolution Charging,https://revolutioncharging.com,Mobility tech,United States,Techstars Portfolio (techstars.com/portfolio),2026-08-05T18:36:58.568130+00:00,True,
5215,Reve-21,https://reve21.com,,,Techstars Portfolio (techstars.com/portfolio),2026-08-05T18:36:58.568130+00:00,True,
5216,Rethink Yearbooks,https://rethinkyearbooks.com,,United States,Techstars Portfolio (techstars.com/portfolio),2026-08-05T18:36:58.568130+00:00,True,
5217,Restore Vision,https://restore-vis.com,,,Techstars Portfolio (techstars.com/portfolio),2026-08-05T18:36:58.568130+00:00,True,
5218,Reservando App,https://reservandoapp.com,,Honduras,Techstars Portfolio (techstars.com/portfolio),2026-08-05T18:36:58.568130+00:00,True,
5219,Rentity,https://rentity.ca,"Cryptocurrency/Blockchain, Fintech",Canada,Techstars Portfolio (techstars.com/portfolio),2026-08-05T18:36:58.568130+00:00,True,
5220,Remos,https://remosspace.com,,Sweden,Techstars Portfolio (techstars.com/portfolio),2026-08-05T18:36:58.568130+00:00,True,
5221,RegSurety,https://regsurety.ai,"Artificial intelligence and machine learning, Fintech, Legal tech, SaaS, Web 3.0/Crypto/Blockchain",United States,Techstars Portfolio (techstars.com/portfolio),2026-08-05T18:36:58.568130+00:00,True,
5222,Reffie,https://beta.reffie.me,Real estate tech,United States,Techstars Portfolio (techstars.com/portfolio),2026-08-05T18:36:58.568130+00:00,True,
5223,Referred.fyi,https://referred.fyi,"HRtech, Technology, media and telecommunications",United States,Techstars Portfolio (techstars.com/portfolio),2026-08-05T18:36:58.568130+00:00,True,
5224,ReciVeci,https://reciveci.com,,Ecuador,Techstars Portfolio (techstars.com/portfolio),2026-08-05T18:36:58.568130+00:00,True,
5225,Reciprocity Technologies,https://reciprocity.technology,,Germany,Techstars Portfolio (techstars.com/portfolio),2026-08-05T18:36:58.568130+00:00,True,
5226,ReBLDing,https://reblding.com,"Fintech, Insurtech",United States,Techstars Portfolio (techstars.com/portfolio),2026-08-05T18:36:58.568130+00:00,True,
5227,Raspored,https://raspored.netlify.app,Edtech,,Techstars Portfolio (techstars.com/portfolio),2026-08-05T18:36:58.568130+00:00,True,
5228,Rainbow Secure,https://rainbowsecure.com,Cybersecurity,United States,Techstars Portfolio (techstars.com/portfolio),2026-08-05T18:36:58.568130+00:00,True,
5229,Rafik,https://rafik.legal,"Artificial intelligence and machine learning, Legal tech, SaaS",Mexico,Techstars Portfolio (techstars.com/portfolio),2026-08-05T18:36:58.568130+00:00,True,
5230,Qurate,https://qurate.com,,United States,Techstars Portfolio (techstars.com/portfolio),2026-08-05T18:36:58.568130+00:00,True,
5231,QUIITOS,https://quiitos-ec.com,,Ecuador,Techstars Portfolio (techstars.com/portfolio),2026-08-05T18:36:58.568130+00:00,True,
5232,PYLEADERS,https://pyleaders.com,Edtech,United States,Techstars Portfolio (techstars.com/portfolio),2026-08-05T18:36:58.568130+00:00,True,
5233,Prox,https://uxreach-ai.com,Artificial intelligence and machine learning,United States,Techstars Portfolio (techstars.com/portfolio),2026-08-05T18:36:58.568130+00:00,True,
5234,Promin Aerospace,https://prominaerospace.com,Space tech,,Techstars Portfolio (techstars.com/portfolio),2026-08-05T18:36:58.568130+00:00,True,
5235,Profit Optimizer,https://profit-optimizer.com,"Artificial intelligence and machine learning, Big Data, SaaS, Supply chain technology",,Techstars Portfolio (techstars.com/portfolio),2026-08-05T18:36:58.568130+00:00,True,
5236,Probal,https://probal.io,Cryptocurrency/Blockchain,United States,Techstars Portfolio (techstars.com/portfolio),2026-08-05T18:36:58.568130+00:00,True,
5237,PrizmdotArt,https://prizm.art,Cryptocurrency/Blockchain,United States,Techstars Portfolio (techstars.com/portfolio),2026-08-05T18:36:58.568130+00:00,True,
5238,Pose Button,https://posebutton.com,Artificial intelligence and machine learning,United States,Techstars Portfolio (techstars.com/portfolio),2026-08-05T18:36:58.568130+00:00,True,
5239,Polynizer,https://polynizer.invalid,,Costa Rica,Techstars Portfolio (techstars.com/portfolio),2026-08-05T18:36:58.568130+00:00,True,
5240,PoliBit,https://polibit.io,"Fintech, Real estate tech, Web 3.0/Crypto/Blockchain",Mexico,Techstars Portfolio (techstars.com/portfolio),2026-08-05T18:36:58.568130+00:00,True,
5241,PLG EDUCATION,https://plgeducation.com,,Colombia,Techstars Portfolio (techstars.com/portfolio),2026-08-05T18:36:58.568130+00:00,True,
5242,PLATONIC,https://tryplatonic.com,"Big Data, Internet of Things, Lifestyles of Health and Sustainability and wellness, Mobile, Technology, media and telecommunications",Germany,Techstars Portfolio (techstars.com/portfolio),2026-08-05T18:36:58.568130+00:00,True,
5243,PJP Eye LTD.,https://pjpeye.tokyo,,Japan,Techstars Portfolio (techstars.com/portfolio),2026-08-05T18:36:58.568130+00:00,True,
5244,Pink Fox Games,https://pinkfox.games,"Edtech, Gaming",Hungary,Techstars Portfolio (techstars.com/portfolio),2026-08-05T18:36:58.568130+00:00,True,
5245,Pilou,https://pilou.io,Fintech,Mexico,Techstars Portfolio (techstars.com/portfolio),2026-08-05T18:36:58.568130+00:00,True,
5246,Piensa,https://piensa.do,Edtech,Dominican Republic,Techstars Portfolio (techstars.com/portfolio),2026-08-05T18:36:58.568130+00:00,True,
5247,Photy Peta,https://photypeta.com,,,Techstars Portfolio (techstars.com/portfolio),2026-08-05T18:36:58.568130+00:00,True,
5248,petziClub,https://petziclub.com,,Costa Rica,Techstars Portfolio (techstars.com/portfolio),2026-08-05T18:36:58.568130+00:00,True,
5249,Period,https://periodsentence.com,Legal tech,United States,Techstars Portfolio (techstars.com/portfolio),2026-08-05T18:36:58.568130+00:00,True,
5250,Pengguin,https://pengguin.com,"Artificial intelligence and machine learning, Edtech, Technology, media and telecommunications",United Kingdom,Techstars Portfolio (techstars.com/portfolio),2026-08-05T18:36:58.568130+00:00,True,
5251,Pegla,https://pegla.ba,Cleantech,,Techstars Portfolio (techstars.com/portfolio),2026-08-05T18:36:58.568130+00:00,True,
5252,Peekapak,https://peekapak.com,,Canada,Techstars Portfolio (techstars.com/portfolio),2026-08-05T18:36:58.568130+00:00,True,
5253,Peekabond,https://peekabond.com,,Netherlands,Techstars Portfolio (techstars.com/portfolio),2026-08-05T18:36:58.568130+00:00,True,
5254,Peachy Day,https://peachyday.co,"Digital health, Femtech, Healthtech, Lifestyles of Health and Sustainability and wellness, Mobile",United States,Techstars Portfolio (techstars.com/portfolio),2026-08-05T18:36:58.568130+00:00,True,
5255,Panel AI,https://mypanel.ai,Artificial intelligence and machine learning,United States,Techstars Portfolio (techstars.com/portfolio),2026-08-05T18:36:58.568130+00:00,True,
5256,Panacea,https://openpanacea.com,Healthtech,United States,Techstars Portfolio (techstars.com/portfolio),2026-08-05T18:36:58.568130+00:00,True,
5257,Palm Labs,https://palmlabs.co,,United States,Techstars Portfolio (techstars.com/portfolio),2026-08-05T18:36:58.568130+00:00,True,
5258,PALI VR,https://palivr.com,"Augmented reality, Edtech, Gaming, Virtual reality",United States,Techstars Portfolio (techstars.com/portfolio),2026-08-05T18:36:58.568130+00:00,True,
5259,Oz Frontdoor,https://ozfrontdoor.com,"Cleantech, Lifestyles of Health and Sustainability and wellness",United States,Techstars Portfolio (techstars.com/portfolio),2026-08-05T18:36:58.568130+00:00,True,
5260,Otilia  AI,https://otiliaai.com,,Argentina,Techstars Portfolio (techstars.com/portfolio),2026-08-05T18:36:58.568130+00:00,True,
5261,Ostaz,https://ostaz.com,,United Arab Emirates,Techstars Portfolio (techstars.com/portfolio),2026-08-05T18:36:58.568130+00:00,True,
5262,Open Regen Ag,https://openregen.ag,Agtech,United States,Techstars Portfolio (techstars.com/portfolio),2026-08-05T18:36:58.568130+00:00,True,
5263,Open Energy,https://openenergy.co,,Singapore,Techstars Portfolio (techstars.com/portfolio),2026-08-05T18:36:58.568130+00:00,True,
5264,Onwards HR,https://onwardshr.com,HRtech,United States,Techstars Portfolio (techstars.com/portfolio),2026-08-05T18:36:58.568130+00:00,True,
5265,Onikle,https://onikle.napant.io,"Artificial intelligence and machine learning, HRtech",Japan,Techstars Portfolio (techstars.com/portfolio),2026-08-05T18:36:58.568130+00:00,True,
5266,ONEOQ,https://oneoq.com,,United States,Techstars Portfolio (techstars.com/portfolio),2026-08-05T18:36:58.568130+00:00,True,
5267,One Learning,https://onelearning.app,,United Kingdom,Techstars Portfolio (techstars.com/portfolio),2026-08-05T18:36:58.568130+00:00,True,
5268,OneClick.ai,https://oneclick.ai,Artificial intelligence and machine learning,United States,Techstars Portfolio (techstars.com/portfolio),2026-08-05T18:36:58.568130+00:00,True,
5269,"OneCharge Solution Co., Ltd.",https://facebook.com/onechargeth/,,Thailand,Techstars Portfolio (techstars.com/portfolio),2026-08-05T18:36:58.568130+00:00,True,
5270,OncRef,https://oncref.com,Healthtech,,Techstars Portfolio (techstars.com/portfolio),2026-08-05T18:36:58.568130+00:00,True,
5271,Omooma,https://omooma.com,,United Arab Emirates,Techstars Portfolio (techstars.com/portfolio),2026-08-05T18:36:58.568130+00:00,True,
5272,Olympian Motors,https://olympianmotors.com,,,Techstars Portfolio (techstars.com/portfolio),2026-08-05T18:36:58.568130+00:00,True,
5273,obniz,https://obniz.com,,Japan,Techstars Portfolio (techstars.com/portfolio),2026-08-05T18:36:58.568130+00:00,True,
5274,OBA health,,,Spain,Techstars Portfolio (techstars.com/portfolio),2026-08-05T18:36:58.568130+00:00,True,
5275,Nuwa Robotics,https://nuwarobotics.com,,Taiwan,Techstars Portfolio (techstars.com/portfolio),2026-08-05T18:36:58.568130+00:00,True,
5276,Nutriste,https://mynutriste.com,,United States,Techstars Portfolio (techstars.com/portfolio),2026-08-05T18:36:58.568130+00:00,True,
5277,Nunatak Biotech,https://nunatakbio.com,,Argentina,Techstars Portfolio (techstars.com/portfolio),2026-08-05T18:36:58.568130+00:00,True,
5278,NudaProp,https://nudaprop.com,,Uruguay,Techstars Portfolio (techstars.com/portfolio),2026-08-05T18:36:58.568130+00:00,True,
5279,Notedd,https://notedd.com,"Technology, media and telecommunications",United States,Techstars Portfolio (techstars.com/portfolio),2026-08-05T18:36:58.568130+00:00,True,
5280,Notarify,https://notarify.io,Cybersecurity,Italy,Techstars Portfolio (techstars.com/portfolio),2026-08-05T18:36:58.568130+00:00,True,
5281,North Star Space Technology Company,https://north-star.ai,,Saudi Arabia,Techstars Portfolio (techstars.com/portfolio),2026-08-05T18:36:58.568130+00:00,True,
5282,No Coders Club,https://nocodersclub.online,,Argentina,Techstars Portfolio (techstars.com/portfolio),2026-08-05T18:36:58.568130+00:00,True,
5283,NOCA Mobility,https://noca-mobility.com,,Germany,Techstars Portfolio (techstars.com/portfolio),2026-08-05T18:36:58.568130+00:00,True,
5284,N-Level,https://nlevel.de,,Germany,Techstars Portfolio (techstars.com/portfolio),2026-08-05T18:36:58.568130+00:00,True,
5285,NiveauUp,https://niveauup.com,"Artificial intelligence and machine learning, Cleantech, Industrials, Manufacturing, Mobility tech",,Techstars Portfolio (techstars.com/portfolio),2026-08-05T18:36:58.568130+00:00,True,
5286,Neuemoon Health,https://neuemoonhealth.com,"Digital health, Healthtech",United States,Techstars Portfolio (techstars.com/portfolio),2026-08-05T18:36:58.568130+00:00,True,
5287,NEHXT,https://nehxtup.com,"Beauty, E-commerce",United States,Techstars Portfolio (techstars.com/portfolio),2026-08-05T18:36:58.568130+00:00,True,
5288,NegocioMejor,https://negociomejor.com,,Honduras,Techstars Portfolio (techstars.com/portfolio),2026-08-05T18:36:58.568130+00:00,True,
5289,Nara,https://withnara.com,"Agtech, Artificial intelligence and machine learning, SaaS",United States,Techstars Portfolio (techstars.com/portfolio),2026-08-05T18:36:58.568130+00:00,True,
5290,Nana Afriyie,,,Germany,Techstars Portfolio (techstars.com/portfolio),2026-08-05T18:36:58.568130+00:00,True,
5291,Nadv.Rx,https://nadvrx.com,"Artificial intelligence and machine learning, Healthtech",United States,Techstars Portfolio (techstars.com/portfolio),2026-08-05T18:36:58.568130+00:00,True,
5292,MyHerb & Healthcare Corp.,,,,Techstars Portfolio (techstars.com/portfolio),2026-08-05T18:36:58.568130+00:00,True,
5293,MUVAL MUJERES VALIOSAS,https://muval.work,Femtech,Colombia,Techstars Portfolio (techstars.com/portfolio),2026-08-05T18:36:58.568130+00:00,True,
5294,MUSA.art,https://musaexhibition.com,Internet of Things,United States,Techstars Portfolio (techstars.com/portfolio),2026-08-05T18:36:58.568130+00:00,True,
5295,mui Lab,https://muilab.com,,Japan,Techstars Portfolio (techstars.com/portfolio),2026-08-05T18:36:58.568130+00:00,True,
5296,Mothership,https://mothershipcorp.com,Artificial intelligence and machine learning,United States,Techstars Portfolio (techstars.com/portfolio),2026-08-05T18:36:58.568130+00:00,True,
5297,MOMentum.hn,https://momentum.hn.invalid,,Honduras,Techstars Portfolio (techstars.com/portfolio),2026-08-05T18:36:58.568130+00:00,True,
5298,Modo Ahorro,https://modoahorro.net,,Costa Rica,Techstars Portfolio (techstars.com/portfolio),2026-08-05T18:36:58.568130+00:00,True,
5299,Mission Accomplished,https://missionaccomplished.app,"Artificial intelligence and machine learning, Digital health, Edtech, Healthtech",,Techstars Portfolio (techstars.com/portfolio),2026-08-05T18:36:58.568130+00:00,True,
5300,Metabologenomics,https://metagen.co.jp,,Japan,Techstars Portfolio (techstars.com/portfolio),2026-08-05T18:36:58.568130+00:00,True,
5301,Menara,https://menara.us,"Cleantech, Lifestyles of Health and Sustainability and wellness",United States,Techstars Portfolio (techstars.com/portfolio),2026-08-05T18:36:58.568130+00:00,True,
5302,Memorence AI,https://memorence.com,,Taiwan,Techstars Portfolio (techstars.com/portfolio),2026-08-05T18:36:58.568130+00:00,True,
5303,MasVerde,https://masverde.sv,,El Salvador,Techstars Portfolio (techstars.com/portfolio),2026-08-05T18:36:58.568130+00:00,True,
5304,Margoo,https://readymag.com,,United States,Techstars Portfolio (techstars.com/portfolio),2026-08-05T18:36:58.568130+00:00,True,
5305,Make My Day,https://makemydayapp.com,Mobile,Israel,Techstars Portfolio (techstars.com/portfolio),2026-08-05T18:36:58.568130+00:00,True,
5306,Magnify,https://trymagnify.ai,"Artificial intelligence and machine learning, Infrastructure",United States,Techstars Portfolio (techstars.com/portfolio),2026-08-05T18:36:58.568130+00:00,True,
5307,Magnestar,https://magnestar.space,"Artificial intelligence and machine learning, SaaS, Space tech, Technology, media and telecommunications",Canada,Techstars Portfolio (techstars.com/portfolio),2026-08-05T18:36:58.568130+00:00,True,
5308,Magic Shields,https://magicshields.co.jp,,Japan,Techstars Portfolio (techstars.com/portfolio),2026-08-05T18:36:58.568130+00:00,True,
5309,Magic Kids,https://magickids.me,"Artificial intelligence and machine learning, Edtech, Gaming",United States,Techstars Portfolio (techstars.com/portfolio),2026-08-05T18:36:58.568130+00:00,True,
5310,Madina Papel,https://madinapapelanimation.com,"Marketing tech, Technology, media and telecommunications",United States,Techstars Portfolio (techstars.com/portfolio),2026-08-05T18:36:58.568130+00:00,True,
5311,MacroBreed,,Agtech,United States,Techstars Portfolio (techstars.com/portfolio),2026-08-05T18:36:58.568130+00:00,True,
5312,Lyghtly,https://lyghtly.com,Internet of Things,United States,Techstars Portfolio (techstars.com/portfolio),2026-08-05T18:36:58.568130+00:00,True,
5313,Lunacare,,Beauty,United States,Techstars Portfolio (techstars.com/portfolio),2026-08-05T18:36:58.568130+00:00,True,
5314,Lumpsome,https://lumpsome.com,Fintech,United States,Techstars Portfolio (techstars.com/portfolio),2026-08-05T18:36:58.568130+00:00,True,
5315,Lumos,https://lumoslearn.com,Marketing tech,United States,Techstars Portfolio (techstars.com/portfolio),2026-08-05T18:36:58.568130+00:00,True,
5316,Lucia Hospitality Group,https://letslucia.com,HRtech,United States,Techstars Portfolio (techstars.com/portfolio),2026-08-05T18:36:58.568130+00:00,True,
5317,Luchs Security,https://luchs-sec.com,,Germany,Techstars Portfolio (techstars.com/portfolio),2026-08-05T18:36:58.568130+00:00,True,
5318,LOZI,https://lozi.jp,,Japan,Techstars Portfolio (techstars.com/portfolio),2026-08-05T18:36:58.568130+00:00,True,
5319,LoCo+,https://golocoplus.com,Lifestyles of Health and Sustainability and wellness,United States,Techstars Portfolio (techstars.com/portfolio),2026-08-05T18:36:58.568130+00:00,True,
5320,Lizachat,https://lizachat.ai,,El Salvador,Techstars Portfolio (techstars.com/portfolio),2026-08-05T18:36:58.568130+00:00,True,
5321,LIVSHO,https://livsho.com,"Adtech, Artificial intelligence and machine learning, Marketing tech, Mobile commerce, Technology, media and telecommunications",Saudi Arabia,Techstars Portfolio (techstars.com/portfolio),2026-08-05T18:36:58.568130+00:00,True,
5322,Littera,https://littera.fun,"Edtech, Gaming",Lebanon,Techstars Portfolio (techstars.com/portfolio),2026-08-05T18:36:58.568130+00:00,True,
5323,ListenField,https://listenfield.com,,Japan,Techstars Portfolio (techstars.com/portfolio),2026-08-05T18:36:58.568130+00:00,True,
5324,Link Social Network,https://imlink.network,"Adtech, Fintech, Foodtech, Internet of Things, Marketing tech",Saudi Arabia,Techstars Portfolio (techstars.com/portfolio),2026-08-05T18:36:58.568130+00:00,True,
5325,LINGBO,https://lingbo.com.tw,,,Techstars Portfolio (techstars.com/portfolio),2026-08-05T18:36:58.568130+00:00,True,
5326,lilliput technologies,https://lilliputtech.com,,Costa Rica,Techstars Portfolio (techstars.com/portfolio),2026-08-05T18:36:58.568130+00:00,True,
5327,LIGHTz,https://lightz-inc.com,Robotics,Japan,Techstars Portfolio (techstars.com/portfolio),2026-08-05T18:36:58.568130+00:00,True,
5328,Let us Nudge,https://letusnudge.com,"B2B payments, Foodtech, Restaurant tech",United States,Techstars Portfolio (techstars.com/portfolio),2026-08-05T18:36:58.568130+00:00,True,
5329,Legislaide,https://legislaide.com,Legal tech,United States,Techstars Portfolio (techstars.com/portfolio),2026-08-05T18:36:58.568130+00:00,True,
5330,Legal Tools,https://legaltools.mx,,Mexico,Techstars Portfolio (techstars.com/portfolio),2026-08-05T18:36:58.568130+00:00,True,
5331,LegalBadger,https://legalbadger.co,"Artificial intelligence and machine learning, Big Data, Legal tech",Ecuador,Techstars Portfolio (techstars.com/portfolio),2026-08-05T18:36:58.568130+00:00,True,
5332,Learn Wonderly,https://learnwonderly.com,Edtech,United States,Techstars Portfolio (techstars.com/portfolio),2026-08-05T18:36:58.568130+00:00,True,
5333,Learning Co-CreateED,https://learningcocreated.com,Edtech,United States,Techstars Portfolio (techstars.com/portfolio),2026-08-05T18:36:58.568130+00:00,True,
5334,LearnGud,https://learngud.com,,Peru,Techstars Portfolio (techstars.com/portfolio),2026-08-05T18:36:58.568130+00:00,True,
5335,Lasa Health,https://lasahealth.com,"Digital health, Femtech, Healthtech",United States,Techstars Portfolio (techstars.com/portfolio),2026-08-05T18:36:58.568130+00:00,True,
5336,Landmark,https://onlandmark.com,"Adtech, Real estate tech",United States,Techstars Portfolio (techstars.com/portfolio),2026-08-05T18:36:58.568130+00:00,True,
5337,Kyoto Meditation Center,https://kyoto-meditation-center.jp,,Japan,Techstars Portfolio (techstars.com/portfolio),2026-08-05T18:36:58.568130+00:00,True,
5338,Kyoto Fusioneering,https://kyotofusioneering.com,,Japan,Techstars Portfolio (techstars.com/portfolio),2026-08-05T18:36:58.568130+00:00,True,
5339,Kwikpik,https://kwikpik.io,"Cryptocurrency/Blockchain, E-commerce, Fintech",Nigeria,Techstars Portfolio (techstars.com/portfolio),2026-08-05T18:36:58.568130+00:00,True,
5340,Kurs,https://kursorbital.com,,Italy,Techstars Portfolio (techstars.com/portfolio),2026-08-05T18:36:58.568130+00:00,True,
5341,KUPUNA SAS,https://kupuna.io,,Ecuador,Techstars Portfolio (techstars.com/portfolio),2026-08-05T18:36:58.568130+00:00,True,
5342,Kumpels,https://kumpels.com.co,,Colombia,Techstars Portfolio (techstars.com/portfolio),2026-08-05T18:36:58.568130+00:00,True,
5343,Krib,https://krib.co,Real estate tech,United States,Techstars Portfolio (techstars.com/portfolio),2026-08-05T18:36:58.568130+00:00,True,
5344,Kommi,https://kommi.io,"Technology, media and telecommunications",United States,Techstars Portfolio (techstars.com/portfolio),2026-08-05T18:36:58.568130+00:00,True,
5345,Kokoro Kids,https://kokorokids.app,,,Techstars Portfolio (techstars.com/portfolio),2026-08-05T18:36:58.568130+00:00,True,
5346,Kitchenara,https://kitchenara.com,"Artificial intelligence and machine learning, Foodtech, Future of work, Mobile",United Arab Emirates,Techstars Portfolio (techstars.com/portfolio),2026-08-05T18:36:58.568130+00:00,True,
5347,Kindello,https://kindello.com,,New Zealand,Techstars Portfolio (techstars.com/portfolio),2026-08-05T18:36:58.568130+00:00,True,
5348,Kidaura,https://kidaura.in,"Artificial intelligence and machine learning, Edtech, Healthtech",India,Techstars Portfolio (techstars.com/portfolio),2026-08-05T18:36:58.568130+00:00,True,
5349,Keepers,https://usekeeeprs.com,Internet of Things,United States,Techstars Portfolio (techstars.com/portfolio),2026-08-05T18:36:58.568130+00:00,True,
5350,KC Recruitment,https://kc recruitment.invalid,,Costa Rica,Techstars Portfolio (techstars.com/portfolio),2026-08-05T18:36:58.568130+00:00,True,
5351,Kawa Space,https://kawa.space,Space tech,India,Techstars Portfolio (techstars.com/portfolio),2026-08-05T18:36:58.568130+00:00,True,
5352,KatchSkills,https://katchskills.com,Edtech,United States,Techstars Portfolio (techstars.com/portfolio),2026-08-05T18:36:58.568130+00:00,True,
5353,Kanjo,https://mykanjo.com,Edtech,United Kingdom,Techstars Portfolio (techstars.com/portfolio),2026-08-05T18:36:58.568130+00:00,True,
5354,Kaiya,https://joinkaiya.com,"Digital health, Healthtech, Lifestyles of Health and Sustainability and wellness",United States,Techstars Portfolio (techstars.com/portfolio),2026-08-05T18:36:58.568130+00:00,True,
5355,KAICO,https://kaicoltd.jp,,,Techstars Portfolio (techstars.com/portfolio),2026-08-05T18:36:58.568130+00:00,True,
5356,Juntos2College,https://juntoscommunity.org,Legal tech,United States,Techstars Portfolio (techstars.com/portfolio),2026-08-05T18:36:58.568130+00:00,True,
5357,JUMP!,https://jumpedu.org,,Argentina,Techstars Portfolio (techstars.com/portfolio),2026-08-05T18:36:58.568130+00:00,True,
5358,JoJo Learning,https://jojolearning.com,Edtech,United States,Techstars Portfolio (techstars.com/portfolio),2026-08-05T18:36:58.568130+00:00,True,
5359,Jobbi,https://jobbi.me,"B2B payments, Fintech, Future of work, HRtech, SaaS",El Salvador,Techstars Portfolio (techstars.com/portfolio),2026-08-05T18:36:58.568130+00:00,True,
5360,Jisell,https://jisell.app,"Adtech, Augmented reality, B2B payments, Mobile",,Techstars Portfolio (techstars.com/portfolio),2026-08-05T18:36:58.568130+00:00,True,
5361,iSpeak LTD,https://ispeak.to,,United Kingdom,Techstars Portfolio (techstars.com/portfolio),2026-08-05T18:36:58.568130+00:00,True,
5362,Isha Health,https://isha.health,"Artificial intelligence and machine learning, Healthtech",United States,Techstars Portfolio (techstars.com/portfolio),2026-08-05T18:36:58.568130+00:00,True,
5363,Ionic Charge,https://linkedin.com/company/ionic-charge,,,Techstars Portfolio (techstars.com/portfolio),2026-08-05T18:36:58.568130+00:00,True,
5364,INVY,https://invy.com,E-commerce,United States,Techstars Portfolio (techstars.com/portfolio),2026-08-05T18:36:58.568130+00:00,True,
5365,Invisible Strengths,https://invisiblestrengths.com,"HRtech, Mobile",United States,Techstars Portfolio (techstars.com/portfolio),2026-08-05T18:36:58.568130+00:00,True,
5366,Integral Technology,https://integral-technology.co.jp,,,Techstars Portfolio (techstars.com/portfolio),2026-08-05T18:36:58.568130+00:00,True,
5367,Innovocargo,https://innovocargo.com,,Ecuador,Techstars Portfolio (techstars.com/portfolio),2026-08-05T18:36:58.568130+00:00,True,
5368,Immirtual,https://immirtual.com,,United States,Techstars Portfolio (techstars.com/portfolio),2026-08-05T18:36:58.568130+00:00,True,
5369,"iHH Co., Ltd",https://ihh.tw,,,Techstars Portfolio (techstars.com/portfolio),2026-08-05T18:36:58.568130+00:00,True,
5370,iFocus Health,https://ifocustest.com,"Artificial intelligence and machine learning, Digital health, Healthtech, Life sciences, Lifestyles of Health and Sustainability and wellness",United States,Techstars Portfolio (techstars.com/portfolio),2026-08-05T18:36:58.568130+00:00,True,
5371,IEP&Me,https://iepandme.com,,United States,Techstars Portfolio (techstars.com/portfolio),2026-08-05T18:36:58.568130+00:00,True,
5372,IDDK,https://iddk.co.jp,Space tech,Japan,Techstars Portfolio (techstars.com/portfolio),2026-08-05T18:36:58.568130+00:00,True,
5373,ICORNET,https://icornet.jp,,Japan,Techstars Portfolio (techstars.com/portfolio),2026-08-05T18:36:58.568130+00:00,True,
5374,Hydrosight Solutions,https://gethydrosight.com.au,"Cleantech, Climate tech",Australia,Techstars Portfolio (techstars.com/portfolio),2026-08-05T18:36:58.568130+00:00,True,
5375,Hydro Gummy,https://hydrogummy.com,"Foodtech, Healthtech",United States,Techstars Portfolio (techstars.com/portfolio),2026-08-05T18:36:58.568130+00:00,True,
5376,HUED,https://huedco.com,"Beauty, Healthtech",United States,Techstars Portfolio (techstars.com/portfolio),2026-08-05T18:36:58.568130+00:00,True,
5377,Horalix,https://horalix.com,"Artificial intelligence and machine learning, Digital health, Healthtech",,Techstars Portfolio (techstars.com/portfolio),2026-08-05T18:36:58.568130+00:00,True,
5378,Hoopla,https://hooplafun.com,Lifestyles of Health and Sustainability and wellness,United Arab Emirates,Techstars Portfolio (techstars.com/portfolio),2026-08-05T18:36:58.568130+00:00,True,
5379,HolexP,https://holexp.com,,Lebanon,Techstars Portfolio (techstars.com/portfolio),2026-08-05T18:36:58.568130+00:00,True,
5380,Higher Prana Virtual Reality,https://higherprana.com,"Digital health, Healthtech",United States,Techstars Portfolio (techstars.com/portfolio),2026-08-05T18:36:58.568130+00:00,True,
5381,Hifen,https://hifen.io,"Technology, media and telecommunications",South Korea,Techstars Portfolio (techstars.com/portfolio),2026-08-05T18:36:58.568130+00:00,True,
5382,HERStage,https://herstage.app,"Artificial intelligence and machine learning, Digital health, Femtech, Healthtech, Lifestyles of Health and Sustainability and wellness",,Techstars Portfolio (techstars.com/portfolio),2026-08-05T18:36:58.568130+00:00,True,
5383,Heroic-Faith Medical Science,https://heroic-faith.com,,Taiwan,Techstars Portfolio (techstars.com/portfolio),2026-08-05T18:36:58.568130+00:00,True,
5384,HeroHangout,https://herohangout.io,Edtech,United States,Techstars Portfolio (techstars.com/portfolio),2026-08-05T18:36:58.568130+00:00,True,
5385,HERide,https://heride.com,"Carsharing, Mobility tech",United States,Techstars Portfolio (techstars.com/portfolio),2026-08-05T18:36:58.568130+00:00,True,
5386,Herba,https://herbagrown.com,"Cleantech, Infrastructure",United States,Techstars Portfolio (techstars.com/portfolio),2026-08-05T18:36:58.568130+00:00,True,
5387,Hello Computer,https://hello-computer.net,"Artificial intelligence and machine learning, Edtech, Gaming, Technology, media and telecommunications, Virtual reality",United States,Techstars Portfolio (techstars.com/portfolio),2026-08-05T18:36:58.568130+00:00,True,
5388,Health Inception,,"Cleantech, Climate tech, Healthtech",,Techstars Portfolio (techstars.com/portfolio),2026-08-05T18:36:58.568130+00:00,True,
5389,Healp,https://healp.co,"Digital health, Healthtech",United States,Techstars Portfolio (techstars.com/portfolio),2026-08-05T18:36:58.568130+00:00,True,
5390,Heads Up @ Work™,https://headsup.work,Healthtech,United States,Techstars Portfolio (techstars.com/portfolio),2026-08-05T18:36:58.568130+00:00,True,
5391,Handy Help,https://handyhelp.app,,Ecuador,Techstars Portfolio (techstars.com/portfolio),2026-08-05T18:36:58.568130+00:00,True,
5392,Hakawati AI,https://hakawati.art,,United Arab Emirates,Techstars Portfolio (techstars.com/portfolio),2026-08-05T18:36:58.568130+00:00,True,
5393,Gymnasio,https://gymnasio.it,"Artificial intelligence and machine learning, Augmented reality, Lifestyles of Health and Sustainability and wellness",Italy,Techstars Portfolio (techstars.com/portfolio),2026-08-05T18:36:58.568130+00:00,True,
5394,GYMERZ,https://gymerzapp.com,"Lifestyles of Health and Sustainability and wellness, Marketing tech, Technology, media and telecommunications",Saudi Arabia,Techstars Portfolio (techstars.com/portfolio),2026-08-05T18:36:58.568130+00:00,True,
5395,GURU ARANCELES,https://guruaranceles.com,,Ecuador,Techstars Portfolio (techstars.com/portfolio),2026-08-05T18:36:58.568130+00:00,True,
5396,Grybas,https://grybascr.com,,Costa Rica,Techstars Portfolio (techstars.com/portfolio),2026-08-05T18:36:58.568130+00:00,True,
5397,Growthin,https://growth-in.net,,Saudi Arabia,Techstars Portfolio (techstars.com/portfolio),2026-08-05T18:36:58.568130+00:00,True,
5398,+GROU,https://green-bay-0b7e74f0f.5.azurestaticapps.net,,Ecuador,Techstars Portfolio (techstars.com/portfolio),2026-08-05T18:36:58.568130+00:00,True,
5399,Groombox,https://groombox.me,,United Arab Emirates,Techstars Portfolio (techstars.com/portfolio),2026-08-05T18:36:58.568130+00:00,True,
5400,Grapple,https://askgrapple.com,"Artificial intelligence and machine learning, SaaS",,Techstars Portfolio (techstars.com/portfolio),2026-08-05T18:36:58.568130+00:00,True,
5401,Graphen,https://graphen.ai,,United States,Techstars Portfolio (techstars.com/portfolio),2026-08-05T18:36:58.568130+00:00,True,
5402,GRA&GREEN,https://gragreen.com,,Japan,Techstars Portfolio (techstars.com/portfolio),2026-08-05T18:36:58.568130+00:00,True,
5403,Good Work Hub,https://goodworkhub.com,"Technology, media and telecommunications",United States,Techstars Portfolio (techstars.com/portfolio),2026-08-05T18:36:58.568130+00:00,True,
5404,Goltlak,https://goltlak.com,,Saudi Arabia,Techstars Portfolio (techstars.com/portfolio),2026-08-05T18:36:58.568130+00:00,True,
5405,Go Eve,https://goeve.co.uk,,United Kingdom,Techstars Portfolio (techstars.com/portfolio),2026-08-05T18:36:58.568130+00:00,True,
5406,GoCharly,https://gocharly.ai,"Artificial intelligence and machine learning, Autonomous cars, Drones, Mobility tech, Robotics",Germany,Techstars Portfolio (techstars.com/portfolio),2026-08-05T18:36:58.568130+00:00,True,
5407,Glitch Studio,,,,Techstars Portfolio (techstars.com/portfolio),2026-08-05T18:36:58.568130+00:00,True,
5408,GismoPower,https://gismopower.com,"Cleantech, Climate tech, Mobility tech",United States,Techstars Portfolio (techstars.com/portfolio),2026-08-05T18:36:58.568130+00:00,True,
5409,GetSidekicks,https://getsidekicks.co,"Artificial intelligence and machine learning, SaaS",United States,Techstars Portfolio (techstars.com/portfolio),2026-08-05T18:36:58.568130+00:00,True,
5410,GenWealth,https://genwealth.app,"Cryptocurrency/Blockchain, Fintech, Legal tech",Portugal,Techstars Portfolio (techstars.com/portfolio),2026-08-05T18:36:58.568130+00:00,True,
5411,Genghis,https://genghis.pro,E-commerce,Italy,Techstars Portfolio (techstars.com/portfolio),2026-08-05T18:36:58.568130+00:00,True,
5412,Geeks and Experts,https://geeksandexperts.com,Edtech,United States,Techstars Portfolio (techstars.com/portfolio),2026-08-05T18:36:58.568130+00:00,True,
5413,Gambix,https://gambixit.com,"E-commerce, Marketing tech",United States,Techstars Portfolio (techstars.com/portfolio),2026-08-05T18:36:58.568130+00:00,True,
5414,Galictis,https://inventumbiotech.com,Healthtech,Costa Rica,Techstars Portfolio (techstars.com/portfolio),2026-08-05T18:36:58.568130+00:00,True,
5415,FungiFix,https://fungifix.org,"Agtech, Cleantech, Climate tech, Healthtech",United States,Techstars Portfolio (techstars.com/portfolio),2026-08-05T18:36:58.568130+00:00,True,
5416,Frak,https://sybel.co,Cryptocurrency/Blockchain,France,Techstars Portfolio (techstars.com/portfolio),2026-08-05T18:36:58.568130+00:00,True,
5417,Forefront ATL,https://forefrontatl.com,E-commerce,United States,Techstars Portfolio (techstars.com/portfolio),2026-08-05T18:36:58.568130+00:00,True,
5418,FoodStream,https://foodstreamnetwork.com,"B2B payments, Big Data, Foodtech, SaaS",Colombia,Techstars Portfolio (techstars.com/portfolio),2026-08-05T18:36:58.568130+00:00,True,
5419,Folkit Platforms,https://folkit.us,"Artificial intelligence and machine learning, Real estate tech",India,Techstars Portfolio (techstars.com/portfolio),2026-08-05T18:36:58.568130+00:00,True,
5420,Flexpay,https://flexpay.co.ke,"Fintech, Mobile",Kenya,Techstars Portfolio (techstars.com/portfolio),2026-08-05T18:36:58.568130+00:00,True,
5421,First Gen X,https://first-genx.com,Edtech,United States,Techstars Portfolio (techstars.com/portfolio),2026-08-05T18:36:58.568130+00:00,True,
5422,FireWarden,https://firewarden.ai,"Artificial intelligence and machine learning, Climate tech, Infrastructure, SaaS",United States,Techstars Portfolio (techstars.com/portfolio),2026-08-05T18:36:58.568130+00:00,True,
5423,Findoc AI,https://findoc-ai.com,"Construction technology, Real estate tech",United States,Techstars Portfolio (techstars.com/portfolio),2026-08-05T18:36:58.568130+00:00,True,
5424,FIM TECH,https://futureinnovativeminds.com,,Peru,Techstars Portfolio (techstars.com/portfolio),2026-08-05T18:36:58.568130+00:00,True,
5425,Filming Locations,https://filminglocations.io,"Real estate tech, Technology, media and telecommunications",United Arab Emirates,Techstars Portfolio (techstars.com/portfolio),2026-08-05T18:36:58.568130+00:00,True,
5426,Fermenstation,https://fermenstation.jp,,Japan,Techstars Portfolio (techstars.com/portfolio),2026-08-05T18:36:58.568130+00:00,True,
5427,Femtech Solution,https://wellmama.mn,,Mongolia,Techstars Portfolio (techstars.com/portfolio),2026-08-05T18:36:58.568130+00:00,True,
5428,Fem Equity,https://linktr.ee/femequity,"Technology, media and telecommunications",United States,Techstars Portfolio (techstars.com/portfolio),2026-08-05T18:36:58.568130+00:00,True,
5429,FEdu,https://linkedin.com/in/kavi-solanki,,United States,Techstars Portfolio (techstars.com/portfolio),2026-08-05T18:36:58.568130+00:00,True,
5430,Fast Space,https://fast-space.tech,"Cleantech, Climate tech, Infrastructure",Japan,Techstars Portfolio (techstars.com/portfolio),2026-08-05T18:36:58.568130+00:00,True,
5431,Fashionar,https://fashionar.com.ar,,Argentina,Techstars Portfolio (techstars.com/portfolio),2026-08-05T18:36:58.568130+00:00,True,
5432,FarmerNet.org,,,United States,Techstars Portfolio (techstars.com/portfolio),2026-08-05T18:36:58.568130+00:00,True,
5433,Family+Happy,https://babysitter.familyhappy.it,"Artificial intelligence and machine learning, Femtech, HRtech, Lifestyles of Health and Sustainability and wellness",Italy,Techstars Portfolio (techstars.com/portfolio),2026-08-05T18:36:58.568130+00:00,True,
5434,Faena Co,https://faena.cc,"Artificial intelligence and machine learning, Edtech",United States,Techstars Portfolio (techstars.com/portfolio),2026-08-05T18:36:58.568130+00:00,True,
5435,Fabio Muroni,https://linkedin.com/in/fabiomuroni,,Germany,Techstars Portfolio (techstars.com/portfolio),2026-08-05T18:36:58.568130+00:00,True,
5436,EveryBaby,https://everybaby.uk,,United Kingdom,Techstars Portfolio (techstars.com/portfolio),2026-08-05T18:36:58.568130+00:00,True,
5437,Equivalent,https://equivalentsvg.io,"Internet of Things, Marketing tech, Technology, media and telecommunications",United States,Techstars Portfolio (techstars.com/portfolio),2026-08-05T18:36:58.568130+00:00,True,
5438,Equilo,https://equilo.io,"Artificial intelligence and machine learning, Big Data",United States,Techstars Portfolio (techstars.com/portfolio),2026-08-05T18:36:58.568130+00:00,True,
5439,Entrepreneurs First,https://joinef.com,"Cleantech, Climate tech",United Kingdom,Techstars Portfolio (techstars.com/portfolio),2026-08-05T18:36:58.568130+00:00,True,
5440,Emkubar,https://emkubar.org,,Colombia,Techstars Portfolio (techstars.com/portfolio),2026-08-05T18:36:58.568130+00:00,True,
5441,Elle Capital,https://ellecapital.com,"Artificial intelligence and machine learning, Big Data, Femtech, Fintech",United States,Techstars Portfolio (techstars.com/portfolio),2026-08-05T18:36:58.568130+00:00,True,
5442,Elizabeth Okullow,,,Kenya,Techstars Portfolio (techstars.com/portfolio),2026-08-05T18:36:58.568130+00:00,True,
5443,elggo,https://elggo.com,Edtech,United Arab Emirates,Techstars Portfolio (techstars.com/portfolio),2026-08-05T18:36:58.568130+00:00,True,
5444,Electric Vehicle Ecosystem,https://eve-mobility.io,,Ireland,Techstars Portfolio (techstars.com/portfolio),2026-08-05T18:36:58.568130+00:00,True,
5445,ELAB4 Space,https://elab4space.com,,,Techstars Portfolio (techstars.com/portfolio),2026-08-05T18:36:58.568130+00:00,True,
5446,EezyTeach,https://eezyteach.com,Edtech,Jamaica,Techstars Portfolio (techstars.com/portfolio),2026-08-05T18:36:58.568130+00:00,True,
5447,Edumokia Technologies,https://edumokia.com,,Chile,Techstars Portfolio (techstars.com/portfolio),2026-08-05T18:36:58.568130+00:00,True,
5448,edmX,https://edmxlabs.com,Manufacturing,United States,Techstars Portfolio (techstars.com/portfolio),2026-08-05T18:36:58.568130+00:00,True,
5449,Echofide,https://echofide.com,"Cryptocurrency/Blockchain, E-commerce, Fintech",United Kingdom,Techstars Portfolio (techstars.com/portfolio),2026-08-05T18:36:58.568130+00:00,True,
5450,Earlybean,https://earlybean.co,"Edtech, Fintech",Nigeria,Techstars Portfolio (techstars.com/portfolio),2026-08-05T18:36:58.568130+00:00,True,
5451,Duckfund,https://duckfund.com,,United States,Techstars Portfolio (techstars.com/portfolio),2026-08-05T18:36:58.568130+00:00,True,
5452,"Dreamfarm Solution Co., Ltd",https://dreamfarmsolution.co.kr,,,Techstars Portfolio (techstars.com/portfolio),2026-08-05T18:36:58.568130+00:00,True,
5453,Doog,https://jp.doog-inc.com,Robotics,Japan,Techstars Portfolio (techstars.com/portfolio),2026-08-05T18:36:58.568130+00:00,True,
5454,D-Olivette Solutions,https://d-olivette.io,"Cleantech, Climate tech",Nigeria,Techstars Portfolio (techstars.com/portfolio),2026-08-05T18:36:58.568130+00:00,True,
5455,Docology,https://docologyhealth.ai,Healthtech,,Techstars Portfolio (techstars.com/portfolio),2026-08-05T18:36:58.568130+00:00,True,
5456,Divercial,https://divercialwork.com,HRtech,United States,Techstars Portfolio (techstars.com/portfolio),2026-08-05T18:36:58.568130+00:00,True,
5457,Diagnio,https://diagnio.com,"Digital health, Femtech, Healthtech, Life sciences, Lifestyles of Health and Sustainability and wellness",United States,Techstars Portfolio (techstars.com/portfolio),2026-08-05T18:36:58.568130+00:00,True,
5458,DentalFynd,https://dentalfynd.com,"Artificial intelligence and machine learning, Digital health, Healthtech",United States,Techstars Portfolio (techstars.com/portfolio),2026-08-05T18:36:58.568130+00:00,True,
5459,Dendro,https://dendrolatam.com,,Argentina,Techstars Portfolio (techstars.com/portfolio),2026-08-05T18:36:58.568130+00:00,True,
5460,Deepnosis,https://deepnosis.org,"Artificial intelligence and machine learning, Digital health, Healthtech",United States,Techstars Portfolio (techstars.com/portfolio),2026-08-05T18:36:58.568130+00:00,True,
5461,DeepDrive,https://deepdrive.tech,,,Techstars Portfolio (techstars.com/portfolio),2026-08-05T18:36:58.568130+00:00,True,
5462,Day Pass Costa Rica,https://daypasscr.com,,Costa Rica,Techstars Portfolio (techstars.com/portfolio),2026-08-05T18:36:58.568130+00:00,True,
5463,Daycare.com,https://daycare.com,"Artificial intelligence and machine learning, Big Data, Edtech",United States,Techstars Portfolio (techstars.com/portfolio),2026-08-05T18:36:58.568130+00:00,True,
5464,DataCare,,"Artificial intelligence and machine learning, Digital health, Healthtech, SaaS",United States,Techstars Portfolio (techstars.com/portfolio),2026-08-05T18:36:58.568130+00:00,True,
5465,Cyvergance.AI,https://cyvergance.ai,"Artificial intelligence and machine learning, Edtech",United States,Techstars Portfolio (techstars.com/portfolio),2026-08-05T18:36:58.568130+00:00,True,
5466,CUMPLY,https://cumply.com,,Guatemala,Techstars Portfolio (techstars.com/portfolio),2026-08-05T18:36:58.568130+00:00,True,
5467,C's Techno,https://c-stechno.sakura.ne.jp,,Japan,Techstars Portfolio (techstars.com/portfolio),2026-08-05T18:36:58.568130+00:00,True,
5468,Crowd Round,https://thecrowdround.wordpress.com,"Technology, media and telecommunications",United States,Techstars Portfolio (techstars.com/portfolio),2026-08-05T18:36:58.568130+00:00,True,
5469,Crowd Fund Your Fees,https://crowdfundyourfees.com,,United States,Techstars Portfolio (techstars.com/portfolio),2026-08-05T18:36:58.568130+00:00,True,
5470,CROSS SYNC,https://cross-sync.co.jp,,Japan,Techstars Portfolio (techstars.com/portfolio),2026-08-05T18:36:58.568130+00:00,True,
5471,Creative Futures Collective,https://creativefuturescollective.com,HRtech,United States,Techstars Portfolio (techstars.com/portfolio),2026-08-05T18:36:58.568130+00:00,True,
5472,CpG Diagnostics,https://cpgdiagnostics.com,Oncology,United States,Techstars Portfolio (techstars.com/portfolio),2026-08-05T18:36:58.568130+00:00,True,
5473,CoTripper,https://cotripper.co,"Technology, media and telecommunications",United States,Techstars Portfolio (techstars.com/portfolio),2026-08-05T18:36:58.568130+00:00,True,
5474,Cosign Review,https://cosign.reviews,E-commerce,United States,Techstars Portfolio (techstars.com/portfolio),2026-08-05T18:36:58.568130+00:00,True,
5475,CoreValue ltd,,,,Techstars Portfolio (techstars.com/portfolio),2026-08-05T18:36:58.568130+00:00,True,
5476,Cora Finance,,,El Salvador,Techstars Portfolio (techstars.com/portfolio),2026-08-05T18:36:58.568130+00:00,True,
5477,CoordiCare,https://coordicare.app,"Digital health, Healthtech",United States,Techstars Portfolio (techstars.com/portfolio),2026-08-05T18:36:58.568130+00:00,True,
5478,ConsiderBeyond,https://considerbeyond.com,,,Techstars Portfolio (techstars.com/portfolio),2026-08-05T18:36:58.568130+00:00,True,
5479,comuhack,https://comuhack.com,,Peru,Techstars Portfolio (techstars.com/portfolio),2026-08-05T18:36:58.568130+00:00,True,
5480,Compannia,https://compannia.com,,Mexico,Techstars Portfolio (techstars.com/portfolio),2026-08-05T18:36:58.568130+00:00,True,
5481,Common Ground,https://commonground.world,"Technology, media and telecommunications",United States,Techstars Portfolio (techstars.com/portfolio),2026-08-05T18:36:58.568130+00:00,True,
5482,Comit,,"Digital health, Healthtech, Lifestyles of Health and Sustainability and wellness",,Techstars Portfolio (techstars.com/portfolio),2026-08-05T18:36:58.568130+00:00,True,
5483,ComfortlyTravel,https://comfortlytravel.com,"Big Data, Marketing tech, Mobile commerce",United States,Techstars Portfolio (techstars.com/portfolio),2026-08-05T18:36:58.568130+00:00,True,
5484,College Thriver Education,https://college-thriver.org,"Artificial intelligence and machine learning, Edtech",United States,Techstars Portfolio (techstars.com/portfolio),2026-08-05T18:36:58.568130+00:00,True,
5485,Collective Apparel Co,https://partiful.com,Beauty,United States,Techstars Portfolio (techstars.com/portfolio),2026-08-05T18:36:58.568130+00:00,True,
5486,ColeTech Group,https://coletechgroup.tech,"Cleantech, Climate tech",United States,Techstars Portfolio (techstars.com/portfolio),2026-08-05T18:36:58.568130+00:00,True,
5487,Coherent API,https://coherent.sh,"Cryptocurrency/Blockchain, Fintech",United States,Techstars Portfolio (techstars.com/portfolio),2026-08-05T18:36:58.568130+00:00,True,
5488,CodlyTool,https://codly.com.br,,Brazil,Techstars Portfolio (techstars.com/portfolio),2026-08-05T18:36:58.568130+00:00,True,
5489,Codified Health,https://codifiedhealth.com,Healthtech,United States,Techstars Portfolio (techstars.com/portfolio),2026-08-05T18:36:58.568130+00:00,True,
5490,CodeCrain,https://codecrain.com,,,Techstars Portfolio (techstars.com/portfolio),2026-08-05T18:36:58.568130+00:00,True,
5491,Cliquerie,https://cliquerie.com,Lifestyles of Health and Sustainability and wellness,United States,Techstars Portfolio (techstars.com/portfolio),2026-08-05T18:36:58.568130+00:00,True,
5492,Clinicode,https://clinicode.app,Healthtech,United States,Techstars Portfolio (techstars.com/portfolio),2026-08-05T18:36:58.568130+00:00,True,
5493,Clafiya,https://clafiya.com,"Artificial intelligence and machine learning, Digital health, Fintech, Healthtech, Insurtech",Nigeria,Techstars Portfolio (techstars.com/portfolio),2026-08-05T18:36:58.568130+00:00,True,
5494,Citadel AI,https://citadel.co.jp,,Japan,Techstars Portfolio (techstars.com/portfolio),2026-08-05T18:36:58.568130+00:00,True,
5495,Cimu,https://shopcimu.com,"E-commerce, SaaS",United States,Techstars Portfolio (techstars.com/portfolio),2026-08-05T18:36:58.568130+00:00,True,
5496,CHOZEN MEDIA,https://chozenmedia.co,Edtech,United States,Techstars Portfolio (techstars.com/portfolio),2026-08-05T18:36:58.568130+00:00,True,
5497,Chilon Industries,https://chilonindustries.com,Beauty,United States,Techstars Portfolio (techstars.com/portfolio),2026-08-05T18:36:58.568130+00:00,True,
5498,ChewyLogic,https://chewylogic.com,Healthtech,United States,Techstars Portfolio (techstars.com/portfolio),2026-08-05T18:36:58.568130+00:00,True,
5499,Chef2nite,https://chef2nite.com,Foodtech,United States,Techstars Portfolio (techstars.com/portfolio),2026-08-05T18:36:58.568130+00:00,True,
5500,ChallengeHub,https://challengehub.app,,,Techstars Portfolio (techstars.com/portfolio),2026-08-05T18:36:58.568130+00:00,True,
5501,Chaintope,https://chaintope.com,,Japan,Techstars Portfolio (techstars.com/portfolio),2026-08-05T18:36:58.568130+00:00,True,
5502,CENT,https://thecent.co,"Artificial intelligence and machine learning, Climate tech, Infrastructure, Manufacturing, Mobility tech",United Kingdom,Techstars Portfolio (techstars.com/portfolio),2026-08-05T18:36:58.568130+00:00,True,
5503,Cellor,https://asforafriyie.com,,Germany,Techstars Portfolio (techstars.com/portfolio),2026-08-05T18:36:58.568130+00:00,True,
5504,Cellid,https://cellid.com,,Japan,Techstars Portfolio (techstars.com/portfolio),2026-08-05T18:36:58.568130+00:00,True,
5505,Celestial Space Technologies,https://celestialspacetechnologies.com,,Germany,Techstars Portfolio (techstars.com/portfolio),2026-08-05T18:36:58.568130+00:00,True,
5506,Cathoven,https://cathoven.com,"Artificial intelligence and machine learning, Edtech",United States,Techstars Portfolio (techstars.com/portfolio),2026-08-05T18:36:58.568130+00:00,True,
5507,Castin,https://castinapp.com,"Edtech, HRtech, Technology, media and telecommunications",Saudi Arabia,Techstars Portfolio (techstars.com/portfolio),2026-08-05T18:36:58.568130+00:00,True,
5508,Caroline School,https://carolineschool.cl,,Chile,Techstars Portfolio (techstars.com/portfolio),2026-08-05T18:36:58.568130+00:00,True,
5509,Carolina Soto,https://linkedin.com/in/carolinasotor,,Germany,Techstars Portfolio (techstars.com/portfolio),2026-08-05T18:36:58.568130+00:00,True,
5510,Cargar,https://cargar.in,"Cleantech, Infrastructure, Mobility tech",India,Techstars Portfolio (techstars.com/portfolio),2026-08-05T18:36:58.568130+00:00,True,
5511,carching,https://carching.co,"Adtech, Audiotech, Big Data, Mobility tech",Malaysia,Techstars Portfolio (techstars.com/portfolio),2026-08-05T18:36:58.568130+00:00,True,
5512,CaraCaro,https://caracaroskincare.com,"Artificial intelligence and machine learning, Beauty, Digital health, Femtech",United States,Techstars Portfolio (techstars.com/portfolio),2026-08-05T18:36:58.568130+00:00,True,
5513,CantaJuega conmigo,https://cantajuegaconmigo.com,,Guatemala,Techstars Portfolio (techstars.com/portfolio),2026-08-05T18:36:58.568130+00:00,True,
5514,CALIFICADAS,https://calificadas.com,,Colombia,Techstars Portfolio (techstars.com/portfolio),2026-08-05T18:36:58.568130+00:00,True,
5515,C2A Security,https://c2a-sec.com,,Israel,Techstars Portfolio (techstars.com/portfolio),2026-08-05T18:36:58.568130+00:00,True,
5516,Bullseye AI,https://bullseye-ai.com,Marketing tech,United States,Techstars Portfolio (techstars.com/portfolio),2026-08-05T18:36:58.568130+00:00,True,
5517,Brikap,https://brikap.co,Edtech,Colombia,Techstars Portfolio (techstars.com/portfolio),2026-08-05T18:36:58.568130+00:00,True,
5518,Bright Labs,,Fintech,United States,Techstars Portfolio (techstars.com/portfolio),2026-08-05T18:36:58.568130+00:00,True,
5519,Bridesquad by Meedri,https://bridesquadapp.com,Marketing tech,United States,Techstars Portfolio (techstars.com/portfolio),2026-08-05T18:36:58.568130+00:00,True,
5520,Bream,https://hellobream.com,"Edtech, Healthtech",United States,Techstars Portfolio (techstars.com/portfolio),2026-08-05T18:36:58.568130+00:00,True,
5521,BRCĒ,https://brce.shop,Healthtech,United States,Techstars Portfolio (techstars.com/portfolio),2026-08-05T18:36:58.568130+00:00,True,
5522,BORN DIGITAL IO,https://borndigital.io,,Nicaragua,Techstars Portfolio (techstars.com/portfolio),2026-08-05T18:36:58.568130+00:00,True,
5523,BookCloud,https://bookcloudme.com,"Internet of Things, Technology, media and telecommunications",Egypt,Techstars Portfolio (techstars.com/portfolio),2026-08-05T18:36:58.568130+00:00,True,
5524,Bonita en casa,https://bonitaencasa.com,,Argentina,Techstars Portfolio (techstars.com/portfolio),2026-08-05T18:36:58.568130+00:00,True,
5525,Blue Labs,https://bluelabs.kr,"Cleantech, Climate tech, Impact investing, Lifestyles of Health and Sustainability and wellness, Manufacturing",South Korea,Techstars Portfolio (techstars.com/portfolio),2026-08-05T18:36:58.568130+00:00,True,
5526,Bluekali,https://bluekali.mx,"Cleantech, Climate tech",Mexico,Techstars Portfolio (techstars.com/portfolio),2026-08-05T18:36:58.568130+00:00,True,
5527,Blooming Eve,https://bloomingeve.com,"Digital health, Healthtech",United States,Techstars Portfolio (techstars.com/portfolio),2026-08-05T18:36:58.568130+00:00,True,
5528,Blink Last Mile,https://blinklastmile.com,Micromobility,Italy,Techstars Portfolio (techstars.com/portfolio),2026-08-05T18:36:58.568130+00:00,True,
5529,Blerp,https://blerp.com,"Artificial intelligence and machine learning, Audiotech, Gaming, Internet of Things, Mobile",United States,Techstars Portfolio (techstars.com/portfolio),2026-08-05T18:36:58.568130+00:00,True,
5530,Blerify,https://blerify.com,,Panama,Techstars Portfolio (techstars.com/portfolio),2026-08-05T18:36:58.568130+00:00,True,
5531,Bizi,https://bizimotivates.com,Edtech,United States,Techstars Portfolio (techstars.com/portfolio),2026-08-05T18:36:58.568130+00:00,True,
5532,Biotransport Systems Development,https://biotransporthealth.com,"Artificial intelligence and machine learning, Digital health, Healthtech",United States,Techstars Portfolio (techstars.com/portfolio),2026-08-05T18:36:58.568130+00:00,True,
5533,Biotoken,https://biotoken.world,,Argentina,Techstars Portfolio (techstars.com/portfolio),2026-08-05T18:36:58.568130+00:00,True,
5534,BionicM,https://bionicm.com,,Japan,Techstars Portfolio (techstars.com/portfolio),2026-08-05T18:36:58.568130+00:00,True,
5535,BIOHACK UIO,https://biohackuio.com,,Ecuador,Techstars Portfolio (techstars.com/portfolio),2026-08-05T18:36:58.568130+00:00,True,
5536,Binibi,https://binibi.co,Edtech,United States,Techstars Portfolio (techstars.com/portfolio),2026-08-05T18:36:58.568130+00:00,True,
5537,Bee business suite,https://beesys.net,,Costa Rica,Techstars Portfolio (techstars.com/portfolio),2026-08-05T18:36:58.568130+00:00,True,
5538,BecaLab,https://becalab.org,,Guatemala,Techstars Portfolio (techstars.com/portfolio),2026-08-05T18:36:58.568130+00:00,True,
5539,Bebe Bitez,https://bebebitez.com,,United States,Techstars Portfolio (techstars.com/portfolio),2026-08-05T18:36:58.568130+00:00,True,
5540,Bamboo Design & Development,https://bamboodd.com,,Taiwan,Techstars Portfolio (techstars.com/portfolio),2026-08-05T18:36:58.568130+00:00,True,
5541,Balqees For Her,https://balqeesforher.net,,Saudi Arabia,Techstars Portfolio (techstars.com/portfolio),2026-08-05T18:36:58.568130+00:00,True,
5542,Balance App,https://balanceapp.io,Fintech,United States,Techstars Portfolio (techstars.com/portfolio),2026-08-05T18:36:58.568130+00:00,True,
5543,Babbu,https://babbu.co.uk,,United Kingdom,Techstars Portfolio (techstars.com/portfolio),2026-08-05T18:36:58.568130+00:00,True,
5544,Aware.ai,https://awareai-usa.com,"Healthtech, Insurtech, Lifestyles of Health and Sustainability and wellness",United States,Techstars Portfolio (techstars.com/portfolio),2026-08-05T18:36:58.568130+00:00,True,
5545,AVILON INTELLIGENCE,https://avilon.co,,,Techstars Portfolio (techstars.com/portfolio),2026-08-05T18:36:58.568130+00:00,True,
5546,Avalanche Computing Taiwan,https://avalanc.com,,Taiwan,Techstars Portfolio (techstars.com/portfolio),2026-08-05T18:36:58.568130+00:00,True,
5547,Autonomie.AI,https://autonomie.ai,Artificial intelligence and machine learning,United States,Techstars Portfolio (techstars.com/portfolio),2026-08-05T18:36:58.568130+00:00,True,
5548,Atrium Lab,https://atrium.io,Cryptocurrency/Blockchain,United States,Techstars Portfolio (techstars.com/portfolio),2026-08-05T18:36:58.568130+00:00,True,
5549,Atomis,https://atomis.co.jp,,Japan,Techstars Portfolio (techstars.com/portfolio),2026-08-05T18:36:58.568130+00:00,True,
5550,Ashvins.ai,https://med.usc.edu,Healthtech,United States,Techstars Portfolio (techstars.com/portfolio),2026-08-05T18:36:58.568130+00:00,True,
5551,ARdist,https://schol-ar.io,Edtech,United States,Techstars Portfolio (techstars.com/portfolio),2026-08-05T18:36:58.568130+00:00,True,
5552,Archelis,https://archelis.com,,,Techstars Portfolio (techstars.com/portfolio),2026-08-05T18:36:58.568130+00:00,True,
5553,AQUATRAX,https://aquatraxsolutions.com,"Cleantech, Climate tech",United States,Techstars Portfolio (techstars.com/portfolio),2026-08-05T18:36:58.568130+00:00,True,
5554,AquaMnara,https://aquamnara.com,"Cleantech, Climate tech",Kenya,Techstars Portfolio (techstars.com/portfolio),2026-08-05T18:36:58.568130+00:00,True,
5555,aqssar,https://aqssar.com,,Saudi Arabia,Techstars Portfolio (techstars.com/portfolio),2026-08-05T18:36:58.568130+00:00,True,
5556,Applixy™,https://myapplixy.com,"Artificial intelligence and machine learning, Edtech, SaaS",United States,Techstars Portfolio (techstars.com/portfolio),2026-08-05T18:36:58.568130+00:00,True,
5557,ANTS QUANTUM,,,Germany,Techstars Portfolio (techstars.com/portfolio),2026-08-05T18:36:58.568130+00:00,True,
5558,Animation Nights New York,https://animationnights.com,Marketing tech,United States,Techstars Portfolio (techstars.com/portfolio),2026-08-05T18:36:58.568130+00:00,True,
5559,Animal Voice,,,,Techstars Portfolio (techstars.com/portfolio),2026-08-05T18:36:58.568130+00:00,True,
5560,Ane swimwear,https://aneswim.com,Lifestyles of Health and Sustainability and wellness,United States,Techstars Portfolio (techstars.com/portfolio),2026-08-05T18:36:58.568130+00:00,True,
5561,Andover Analytics,https://andoveranalytics.co,"Artificial intelligence and machine learning, Big Data, E-commerce, Fintech, SaaS",,Techstars Portfolio (techstars.com/portfolio),2026-08-05T18:36:58.568130+00:00,True,
5562,Andamio,https://andamio.io,Cryptocurrency/Blockchain,Colombia,Techstars Portfolio (techstars.com/portfolio),2026-08-05T18:36:58.568130+00:00,True,
5563,Anapact,https://thesmartheadgear.com,"Fintech, Healthtech, Lifestyles of Health and Sustainability and wellness, SaaS",United States,Techstars Portfolio (techstars.com/portfolio),2026-08-05T18:36:58.568130+00:00,True,
5564,Amotions,https://amotionsinc.com,Artificial intelligence and machine learning,United States,Techstars Portfolio (techstars.com/portfolio),2026-08-05T18:36:58.568130+00:00,True,
5565,Amimodo,https://amimodo.org,,Costa Rica,Techstars Portfolio (techstars.com/portfolio),2026-08-05T18:36:58.568130+00:00,True,
5566,Ambar,https://aonbarr.co.jp,"Cleantech, Climate tech, Infrastructure, Manufacturing",,Techstars Portfolio (techstars.com/portfolio),2026-08-05T18:36:58.568130+00:00,True,
5567,Altathir,https://altathir.com,,Saudi Arabia,Techstars Portfolio (techstars.com/portfolio),2026-08-05T18:36:58.568130+00:00,True,
5568,Almakhfi,https://almakhfi.com,Edtech,Saudi Arabia,Techstars Portfolio (techstars.com/portfolio),2026-08-05T18:36:58.568130+00:00,True,
5569,ALL iFOODS,https://allikayfoodtech.com,,Ecuador,Techstars Portfolio (techstars.com/portfolio),2026-08-05T18:36:58.568130+00:00,True,
5570,AJÁ APP,https://aja-app.ec,,Ecuador,Techstars Portfolio (techstars.com/portfolio),2026-08-05T18:36:58.568130+00:00,True,
5571,Ai.vocate,https://aivocate.com,"Artificial intelligence and machine learning, Legal tech, Mobile",United States,Techstars Portfolio (techstars.com/portfolio),2026-08-05T18:36:58.568130+00:00,True,
5572,AISynergy,https://aisynergy.eu,"Artificial intelligence and machine learning, Cleantech, Industrials, Infrastructure",,Techstars Portfolio (techstars.com/portfolio),2026-08-05T18:36:58.568130+00:00,True,
5573,AIRMO,https://airmo.io,"Cleantech, Climate tech, Space tech",Germany,Techstars Portfolio (techstars.com/portfolio),2026-08-05T18:36:58.568130+00:00,True,
5574,AirBear,https://airbear.ai,"Digital health, Healthtech, Wearables and quantified self",United States,Techstars Portfolio (techstars.com/portfolio),2026-08-05T18:36:58.568130+00:00,True,
5575,airamp,https://airamp.net,,Japan,Techstars Portfolio (techstars.com/portfolio),2026-08-05T18:36:58.568130+00:00,True,
5576,AfroHealth,https://afrohealth.care,"Artificial intelligence and machine learning, Digital health, Healthtech, Lifestyles of Health and Sustainability and wellness",United States,Techstars Portfolio (techstars.com/portfolio),2026-08-05T18:36:58.568130+00:00,True,
5577,AdvanceEDU,https://myadvanceedu.org,Edtech,United States,Techstars Portfolio (techstars.com/portfolio),2026-08-05T18:36:58.568130+00:00,True,
5578,Adetex.ID Ltd,https://adetexs.id,"Cleantech, Climate tech",United Kingdom,Techstars Portfolio (techstars.com/portfolio),2026-08-05T18:36:58.568130+00:00,True,
5579,Acusense Biomedical Technology Corp,https://acusense.com.tw,,Taiwan,Techstars Portfolio (techstars.com/portfolio),2026-08-05T18:36:58.568130+00:00,True,
5580,Acoustic Innovations,https://show-tire.com,"Cleantech, Climate tech, Infrastructure, Mobility tech",Japan,Techstars Portfolio (techstars.com/portfolio),2026-08-05T18:36:58.568130+00:00,True,
5581,Access Mode,https://accessmode.org,Impact investing,United States,Techstars Portfolio (techstars.com/portfolio),2026-08-05T18:36:58.568130+00:00,True,
5582,AcceptGO,https://acceptgo.co,"Edtech, HRtech",Bolivia,Techstars Portfolio (techstars.com/portfolio),2026-08-05T18:36:58.568130+00:00,True,
5583,Accent,https://accentshop.co,"Artificial intelligence and machine learning, HRtech, Marketing tech, Mobile commerce, Supply chain technology",United States,Techstars Portfolio (techstars.com/portfolio),2026-08-05T18:36:58.568130+00:00,True,
5584,AC Biode,https://acbiode.com,Cleantech,Japan,Techstars Portfolio (techstars.com/portfolio),2026-08-05T18:36:58.568130+00:00,True,
5585,Acall,https://asia.acall.inc,,Japan,Techstars Portfolio (techstars.com/portfolio),2026-08-05T18:36:58.568130+00:00,True,
5586,AcademIA STEAM PY,https://academia steam py.invalid,,Paraguay,Techstars Portfolio (techstars.com/portfolio),2026-08-05T18:36:58.568130+00:00,True,
5587,Abdallah Moubarak,https://abdollah.vercel.app,,Lebanon,Techstars Portfolio (techstars.com/portfolio),2026-08-05T18:36:58.568130+00:00,True,
5588,4Thought Studios,https://4thoughtstudios.com,Internet of Things,United States,Techstars Portfolio (techstars.com/portfolio),2026-08-05T18:36:58.568130+00:00,True,
5589,3Dropolis,https://3dropolis-demo.framer.website,"Technology, media and telecommunications",United States,Techstars Portfolio (techstars.com/portfolio),2026-08-05T18:36:58.568130+00:00,True,
5590,2nd Vault,https://2ndvault.com,"Fintech, Legal tech",United States,Techstars Portfolio (techstars.com/portfolio),2026-08-05T18:36:58.568130+00:00,True,
