S_No,Company_name,Website,Sector,Country,Source,Updated_at,Active,No_of_employees
26331,BBy,http://www.bbymilk.com,Healthcare,USA,Y Combinator,2026-08-05 18:56:23,1,70
26311,WhiteLab Genomics,https://whitelabgx.com,Healthcare,France,Y Combinator,2026-08-05 18:56:23,1,40
26307,Mindbase,https://mymindbase.ai,B2B,USA,Y Combinator,2026-08-05 18:56:23,1,7
26303,Massdriver,https://massdriver.cloud,B2B,USA,Y Combinator,2026-08-05 18:56:23,1,4
26296,Reality Defender,http://www.realitydefender.com,B2B,USA,Y Combinator,2026-08-05 18:56:23,1,54
26294,Lizza,https://lizza.link,B2B,Mexico,Y Combinator,2026-08-05 18:56:23,1,7
26290,Mono,https://mono.la,Fintech,Colombia,Y Combinator,2026-08-05 18:56:23,1,30
26277,CrediBook,https://credibook.com/,B2B,Indonesia,Y Combinator,2026-08-05 18:56:23,1,53
26268,Remi,https://www.remihq.com,Real Estate and Construction,USA,Y Combinator,2026-08-05 18:56:23,1,170
26267,Fresh Factory,http://freshfactory.id/,B2B,Indonesia,Y Combinator,2026-08-05 18:56:23,1,100
26266,Onboard.io,https://onboard.io,B2B,USA,Y Combinator,2026-08-05 18:56:23,1,6
26264,Jutsoo,https://www.jutsoo.com/,B2B,Indonesia,Y Combinator,2026-08-05 18:56:23,1,12
26254,Eventual,https://www.daft.ai/,B2B,USA,Y Combinator,2026-08-05 18:56:23,1,18
26242,Finnix,http://finnix.id,Fintech,Indonesia,Y Combinator,2026-08-05 18:56:23,1,13
26205,Karate Labs,https://karatelabs.io,B2B,USA,Y Combinator,2026-08-05 18:56:23,1,2
26190,HippoBuild,https://hippo.build,Real Estate and Construction,Colombia,Y Combinator,2026-08-05 18:56:23,1,5
26183,Pantore Pay,https://www.pantorepay.com.br,Fintech,Brazil,Y Combinator,2026-08-05 18:56:23,1,25
26163,beU delivery,https://beudelivery.com/,Consumer,Ethiopia,Y Combinator,2026-08-05 18:56:23,1,300
26148,Powerdocs,https://powerdocs.so,B2B,Germany,Y Combinator,2026-08-05 18:56:23,1,4
26147,Cofactr,https://www.cofactr.com/,B2B,USA,Y Combinator,2026-08-05 18:56:23,1,15
26139,Revoy,https://www.revoy.com,Industrials,USA,Y Combinator,2026-08-05 18:56:23,1,4
26138,KorrAI,https://www.korrai.com,Industrials,Canada,Y Combinator,2026-08-05 18:56:23,1,24
26134,Beyond Aero,https://www.beyond-aero.com/,Industrials,France,Y Combinator,2026-08-05 18:56:23,1,80
26125,GovDash,https://govdash.com/,Government,USA,Y Combinator,2026-08-05 18:56:23,1,56
26122,"Origami Therapeutics, Inc.",http://origamitherapeutics.com,Healthcare,USA,Y Combinator,2026-08-05 18:56:23,1,4
26121,Cinapse,https://cinapse.io,B2B,USA,Y Combinator,2026-08-05 18:56:23,1,2
26120,AirMyne,http://www.airmyne.com,Industrials,USA,Y Combinator,2026-08-05 18:56:23,1,11
26118,Offbeast,https://www.offbeast.com,Consumer,USA,Y Combinator,2026-08-05 18:56:23,1,15
26109,Poko,http://www.pokoapp.xyz,Fintech,Singapore,Y Combinator,2026-08-05 18:56:23,1,10
26108,GoSats,https://gosats.io,Fintech,United Arab Emirates,Y Combinator,2026-08-05 18:56:23,1,8
26094,Cellbyte,https://www.cellbyte.com/,Healthcare,Germany,Y Combinator,2026-08-05 18:56:23,1,3
26073,Dealls – Jobs & Mentoring,https://dealls.com,B2B,Indonesia,Y Combinator,2026-08-05 18:56:23,1,127
26072,Impossible Metals,https://impossiblemetals.com,Industrials,USA,Y Combinator,2026-08-05 18:56:23,1,20
26067,Trusty,https://trustyhomes.com/,Real Estate and Construction,USA,Y Combinator,2026-08-05 18:56:23,1,6
26066,Query Vary,https://queryvary.com,B2B,USA,Y Combinator,2026-08-05 18:56:23,1,6
26054,Circular,https://www.nowcircular.com,Consumer,Singapore,Y Combinator,2026-08-05 18:56:23,1,25
26053,Powerhouse AI,https://www.powerhouseai.com,B2B,Singapore,Y Combinator,2026-08-05 18:56:23,1,6
26051,GIMO,https://gimo.vn/en,Fintech,Vietnam,Y Combinator,2026-08-05 18:56:23,1,70
26050,Olympian Motors,https://olympianmotors.com/,Industrials,USA,Y Combinator,2026-08-05 18:56:23,1,10
26049,Netmaker,https://netmaker.io,B2B,USA,Y Combinator,2026-08-05 18:56:23,1,7
26041,The Ankler,https://theankler.com,Consumer,USA,Y Combinator,2026-08-05 18:56:23,1,2
26035,Darsel,http://darsel.tech,Education,Jordan,Y Combinator,2026-08-05 18:56:23,1,5
26034,Kenobi,https://kenobi.ai,B2B,United Kingdom,Y Combinator,2026-08-05 18:56:23,1,3
26033,Heptabase,https://heptabase.com/,Consumer,United Kingdom,Y Combinator,2026-08-05 18:56:23,1,10
26032,Reviving Mind,https://www.revivingmind.com/,Healthcare,USA,Y Combinator,2026-08-05 18:56:23,1,3
26020,Koko,https://kokocares.org,Healthcare,,Y Combinator,2026-08-05 18:56:23,1,8
26019,AYC Fund,http://www.AYCFund.com/,Fintech,South Korea,Y Combinator,2026-08-05 18:56:23,1,1
26016,Finku,http://finku.id,Fintech,Indonesia,Y Combinator,2026-08-05 18:56:23,1,20
26012,Postal,https://usepostal.com,Fintech,USA,Y Combinator,2026-08-05 18:56:23,1,4
26004,Avocademy,http://www.Avocademy.com,Education,USA,Y Combinator,2026-08-05 18:56:23,1,6
26003,Mahaana Wealth,http://mahaana.com,Fintech,Pakistan,Y Combinator,2026-08-05 18:56:23,1,30
25999,Codec,https://codec.io,Consumer,USA,Y Combinator,2026-08-05 18:56:23,1,2
25995,Workflow86,https://www.workflow86.com,B2B,USA,Y Combinator,2026-08-05 18:56:23,1,6
25992,WANTD,http://getwantd.com,Consumer,USA,Y Combinator,2026-08-05 18:56:23,1,4
25991,Humand,https://humand.co,B2B,USA,Y Combinator,2026-08-05 18:56:23,1,270
25989,Blink,https://blink.new,B2B,USA,Y Combinator,2026-08-05 18:56:23,1,1
25986,Unravel Carbon,http://unravelcarbon.com,B2B,Singapore,Y Combinator,2026-08-05 18:56:23,1,42
25985,RTHM,https://www.rthm.com,Healthcare,USA,Y Combinator,2026-08-05 18:56:23,1,10
25984,Rally,https://www.rallyuxr.com/,B2B,USA,Y Combinator,2026-08-05 18:56:23,1,35
25983,Housewarming,https://housewarming.me,Consumer,USA,Y Combinator,2026-08-05 18:56:23,1,4
25981,Arpari,https://www.arpari.com,Fintech,USA,Y Combinator,2026-08-05 18:56:23,1,6
25978,Fleek,https://www.joinfleek.com/,B2B,United Kingdom,Y Combinator,2026-08-05 18:56:23,1,100
25977,yhangry,http://www.yhangry.com,Consumer,United Kingdom,Y Combinator,2026-08-05 18:56:23,1,12
25976,GoJom,https://gojom.com,Real Estate and Construction,Peru,Y Combinator,2026-08-05 18:56:23,1,140
25974,Float Health,https://floathealth.com/,Healthcare,USA,Y Combinator,2026-08-05 18:56:23,1,3
25973,amiloz,https://www.beloz.com.mx/,Fintech,Mexico,Y Combinator,2026-08-05 18:56:23,1,20
25969,Shaped,https://shaped.ai,B2B,USA,Y Combinator,2026-08-05 18:56:23,1,25
25965,Vobi,https://www.vobi.com.br,Real Estate and Construction,Brazil,Y Combinator,2026-08-05 18:56:23,1,45
25960,Clupp,http://clupp.com.mx/,Fintech,Mexico,Y Combinator,2026-08-05 18:56:23,1,12
25959,QUIK,https://quikpago.com,Consumer,Venezuela,Y Combinator,2026-08-05 18:56:23,1,20
25954,Status,https://www.statusai.com/,Consumer,USA,Y Combinator,2026-08-05 18:56:23,1,9
25951,SOTERI SKIN,https://soteriskin.com/,Consumer,USA,Y Combinator,2026-08-05 18:56:23,1,2
25948,Spade,https://www.spade.com,Fintech,USA,Y Combinator,2026-08-05 18:56:23,1,30
25947,Fogbender,https://fogbender.com,B2B,USA,Y Combinator,2026-08-05 18:56:23,1,6
25946,PropelAuth,https://www.propelauth.com,B2B,USA,Y Combinator,2026-08-05 18:56:23,1,5
25937,Argument Computer Corporation,https://argument.xyz,B2B,USA,Y Combinator,2026-08-05 18:56:23,1,8
25935,Topship,https://topship.africa/,B2B,Nigeria,Y Combinator,2026-08-05 18:56:23,1,20
25931,Amal Invest,https://amalinvest.com,Fintech,Bahrain,Y Combinator,2026-08-05 18:56:23,1,3
25930,SNAB,https://www.snabfinance.com/,Fintech,Spain,Y Combinator,2026-08-05 18:56:23,1,6
25928,Attain,https://joinattain.com/,B2B,USA,Y Combinator,2026-08-05 18:56:23,1,5
25924,Better Opinions,https://betteropinions.in/,Consumer,India,Y Combinator,2026-08-05 18:56:23,1,12
25918,Venue.ink,https://venue.ink,Fintech,Canada,Y Combinator,2026-08-05 18:56:23,1,9
25915,UNISON,https://www.in-unison.com/,Consumer,USA,Y Combinator,2026-08-05 18:56:23,1,15
25914,IoTFlows Inc,https://www.iotflows.com/,B2B,USA,Y Combinator,2026-08-05 18:56:23,1,60
25913,Trueplace,https://www.trueplace.ca/,B2B,Canada,Y Combinator,2026-08-05 18:56:23,1,4
25911,Cypher,https://cypherhq.io/,Fintech,USA,Y Combinator,2026-08-05 18:56:23,1,12
25907,Joon Health,https://joonhealth.co,Healthcare,USA,Y Combinator,2026-08-05 18:56:23,1,10
25891,PINA,https://pina.id,Fintech,Indonesia,Y Combinator,2026-08-05 18:56:23,1,25
25876,Numida,https://numida.com,Fintech,Uganda,Y Combinator,2026-08-05 18:56:23,1,115
25871,Brainboard,https://www.brainboard.co,B2B,USA,Y Combinator,2026-08-05 18:56:23,1,9
25870,Top Road,https://toproad.ai,Fintech,Australia,Y Combinator,2026-08-05 18:56:23,1,2
25866,Ponyrun,http://www.ponyrun.ai,B2B,USA,Y Combinator,2026-08-05 18:56:23,1,3
25865,Andson Biotech,http://www.andsonbiotech.com,Healthcare,USA,Y Combinator,2026-08-05 18:56:23,1,4
25864,Torpedo Therapeutics,https://www.torpedotherapeutics.com,Healthcare,USA,Y Combinator,2026-08-05 18:56:23,1,5
25849,Theneo,https://theneo.io,B2B,Georgia,Y Combinator,2026-08-05 18:56:23,1,25
25835,Kular,https://www.kular.ai,B2B,United Kingdom,Y Combinator,2026-08-05 18:56:23,1,12
25827,Talentropy.ai,https://talentropy.ai/,B2B,Colombia,Y Combinator,2026-08-05 18:56:23,1,35
25825,Bemlo,https://www.bemlo.com/en,Healthcare,Sweden,Y Combinator,2026-08-05 18:56:23,1,13
25822,Rome,https://rome.ai,B2B,USA,Y Combinator,2026-08-05 18:56:23,1,1
25819,Broccoli AI,https://www.broccoli.com/,B2B,USA,Y Combinator,2026-08-05 18:56:23,1,60
25818,Vimmerse,https://vimmerse.net,B2B,USA,Y Combinator,2026-08-05 18:56:23,1,10
25814,Duplo,https://www.tryduplo.com/,Fintech,Nigeria,Y Combinator,2026-08-05 18:56:23,1,13
25810,Material Depot,https://materialdepot.in/,Real Estate and Construction,India,Y Combinator,2026-08-05 18:56:23,1,50
25789,SaveIN,https://www.savein.money/,Healthcare,India,Y Combinator,2026-08-05 18:56:23,1,60
25788,DimOrder,https://dimorder.com,B2B,Hong Kong,Y Combinator,2026-08-05 18:56:23,1,70
25787,Courtyard.io,https://courtyard.io,Consumer,USA,Y Combinator,2026-08-05 18:56:23,1,90
25782,Carbon Crusher,https://www.carboncrusher.io/,Industrials,Norway,Y Combinator,2026-08-05 18:56:23,1,21
25779,Nullstone,https://nullstone.io,B2B,USA,Y Combinator,2026-08-05 18:56:23,1,2
25778,Take App,https://www.take.app,B2B,Singapore,Y Combinator,2026-08-05 18:56:23,1,7
25777,BotCity,https://botcity.dev,B2B,Brazil,Y Combinator,2026-08-05 18:56:23,1,35
25776,Partna,https://getpartna.com,Fintech,USA,Y Combinator,2026-08-05 18:56:23,1,8
25763,Cinder,https://cinder.ai,B2B,USA,Y Combinator,2026-08-05 18:56:23,1,30
25758,Nash,https://getnashglobal.com/,Fintech,USA,Y Combinator,2026-08-05 18:56:23,1,11
25755,Rank (formerly Moni),https://www.userank.com/,Fintech,Nigeria,Y Combinator,2026-08-05 18:56:23,1,20
25754,Cash Flow Portal,https://www.cashflowportal.com/,Real Estate and Construction,USA,Y Combinator,2026-08-05 18:56:23,1,19
25753,Airwork,https://www.airworkhq.com,B2B,Canada,Y Combinator,2026-08-05 18:56:23,1,4
25752,Simplifyd Systems,https://simplifyd.com,B2B,United Kingdom,Y Combinator,2026-08-05 18:56:23,1,8
25746,Durioo,http://www.durioo.com,Consumer,Malaysia,Y Combinator,2026-08-05 18:56:23,1,50
25745,goodfin,http://www.goodfin.com,Fintech,USA,Y Combinator,2026-08-05 18:56:23,1,8
25743,Trackingplan,https://trackingplan.com,B2B,Spain,Y Combinator,2026-08-05 18:56:23,1,17
25737,Arintra,https://arintra.com,Healthcare,USA,Y Combinator,2026-08-05 18:56:23,1,50
25733,SmartHelio,https://www.smarthelio.com/,B2B,Switzerland,Y Combinator,2026-08-05 18:56:23,1,25
25732,Sprites,https://sprites.ai/,B2B,USA,Y Combinator,2026-08-05 18:56:23,1,5
25728,Benson,https://www.meetbenson.com/,Fintech,USA,Y Combinator,2026-08-05 18:56:23,1,3
25726,Vendy,https://myvendy.com,Fintech,Nigeria,Y Combinator,2026-08-05 18:56:23,1,20
25725,Argo,https://Argo.LA,Consumer,USA,Y Combinator,2026-08-05 18:56:23,1,10
25724,Lovage,https://getlovage.com,B2B,USA,Y Combinator,2026-08-05 18:56:23,1,3
25721,Tendo,https://tendo.app/,Consumer,Ghana,Y Combinator,2026-08-05 18:56:23,1,15
25720,Convoy,https://getconvoy.io,B2B,United Kingdom,Y Combinator,2026-08-05 18:56:23,1,8
25717,Lenco,https://lenco.co,Fintech,Nigeria,Y Combinator,2026-08-05 18:56:23,1,13
25716,Dojah Inc,https://www.dojah.io,B2B,Nigeria,Y Combinator,2026-08-05 18:56:23,1,30
25715,SubscriptionFlow,http://www.subscriptionflow.com,B2B,United Kingdom,Y Combinator,2026-08-05 18:56:23,1,9
25714,Strong Compute,https://strongcompute.com,B2B,Australia,Y Combinator,2026-08-05 18:56:23,1,8
25713,Grey,https://grey.co,Fintech,USA,Y Combinator,2026-08-05 18:56:23,1,15
25711,"Elphinstone, Inc.",https://elphinstone.com.pk/,Fintech,Pakistan,Y Combinator,2026-08-05 18:56:23,1,15
25700,Alga Biosciences,https://www.alga.bio/,Industrials,USA,Y Combinator,2026-08-05 18:56:23,1,6
25697,Prembly (formerly Identitypass),https://prembly.com/,B2B,Nigeria,Y Combinator,2026-08-05 18:56:23,1,80
25696,Agency,https://GetAgency.com,B2B,USA,Y Combinator,2026-08-05 18:56:23,1,50
25695,Pluto.markets,http://pluto.markets/,Fintech,Denmark,Y Combinator,2026-08-05 18:56:23,1,4
25694,PayCrunch,https://paycrunch.in,Fintech,India,Y Combinator,2026-08-05 18:56:23,1,5
25692,Livedocs,https://livedocs.com,B2B,USA,Y Combinator,2026-08-05 18:56:23,1,3
25691,voize,https://voize.de/,B2B,Germany,Y Combinator,2026-08-05 18:56:23,1,140
25689,Kaagaz,https://kaagaz.app,Consumer,India,Y Combinator,2026-08-05 18:56:23,1,11
25685,Boya,https://boyahq.com/,Fintech,Kenya,Y Combinator,2026-08-05 18:56:23,1,9
25684,Curacel,https://curacel.co,Fintech,United Kingdom,Y Combinator,2026-08-05 18:56:23,1,30
25683,FinFlx,https://finflx.com,Fintech,United Arab Emirates,Y Combinator,2026-08-05 18:56:23,1,8
25682,LunaJoy Health,http://HelloLunaJoy.com,Healthcare,USA,Y Combinator,2026-08-05 18:56:23,1,6
25681,SpadeWorks,https://www.spadeworks.co,B2B,India,Y Combinator,2026-08-05 18:56:23,1,13
25680,Cotera,https://cotera.co,B2B,USA,Y Combinator,2026-08-05 18:56:23,1,8
25679,Sero,https://www.sero.so,B2B,USA,Y Combinator,2026-08-05 18:56:23,1,2
25677,Posh,https://www.poshenergy.com,Industrials,USA,Y Combinator,2026-08-05 18:56:23,1,10
25674,Toko,https://tokotutor.com/,Education,USA,Y Combinator,2026-08-05 18:56:23,1,5
25673,Enlightra,https://www.enlightra.com/,Industrials,Switzerland,Y Combinator,2026-08-05 18:56:23,1,22
25672,Cogram,https://cogram.com,B2B,USA,Y Combinator,2026-08-05 18:56:23,1,15
25671,Markaz Technologies,https://www.markaz.app,Consumer,Pakistan,Y Combinator,2026-08-05 18:56:23,1,55
25670,Eazipay Inc.,https://myeazipay.com,Fintech,Nigeria,Y Combinator,2026-08-05 18:56:23,1,27
25665,Wibond,https://www.wibond.co/,Fintech,Argentina,Y Combinator,2026-08-05 18:56:23,1,30
25663,Velt,https://velt.dev,B2B,USA,Y Combinator,2026-08-05 18:56:23,1,15
25662,digi,https://www.digitech.la/,Fintech,,Y Combinator,2026-08-05 18:56:23,1,30
25660,PayCaddy,https://paycaddy.com/,Fintech,Panama,Y Combinator,2026-08-05 18:56:23,1,20
25659,Tuva Health,https://tuvahealth.com/,Healthcare,USA,Y Combinator,2026-08-05 18:56:23,1,3
25658,Plumter,https://plumter.com,Fintech,Nigeria,Y Combinator,2026-08-05 18:56:23,1,12
25657,Complete,https://complete.so,B2B,USA,Y Combinator,2026-08-05 18:56:23,1,5
25656,Siftly,https://siftly.ai/,B2B,USA,Y Combinator,2026-08-05 18:56:23,1,4
25655,Anfin,https://anfin.vn/,Fintech,Vietnam,Y Combinator,2026-08-05 18:56:23,1,40
25654,IMT Care,https://www.imt.care,Healthcare,India,Y Combinator,2026-08-05 18:56:23,1,23
25652,SALT,https://salt.pe,Fintech,India,Y Combinator,2026-08-05 18:56:23,1,14
25650,NearWave,http://nearwave.co,Healthcare,USA,Y Combinator,2026-08-05 18:56:23,1,3
25649,Stairs Financial,https://stairsfinancial.com,Fintech,USA,Y Combinator,2026-08-05 18:56:23,1,
25647,PermitFlow,http://www.permitflow.com,Real Estate and Construction,USA,Y Combinator,2026-08-05 18:56:23,1,80
25645,RefineTrain AI,https://www.refinetrain.ai/,B2B,USA,Y Combinator,2026-08-05 18:56:23,1,4
25643,Mintlify,https://mintlify.com,B2B,USA,Y Combinator,2026-08-05 18:56:23,1,55
25634,IOMETE,https://www.iomete.com/,B2B,USA,Y Combinator,2026-08-05 18:56:23,1,21
25619,RecordBook,https://play.google.com/store/apps/details?id=com.foodmonk.rekordapp,B2B,India,Y Combinator,2026-08-05 18:56:23,1,15
25618,Sphere,https://www.getsphere.com/,B2B,USA,Y Combinator,2026-08-05 18:56:23,1,7
25614,T3 Chat,https://t3.chat,Consumer,USA,Y Combinator,2026-08-05 18:56:23,1,2
25613,Gauss,https://gauss.money,Fintech,USA,Y Combinator,2026-08-05 18:56:23,1,16
25610,RedBrick AI,https://redbrickai.com,B2B,USA,Y Combinator,2026-08-05 18:56:23,1,13
25608,Flagright,https://flagright.com,B2B,USA,Y Combinator,2026-08-05 18:56:23,1,31
25607,Axis,http://axis.xyz,B2B,USA,Y Combinator,2026-08-05 18:56:23,1,15
25606,HOKALI,https://www.hokali.com/,B2B,USA,Y Combinator,2026-08-05 18:56:23,1,12
25605,SuperSend,https://supersend.io/,B2B,USA,Y Combinator,2026-08-05 18:56:23,1,8
25603,Reforged Labs,https://reforgedlabs.com/,B2B,USA,Y Combinator,2026-08-05 18:56:23,1,19
25596,Bakool,https://www.bakool.id,Consumer,Indonesia,Y Combinator,2026-08-05 18:56:23,1,30
25594,Streak,https://www.streakcard.com/,Fintech,India,Y Combinator,2026-08-05 18:56:23,1,12
25593,Cardda,https://cardda.com,Fintech,Chile,Y Combinator,2026-08-05 18:56:23,1,5
25590,Emobi,https://www.emobi.ai,B2B,USA,Y Combinator,2026-08-05 18:56:23,1,9
25589,Palitronica Inc,https://palitronica.com,B2B,Canada,Y Combinator,2026-08-05 18:56:23,1,6
25587,Dart,https://www.dartai.com,B2B,USA,Y Combinator,2026-08-05 18:56:23,1,10
25586,Soon,https://Soon.app,Fintech,USA,Y Combinator,2026-08-05 18:56:23,1,4
25585,Armilla AI,http://www.armilla.ai,Fintech,Canada,Y Combinator,2026-08-05 18:56:23,1,14
25584,SnapTrade,https://snaptrade.com/,Fintech,Canada,Y Combinator,2026-08-05 18:56:23,1,17
25583,Bunkyr,https://bunkyr.com,B2B,USA,Y Combinator,2026-08-05 18:56:23,1,3
25582,Sophys,https://www.sophyshealth.com/,Healthcare,USA,Y Combinator,2026-08-05 18:56:23,1,1
25575,Beam,https://beam.cloud,B2B,USA,Y Combinator,2026-08-05 18:56:23,1,5
25573,Zorba,https://www.getzorba.com/,Real Estate and Construction,USA,Y Combinator,2026-08-05 18:56:23,1,
25572,RDash,https://www.rdash.io,B2B,India,Y Combinator,2026-08-05 18:56:23,1,80
25571,Omoi (formerly Azuki),https://www.omoi.com,Consumer,USA,Y Combinator,2026-08-05 18:56:23,1,3
25561,LanceDB,https://lancedb.com,B2B,USA,Y Combinator,2026-08-05 18:56:23,1,35
25560,Stock Unlock,https://stockunlock.com/,Fintech,USA,Y Combinator,2026-08-05 18:56:23,1,8
25559,Creizer,https://www.creizer.com/,Fintech,Mexico,Y Combinator,2026-08-05 18:56:23,1,12
25558,MosaicVoice,https://mosaicvoice.ai/,B2B,USA,Y Combinator,2026-08-05 18:56:23,1,4
25557,Lightmeter,https://lightmeter.io,B2B,Germany,Y Combinator,2026-08-05 18:56:23,1,5
25553,Phase Biolabs,https://www.phasebiolabs.com/,Industrials,United Kingdom,Y Combinator,2026-08-05 18:56:23,1,10
25552,Firezone,https://www.firezone.dev,B2B,USA,Y Combinator,2026-08-05 18:56:23,1,3
25543,Agentnoon,https://agentnoon.com,B2B,Canada,Y Combinator,2026-08-05 18:56:23,1,16
25542,Elementary,http://elementary-data.com/,B2B,Israel,Y Combinator,2026-08-05 18:56:23,1,12
25541,Versable,https://www.versableai.com/,B2B,USA,Y Combinator,2026-08-05 18:56:23,1,3
25540,Rehook.ai,https://rehook.ai/,B2B,India,Y Combinator,2026-08-05 18:56:23,1,12
25539,Oto,https://www.joinoto.com,Healthcare,United Kingdom,Y Combinator,2026-08-05 18:56:23,1,2
25538,Lexter.ai,https://www.lexter.ai,B2B,Brazil,Y Combinator,2026-08-05 18:56:23,1,18
25537,Cerebrium,https://www.cerebrium.ai/,B2B,USA,Y Combinator,2026-08-05 18:56:23,1,4
25532,Fintelite,http://www.fintelite.ai,Fintech,Singapore,Y Combinator,2026-08-05 18:56:23,1,20
25531,haddock,https://haddock.app,B2B,Spain,Y Combinator,2026-08-05 18:56:23,1,40
25528,Lenk,https://getlenk.com/,Fintech,Chile,Y Combinator,2026-08-05 18:56:23,1,18
25527,Munily,https://munily.com/#/,B2B,Panama,Y Combinator,2026-08-05 18:56:23,1,30
25526,Complif,https://complif.com,B2B,Argentina,Y Combinator,2026-08-05 18:56:23,1,45
25525,Pyrls,https://pyrls.com,Healthcare,USA,Y Combinator,2026-08-05 18:56:23,1,3
25522,Unlayer,https://unlayer.com,B2B,USA,Y Combinator,2026-08-05 18:56:23,1,35
25521,Happl,https://happl.com/,B2B,United Kingdom,Y Combinator,2026-08-05 18:56:23,1,11
25519,Fieldproxy,http://fieldproxy.com/,B2B,India,Y Combinator,2026-08-05 18:56:23,1,15
25518,MySivi,https://www.mysivi.ai/,Education,India,Y Combinator,2026-08-05 18:56:23,1,10
25517,UpBanx,http://UpBanx.com,Fintech,Indonesia,Y Combinator,2026-08-05 18:56:23,1,13
25512,Ankr Health,https://ankr.us,Healthcare,USA,Y Combinator,2026-08-05 18:56:23,1,30
25511,Iron Leap,https://getironleap.io/,B2B,USA,Y Combinator,2026-08-05 18:56:23,1,5
25509,Hyperbeam,https://hyperbeam.com?ch=yc,B2B,Canada,Y Combinator,2026-08-05 18:56:23,1,3
25491,Bobidi,http://www.upswell.ai,B2B,USA,Y Combinator,2026-08-05 18:56:23,1,7
25480,Atlas,https://atlas.so,B2B,USA,Y Combinator,2026-08-05 18:56:23,1,18
25476,Shuttle Central,https://book.shuttlecentral.com/,Consumer,Mexico,Y Combinator,2026-08-05 18:56:23,1,28
25475,Orca,https://orca.fyi/,Fintech,USA,Y Combinator,2026-08-05 18:56:23,1,4
25473,Miggos,https://miggos.com/,B2B,Brazil,Y Combinator,2026-08-05 18:56:23,1,20
25451,Instant Labs,https://instant.ca,B2B,Canada,Y Combinator,2026-08-05 18:56:23,1,1
25450,Corveus Medical,https://www.corveusmedical.com/,Healthcare,USA,Y Combinator,2026-08-05 18:56:23,1,3
25449,Alixia,http://www.alixia.com,Healthcare,USA,Y Combinator,2026-08-05 18:56:23,1,2
25447,Myria,https://myria.us,Consumer,USA,Y Combinator,2026-08-05 18:56:23,1,7
25446,Vendoo,https://vendoo.co,Consumer,USA,Y Combinator,2026-08-05 18:56:23,1,55
25445,Heyfood,https://heyfood.africa/,Consumer,Nigeria,Y Combinator,2026-08-05 18:56:23,1,40
25444,Touch and Pay Technologies Limited,https://touchandpay.me/,Fintech,Nigeria,Y Combinator,2026-08-05 18:56:23,1,55
25419,Kaso,https://www.kaso.ai,B2B,United Arab Emirates,Y Combinator,2026-08-05 18:56:23,1,20
25418,CUTR,https://www.cutr.ai/,B2B,Netherlands,Y Combinator,2026-08-05 18:56:23,1,22
25417,Koala,https://www.teachwithkoala.com,Education,USA,Y Combinator,2026-08-05 18:56:23,1,11
25403,Aspora,https://aspora.com,Fintech,United Kingdom,Y Combinator,2026-08-05 18:56:23,1,85
25402,Rownd,https://rownd.ai,Industrials,USA,Y Combinator,2026-08-05 18:56:23,1,7
25400,Industrial Next,https://www.industrialnext.ai,Industrials,USA,Y Combinator,2026-08-05 18:56:23,1,9
25399,Invert,http://www.invertbio.com/,Healthcare,USA,Y Combinator,2026-08-05 18:56:23,1,25
25398,Dynamo AI,https://dynamo.ai,B2B,USA,Y Combinator,2026-08-05 18:56:23,1,40
25397,Seabound,http://seabound.co,Industrials,United Kingdom,Y Combinator,2026-08-05 18:56:23,1,18
25395,Sekilo,https://sekilo.com/en/,B2B,Indonesia,Y Combinator,2026-08-05 18:56:23,1,15
25394,InferEdge,https://www.inferedge.com,Fintech,India,Y Combinator,2026-08-05 18:56:23,1,20
25381,TeamOut,https://www.teamout.com/,B2B,USA,Y Combinator,2026-08-05 18:56:23,1,10
25363,Gym Class,https://gymclass.com,Consumer,USA,Y Combinator,2026-08-05 18:56:23,1,20
25361,Fleetzero,https://www.fleetzero.com,Industrials,USA,Y Combinator,2026-08-05 18:56:23,1,40
25359,Yezza,https://yezza.com,B2B,Malaysia,Y Combinator,2026-08-05 18:56:23,1,0
25358,Nyckel,https://www.nyckel.com,B2B,USA,Y Combinator,2026-08-05 18:56:23,1,4
25356,Spinach AI,https://spinach.ai,B2B,USA,Y Combinator,2026-08-05 18:56:23,1,5
25354,Blaze,https://withblaze.app/,B2B,USA,Y Combinator,2026-08-05 18:56:23,1,10
25351,Axross Pte Ltd,https://www.axross.co/,B2B,Singapore,Y Combinator,2026-08-05 18:56:23,1,10
25350,Nest Genomics,https://nestgenomics.com,Healthcare,USA,Y Combinator,2026-08-05 18:56:23,1,14
25349,Brown Foods,https://unrealmilk.com/,Healthcare,USA,Y Combinator,2026-08-05 18:56:23,1,5
25348,Sei AI,https://seiright.com/,Fintech,USA,Y Combinator,2026-08-05 18:56:23,1,
25347,Perl Street,https://perlstreet.com/,Fintech,USA,Y Combinator,2026-08-05 18:56:23,1,4
25346,Transfez,https://www.itsjack.com,Fintech,Indonesia,Y Combinator,2026-08-05 18:56:23,1,50
25342,Stably AI (Orca),http://onorca.dev/,B2B,USA,Y Combinator,2026-08-05 18:56:23,1,4
25341,Wagetap,https://www.wagetap.com/,Fintech,Australia,Y Combinator,2026-08-05 18:56:23,1,10
25340,Loops,https://loops.so,B2B,USA,Y Combinator,2026-08-05 18:56:23,1,10
25339,Sota2,https://www.sota2.com,B2B,USA,Y Combinator,2026-08-05 18:56:23,1,4
25338,Cozmo AI,https://www.hellocozmo.ai/,B2B,USA,Y Combinator,2026-08-05 18:56:23,1,5
25333,Shinkei Systems,http://www.shinkei.systems,Industrials,USA,Y Combinator,2026-08-05 18:56:23,1,80
25332,Craniometrix,https://craniometrix.com,Healthcare,USA,Y Combinator,2026-08-05 18:56:23,1,64
25330,Actipulse Neuroscience,http://www.actipulseneuroscience.com,Healthcare,Mexico,Y Combinator,2026-08-05 18:56:23,1,38
25329,PromptLoop,https://www.promptloop.com/,B2B,USA,Y Combinator,2026-08-05 18:56:23,1,2
25328,Momento,https://www.tumomento.com/,Fintech,Mexico,Y Combinator,2026-08-05 18:56:23,1,18
25327,Starling,https://starlingmedical.com/,Healthcare,USA,Y Combinator,2026-08-05 18:56:23,1,5
25322,VantedgeAI,https://www.vantedgeai.com/,Fintech,USA,Y Combinator,2026-08-05 18:56:23,1,11
25321,Rosebud Biosciences,https://rosebudbiosciences.com/,Healthcare,USA,Y Combinator,2026-08-05 18:56:23,1,3
25319,Samos Insurance,https://www.samos.insure,Fintech,Canada,Y Combinator,2026-08-05 18:56:23,1,6
25318,WeReno,https://WeReno.com,Real Estate and Construction,Canada,Y Combinator,2026-08-05 18:56:23,1,12
25317,Peakflo,https://peakflo.co,Fintech,Singapore,Y Combinator,2026-08-05 18:56:23,1,45
25316,Trébol,https://gotrebol.com/,B2B,Colombia,Y Combinator,2026-08-05 18:56:23,1,14
25315,Rebill,https://www.rebill.com,Fintech,Argentina,Y Combinator,2026-08-05 18:56:23,1,10
25314,Trellus,https://www.trellus.ai,B2B,USA,Y Combinator,2026-08-05 18:56:23,1,3
25313,Hubble Network,https://hubble.com,Industrials,USA,Y Combinator,2026-08-05 18:56:23,1,50
25312,Ravion,https://www.ravion.com?ref=bookface,B2B,USA,Y Combinator,2026-08-05 18:56:23,1,3
25311,Lumina,https://www.lumibot.com,B2B,Singapore,Y Combinator,2026-08-05 18:56:23,1,12
25309,PolicyFly,https://www.policyfly.com,Fintech,USA,Y Combinator,2026-08-05 18:56:23,1,30
25308,Selia,https://www.selia.co,Healthcare,Colombia,Y Combinator,2026-08-05 18:56:23,1,20
25307,Sieve,https://sievedata.com/,B2B,USA,Y Combinator,2026-08-05 18:56:23,1,18
25306,Capuchin,https://capuchin.ai/,B2B,USA,Y Combinator,2026-08-05 18:56:23,1,4
25304,Kapital Bank,https://www.kapital.mx,Fintech,Mexico,Y Combinator,2026-08-05 18:56:23,1,500
25303,Syrona Health,https://syronahealth.com/,Healthcare,United Kingdom,Y Combinator,2026-08-05 18:56:23,1,6
25291,Boardcave,http://www.boardcave.com,Consumer,Australia,Y Combinator,2026-08-05 18:56:23,1,6
25287,LifeAt,https://lifeat.com,Consumer,USA,Y Combinator,2026-08-05 18:56:23,1,6
25286,TYBR Health,https://www.tybrhealth.com/,Healthcare,USA,Y Combinator,2026-08-05 18:56:23,1,3
25285,Scout,http://scouthealth.com,Healthcare,USA,Y Combinator,2026-08-05 18:56:23,1,12
25279,Moots,https://www.moots.ai/,B2B,USA,Y Combinator,2026-08-05 18:56:23,1,2
25275,Strac,https://www.strac.io/,B2B,USA,Y Combinator,2026-08-05 18:56:23,1,8
25274,Remedial Health,https://remedial.health,Healthcare,Nigeria,Y Combinator,2026-08-05 18:56:23,1,300
25273,Agave,https://www.useagave.com,B2B,USA,Y Combinator,2026-08-05 18:56:23,1,40
25272,Redbird,https://www.redbird.io,B2B,USA,Y Combinator,2026-08-05 18:56:23,1,
25262,AstroForge,https://www.astroforge.io/,Industrials,USA,Y Combinator,2026-08-05 18:56:23,1,10
25174,GrowthBook,https://www.growthbook.io,B2B,USA,Y Combinator,2026-08-05 18:56:23,1,40
25160,Compra Rápida,https://www.comprarapida.co/,B2B,Brazil,Y Combinator,2026-08-05 18:56:23,1,21
25152,Mederva,https://medervahealth.com/,Healthcare,USA,Y Combinator,2026-08-05 18:56:23,1,13
25144,StafBook,https://stafbook.com,B2B,Indonesia,Y Combinator,2026-08-05 18:56:23,1,11
25120,Elevate (formerly Bloom),https://www.elevatepay.co,Fintech,United Arab Emirates,Y Combinator,2026-08-05 18:56:23,1,7
25117,Uberduck,https://www.uberduck.ai,B2B,USA,Y Combinator,2026-08-05 18:56:23,1,2
25110,Spot Health,https://spotdx.com,Healthcare,USA,Y Combinator,2026-08-05 18:56:23,1,9
25106,Apollo,https://www.apollofirst.xyz/,Fintech,India,Y Combinator,2026-08-05 18:56:23,1,11
25075,Attack Capital,https://attack.capital/,B2B,USA,Y Combinator,2026-08-05 18:56:23,1,5
25061,Optery,https://www.optery.com,B2B,USA,Y Combinator,2026-08-05 18:56:23,1,55
25060,Wyvern,http://www.wyvern.space,Industrials,Canada,Y Combinator,2026-08-05 18:56:23,1,26
25058,Andi,https://AndiAI.com,Consumer,Mexico,Y Combinator,2026-08-05 18:56:23,1,2
24352,Nira Energy,https://www.niraenergy.com/,Industrials,,Y Combinator,2026-08-05 18:56:23,1,20
24078,Instalab,https://www.instalab.com/,Healthcare,USA,Y Combinator,2026-08-05 18:56:23,1,0
23954,Serif Health,https://www.serifhealth.com,Healthcare,USA,Y Combinator,2026-08-05 18:56:23,1,20
26425,SimpleHash,https://www.simplehash.com,B2B,USA,Y Combinator,2026-08-05 18:56:23,0,
26137,Pina Earth,https://pina.earth/en,Industrials,Germany,Y Combinator,2026-08-05 18:56:23,0,30
26065,TAI,https://www.withtai.com,Fintech,USA,Y Combinator,2026-08-05 18:56:23,0,3
26052,Nara,https://trynara.com,B2B,USA,Y Combinator,2026-08-05 18:56:23,0,3
26021,Anja Health,https://anjahealth.com,Healthcare,USA,Y Combinator,2026-08-05 18:56:23,0,2
25994,Glow Energy,https://www.glowenergy.com/,Industrials,USA,Y Combinator,2026-08-05 18:56:23,0,6
25972,Winter,,B2B,USA,Y Combinator,2026-08-05 18:56:23,0,3
25968,Rider,http://withrider.com,B2B,Pakistan,Y Combinator,2026-08-05 18:56:23,0,180
25958,Unsaddl,http://unsaddl.com,B2B,USA,Y Combinator,2026-08-05 18:56:23,0,10
25950,Decent,https://www.decent.xyz/,B2B,USA,Y Combinator,2026-08-05 18:56:23,0,6
25949,Jamsocket,https://jamsocket.com,B2B,USA,Y Combinator,2026-08-05 18:56:23,0,5
25929,Quan,https://www.quanwellbeing.com/,B2B,Netherlands,Y Combinator,2026-08-05 18:56:23,0,17
25923,HOAi,https://www.hoai.com,B2B,USA,Y Combinator,2026-08-05 18:56:23,0,10
25905,Bracket,https://www.usebracket.com/,B2B,USA,Y Combinator,2026-08-05 18:56:23,0,3
25831,mutable.ai,https://mutable.ai,B2B,USA,Y Combinator,2026-08-05 18:56:23,0,7
25823,Joe,http://www.joe-app.com/en,Fintech,France,Y Combinator,2026-08-05 18:56:23,0,12
25738,Hydra,https://hydra.so,B2B,USA,Y Combinator,2026-08-05 18:56:23,0,6
25730,Blitzllama,https://www.blitzllama.com/,B2B,India,Y Combinator,2026-08-05 18:56:23,0,7
25722,Fuell,https://getfuell.com/,B2B,Spain,Y Combinator,2026-08-05 18:56:23,0,23
25693,Tola,https://tolahq.com,Fintech,USA,Y Combinator,2026-08-05 18:56:23,0,12
25690,Requestly,https://requestly.com,B2B,USA,Y Combinator,2026-08-05 18:56:23,0,19
25635,SkyLink,http://www.tryskylink.com,B2B,USA,Y Combinator,2026-08-05 18:56:23,0,22
25620,Magna,https://magna.so,Fintech,USA,Y Combinator,2026-08-05 18:56:23,0,18
25617,Speechly,https://www.speechly.com/,B2B,Finland,Y Combinator,2026-08-05 18:56:23,0,10
25616,Stackshine,https://www.stackshine.com,B2B,USA,Y Combinator,2026-08-05 18:56:23,0,7
25615,BharatX,https://bharatx.tech/,Fintech,India,Y Combinator,2026-08-05 18:56:23,0,14
25486,Dioptra,https://dioptra.ai/,B2B,USA,Y Combinator,2026-08-05 18:56:23,0,4
25448,HypaHub,https://www.hypahub.com,B2B,USA,Y Combinator,2026-08-05 18:56:23,0,6
25433,JumpWire,https://jumpwire.io,B2B,USA,Y Combinator,2026-08-05 18:56:23,0,2
25401,Onyx Private,https://www.onyxprivate.com,Fintech,USA,Y Combinator,2026-08-05 18:56:23,0,10
25396,HomeRoom,https://livehomeroom.com/,Real Estate and Construction,USA,Y Combinator,2026-08-05 18:56:23,0,25
25353,Sarus,https://www.sarus.tech,B2B,France,Y Combinator,2026-08-05 18:56:23,0,16
25344,Proper,http://www.properfinance.io,B2B,USA,Y Combinator,2026-08-05 18:56:23,0,10
25331,Engage Bio,http://engagebio.com,Healthcare,USA,Y Combinator,2026-08-05 18:56:23,0,10
25305,Railbird,https://www.railbirdexchange.com/,Fintech,USA,Y Combinator,2026-08-05 18:56:23,0,8
25271,Alfie,http://www.joinalfie.com,Healthcare,USA,Y Combinator,2026-08-05 18:56:23,0,6
25118,Arc,https://www.joinarc.com/,Fintech,USA,Y Combinator,2026-08-05 18:56:23,0,30
26278,NFTScoring,https://nftscoring.com/,Consumer,USA,Y Combinator,2026-08-05 18:56:23,0,8
26265,Seis,https://www.seis.com,Fintech,USA,Y Combinator,2026-08-05 18:56:23,0,70
26253,AiSupervision,https://www.aisupervision.com,Industrials,Germany,Y Combinator,2026-08-05 18:56:23,0,13
26243,Phoenix Hydrogen,https://phoenixhydrogen.com/,Industrials,USA,Y Combinator,2026-08-05 18:56:23,0,2
26238,Flike,https://flike.app/,B2B,USA,Y Combinator,2026-08-05 18:56:23,0,8
26210,Alima,https://alima.la,B2B,Mexico,Y Combinator,2026-08-05 18:56:23,0,10
26206,Vecindario,https://www.vecindario.com/,Real Estate and Construction,Colombia,Y Combinator,2026-08-05 18:56:23,0,87
26043,Cashmere,https://cashmere.finance/,Fintech,USA,Y Combinator,2026-08-05 18:56:23,0,3
26042,Pigeon,https://www.usepigeon.io,Fintech,USA,Y Combinator,2026-08-05 18:56:23,0,5
25996,Marathon Education,https://www.marathon.edu.vn,Education,Vietnam,Y Combinator,2026-08-05 18:56:23,0,20
25975,Ploomber,https://ploomber.io/,B2B,USA,Y Combinator,2026-08-05 18:56:23,0,7
25967,ngrow.ai,http://ngrow.ai,B2B,USA,Y Combinator,2026-08-05 18:56:23,0,11
25966,Sendo,https://sendo.dev,B2B,USA,Y Combinator,2026-08-05 18:56:23,0,1
25921,Nophin,https://www.nophin.com,Fintech,USA,Y Combinator,2026-08-05 18:56:23,0,5
25912,Vessel,https://vessel.dev,B2B,USA,Y Combinator,2026-08-05 18:56:23,0,5
25892,AvairSense,https://www.avairsense.com/,Consumer,India,Y Combinator,2026-08-05 18:56:23,0,14
25820,Fello,https://fello.in,Fintech,India,Y Combinator,2026-08-05 18:56:23,0,24
25817,Lifecast,http://www.lifecastvr.com,Consumer,USA,Y Combinator,2026-08-05 18:56:23,0,2
25757,AntWalk,https://www.antwalk.com/,Education,India,Y Combinator,2026-08-05 18:56:23,0,50
25731,Demo Gorilla,https://demogorilla.com/,B2B,USA,Y Combinator,2026-08-05 18:56:23,0,2
25727,"Sendme, Inc",http://www.sendme.ng,Consumer,Nigeria,Y Combinator,2026-08-05 18:56:23,0,40
25723,Aklimate,https://www.getaklimate.com/,B2B,United Kingdom,Y Combinator,2026-08-05 18:56:23,0,3
25712,Finnt,https://finnt.com,B2B,,Y Combinator,2026-08-05 18:56:23,0,4
25678,Botin,https://www.botin.app,Fintech,Costa Rica,Y Combinator,2026-08-05 18:56:23,0,3
25644,Kable,https://kable.io,B2B,USA,Y Combinator,2026-08-05 18:56:23,0,
25641,Suggestr,https://suggestr.co,B2B,Singapore,Y Combinator,2026-08-05 18:56:23,0,2
25592,Ole,https://www.oleshop.com/,Consumer,Israel,Y Combinator,2026-08-05 18:56:23,0,10
25588,Castled.io,https://castled.io/,B2B,India,Y Combinator,2026-08-05 18:56:23,0,8
25576,Drivingforce,https://www.drivingforce.co/,B2B,USA,Y Combinator,2026-08-05 18:56:23,0,2
25569,Bifrost,https://www.hapi.finance/,Fintech,USA,Y Combinator,2026-08-05 18:56:23,0,4
25529,Criya,https://criya.co,B2B,USA,Y Combinator,2026-08-05 18:56:23,0,5
25516,Emigre,http://www.emigre.us/,Fintech,USA,Y Combinator,2026-08-05 18:56:23,0,2
25515,Whiz,https://whiz.id,Fintech,Indonesia,Y Combinator,2026-08-05 18:56:23,0,9
25513,Valari,http://valari.co,Fintech,Mexico,Y Combinator,2026-08-05 18:56:23,0,3
25472,Ozone,https://ozone.pro,Consumer,USA,Y Combinator,2026-08-05 18:56:23,0,8
25404,Castia,https://www.castia.com,Real Estate and Construction,Colombia,Y Combinator,2026-08-05 18:56:23,0,50
25379,Skillza,https://www.skillza.co,Education,United Arab Emirates,Y Combinator,2026-08-05 18:56:23,0,20
25360,Pursuit,https://www.pursuit-properties.com/,Real Estate and Construction,USA,Y Combinator,2026-08-05 18:56:23,0,4
25357,PeakPath,https://www.peakpath.com,B2B,Sweden,Y Combinator,2026-08-05 18:56:23,0,9
25355,Supertone,https://www.supertone.com,Consumer,USA,Y Combinator,2026-08-05 18:56:23,0,3
25343,CoffeeAI,https://www.get-coffee.ai,B2B,New Zealand,Y Combinator,2026-08-05 18:56:23,0,5
25337,Cherry Recommends,https://cherry.ai/,B2B,Singapore,Y Combinator,2026-08-05 18:56:23,0,6
25334,FlowDeploy,https://flowdeploy.com,B2B,USA,Y Combinator,2026-08-05 18:56:23,0,3
25320,Wingback,https://www.wingback.com/,B2B,USA,Y Combinator,2026-08-05 18:56:23,0,12
25278,Pelm,https://www.pelm.com,B2B,USA,Y Combinator,2026-08-05 18:56:23,0,5
25086,Northwind,https://northwindskin.com,Healthcare,USA,Y Combinator,2026-08-05 18:56:23,0,6
25047,Careerist,http://careerist.com/,Education,USA,Y Combinator,2026-08-05 18:56:23,1,100
24934,JABU,http://www.gojabu.com,Fintech,South Africa,Y Combinator,2026-08-05 18:56:23,1,40
24926,Revolve Surgical,https://revolvesurgical.com/,Healthcare,Canada,Y Combinator,2026-08-05 18:56:23,1,8
24925,Liv Labs,http://www.livlabsfitness.com,Healthcare,USA,Y Combinator,2026-08-05 18:56:23,1,1
24915,Mecho Autotech,https://mechoautotech.com/,Industrials,Nigeria,Y Combinator,2026-08-05 18:56:23,1,35
24914,Sully.ai,https://www.sully.ai,B2B,USA,Y Combinator,2026-08-05 18:56:23,1,49
24913,Beau,https://beau.to,B2B,Spain,Y Combinator,2026-08-05 18:56:23,1,5
24907,Toku,https://trytoku.com/,B2B,Mexico,Y Combinator,2026-08-05 18:56:23,1,150
24893,Exa,https://exa.ai,B2B,USA,Y Combinator,2026-08-05 18:56:23,1,75
24892,Safer Management,https://www.safermgmt.com/,B2B,USA,Y Combinator,2026-08-05 18:56:23,1,5
24884,Chipax,https://www.chipax.com,B2B,Chile,Y Combinator,2026-08-05 18:56:23,1,37
24883,Amenli,https://www.amenli.com/,Fintech,Egypt,Y Combinator,2026-08-05 18:56:23,1,65
24882,Pide Directo,http://pidedirecto.mx,B2B,Mexico,Y Combinator,2026-08-05 18:56:23,1,150
24879,Lightly,https://lightly.ai/,B2B,Switzerland,Y Combinator,2026-08-05 18:56:23,1,5
24876,Nash,https://www.usenash.com/,B2B,USA,Y Combinator,2026-08-05 18:56:23,1,40
24875,Equipt Health,http://www.equipthealth.com,Healthcare,USA,Y Combinator,2026-08-05 18:56:23,1,
24874,Payflow,https://www.payflow.es/,B2B,Spain,Y Combinator,2026-08-05 18:56:23,1,50
24873,Charge Robotics,https://chargerobotics.com/,Industrials,USA,Y Combinator,2026-08-05 18:56:23,1,25
24871,Ahazou,https://ahazou.com,B2B,Brazil,Y Combinator,2026-08-05 18:56:23,1,27
24870,Titipku,https://titipku.com,Consumer,Indonesia,Y Combinator,2026-08-05 18:56:23,1,19
24868,HEO Robotics,https://www.heo-robotics.com/,Industrials,Australia,Y Combinator,2026-08-05 18:56:23,1,3
24865,Turion Space,https://turionspace.com/,Industrials,USA,Y Combinator,2026-08-05 18:56:23,1,15
24861,Stepful,https://www.stepful.com,Education,USA,Y Combinator,2026-08-05 18:56:23,1,100
24859,Synder,https://synder.com,B2B,USA,Y Combinator,2026-08-05 18:56:23,1,
24857,Café,https://at.cafe,B2B,France,Y Combinator,2026-08-05 18:56:23,1,10
24846,Datlo,https://www.datlo.com/,B2B,Brazil,Y Combinator,2026-08-05 18:56:23,1,60
24841,Aviator,https://aviator.co,B2B,USA,Y Combinator,2026-08-05 18:56:23,1,6
24840,VedaBio,https://www.vedabio.com,Healthcare,USA,Y Combinator,2026-08-05 18:56:23,1,30
24828,Sitenna,http://www.sitenna.com,B2B,USA,Y Combinator,2026-08-05 18:56:23,1,7
24827,Evidence,https://www.evidence.dev,B2B,Canada,Y Combinator,2026-08-05 18:56:23,1,6
24822,Luminate,http://www.luminatemed.com,Healthcare,Ireland,Y Combinator,2026-08-05 18:56:23,1,55
24820,Medium Biosciences,http://medium.bio,Healthcare,USA,Y Combinator,2026-08-05 18:56:23,1,6
24819,Adravision,https://www.adra.ai,Healthcare,Singapore,Y Combinator,2026-08-05 18:56:23,1,8
24799,Birdie,https://www.getbirdie.io,B2B,USA,Y Combinator,2026-08-05 18:56:23,1,2
24795,SFA Therapeutics,https://sfatherapeutics.com/,Healthcare,USA,Y Combinator,2026-08-05 18:56:23,1,4
24773,Crew,https://crew.work/,B2B,France,Y Combinator,2026-08-05 18:56:23,1,6
24760,Therify,https://www.therify.co/,B2B,,Y Combinator,2026-08-05 18:56:23,1,3
24759,Phykos,https://phykos.co,Industrials,USA,Y Combinator,2026-08-05 18:56:23,1,2
24756,Hirebolt,https://hirebolt.com/,B2B,United Kingdom,Y Combinator,2026-08-05 18:56:23,1,3
24754,Plai,https://www.plai.io/,B2B,USA,Y Combinator,2026-08-05 18:56:23,1,20
24746,Atlas,https://atlas.kitchen,B2B,Singapore,Y Combinator,2026-08-05 18:56:23,1,12
24737,CellChorus,https://cellchorus.com,Healthcare,USA,Y Combinator,2026-08-05 18:56:23,1,4
24727,Output Biosciences,https://www.outputbio.com/,Healthcare,USA,Y Combinator,2026-08-05 18:56:23,1,8
24726,Abatable,https://www.abatable.com,Industrials,United Kingdom,Y Combinator,2026-08-05 18:56:23,1,35
24725,ContraForce,https://www.contraforce.com,B2B,USA,Y Combinator,2026-08-05 18:56:23,1,15
24720,Storylane,https://www.storylane.io/,B2B,USA,Y Combinator,2026-08-05 18:56:23,1,55
24719,StrideQ,https://strideq.com,B2B,USA,Y Combinator,2026-08-05 18:56:23,1,2
24705,Sensible Biotechnologies,https://sensible.bio,Healthcare,United Kingdom,Y Combinator,2026-08-05 18:56:23,1,24
24691,Orderli,https://orderli.com/en,B2B,Netherlands,Y Combinator,2026-08-05 18:56:23,1,6
24686,Suplias,https://suplias.com,Fintech,Nigeria,Y Combinator,2026-08-05 18:56:23,1,9
24685,Abhi,https://abhi.com.pk/,Fintech,Pakistan,Y Combinator,2026-08-05 18:56:23,1,10
24682,Pandai,https://www.pandai.org,Education,Malaysia,Y Combinator,2026-08-05 18:56:23,1,32
24679,idemeum,https://www.idemeum.com,B2B,USA,Y Combinator,2026-08-05 18:56:23,1,10
24668,Shape,https://shape.xyz,B2B,United Kingdom,Y Combinator,2026-08-05 18:56:23,1,4
24666,Baubap,https://www.baubap.com,Fintech,Mexico,Y Combinator,2026-08-05 18:56:23,1,150
24653,Novatr,https://www.novatr.com,Education,India,Y Combinator,2026-08-05 18:56:23,1,180
24640,Malga,https://malga.io/,Fintech,Brazil,Y Combinator,2026-08-05 18:56:23,1,46
24638,Tuli Health,https://tuli.health,Healthcare,United Kingdom,Y Combinator,2026-08-05 18:56:23,1,4
24635,Stownest,https://stownest.com,Consumer,India,Y Combinator,2026-08-05 18:56:23,1,80
24629,Filadd,https://filadd.com/,Education,Argentina,Y Combinator,2026-08-05 18:56:23,1,100
24628,Kiwi Biosciences,https://www.fodzyme.com,Healthcare,USA,Y Combinator,2026-08-05 18:56:23,1,10
24624,Luable,https://mejorcdt.com/,Fintech,Colombia,Y Combinator,2026-08-05 18:56:23,1,40
24622,Caire Health,http://cairehealth.com,Healthcare,USA,Y Combinator,2026-08-05 18:56:23,1,3
24616,Vibe Kanban,https://vibekanban.com,B2B,United Kingdom,Y Combinator,2026-08-05 18:56:23,1,10
24615,Infer,https://www.infer.so/,B2B,India,Y Combinator,2026-08-05 18:56:23,1,9
24606,Pylon,https://www.pylonump.com/,B2B,Egypt,Y Combinator,2026-08-05 18:56:23,1,72
24603,Zuma,https://www.getzuma.com/,B2B,USA,Y Combinator,2026-08-05 18:56:23,1,50
24602,PAYZE,https://payze.io/,Fintech,Georgia,Y Combinator,2026-08-05 18:56:23,1,4
24601,Humane Genomics,https://humanegenomics.com,Healthcare,USA,Y Combinator,2026-08-05 18:56:23,1,5
24599,Female Invest,https://www.femaleinvest.com/,Fintech,Denmark,Y Combinator,2026-08-05 18:56:23,1,20
24598,Ferveret,http://www.ferveret.com,Industrials,USA,Y Combinator,2026-08-05 18:56:23,1,16
24597,Filta,http://www.getfilta.com,Consumer,USA,Y Combinator,2026-08-05 18:56:23,1,3
24596,Siglo,https://siglo.com/,Consumer,Mexico,Y Combinator,2026-08-05 18:56:23,1,20
24590,Waterplan,http://waterplan.com,B2B,USA,Y Combinator,2026-08-05 18:56:23,1,20
24589,Buoyant Aero,https://www.buoyant.aero,Industrials,USA,Y Combinator,2026-08-05 18:56:23,1,2
24586,Hudson Labs (formerly Bedrock AI),https://www.hudson-labs.com/,B2B,Canada,Y Combinator,2026-08-05 18:56:23,1,5
24579,Nomod,https://nomod.com,Fintech,United Arab Emirates,Y Combinator,2026-08-05 18:56:23,1,68
24575,Genuity,https://gogenuity.com/,B2B,USA,Y Combinator,2026-08-05 18:56:23,1,31
24574,Genomelink,https://genomelink.io/,Healthcare,USA,Y Combinator,2026-08-05 18:56:23,1,15
24573,Telmai,https://www.telm.ai/,B2B,USA,Y Combinator,2026-08-05 18:56:23,1,12
24572,Infina,http://infina.vn,Fintech,Vietnam,Y Combinator,2026-08-05 18:56:23,1,50
24571,Adni,https://www.adni.co/,Healthcare,USA,Y Combinator,2026-08-05 18:56:23,1,5
24569,Pillar,https://withpillar.com,Healthcare,USA,Y Combinator,2026-08-05 18:56:23,1,5
24567,Tenyks,http://tenyks.ai/,B2B,Bulgaria,Y Combinator,2026-08-05 18:56:23,1,11
24563,Chari,https://chari.com,Consumer,Morocco,Y Combinator,2026-08-05 18:56:23,1,100
24562,Noloco,https://noloco.io,B2B,Ireland,Y Combinator,2026-08-05 18:56:23,1,15
24558,Litnerd,https://litnerd.com/,Education,USA,Y Combinator,2026-08-05 18:56:23,1,6
24557,Dots 💸,https://usedots.com,Fintech,USA,Y Combinator,2026-08-05 18:56:23,1,10
24555,RMFG,https://www.rmfg.com,Industrials,USA,Y Combinator,2026-08-05 18:56:23,1,9
24551,Mach9,https://www.mach9.ai/,B2B,USA,Y Combinator,2026-08-05 18:56:23,1,25
24550,Examedi,https://www.examedi.cl,Healthcare,Chile,Y Combinator,2026-08-05 18:56:23,1,3
24549,Ancana,https://www.ancana.co,Consumer,Mexico,Y Combinator,2026-08-05 18:56:23,1,7
24543,Bolster,https://bolsterbuilt.com,Real Estate and Construction,Canada,Y Combinator,2026-08-05 18:56:23,1,25
24540,Floatpays Inc,https://www.floatpays.com,Fintech,South Africa,Y Combinator,2026-08-05 18:56:23,1,15
24539,HitPay,https://www.hitpayapp.com,Fintech,Singapore,Y Combinator,2026-08-05 18:56:23,1,42
24538,Coast,https://trycoast.com,B2B,USA,Y Combinator,2026-08-05 18:56:23,1,35
24531,TransAstra Corporation,https://www.transastra.com,Industrials,USA,Y Combinator,2026-08-05 18:56:23,1,8
24530,Float,https://float.xyz,Fintech,USA,Y Combinator,2026-08-05 18:56:23,1,2
24529,The Breakaway,https://www.breakaway.app/,Consumer,USA,Y Combinator,2026-08-05 18:56:23,1,6
24528,Matrubials,https://matrubials.com/,Healthcare,USA,Y Combinator,2026-08-05 18:56:23,1,4
24526,Writesonic,https://writesonic.com/,B2B,USA,Y Combinator,2026-08-05 18:56:23,1,35
24525,Akute Health,https://www.akutehealth.com,Healthcare,USA,Y Combinator,2026-08-05 18:56:23,1,4
24514,Sirka,https://www.sirka.io/,Healthcare,Indonesia,Y Combinator,2026-08-05 18:56:23,1,9
24508,Meticulous,https://www.meticulous.ai,B2B,United Kingdom,Y Combinator,2026-08-05 18:56:23,1,15
24506,Spark Studio,https://sparkstudio.co,Education,India,Y Combinator,2026-08-05 18:56:23,1,27
24505,Adaptyv,https://www.adaptyvbio.com/,Healthcare,Switzerland,Y Combinator,2026-08-05 18:56:23,1,25
24499,Endla,https://endla.com,B2B,Australia,Y Combinator,2026-08-05 18:56:23,1,8
24497,aSim,https://asim.sh/,Consumer,USA,Y Combinator,2026-08-05 18:56:23,1,9
24489,HeyCharge,https://heycharge.com/,Industrials,Germany,Y Combinator,2026-08-05 18:56:23,1,17
24485,Cumbuca,https://www.cumbuca.com,Fintech,Brazil,Y Combinator,2026-08-05 18:56:23,1,5
24484,Evidently AI,https://evidentlyai.com,B2B,United Kingdom,Y Combinator,2026-08-05 18:56:23,1,2
24481,Whaly,https://whaly.io,B2B,France,Y Combinator,2026-08-05 18:56:23,1,3
24479,Payhippo,https://payhippo.africa/,Fintech,Nigeria,Y Combinator,2026-08-05 18:56:23,1,11
24477,Portão 3,https://portao3.com.br,B2B,Brazil,Y Combinator,2026-08-05 18:56:23,1,40
24476,Zensors,https://www.zensors.com,B2B,USA,Y Combinator,2026-08-05 18:56:23,1,12
24475,Flowly,https://www.flowly.world/,Healthcare,USA,Y Combinator,2026-08-05 18:56:23,1,3
24467,Harmonic Discovery,http://harmonicdiscovery.com,Healthcare,USA,Y Combinator,2026-08-05 18:56:23,1,8
24466,Makani Science,http://makaniscience.net/,Healthcare,USA,Y Combinator,2026-08-05 18:56:23,1,2
24459,lapzo,https://www.lapzo.com,B2B,Mexico,Y Combinator,2026-08-05 18:56:23,1,135
24450,Astek Diagnostics,http://astekdx.com,Healthcare,USA,Y Combinator,2026-08-05 18:56:23,1,5
24446,Freterium,https://www.freterium.com,B2B,Morocco,Y Combinator,2026-08-05 18:56:23,1,21
24445,Digistain,https://digistain.co.uk/,Healthcare,United Kingdom,Y Combinator,2026-08-05 18:56:23,1,40
24444,Protex AI,https://www.protex.ai,B2B,Ireland,Y Combinator,2026-08-05 18:56:23,1,5
24429,Vinco,https://www.vincoed.com,B2B,Mexico,Y Combinator,2026-08-05 18:56:23,1,35
24428,Aleph,https://getaleph.com/,B2B,USA,Y Combinator,2026-08-05 18:56:23,1,30
24426,KaiPod Learning,http://www.kaipodlearning.com,Education,USA,Y Combinator,2026-08-05 18:56:23,1,27
24422,Aleph Solutions (Alephee),https://www.alephee.com,B2B,Argentina,Y Combinator,2026-08-05 18:56:23,1,60
24416,Zoios.,https://zoios.io,B2B,Denmark,Y Combinator,2026-08-05 18:56:23,1,8
24415,Kurios,https://www.kurios.la/,Education,Peru,Y Combinator,2026-08-05 18:56:23,1,10
24414,Encuadrado,https://www.encuadrado.com/,B2B,Chile,Y Combinator,2026-08-05 18:56:23,1,3
24407,Stardex,https://www.stardex.com,B2B,USA,Y Combinator,2026-08-05 18:56:23,1,5
24406,Shimmer,https://shimmer.care,Healthcare,USA,Y Combinator,2026-08-05 18:56:23,1,9
24404,OneSchema,https://www.oneschema.co,B2B,USA,Y Combinator,2026-08-05 18:56:23,1,20
24395,Miniloop,https://miniloop.ai,B2B,USA,Y Combinator,2026-08-05 18:56:23,1,2
24391,CoLoop,https://coloop.ai/,B2B,United Kingdom,Y Combinator,2026-08-05 18:56:23,1,16
24390,GetDot,https://getdot.ai,B2B,Germany,Y Combinator,2026-08-05 18:56:23,1,6
24385,ShipBlu,http://www.shipblu.com,B2B,Egypt,Y Combinator,2026-08-05 18:56:23,1,300
24384,Whalesync,https://www.whalesync.com,B2B,USA,Y Combinator,2026-08-05 18:56:23,1,8
24382,Malloc Inc,https://mallocprivacy.com/,B2B,Cyprus,Y Combinator,2026-08-05 18:56:23,1,10
24381,Sequin,https://sequinai.com,B2B,USA,Y Combinator,2026-08-05 18:56:23,1,2
24379,Formance,https://formance.com,B2B,France,Y Combinator,2026-08-05 18:56:23,1,33
24378,Mergent,https://mergent.co,B2B,USA,Y Combinator,2026-08-05 18:56:23,1,1
24374,Coinrule,https://coinrule.com/,Fintech,United Kingdom,Y Combinator,2026-08-05 18:56:23,1,7
24373,Infiuss Health,https://infiuss.com,B2B,USA,Y Combinator,2026-08-05 18:56:23,1,4
24372,LemFi,https://lemfi.com,Fintech,United Kingdom,Y Combinator,2026-08-05 18:56:23,1,500
24371,Momo Medical,https://www.momomedical.com/,Healthcare,Netherlands,Y Combinator,2026-08-05 18:56:23,1,10
24368,Yemaachi Biotechnology,https://yemaachi.com/,Healthcare,Ghana,Y Combinator,2026-08-05 18:56:23,1,16
24367,Scispot,https://scispot.io,B2B,Canada,Y Combinator,2026-08-05 18:56:23,1,16
24355,LootRush,https://www.lootrush.com,Fintech,USA,Y Combinator,2026-08-05 18:56:23,1,
24354,Cartpanda,https://cartpanda.com/,B2B,Brazil,Y Combinator,2026-08-05 18:56:23,1,60
24353,Intellect,https://intellect.co,Healthcare,Singapore,Y Combinator,2026-08-05 18:56:23,1,200
24349,Arrow,https://www.arrowcheckout.com/,Fintech,Singapore,Y Combinator,2026-08-05 18:56:23,1,18
24347,Truss,https://trusspayments.com,Fintech,USA,Y Combinator,2026-08-05 18:56:23,1,12
24346,MindFi,https://www.mindfi.co,B2B,Singapore,Y Combinator,2026-08-05 18:56:23,1,25
24345,Geostar,https://www.geostar.ai,B2B,USA,Y Combinator,2026-08-05 18:56:23,1,2
24344,WarpBuild,https://www.warpbuild.com,B2B,Australia,Y Combinator,2026-08-05 18:56:23,1,5
24330,Matidor.com,https://matidor.com/,B2B,Canada,Y Combinator,2026-08-05 18:56:23,1,6
24303,Cero,https://cero.ai,B2B,Chile,Y Combinator,2026-08-05 18:56:23,1,10
24292,fluke,https://flu.ke/,B2B,Brazil,Y Combinator,2026-08-05 18:56:23,1,26
24291,DigiBuild,https://digibuild.com,Real Estate and Construction,USA,Y Combinator,2026-08-05 18:56:23,1,15
24282,SigmaOS,https://www.sigmaos.com,Consumer,USA,Y Combinator,2026-08-05 18:56:23,1,5
24280,Buró de Ingresos,https://www.burodeingresos.com/,B2B,Mexico,Y Combinator,2026-08-05 18:56:23,1,17
24275,Cloudanix,https://www.cloudanix.com,B2B,USA,Y Combinator,2026-08-05 18:56:23,1,8
24271,Tiriel AI,https://tiriel.ai,B2B,USA,Y Combinator,2026-08-05 18:56:23,1,20
24270,Enso,https://ensoanalytics.com,B2B,Poland,Y Combinator,2026-08-05 18:56:23,1,20
24269,Monet,https://monet.com.co/,Fintech,USA,Y Combinator,2026-08-05 18:56:23,1,42
24268,testRigor,https://testrigor.com,B2B,USA,Y Combinator,2026-08-05 18:56:23,1,25
24264,Glitzi,https://glitzi.com.mx/,Consumer,Mexico,Y Combinator,2026-08-05 18:56:23,1,33
24260,Planet A Foods,https://planet-a-foods.com/,Consumer,Germany,Y Combinator,2026-08-05 18:56:23,1,6
24259,Warpfy,https://warpfy.com/,Consumer,Singapore,Y Combinator,2026-08-05 18:56:23,1,3
24258,Enerjazz,https://www.enerjazz.tech/,Industrials,India,Y Combinator,2026-08-05 18:56:23,1,9
24256,AI Tech Packs,https://aitechpacks.com,B2B,USA,Y Combinator,2026-08-05 18:56:23,1,2
24254,Okani,https://www.okani.care,Healthcare,Mexico,Y Combinator,2026-08-05 18:56:23,1,3
24253,Pluggy,https://pluggy.ai,B2B,Brazil,Y Combinator,2026-08-05 18:56:23,1,31
24252,Govly,https://www.govly.com/,Government,USA,Y Combinator,2026-08-05 18:56:23,1,30
24251,Pideaky,https://pideaky.com/en/,Fintech,Mexico,Y Combinator,2026-08-05 18:56:23,1,3
24248,Monto,https://www.monto.mx/,Fintech,Mexico,Y Combinator,2026-08-05 18:56:23,1,13
24244,Bree,https://www.trybree.com/,Fintech,Canada,Y Combinator,2026-08-05 18:56:23,1,2
24243,Repool,http://repool.com,Fintech,USA,Y Combinator,2026-08-05 18:56:23,1,11
24230,Onebrief,https://onebrief.com,B2B,USA,Y Combinator,2026-08-05 18:56:23,1,200
24229,AlgoViral,https://algoviral.com,B2B,United Kingdom,Y Combinator,2026-08-05 18:56:23,1,5
24206,Hyperbrowser,https://hyperbrowser.ai,B2B,USA,Y Combinator,2026-08-05 18:56:23,1,4
24205,Jovian,https://www.jovian.com,Education,USA,Y Combinator,2026-08-05 18:56:23,1,
24204,Sentiyen,https://www.sentiyen.com,B2B,USA,Y Combinator,2026-08-05 18:56:23,1,2
24203,Redbean,https://redbean.ai,Consumer,Singapore,Y Combinator,2026-08-05 18:56:23,1,6
24199,Rinse,http://www.rinse.dental,Healthcare,USA,Y Combinator,2026-08-05 18:56:23,1,6
24198,SalaryBox,https://salarybox.in/,B2B,India,Y Combinator,2026-08-05 18:56:23,1,40
24194,Aqua,https://www.investwithaqua.com,Fintech,USA,Y Combinator,2026-08-05 18:56:23,1,34
24192,Kaya,https://www.usekaya.com/,B2B,Malaysia,Y Combinator,2026-08-05 18:56:23,1,12
24191,Secoda,https://secoda.co,B2B,Canada,Y Combinator,2026-08-05 18:56:23,1,27
24190,Locale,https://www.shoplocale.com,Consumer,USA,Y Combinator,2026-08-05 18:56:23,1,11
24188,Pirouette Pharma,https://www.pirouettepharma.com/,Healthcare,USA,Y Combinator,2026-08-05 18:56:23,1,9
24181,Kodex,https://www.kodexglobal.com,B2B,USA,Y Combinator,2026-08-05 18:56:23,1,30
24180,Verihubs,https://verihubs.com,B2B,Indonesia,Y Combinator,2026-08-05 18:56:23,1,63
24177,HyperTrader,https://gethypertrader.com,Fintech,USA,Y Combinator,2026-08-05 18:56:23,1,10
24170,Awesomic,https://www.awesomic.com/?ref=yc,B2B,USA,Y Combinator,2026-08-05 18:56:23,1,150
24169,Fitia,https://fitia.app/,Healthcare,Peru,Y Combinator,2026-08-05 18:56:23,1,26
24168,trii,https://trii.co,Fintech,USA,Y Combinator,2026-08-05 18:56:23,1,41
24166,SafeBeat,https://safebeat.com,Healthcare,USA,Y Combinator,2026-08-05 18:56:23,1,9
24165,Brite,https://britebenefits.com/,B2B,USA,Y Combinator,2026-08-05 18:56:23,1,15
24164,Ivy Homes,https://ivy.homes,Real Estate and Construction,India,Y Combinator,2026-08-05 18:56:23,1,80
24162,Konta.com,http://konta.com/,B2B,Mexico,Y Combinator,2026-08-05 18:56:23,1,35
24161,Tavus,https://www.tavus.io,B2B,USA,Y Combinator,2026-08-05 18:56:23,1,75
24160,Zen,https://lnkd.in/dgH2xxBJ,Healthcare,USA,Y Combinator,2026-08-05 18:56:23,1,0
24158,Forage,http://www.joinforage.com,Fintech,USA,Y Combinator,2026-08-05 18:56:23,1,66
24153,Dailybot,https://www.dailybot.com/,B2B,USA,Y Combinator,2026-08-05 18:56:23,1,11
24152,RendaloMaq,https://www.rendalomaq.com/,Real Estate and Construction,Chile,Y Combinator,2026-08-05 18:56:23,1,25
24151,Lago,https://www.getlago.com/,B2B,USA,Y Combinator,2026-08-05 18:56:23,1,45
24150,Hypercore,https://www.hypercore.ai/,Fintech,Israel,Y Combinator,2026-08-05 18:56:23,1,7
24149,Union54,https://union54.com,Fintech,Zambia,Y Combinator,2026-08-05 18:56:23,1,17
24148,StudyStream,https://studystream.live,Education,United Kingdom,Y Combinator,2026-08-05 18:56:23,1,8
24143,InstaKin,https://instakin.com/,Fintech,USA,Y Combinator,2026-08-05 18:56:23,1,15
24142,SnapCalorie,https://www.snapcalorie.com/,Consumer,USA,Y Combinator,2026-08-05 18:56:23,1,5
24141,Anakin,https://anakin.io,B2B,USA,Y Combinator,2026-08-05 18:56:23,1,70
24140,Bite Ninja,http://www.biteninja.com,B2B,USA,Y Combinator,2026-08-05 18:56:23,1,20
24139,REPROSENT,http://www.reprosent.com,Healthcare,USA,Y Combinator,2026-08-05 18:56:23,1,4
24138,Epinoma,https://www.epinoma.com/,Healthcare,USA,Y Combinator,2026-08-05 18:56:23,1,8
24137,Soco,https://socosearch.com/,Consumer,USA,Y Combinator,2026-08-05 18:56:23,1,
24132,Double,https://www.doublehq.com,B2B,USA,Y Combinator,2026-08-05 18:56:23,1,80
24131,Strive Math,https://www.strivemath.com/,Education,Singapore,Y Combinator,2026-08-05 18:56:23,1,13
24130,VitalStrata,https://www.vitalstrata.com,Healthcare,USA,Y Combinator,2026-08-05 18:56:23,1,1
24129,Cabal,http://getcabal.com,B2B,USA,Y Combinator,2026-08-05 18:56:23,1,8
24100,MobileBoost,https://www.mobileboost.io/yc,B2B,Germany,Y Combinator,2026-08-05 18:56:23,1,15
24096,AppX,https://appx.co.in,Education,India,Y Combinator,2026-08-05 18:56:23,1,30
24095,Neodocs,https://www.neodocs.in,Healthcare,India,Y Combinator,2026-08-05 18:56:23,1,20
24094,AlgoUniversity,http://algouniversity.com/,Education,India,Y Combinator,2026-08-05 18:56:23,1,10
24093,Swipe,https://getswipe.in,B2B,India,Y Combinator,2026-08-05 18:56:23,1,60
24091,Echoes HQ,https://echoeshq.com,B2B,Netherlands,Y Combinator,2026-08-05 18:56:23,1,3
24086,Advantage Club,https://www.advantageclub.co,B2B,India,Y Combinator,2026-08-05 18:56:23,1,220
24083,Rivia.AI,https://rivia.ai,B2B,India,Y Combinator,2026-08-05 18:56:23,1,5
24082,BLUUMBIO,http://www.bluumbio.com,Healthcare,USA,Y Combinator,2026-08-05 18:56:23,1,4
24081,Parallel Bio,http://parallel.bio,Healthcare,USA,Y Combinator,2026-08-05 18:56:23,1,20
24080,Zaz OS,https://www.zazos.com/,B2B,Brazil,Y Combinator,2026-08-05 18:56:23,1,9
24079,Instacrops,https://www.instacrops.com,Industrials,Chile,Y Combinator,2026-08-05 18:56:23,1,34
24065,BoldVoice,https://boldvoice.com,Consumer,USA,Y Combinator,2026-08-05 18:56:23,1,12
24064,Confido,https://www.confidotech.com,B2B,USA,Y Combinator,2026-08-05 18:56:23,1,65
24059,SalaryBook,https://salarybook.co.in/,B2B,India,Y Combinator,2026-08-05 18:56:23,1,7
24058,Zeit Medical,https://www.zeitmedical.com/,Healthcare,USA,Y Combinator,2026-08-05 18:56:23,1,2
24055,Atmana,https://blockerx.net/,Consumer,United Arab Emirates,Y Combinator,2026-08-05 18:56:23,1,8
24053,ODWEN,https://www.odwen.co.in,B2B,India,Y Combinator,2026-08-05 18:56:23,1,21
24045,Coulomb AI,https://coulomb.ai/,B2B,India,Y Combinator,2026-08-05 18:56:23,1,10
24041,Koshex,https://www.koshex.com,Fintech,India,Y Combinator,2026-08-05 18:56:23,1,21
24040,Affogato AI,https://affogato.ai,B2B,USA,Y Combinator,2026-08-05 18:56:23,1,15
24039,Kalam Labs,http://www.kalamlabs.in,Industrials,India,Y Combinator,2026-08-05 18:56:23,1,10
24038,FrontPage,https://front.page,Fintech,India,Y Combinator,2026-08-05 18:56:23,1,5
24037,Levro,https://www.levro.com,Fintech,USA,Y Combinator,2026-08-05 18:56:23,1,12
24034,Ananya Health,https://www.ananya.health/,Healthcare,USA,Y Combinator,2026-08-05 18:56:23,1,8
24008,Catena Biosciences,https://www.catenabiosciences.com/,Healthcare,USA,Y Combinator,2026-08-05 18:56:23,1,7
24006,Karbon Card,https://www.karboncard.com/,Fintech,India,Y Combinator,2026-08-05 18:56:23,1,144
23988,ARQ,https://www.arqfinance.com/,Fintech,United Kingdom,Y Combinator,2026-08-05 18:56:23,1,100
23986,Fingo Africa,https://fingo.africa,Fintech,Kenya,Y Combinator,2026-08-05 18:56:23,1,8
23979,Replo,https://replo.app/,B2B,USA,Y Combinator,2026-08-05 18:56:23,1,20
23978,Rootly,https://rootly.com,B2B,USA,Y Combinator,2026-08-05 18:56:23,1,75
23977,Potion,https://www.potion.ai,B2B,USA,Y Combinator,2026-08-05 18:56:23,1,7
23973,Jestor,https://jestor.com,B2B,USA,Y Combinator,2026-08-05 18:56:23,1,9
23972,Flow Club,https://www.flow.club/,B2B,USA,Y Combinator,2026-08-05 18:56:23,1,6
23971,Concord Materials,https://concordmaterials.com,Real Estate and Construction,USA,Y Combinator,2026-08-05 18:56:23,1,7
23969,Baraka,https://www.getbaraka.com/,Fintech,United Arab Emirates,Y Combinator,2026-08-05 18:56:23,1,34
23968,Archbee,https://www.archbee.com,B2B,Romania,Y Combinator,2026-08-05 18:56:23,1,12
23967,Varos,http://varos.com,B2B,USA,Y Combinator,2026-08-05 18:56:23,1,9
23960,Carbonfact,http://www.carbonfact.com,Industrials,France,Y Combinator,2026-08-05 18:56:23,1,22
23959,TAG,https://tagme.pk/,Fintech,Pakistan,Y Combinator,2026-08-05 18:56:23,1,36
23958,Abstra,https://abstra.io,B2B,Brazil,Y Combinator,2026-08-05 18:56:23,1,18
23957,Stipop,https://studio.stipop.io,Consumer,USA,Y Combinator,2026-08-05 18:56:23,1,8
23956,Customily,http://www.customily.com/,B2B,USA,Y Combinator,2026-08-05 18:56:23,1,30
23955,Deskimo,http://www.deskimo.com,B2B,Singapore,Y Combinator,2026-08-05 18:56:23,1,12
23953,Hive Health,https://www.ourhivehealth.com,Healthcare,Philippines,Y Combinator,2026-08-05 18:56:23,1,
23952,Yummy,https://www.yummysuperapp.com/,Consumer,USA,Y Combinator,2026-08-05 18:56:23,1,260
23951,Mindstate Design Labs,http://mindstate.design,Healthcare,USA,Y Combinator,2026-08-05 18:56:23,1,7
23950,Pipekit,https://pipekit.io,B2B,,Y Combinator,2026-08-05 18:56:23,1,9
23948,Superwall,https://superwall.com,B2B,USA,Y Combinator,2026-08-05 18:56:23,1,25
23947,Odys Aviation,https://www.odysaviation.com/,Industrials,USA,Y Combinator,2026-08-05 18:56:23,1,11
23946,Legion Health,https://legionhealth.com,Healthcare,USA,Y Combinator,2026-08-05 18:56:23,1,11
23945,Talus Bio,https://www.talus.bio,Healthcare,USA,Y Combinator,2026-08-05 18:56:23,1,16
23944,hotglue,https://hotglue.com,B2B,USA,Y Combinator,2026-08-05 18:56:23,1,13
23943,Artillery,https://www.artillery.io,B2B,Ireland,Y Combinator,2026-08-05 18:56:23,1,5
23885,marketfeed,https://marketfeed.com,Fintech,India,Y Combinator,2026-08-05 18:56:23,1,18
23884,AOA Dx,https://www.aoadx.com/,Healthcare,USA,Y Combinator,2026-08-05 18:56:23,1,25
23862,Contalink,https://www.contalink.com/,B2B,Mexico,Y Combinator,2026-08-05 18:56:23,1,75
23845,Agapé,https://www.getdailyagape.com,Healthcare,USA,Y Combinator,2026-08-05 18:56:23,1,6
23832,Reframe,https://www.joinreframeapp.com/,Healthcare,USA,Y Combinator,2026-08-05 18:56:23,1,35
23820,Blixo,https://blixo.com,B2B,USA,Y Combinator,2026-08-05 18:56:23,1,2
23819,Inversion Space,https://www.inversionspace.com/,Industrials,USA,Y Combinator,2026-08-05 18:56:23,1,28
23817,Epsilon3,https://www.epsilon3.io/,B2B,USA,Y Combinator,2026-08-05 18:56:23,1,12
23796,Slope,http://www.slopepay.com,Fintech,USA,Y Combinator,2026-08-05 18:56:23,1,16
23783,Promakhos Therapeutics,https://www.promakhos.com/,Healthcare,USA,Y Combinator,2026-08-05 18:56:23,1,2
23781,Openlayer,https://openlayer.com,B2B,USA,Y Combinator,2026-08-05 18:56:23,1,19
23780,PaletteHQ,https://palettehq.com/en,B2B,France,Y Combinator,2026-08-05 18:56:23,1,14
23777,Cococart,https://www.cococart.co,B2B,Spain,Y Combinator,2026-08-05 18:56:23,1,18
23776,Palla,https://www.palla.com,Fintech,,Y Combinator,2026-08-05 18:56:23,1,22
23451,MarqVision,https://www.marqvision.com/,B2B,USA,Y Combinator,2026-08-05 18:56:23,1,200
23120,Slash,https://www.slash.com/,Fintech,USA,Y Combinator,2026-08-05 18:56:23,1,70
24866,Satsuma,https://www.satsuma.xyz/,B2B,USA,Y Combinator,2026-08-05 18:56:23,0,5
24845,Verano Health,https://www.veranohealth.org/,Healthcare,USA,Y Combinator,2026-08-05 18:56:23,0,3
24842,FirstIgnite,https://firstignite.com,B2B,,Y Combinator,2026-08-05 18:56:23,0,9
24830,GamerPay,https://gamerpay.gg,Consumer,Denmark,Y Combinator,2026-08-05 18:56:23,0,6
24821,Pactima,https://pactima.com/,B2B,Canada,Y Combinator,2026-08-05 18:56:23,0,3
24817,Bytebot,https://www.bytebot.ai/,B2B,USA,Y Combinator,2026-08-05 18:56:23,0,3
24701,Byte Kitchen,https://www.bytekitchen.io/,Consumer,USA,Y Combinator,2026-08-05 18:56:23,0,5
24649,Kapacity.io,https://kapacity.io,Industrials,Finland,Y Combinator,2026-08-05 18:56:23,0,7
24627,Nasdisc,https://www.nasdisc.com,Consumer,USA,Y Combinator,2026-08-05 18:56:23,0,4
24604,Telivy,https://www.telivy.com,B2B,USA,Y Combinator,2026-08-05 18:56:23,0,6
24587,Aer,https://www.aercompliance.com/,Fintech,USA,Y Combinator,2026-08-05 18:56:23,0,18
24544,Onfolk,http://onfolk.com,B2B,United Kingdom,Y Combinator,2026-08-05 18:56:23,0,4
24509,Mentum,http://getmentum.com,B2B,USA,Y Combinator,2026-08-05 18:56:23,0,2
24507,Warrant,https://warrant.dev/,B2B,USA,Y Combinator,2026-08-05 18:56:23,0,3
24443,Inflow,https://getinflow.io/,Healthcare,United Kingdom,Y Combinator,2026-08-05 18:56:23,0,20
24398,Arengu,https://www.arengu.com,B2B,Spain,Y Combinator,2026-08-05 18:56:23,0,10
24369,Mable,https://www.trymable.com/,Healthcare,United Kingdom,Y Combinator,2026-08-05 18:56:23,0,7
24348,Cloudthread,https://cloudthread.io,B2B,USA,Y Combinator,2026-08-05 18:56:23,0,8
24329,inai,https://www.inai.io,Fintech,United Kingdom,Y Combinator,2026-08-05 18:56:23,0,14
24250,Breadcrumbs.io,http://www.breadcrumbs.io,B2B,USA,Y Combinator,2026-08-05 18:56:23,0,20
24241,Laudable,https://www.laudable.com,B2B,USA,Y Combinator,2026-08-05 18:56:23,0,5
24237,Sproutfi,,Fintech,Brazil,Y Combinator,2026-08-05 18:56:23,0,17
24207,Keyri,https://keyri.com/,B2B,USA,Y Combinator,2026-08-05 18:56:23,0,5
24197,Hilos,https://hilos.io,B2B,Mexico,Y Combinator,2026-08-05 18:56:23,0,5
24195,Tarsal,https://www.tarsal.co/,B2B,USA,Y Combinator,2026-08-05 18:56:23,0,10
24176,Maroo,https://maroo.us/,B2B,USA,Y Combinator,2026-08-05 18:56:23,0,5
24154,Tablevibe,https://www.tablevibe.co,B2B,Singapore,Y Combinator,2026-08-05 18:56:23,0,10
24136,MadEats,,Consumer,Philippines,Y Combinator,2026-08-05 18:56:23,0,
24135,Sleek,https://www.onsleek.com/,B2B,Canada,Y Combinator,2026-08-05 18:56:23,0,5
24049,Deed,https://www.joindeed.com,B2B,USA,Y Combinator,2026-08-05 18:56:23,0,40
24044,Mailmodo,https://www.mailmodo.com/,B2B,USA,Y Combinator,2026-08-05 18:56:23,0,70
24005,Goodkind,https://www.goodkind.com/,B2B,Canada,Y Combinator,2026-08-05 18:56:23,0,30
23974,Level,https://trylevel.app,Fintech,USA,Y Combinator,2026-08-05 18:56:23,0,0
23939,Beeper,https://beeper.com,Consumer,USA,Y Combinator,2026-08-05 18:56:23,0,16
23860,Positional,https://www.positional.com,B2B,USA,Y Combinator,2026-08-05 18:56:23,0,5
22763,Hyper,https://hyper.co,Fintech,USA,Y Combinator,2026-08-05 18:56:23,0,6
22694,Vogent,https://vogent.ai,B2B,USA,Y Combinator,2026-08-05 18:56:23,0,3
24867,Cache,http://www.grabcache.com,Consumer,USA,Y Combinator,2026-08-05 18:56:23,0,2
24858,Quest,http://quest.app,Consumer,Netherlands,Y Combinator,2026-08-05 18:56:23,0,5
24843,OneShop,https://oneshop.com,Consumer,USA,Y Combinator,2026-08-05 18:56:23,0,10
24839,Talentdrop,https://www.talentdrop.com/,B2B,USA,Y Combinator,2026-08-05 18:56:23,0,3
24823,Protego,https://www.protegosolutions.io/,B2B,Colombia,Y Combinator,2026-08-05 18:56:23,0,5
24818,BlackOakTV,https://blackoak.tv,Consumer,USA,Y Combinator,2026-08-05 18:56:23,0,2
24816,Spoken,http://www.spoken.io,Consumer,USA,Y Combinator,2026-08-05 18:56:23,0,7
24787,Squire.ai,https://squire.ai,B2B,USA,Y Combinator,2026-08-05 18:56:23,0,8
24779,Mindmesh,https://mindmesh.com,B2B,USA,Y Combinator,2026-08-05 18:56:23,0,7
24774,Opkit,https://opkit.co/,Healthcare,USA,Y Combinator,2026-08-05 18:56:23,0,
24762,Canopi,https://canopi.cash,B2B,USA,Y Combinator,2026-08-05 18:56:23,0,
24700,Moving Parts,https://movingparts.io,B2B,Germany,Y Combinator,2026-08-05 18:56:23,0,2
24692,Membo,https://membo.ee?lang=en,Consumer,Estonia,Y Combinator,2026-08-05 18:56:23,0,3
24681,Verde,https://www.verde.agr.br,Fintech,Brazil,Y Combinator,2026-08-05 18:56:23,0,4
24669,Ruth Health,https://www.ruthhealth.com/,Healthcare,USA,Y Combinator,2026-08-05 18:56:23,0,8
24605,Dime,https://www.dime.io/,B2B,USA,Y Combinator,2026-08-05 18:56:23,0,2
24600,Algofi,https://algofi.org,Fintech,Unspecified,Y Combinator,2026-08-05 18:56:23,0,7
24580,Onsite Pro,https://onsitepro.co,B2B,USA,Y Combinator,2026-08-05 18:56:23,0,4
24556,Revery AI,https://revery.ai,Consumer,USA,Y Combinator,2026-08-05 18:56:23,0,5
24524,outloud.ai,https://www.outloud.ai/,B2B,USA,Y Combinator,2026-08-05 18:56:23,0,5
24498,Levo,https://www.levo.mx,Fintech,Mexico,Y Combinator,2026-08-05 18:56:23,0,6
24488,Heimdal,https://www.heimdalccu.com,Industrials,USA,Y Combinator,2026-08-05 18:56:23,0,12
24461,Mine,https://usemine.com/,Fintech,USA,Y Combinator,2026-08-05 18:56:23,0,18
24460,Hera,https://hera.so,B2B,France,Y Combinator,2026-08-05 18:56:23,0,3
24424,Kodda,https://www.kodda.com/,Healthcare,Mexico,Y Combinator,2026-08-05 18:56:23,0,7
24408,Forage Mail,https://foragemail.com,Consumer,USA,Y Combinator,2026-08-05 18:56:23,0,4
24405,Mixr,https://mixronline.com,B2B,Canada,Y Combinator,2026-08-05 18:56:23,0,4
24383,Milky Way AI,https://milkyway.ai/,B2B,Singapore,Y Combinator,2026-08-05 18:56:23,0,5
24380,FastFarma,http://www.fastfarma.com,Healthcare,Ecuador,Y Combinator,2026-08-05 18:56:23,0,8
24370,Comet Health,https://trycomet.com,Healthcare,USA,Y Combinator,2026-08-05 18:56:23,0,3
24351,Hypercontext,https://hypercontext.com,B2B,Canada,Y Combinator,2026-08-05 18:56:23,0,15
24343,Apollo,https://www.withapollo.com/,Fintech,USA,Y Combinator,2026-08-05 18:56:23,0,3
24339,Ruta Health,https://www.rutahealth.com/,B2B,USA,Y Combinator,2026-08-05 18:56:23,0,1
24304,Scratch Data,https://www.scratchdata.com,B2B,USA,Y Combinator,2026-08-05 18:56:23,0,1
24302,OneStopKitchen,https://onestopkitchen.com/,Consumer,USA,Y Combinator,2026-08-05 18:56:23,0,10
24266,Ivella,https://www.ivella.com/,Fintech,USA,Y Combinator,2026-08-05 18:56:23,0,8
24257,Covie,https://www.covie.com,Fintech,USA,Y Combinator,2026-08-05 18:56:23,0,14
24255,Perfekto,https://www.perfekto.mx/,Consumer,Mexico,Y Combinator,2026-08-05 18:56:23,0,33
24235,SenpAI.GG,https://senpai.gg/,Consumer,USA,Y Combinator,2026-08-05 18:56:23,0,12
24185,Micro Meat,http://www.micromeat.com,Industrials,Mexico,Y Combinator,2026-08-05 18:56:23,0,0
24167,Kindamagical,https://www.kindamagical.com,B2B,USA,Y Combinator,2026-08-05 18:56:23,0,1
24163,Commery,http://trycommery.com,Real Estate and Construction,USA,Y Combinator,2026-08-05 18:56:23,0,3
24159,Patterns,https://patterns.app/,B2B,USA,Y Combinator,2026-08-05 18:56:23,0,2
24157,Nexus,https://nexushq.com,Fintech,USA,Y Combinator,2026-08-05 18:56:23,0,2
24156,Lariat Data,https://www.lariatdata.com,B2B,USA,Y Combinator,2026-08-05 18:56:23,0,3
24147,Abbot,https://ab.bot,B2B,USA,Y Combinator,2026-08-05 18:56:23,0,5
24108,V-Flow Medical,https://www.vflowmedicalinc.com/,Healthcare,USA,Y Combinator,2026-08-05 18:56:23,0,4
24084,Nino Foods,https://eatnino.com/,Consumer,India,Y Combinator,2026-08-05 18:56:23,0,250
24046,PropReturns,https://www.propreturns.com/,Real Estate and Construction,India,Y Combinator,2026-08-05 18:56:23,0,40
24042,Akudo,https://www.akudo.in/,Fintech,India,Y Combinator,2026-08-05 18:56:23,0,20
24026,Flowbo,https://www.flowbo.co/,Fintech,USA,Y Combinator,2026-08-05 18:56:23,0,2
24025,Buzzle,https://buzzle.ai,B2B,USA,Y Combinator,2026-08-05 18:56:23,0,3
24024,SolarMente,https://solarmente.es,Consumer,Spain,Y Combinator,2026-08-05 18:56:23,0,65
23985,FirstQuadrant,https://firstquadrant.ai,B2B,USA,Y Combinator,2026-08-05 18:56:23,0,2
23970,Jupe,http://www.jupe.com,Real Estate and Construction,USA,Y Combinator,2026-08-05 18:56:23,0,7
23963,Gobillion,https://gobillion.co,Consumer,India,Y Combinator,2026-08-05 18:56:23,0,10
23861,Wabi,http://www.wabi.build,B2B,USA,Y Combinator,2026-08-05 18:56:23,0,3
23842,Hedgehog,https://hedgehog.app,Fintech,USA,Y Combinator,2026-08-05 18:56:23,0,5
23831,Lobby,https://www.uselobby.com/,Healthcare,United Kingdom,Y Combinator,2026-08-05 18:56:23,0,1
23818,Mentorcam,https://mentor.cam/,Education,USA,Y Combinator,2026-08-05 18:56:23,0,9
23727,Hyperseed,https://hyperseed.com,B2B,USA,Y Combinator,2026-08-05 18:56:23,0,3
23659,Zage,https://tryzage.com,Fintech,USA,Y Combinator,2026-08-05 18:56:23,0,10
23202,Moxion Power Co.,https://www.moxionpower.com/,Industrials,USA,Y Combinator,2026-08-05 18:56:23,0,380
22721,Zepto,https://www.zeptonow.com/,Consumer,India,Y Combinator,2026-08-05 18:56:23,1,1300
23661,Kiwify,https://kiwify.com.br,Education,Brazil,Y Combinator,2026-08-05 18:56:23,1,200
23656,Nano Technologies,http://www.vuiapp.vn,Fintech,Vietnam,Y Combinator,2026-08-05 18:56:23,1,17
23645,Flux,https://iflux.app,Fintech,Nigeria,Y Combinator,2026-08-05 18:56:23,1,8
23642,Meru.com,https://meru.com,B2B,Mexico,Y Combinator,2026-08-05 18:56:23,1,70
23636,Humance,https://www.humance.tech/,Real Estate and Construction,,Y Combinator,2026-08-05 18:56:23,1,3
23635,Kanda,https://www.getkanda.com/,Fintech,United Kingdom,Y Combinator,2026-08-05 18:56:23,1,8
23634,Ollama,https://ollama.com,B2B,USA,Y Combinator,2026-08-05 18:56:23,1,
23633,Chorus Sleep,https://www.chorussleep.com/,B2B,USA,Y Combinator,2026-08-05 18:56:23,1,4
23632,NextPay,https://nextpay.world,Fintech,Philippines,Y Combinator,2026-08-05 18:56:23,1,25
23631,Camlist,https://www.camlist.com,Consumer,United Kingdom,Y Combinator,2026-08-05 18:56:23,1,5
23629,Glop.dev,https://www.glop.dev/,B2B,USA,Y Combinator,2026-08-05 18:56:23,1,4
23613,MagicBell,https://www.magicbell.com,B2B,Spain,Y Combinator,2026-08-05 18:56:23,1,4
23612,Terra API,http://tryterra.co,B2B,USA,Y Combinator,2026-08-05 18:56:23,1,25
23611,Reshape Biotech,http://reshapebiotech.com/,Healthcare,Denmark,Y Combinator,2026-08-05 18:56:23,1,40
23599,Shepherd,https://shepherdinsurance.com,Fintech,USA,Y Combinator,2026-08-05 18:56:23,1,60
23598,SwiftSku,https://swiftsku.com,B2B,USA,Y Combinator,2026-08-05 18:56:23,1,35
23597,Kilobaser,https://www.kilobaser.com,Healthcare,Austria,Y Combinator,2026-08-05 18:56:23,1,10
23568,My NextDerma,https://mynextderma.com,Healthcare,Mexico,Y Combinator,2026-08-05 18:56:23,1,12
23556,H3X Technologies,http://h3x.tech/,Industrials,USA,Y Combinator,2026-08-05 18:56:23,1,58
23555,Bloom,https://bloomapp.com,Fintech,USA,Y Combinator,2026-08-05 18:56:23,1,8
23550,Clear,https://getclearapp.com/,Consumer,United Kingdom,Y Combinator,2026-08-05 18:56:23,1,2
23541,Mayan,https://www.mayan.co,B2B,USA,Y Combinator,2026-08-05 18:56:23,1,14
23539,Triomics,https://triomics.com/,Healthcare,USA,Y Combinator,2026-08-05 18:56:23,1,50
23537,Arpio,https://arpio.io,B2B,USA,Y Combinator,2026-08-05 18:56:23,1,7
23531,Authologic,https://authologic.com,B2B,Poland,Y Combinator,2026-08-05 18:56:23,1,33
23530,Waydev,https://waydev.co/,B2B,USA,Y Combinator,2026-08-05 18:56:23,1,13
23522,Nuntius Therapeutics,http://www.nuntiustx.com,Healthcare,United Kingdom,Y Combinator,2026-08-05 18:56:23,1,2
23472,Moonvalley,https://www.moonvalley.com,Consumer,,Y Combinator,2026-08-05 18:56:23,1,95
23460,hoop.dev,https://hoop.dev,B2B,Brazil,Y Combinator,2026-08-05 18:56:23,1,3
23459,Routine,http://routine.co,B2B,France,Y Combinator,2026-08-05 18:56:23,1,8
23458,Djamo,https://www.djamo.com,Fintech,Ivory Coast,Y Combinator,2026-08-05 18:56:23,1,250
23457,Turing College,https://www.turingcollege.com/,Education,Lithuania,Y Combinator,2026-08-05 18:56:23,1,50
23453,HUBUC,https://www.hubuc.com/,Fintech,Spain,Y Combinator,2026-08-05 18:56:23,1,11
23452,Wasp,https://wasp-lang.dev/,B2B,Croatia,Y Combinator,2026-08-05 18:56:23,1,2
23443,Vendease,https://vendease.com/,B2B,Nigeria,Y Combinator,2026-08-05 18:56:23,1,250
23440,Jiga,https://jiga.io,B2B,Israel,Y Combinator,2026-08-05 18:56:23,1,25
23434,Broad,http://www.broad.app,Fintech,United Kingdom,Y Combinator,2026-08-05 18:56:23,1,5
23433,Estoca,https://www.estoca.com.br/,B2B,Brazil,Y Combinator,2026-08-05 18:56:23,1,150
23432,Recover,https://www.letsrecover.com,Healthcare,USA,Y Combinator,2026-08-05 18:56:23,1,10
23431,Navattic,https://www.navattic.com/,B2B,USA,Y Combinator,2026-08-05 18:56:23,1,35
23430,Mystic,https://www.mystic.ai/,B2B,USA,Y Combinator,2026-08-05 18:56:23,1,11
23429,UPchieve,https://www.upchieve.org,Education,USA,Y Combinator,2026-08-05 18:56:23,1,15
23421,Somos,http://somosinternet.co/,Real Estate and Construction,Colombia,Y Combinator,2026-08-05 18:56:23,1,250
23416,Voosh,https://voosh.ai/,B2B,India,Y Combinator,2026-08-05 18:56:23,1,15
23414,Poliglota,https://www.poliglota.org/,Education,Chile,Y Combinator,2026-08-05 18:56:23,1,170
23413,peopleCQ,https://www.peopleCQ.com,Fintech,Egypt,Y Combinator,2026-08-05 18:56:23,1,85
23412,Axolo,https://axolo.co,B2B,France,Y Combinator,2026-08-05 18:56:23,1,2
23405,Dayra,https://Dayra.co,Fintech,Egypt,Y Combinator,2026-08-05 18:56:23,1,10
23399,Rethoric,http://rethoric.com/ycombinator,B2B,USA,Y Combinator,2026-08-05 18:56:23,1,4
23398,Prospa,https://getprospa.com,Fintech,United Kingdom,Y Combinator,2026-08-05 18:56:23,1,70
23397,Jetdocs,https://jetdocs.io,B2B,Canada,Y Combinator,2026-08-05 18:56:23,1,2
23389,Gigs,https://gigs.com,B2B,USA,Y Combinator,2026-08-05 18:56:23,1,150
23371,BusinessOnBot,https://www.businessonbot.com/,B2B,India,Y Combinator,2026-08-05 18:56:23,1,25
23369,REGENT,http://regentcraft.com,Industrials,USA,Y Combinator,2026-08-05 18:56:23,1,40
23368,Spline,http://spline.design/,B2B,USA,Y Combinator,2026-08-05 18:56:23,1,25
23366,OlaClick,https://www.olaclick.com/,Consumer,Peru,Y Combinator,2026-08-05 18:56:23,1,30
23357,Treinta,https://www.treinta.co,B2B,Colombia,Y Combinator,2026-08-05 18:56:23,1,60
23355,Svix,https://www.svix.com,B2B,USA,Y Combinator,2026-08-05 18:56:23,1,12
23328,Foster,https://foster.co,Consumer,USA,Y Combinator,2026-08-05 18:56:23,1,15
23327,Machine26,https://www.machine26.com/,Real Estate and Construction,Germany,Y Combinator,2026-08-05 18:56:23,1,12
23324,Swadesi Way,https://swadesiway.com/,Consumer,India,Y Combinator,2026-08-05 18:56:23,1,9
23317,Rejoy Health,https://www.rejoyhealth.com/,Healthcare,USA,Y Combinator,2026-08-05 18:56:23,1,8
23316,FlowEQ,https://www.floweq.com,B2B,USA,Y Combinator,2026-08-05 18:56:23,1,7
23315,Alpas,https://alpas.ai/,B2B,Germany,Y Combinator,2026-08-05 18:56:23,1,5
23306,GreaseBoss,https://www.greaseboss.com.au,Industrials,Australia,Y Combinator,2026-08-05 18:56:23,1,10
23302,Kidato,https://www.kidato.com,Education,Kenya,Y Combinator,2026-08-05 18:56:23,1,15
23301,FlutterFlow,https://flutterflow.io,B2B,USA,Y Combinator,2026-08-05 18:56:23,1,55
23292,AgendaPro,https://www.agendapro.com,B2B,Chile,Y Combinator,2026-08-05 18:56:23,1,50
23280,Infracost,https://infracost.io,B2B,,Y Combinator,2026-08-05 18:56:23,1,25
23279,Chatwoot,https://www.chatwoot.com,B2B,USA,Y Combinator,2026-08-05 18:56:23,1,12
23277,Pagaloop,https://www.pagaloop.com,Fintech,Mexico,Y Combinator,2026-08-05 18:56:23,1,23
23271,Ziina,https://www.ziina.com,Fintech,United Arab Emirates,Y Combinator,2026-08-05 18:56:23,1,57
23270,Alokai,https://www.alokai.com,B2B,Poland,Y Combinator,2026-08-05 18:56:23,1,100
23268,Zealth,https://zealth-ai.com/,Healthcare,India,Y Combinator,2026-08-05 18:56:23,1,2
23266,Houm,https://houm.com,Real Estate and Construction,Chile,Y Combinator,2026-08-05 18:56:23,1,400
23263,Entelexo Biotherapeutics,https://www.entelexo.com/,Healthcare,USA,Y Combinator,2026-08-05 18:56:23,1,3
23261,Morada Uno,http://www.moradauno.com.mx,Real Estate and Construction,Mexico,Y Combinator,2026-08-05 18:56:23,1,150
23260,Z1,https://z1.app/,Fintech,Brazil,Y Combinator,2026-08-05 18:56:23,1,80
23259,Haystack,https://usehaystack.io/,B2B,USA,Y Combinator,2026-08-05 18:56:23,1,6
23240,Mendel,https://mendel.com,Fintech,Mexico,Y Combinator,2026-08-05 18:56:23,1,5
23238,Ontop,https://www.getontop.com/,B2B,USA,Y Combinator,2026-08-05 18:56:23,1,186
23236,Stayflexi,https://business.stayflexi.com/,B2B,USA,Y Combinator,2026-08-05 18:56:23,1,58
23226,Soraban,https://www.soraban.com,B2B,USA,Y Combinator,2026-08-05 18:56:23,1,50
23220,Lamar Health,http://www.lamarhealth.com,Healthcare,USA,Y Combinator,2026-08-05 18:56:23,1,15
23200,Compose.ai,https://compose.ai,B2B,USA,Y Combinator,2026-08-05 18:56:23,1,7
23193,Manara,http://www.manara.tech,B2B,USA,Y Combinator,2026-08-05 18:56:23,1,10
23191,Venu AI,https://www.venu3d.com,B2B,USA,Y Combinator,2026-08-05 18:56:23,1,5
23190,Biodock,https://www.biodock.ai,Healthcare,Kazakhstan,Y Combinator,2026-08-05 18:56:23,1,8
23186,Camp,https://nouns.camp,Consumer,Sweden,Y Combinator,2026-08-05 18:56:23,1,3
23175,Betterhalf,https://betterhalf.ai,Consumer,India,Y Combinator,2026-08-05 18:56:23,1,25
23174,Feroot Security,https://www.feroot.com,B2B,Canada,Y Combinator,2026-08-05 18:56:23,1,24
23162,Phoenix,https://phoenix.ca,Healthcare,Canada,Y Combinator,2026-08-05 18:56:23,1,70
23156,ROGER,https://www.thanksroger.com/,B2B,USA,Y Combinator,2026-08-05 18:56:23,1,4
23146,Redcliffe Lifetech,http://redcliffelabs.com,Healthcare,India,Y Combinator,2026-08-05 18:56:23,1,3500
23139,Seer,https://www.helloseer.com/,B2B,USA,Y Combinator,2026-08-05 18:56:23,1,4
23128,FitHub,https://www.fithub.com.co,Consumer,Colombia,Y Combinator,2026-08-05 18:56:23,1,60
23127,Rulebricks,https://rulebricks.com/,B2B,USA,Y Combinator,2026-08-05 18:56:23,1,2
23121,BotBuilt,https://www.botbuilt.com,Industrials,USA,Y Combinator,2026-08-05 18:56:23,1,8
23105,Reclaim Protocol,https://reclaimprotocol.org,B2B,India,Y Combinator,2026-08-05 18:56:23,1,17
23074,ZOKO,https://www.zoko.io/,B2B,India,Y Combinator,2026-08-05 18:56:23,1,18
23064,Tint,http://www.tint.ai,Fintech,USA,Y Combinator,2026-08-05 18:56:23,1,40
23062,InpharmD,https://www.inpharmd.com,Healthcare,USA,Y Combinator,2026-08-05 18:56:23,1,16
23056,Simplify,https://simplify.jobs/,Consumer,USA,Y Combinator,2026-08-05 18:56:23,1,5
23054,Unschool,https://www.unschool.in/,Education,India,Y Combinator,2026-08-05 18:56:23,1,35
23053,Tilt,https://tilt.bike/,Consumer,India,Y Combinator,2026-08-05 18:56:23,1,12
23052,Juicy Marbles,https://juicymarbles.com,Consumer,Slovenia,Y Combinator,2026-08-05 18:56:23,1,45
23048,Stoke Space,https://www.stokespace.com/,Industrials,USA,Y Combinator,2026-08-05 18:56:23,1,305
23042,clicOH,http://clicoh.com/,B2B,Argentina,Y Combinator,2026-08-05 18:56:23,1,155
23036,Solo,https://www.solosuit.com/,Fintech,USA,Y Combinator,2026-08-05 18:56:23,1,25
23017,Tractian,https://tractian.com,Industrials,USA,Y Combinator,2026-08-05 18:56:23,1,530
22997,Codingal,https://www.codingal.com/?utm_source=yc,Education,India,Y Combinator,2026-08-05 18:56:23,1,100
22996,Resquared,http://re2.ai,B2B,USA,Y Combinator,2026-08-05 18:56:23,1,40
22995,Quicknode,https://www.quicknode.com,B2B,USA,Y Combinator,2026-08-05 18:56:23,1,115
22991,Topline Pro,https://www.toplinepro.com,B2B,USA,Y Combinator,2026-08-05 18:56:23,1,28
22990,QuotaBook,https://www.quotabook.com/en,B2B,South Korea,Y Combinator,2026-08-05 18:56:23,1,50
22989,Flextock,http://www.flextock.com,B2B,Egypt,Y Combinator,2026-08-05 18:56:23,1,10
22987,Darrow,https://darrow.ai/,B2B,Israel,Y Combinator,2026-08-05 18:56:23,1,95
22986,OpenCode,https://opencode.ai,B2B,Canada,Y Combinator,2026-08-05 18:56:23,1,24
22983,Homebase,http://www.gethomebase.com/,Real Estate and Construction,Vietnam,Y Combinator,2026-08-05 18:56:23,1,20
22974,LogisticsOS,https://logisticsos.com,B2B,USA,Y Combinator,2026-08-05 18:56:23,1,6
22970,Veera Health,https://www.veerahealth.com,Healthcare,India,Y Combinator,2026-08-05 18:56:23,1,4
22969,LightTwist,https://lighttwist.com,B2B,USA,Y Combinator,2026-08-05 18:56:23,1,2
22958,Text Blaze,https://blaze.today,B2B,USA,Y Combinator,2026-08-05 18:56:23,1,9
22957,Sendbox,https://sendbox.co,B2B,Nigeria,Y Combinator,2026-08-05 18:56:23,1,25
22955,Coderhouse,https://www.coderhouse.com/,Education,Argentina,Y Combinator,2026-08-05 18:56:23,1,225
22953,Enode,http://www.enode.com,Industrials,Norway,Y Combinator,2026-08-05 18:56:23,1,70
22952,Trela,https://www.trela.com.br,Consumer,Brazil,Y Combinator,2026-08-05 18:56:23,1,120
22951,Datrics,https://datrics.ai,Healthcare,USA,Y Combinator,2026-08-05 18:56:23,1,22
22947,Great Question,https://greatquestion.co,B2B,USA,Y Combinator,2026-08-05 18:56:23,1,41
22942,Hudu,https://hudu.com,B2B,USA,Y Combinator,2026-08-05 18:56:23,1,26
22935,Aurabeat,https://www.aurabeattech.com/,Industrials,Hong Kong,Y Combinator,2026-08-05 18:56:23,1,12
22934,Auricle,https://auricle.com,Healthcare,USA,Y Combinator,2026-08-05 18:56:23,1,2
22906,LiveFlow,https://www.liveflow.com,B2B,USA,Y Combinator,2026-08-05 18:56:23,1,51
22905,Remora,https://www.remoracarbon.com,Industrials,USA,Y Combinator,2026-08-05 18:56:23,1,45
22903,Finary.com,https://finary.com/en,Fintech,France,Y Combinator,2026-08-05 18:56:23,1,80
22890,zingbus,https://www.zingbus.com/,Consumer,India,Y Combinator,2026-08-05 18:56:23,1,40
22889,Greywing,https://grey-wing.com/,B2B,Singapore,Y Combinator,2026-08-05 18:56:23,1,2
22888,GimBooks,https://gimbooks.com/,B2B,India,Y Combinator,2026-08-05 18:56:23,1,16
22885,Measured,https://trymeasured.com/,Healthcare,USA,Y Combinator,2026-08-05 18:56:23,1,12
22884,Rinsed,https://www.rinsed.com,B2B,USA,Y Combinator,2026-08-05 18:56:23,1,80
22882,FirstSupport.ai,https://firstsupport.ai,B2B,Indonesia,Y Combinator,2026-08-05 18:56:23,1,4
22881,BrioHR,https://briohr.com/,B2B,Malaysia,Y Combinator,2026-08-05 18:56:23,1,35
22880,Outpaint.com,https://outpaint.com/,B2B,USA,Y Combinator,2026-08-05 18:56:23,1,4
22879,Fathom,https://www.fathom.ai,B2B,USA,Y Combinator,2026-08-05 18:56:23,1,95
22878,Popl,https://popl.co/,B2B,USA,Y Combinator,2026-08-05 18:56:23,1,60
22876,Hermes Robotics,http://hermes-robotics.com,Industrials,USA,Y Combinator,2026-08-05 18:56:23,1,5
22870,Care Weather,https://www.careweather.com,Industrials,USA,Y Combinator,2026-08-05 18:56:23,1,2
22869,Logica,https://logica.cloud,B2B,USA,Y Combinator,2026-08-05 18:56:23,1,2
22866,Anima,http://www.animahealth.com,Healthcare,United Kingdom,Y Combinator,2026-08-05 18:56:23,1,20
22861,Pangea.app,https://www.pangea.app,B2B,USA,Y Combinator,2026-08-05 18:56:23,1,3
22857,Kredi,https://www.kredi.mx/,Fintech,Mexico,Y Combinator,2026-08-05 18:56:23,1,66
22856,weweb.io,https://www.weweb.io/,B2B,France,Y Combinator,2026-08-05 18:56:23,1,12
22855,Mindee,https://mindee.com,B2B,France,Y Combinator,2026-08-05 18:56:23,1,60
22854,Topkey,https://www.topkey.io/,B2B,USA,Y Combinator,2026-08-05 18:56:23,1,17
22853,Udhaar App,https://udhaar.pk/,Fintech,Pakistan,Y Combinator,2026-08-05 18:56:23,1,32
22850,Quadrant Health,https://quadrant.health,Healthcare,USA,Y Combinator,2026-08-05 18:56:23,1,8
22844,Kodo,https://www.kodo.com,Fintech,India,Y Combinator,2026-08-05 18:56:23,1,45
22842,Dashlabs.ai,https://dashlabs.ai,Healthcare,Philippines,Y Combinator,2026-08-05 18:56:23,1,30
22840,Nirva,https://nirvahealth.com,Healthcare,USA,Y Combinator,2026-08-05 18:56:23,1,5
22836,Fintoc,https://fintoc.com,Fintech,Chile,Y Combinator,2026-08-05 18:56:23,1,60
22835,Vapi,https://vapi.ai,B2B,USA,Y Combinator,2026-08-05 18:56:23,1,50
22834,Alinea,https://alinea-invest.com/,Fintech,USA,Y Combinator,2026-08-05 18:56:23,1,12
22833,Lendflow,https://lendflow.com,Fintech,USA,Y Combinator,2026-08-05 18:56:23,1,55
22832,Parsagon,https://parsagon.io,B2B,USA,Y Combinator,2026-08-05 18:56:23,1,2
22829,Camber,https://www.camber.health/,Healthcare,USA,Y Combinator,2026-08-05 18:56:23,1,85
22828,Aviron Interactive,https://www.avironactive.com/,Consumer,Canada,Y Combinator,2026-08-05 18:56:23,1,90
22826,FifthTry,https://www.FifthTry.com,B2B,India,Y Combinator,2026-08-05 18:56:23,1,4
22806,Per Diem,https://tryperdiem.com,B2B,USA,Y Combinator,2026-08-05 18:56:23,1,25
22796,Firstbase.io,https://firstbase.io/,B2B,USA,Y Combinator,2026-08-05 18:56:23,1,50
22792,Bimaplan,https://www.bimaplan.co,Fintech,India,Y Combinator,2026-08-05 18:56:23,1,30
22790,Version Story Compare,https://versionstory.com/,B2B,USA,Y Combinator,2026-08-05 18:56:23,1,6
22789,Gridware,https://www.gridware.io,Industrials,USA,Y Combinator,2026-08-05 18:56:23,1,125
22787,Expent Inc,https://www.expent.ai/,B2B,USA,Y Combinator,2026-08-05 18:56:23,1,10
22785,Supadock,https://getsupadock.com,B2B,Canada,Y Combinator,2026-08-05 18:56:23,1,1
22782,Terapify,https://www.terapify.com,Healthcare,Mexico,Y Combinator,2026-08-05 18:56:23,1,15
22781,Cyble,https://cyble.com/,B2B,USA,Y Combinator,2026-08-05 18:56:23,1,197
22779,Axle Health,https://www.axlehealth.com,Healthcare,USA,Y Combinator,2026-08-05 18:56:23,1,14
22777,Gradia Health,https://www.gradia.com/,Healthcare,USA,Y Combinator,2026-08-05 18:56:23,1,7
22776,Sivo,https://sivo.com,Fintech,Canada,Y Combinator,2026-08-05 18:56:23,1,15
22772,Prequel,https://prequel.co,B2B,USA,Y Combinator,2026-08-05 18:56:23,1,9
22764,Valink Therapeutics,https://www.valinktx.com/,Healthcare,USA,Y Combinator,2026-08-05 18:56:23,1,15
22751,Fractional,https://fractional.app,Fintech,USA,Y Combinator,2026-08-05 18:56:23,1,10
22745,CashBook,https://cashbook.in,B2B,India,Y Combinator,2026-08-05 18:56:23,1,4
22744,Encord,https://encord.com,B2B,United Kingdom,Y Combinator,2026-08-05 18:56:23,1,150
22742,Axiom.ai,https://axiom.ai,B2B,United Kingdom,Y Combinator,2026-08-05 18:56:23,1,8
22738,Pragmatic Leaders (Ankai Inc),"https://pragmaticleaders.io, https://ostronaut.com",B2B,India,Y Combinator,2026-08-05 18:56:23,1,10
22722,Pesto,https://www.getpesto.com/,Fintech,USA,Y Combinator,2026-08-05 18:56:23,1,8
22720,Smartcuts,https://trysmartcuts.com/,B2B,USA,Y Combinator,2026-08-05 18:56:23,1,3
22719,Weekday,https://weekday.works,B2B,India,Y Combinator,2026-08-05 18:56:23,1,38
22717,Avocado,https://avocadopos.com,B2B,USA,Y Combinator,2026-08-05 18:56:23,1,4
22715,Tupelo,https://tupelosmb.com/,B2B,USA,Y Combinator,2026-08-05 18:56:23,1,2
22713,SpruceID,https://www.spruceid.com,Government,USA,Y Combinator,2026-08-05 18:56:23,1,25
22708,Flux Auto,https://fluxauto.ai,Industrials,India,Y Combinator,2026-08-05 18:56:23,1,56
22707,Wyndly,https://www.wyndly.com,Healthcare,USA,Y Combinator,2026-08-05 18:56:23,1,10
22706,Curvenote,https://curvenote.com,Healthcare,Canada,Y Combinator,2026-08-05 18:56:23,1,3
22703,Bluelight,https://usebluelight.com/,B2B,USA,Y Combinator,2026-08-05 18:56:23,1,3
22702,"Gerald Technologies, Inc",https://www.joingerald.com,Fintech,USA,Y Combinator,2026-08-05 18:56:23,1,12
22700,Moichor,https://moichor.com/,Healthcare,USA,Y Combinator,2026-08-05 18:56:23,1,29
22699,Nourish,https://nourish.com,Healthcare,USA,Y Combinator,2026-08-05 18:56:23,1,250
22693,Lion Pose,http://www.lionpose.com,Consumer,USA,Y Combinator,2026-08-05 18:56:23,1,3
22681,Pibit.ai,https://pibit.ai,Fintech,USA,Y Combinator,2026-08-05 18:56:23,1,116
22677,GroMo,https://www.gromo.in,Fintech,India,Y Combinator,2026-08-05 18:56:23,1,100
22676,ModernLoop,http://modernloop.io,B2B,USA,Y Combinator,2026-08-05 18:56:23,1,15
22674,arnata,https://arnata.com,B2B,USA,Y Combinator,2026-08-05 18:56:23,1,15
22671,SigNoz,https://signoz.io,B2B,USA,Y Combinator,2026-08-05 18:56:23,1,38
22670,PowerRouter,https://www.powerrouter.io,B2B,USA,Y Combinator,2026-08-05 18:56:23,1,3
22668,Hapi,https://hapi.trade/,Fintech,USA,Y Combinator,2026-08-05 18:56:23,1,45
22666,Spokn,https://getspokn.com/,B2B,USA,Y Combinator,2026-08-05 18:56:23,1,20
22665,Waypoint,https://www.usewaypoint.com,B2B,United States,Y Combinator,2026-08-05 18:56:23,1,
22663,MedMe Health,https://www.medmehealth.com,Healthcare,Canada,Y Combinator,2026-08-05 18:56:23,1,60
22662,Taloflow,https://www.taloflow.ai,B2B,USA,Y Combinator,2026-08-05 18:56:23,1,4
22660,RocketSDR,https://rocketsdr.ai,B2B,India,Y Combinator,2026-08-05 18:56:23,1,30
22659,Lygg,http://www.lyggcorp.com,Consumer,USA,Y Combinator,2026-08-05 18:56:23,1,1
22658,Howdy.com,https://www.howdy.com/,B2B,USA,Y Combinator,2026-08-05 18:56:23,1,140
22656,DreamWorld,https://www.playdreamworld.com/,Consumer,USA,Y Combinator,2026-08-05 18:56:23,1,30
22640,Albedo,https://albedo.com,Industrials,USA,Y Combinator,2026-08-05 18:56:23,1,55
22638,Humaans,https://humaans.io,B2B,United Kingdom,Y Combinator,2026-08-05 18:56:23,1,48
22632,authzed,https://authzed.com,B2B,USA,Y Combinator,2026-08-05 18:56:23,1,31
22630,Alba Orbital,https://www.albaorbital.com,Industrials,United Kingdom,Y Combinator,2026-08-05 18:56:23,1,10
22627,Atomic Industries,http://atomic.industries,Industrials,USA,Y Combinator,2026-08-05 18:56:23,1,60
22625,gaiia,http://gaiia.com,B2B,USA,Y Combinator,2026-08-05 18:56:23,1,100
22624,The Third Place,https://www.thethirdplace.is/,B2B,USA,Y Combinator,2026-08-05 18:56:23,1,2
22618,Trestle Biotherapeutics,http://www.trestlebio.com,Healthcare,USA,Y Combinator,2026-08-05 18:56:23,1,2
22617,Serna Bio,http://serna.bio,Healthcare,USA,Y Combinator,2026-08-05 18:56:23,1,5
22612,Bristle,https://bristlehealth.com/,Healthcare,USA,Y Combinator,2026-08-05 18:56:23,1,6
22608,cloud humans,https://www.cloudhumans.com,B2B,USA,Y Combinator,2026-08-05 18:56:23,1,30
22591,Runway,https://runway.team,B2B,USA,Y Combinator,2026-08-05 18:56:23,1,20
22581,Atrato,https://www.atratopago.com,Fintech,Mexico,Y Combinator,2026-08-05 18:56:23,1,80
22579,Abacum,https://www.abacum.ai/,B2B,USA,Y Combinator,2026-08-05 18:56:23,1,125
22533,Webiny,https://www.webiny.com,B2B,Croatia,Y Combinator,2026-08-05 18:56:23,1,6
23640,eqtble,https://eqtble.com/,B2B,USA,Y Combinator,2026-08-05 18:56:23,0,5
23638,Journey,http://journey.io,B2B,,Y Combinator,2026-08-05 18:56:23,0,10
23610,PipeBio,https://pipebio.com,Healthcare,Denmark,Y Combinator,2026-08-05 18:56:23,0,10
23423,Awari,https://awari.com/,Education,Brazil,Y Combinator,2026-08-05 18:56:23,0,35
23415,Friz,https://www.usefriz.com,Consumer,Singapore,Y Combinator,2026-08-05 18:56:23,0,4
23370,Uiflow,https://www.ycombinator.com/companies/uiflow,B2B,USA,Y Combinator,2026-08-05 18:56:23,0,21
23318,inBalance,https://inbalanceresearch.com,Industrials,USA,Y Combinator,2026-08-05 18:56:23,0,10
23290,Kitemaker,https://kitemaker.co,B2B,Norway,Y Combinator,2026-08-05 18:56:23,0,5
23265,Mono,https://mono.co,Fintech,Nigeria,Y Combinator,2026-08-05 18:56:23,0,10
23239,Preki,http://www.preki.com,B2B,Colombia,Y Combinator,2026-08-05 18:56:23,0,15
23229,Pyroscope,https://pyroscope.io/,B2B,USA,Y Combinator,2026-08-05 18:56:23,0,5
23167,Worksphere,https://www.worksphere.com,B2B,USA,Y Combinator,2026-08-05 18:56:23,0,6
23075,TaoFi,https://taofi.com,Fintech,USA,Y Combinator,2026-08-05 18:56:23,0,11
23073,unSurvey,http://www.unsurvey.ai,B2B,USA,Y Combinator,2026-08-05 18:56:23,0,8
23063,Striga,https://striga.com/,Fintech,Estonia,Y Combinator,2026-08-05 18:56:23,0,14
23038,Dyte,https://dyte.io,B2B,India,Y Combinator,2026-08-05 18:56:23,0,45
23037,Enable Us,https://www.enableus.com,B2B,USA,Y Combinator,2026-08-05 18:56:23,0,14
23008,TechBiz,https://www.techbiz.app,B2B,India,Y Combinator,2026-08-05 18:56:23,0,3
22985,Partnered,https://partnered.com,B2B,USA,Y Combinator,2026-08-05 18:56:23,0,2
22968,Trendpop,http://trendpop.com,B2B,USA,Y Combinator,2026-08-05 18:56:23,0,10
22902,Verak,http://verak.in,Fintech,India,Y Combinator,2026-08-05 18:56:23,0,45
22887,R2,https://r2.co/,Fintech,Mexico,Y Combinator,2026-08-05 18:56:23,0,100
22875,Roin Technologies,https://rointech.com,Industrials,USA,Y Combinator,2026-08-05 18:56:23,0,3
22867,Procoto,https://procoto.com,B2B,USA,Y Combinator,2026-08-05 18:56:23,0,4
22843,Orbillion Bio,https://www.orbillion.com/,Industrials,USA,Y Combinator,2026-08-05 18:56:23,0,7
22831,Emerge Tools,https://www.emergetools.com/,B2B,USA,Y Combinator,2026-08-05 18:56:23,0,9
22830,Pry Financials,https://www.pry.co,B2B,USA,Y Combinator,2026-08-05 18:56:23,0,7
22827,Promoted.ai,http://www.promoted.ai,B2B,USA,Y Combinator,2026-08-05 18:56:23,0,12
22797,OctiFi,https://www.octifi.com,Fintech,Singapore,Y Combinator,2026-08-05 18:56:23,0,11
22791,Bueno Finance,https://buenofinanceinc.com,Fintech,India,Y Combinator,2026-08-05 18:56:23,0,18
22788,FunctionUp (FanPlay),https://www.functionup.org/,Education,India,Y Combinator,2026-08-05 18:56:23,0,20
22778,HyperGlue,https://www.hyperglue.com,B2B,USA,Y Combinator,2026-08-05 18:56:23,0,5
22774,Flok,https://goflok.com/,B2B,USA,Y Combinator,2026-08-05 18:56:23,0,5
22771,Avenue,https://avenue.app/,B2B,USA,Y Combinator,2026-08-05 18:56:23,0,8
22752,ClipDrop,https://clipdrop.co,Consumer,France,Y Combinator,2026-08-05 18:56:23,0,5
22750,PingPong,https://www.getpingpong.com/,B2B,USA,Y Combinator,2026-08-05 18:56:23,0,8
22743,Segments.ai,https://segments.ai,B2B,Belgium,Y Combinator,2026-08-05 18:56:23,0,8
22741,Laudspeaker,https://laudspeaker.com/?ref=bf,B2B,USA,Y Combinator,2026-08-05 18:56:23,0,3
22714,Fountain9,https://www.fountain9.com,B2B,USA,Y Combinator,2026-08-05 18:56:23,0,8
22695,Furmacy,http://www.furmacy.com/,Healthcare,USA,Y Combinator,2026-08-05 18:56:23,0,5
22669,Stacksi,https://www.stacksi.com,B2B,USA,Y Combinator,2026-08-05 18:56:23,0,4
22667,Finley,https://www.finleycms.com,Fintech,USA,Y Combinator,2026-08-05 18:56:23,0,32
23630,Alltruists,http://www.alltruists.com,Consumer,USA,Y Combinator,2026-08-05 18:56:23,0,1
23521,MindPortal,https://www.mindportal.com,Consumer,United Kingdom,Y Combinator,2026-08-05 18:56:23,0,10
23518,MeetAnyway,https://meetanyway.com,B2B,Germany,Y Combinator,2026-08-05 18:56:23,0,3
23515,Avion School,https://avionschool.com,Education,Philippines,Y Combinator,2026-08-05 18:56:23,0,4
23511,Forcyte Biotechnologies,https://forcytebio.com/,Healthcare,USA,Y Combinator,2026-08-05 18:56:23,0,5
23462,boitas.com,http://www.boitas.com,B2B,Mexico,Y Combinator,2026-08-05 18:56:23,0,35
23461,Outfit,https://buildoutfit.com,Consumer,USA,Y Combinator,2026-08-05 18:56:23,0,1
23445,Blink,https://www.blinklastmile.com/en/,Industrials,Italy,Y Combinator,2026-08-05 18:56:23,0,5
23437,Mezli,https://www.mezli.com,Consumer,USA,Y Combinator,2026-08-05 18:56:23,0,8
23435,Cheqout,https://cheqout.com,Fintech,USA,Y Combinator,2026-08-05 18:56:23,0,6
23400,Dressd,https://dressd.com/,Consumer,USA,Y Combinator,2026-08-05 18:56:23,0,1
23305,Galaxy,https://launchpointhq.com,B2B,USA,Y Combinator,2026-08-05 18:56:23,0,2
23304,Moonshot Brands,http://moonshotbrands.com,Fintech,USA,Y Combinator,2026-08-05 18:56:23,0,35
23303,Dataherald,http://dataherald.com/,B2B,USA,Y Combinator,2026-08-05 18:56:23,0,18
23278,Prendea,https://prendea.com,Education,Peru,Y Combinator,2026-08-05 18:56:23,0,5
23276,Codeball,https://codeball.ai,B2B,Sweden,Y Combinator,2026-08-05 18:56:23,0,3
23269,Lunatic,https://lunatic.solutions/,B2B,Austria,Y Combinator,2026-08-05 18:56:23,0,2
23264,Eat Blueprint,https://eatblueprint.com,Consumer,USA,Y Combinator,2026-08-05 18:56:23,0,2
23242,HomeBreeze,https://www.homebreeze.ai/,Consumer,USA,Y Combinator,2026-08-05 18:56:23,0,45
23189,Fable,https://www.tryfable.com/,B2B,USA,Y Combinator,2026-08-05 18:56:23,0,2
23185,Mythia,,Fintech,USA,Y Combinator,2026-08-05 18:56:23,0,0
23096,Aerotime,https://www.aerotime.com,B2B,USA,Y Combinator,2026-08-05 18:56:23,0,6
23085,Launcher Labs,http://launchcaster.xyz,Consumer,USA,Y Combinator,2026-08-05 18:56:23,0,4
23084,Taste,https://gettaste.com/,Consumer,USA,Y Combinator,2026-08-05 18:56:23,0,2
23065,Finantier,https://finantier.co,Fintech,Singapore,Y Combinator,2026-08-05 18:56:23,0,40
23050,Milk Video,https://milkvideo.com,B2B,USA,Y Combinator,2026-08-05 18:56:23,0,2
23041,Platypus,https://www.getplatypus.com,B2B,USA,Y Combinator,2026-08-05 18:56:23,0,3
23000,Nimbus,https://nimbus.dev,B2B,USA,Y Combinator,2026-08-05 18:56:23,0,3
22975,Noble,https://benoble.io/,B2B,Israel,Y Combinator,2026-08-05 18:56:23,0,12
22948,MarcoPolo,,B2B,Mexico,Y Combinator,2026-08-05 18:56:23,0,0
22944,Invoid,https://www.invoid.co/,B2B,India,Y Combinator,2026-08-05 18:56:23,0,15
22883,Purpose Finance,https://www.purposefinance.com/,Fintech,USA,Y Combinator,2026-08-05 18:56:23,0,3
22846,Lalabox,https://lalabox.io,Consumer,USA,Y Combinator,2026-08-05 18:56:23,0,4
22841,ControlHub,https://controlhub.com/,B2B,,Y Combinator,2026-08-05 18:56:23,0,22
22823,June,http://june.so,B2B,USA,Y Combinator,2026-08-05 18:56:23,0,6
22786,Faction,http://www.faction.us,Industrials,USA,Y Combinator,2026-08-05 18:56:23,0,25
22784,Huddlefire,https://www.huddlefire.com,B2B,USA,Y Combinator,2026-08-05 18:56:23,0,2
22783,YourQuote,https://www.yourquote.in,Consumer,India,Y Combinator,2026-08-05 18:56:23,0,9
22780,Noya,https://noya.co,Industrials,USA,Y Combinator,2026-08-05 18:56:23,0,7
22775,Charge Running,http://www.chargerunning.com,Consumer,USA,Y Combinator,2026-08-05 18:56:23,0,3
22773,noHQ,https://nohq.com,B2B,USA,Y Combinator,2026-08-05 18:56:23,0,2
22755,Finary,https://about.finary.io/,Fintech,USA,Y Combinator,2026-08-05 18:56:23,0,6
22718,BeWell Digital,http://www.bewelldigital.com,Healthcare,India,Y Combinator,2026-08-05 18:56:23,0,2
22712,GoBuild (fka Brick),https://go.build,Fintech,USA,Y Combinator,2026-08-05 18:56:23,0,18
22711,Clay,https://clay3d.io,B2B,,Y Combinator,2026-08-05 18:56:23,0,5
22710,CoVerified,https://www.coverified.us/,Healthcare,USA,Y Combinator,2026-08-05 18:56:23,0,9
22709,Krab,https://www.krab.in,Fintech,India,Y Combinator,2026-08-05 18:56:23,0,9
22705,JoinSub,https://joinsub.com,Fintech,India,Y Combinator,2026-08-05 18:56:23,0,8
22704,Triplit,https://www.triplit.dev,B2B,,Y Combinator,2026-08-05 18:56:23,0,3
22701,Queenly,https://queenly.com/,Consumer,USA,Y Combinator,2026-08-05 18:56:23,0,13
22698,Observa,https://www.observa.com,B2B,,Y Combinator,2026-08-05 18:56:23,0,1
22696,SlashAuth,https://www.slashauth.com,B2B,USA,Y Combinator,2026-08-05 18:56:23,0,3
22675,Unfurl,http://unfurlcuisine.com,Consumer,USA,Y Combinator,2026-08-05 18:56:23,0,20
22673,Gigs Live,https://gigs.live,Consumer,USA,Y Combinator,2026-08-05 18:56:23,0,3
22672,Pensil,https://pensil.in,B2B,India,Y Combinator,2026-08-05 18:56:23,0,4
22664,SBX Robotics,https://www.sbxrobotics.com/,B2B,Canada,Y Combinator,2026-08-05 18:56:23,0,5
22661,Quadrant Eye,https://quadranteye.com,Healthcare,USA,Y Combinator,2026-08-05 18:56:23,0,4
22652,Playmaker,http://getplaymaker.app,Consumer,Denmark,Y Combinator,2026-08-05 18:56:23,0,5
22600,Neverland,http://www.enterneverland.com/,Consumer,USA,Y Combinator,2026-08-05 18:56:23,0,2
22566,Lovd,http://www.lovd.com,Consumer,USA,Y Combinator,2026-08-05 18:56:23,0,4
22565,Gonddo,https://gonddo.com.br/,B2B,Brazil,Y Combinator,2026-08-05 18:56:23,0,6
22470,Degrees of Freedom,https://www.DegreesOfFreedom.org,Education,USA,Y Combinator,2026-08-05 18:56:23,0,7
28425,Pando Bioscience,https://pando.bio/,Healthcare,USA,Y Combinator,2026-08-05 18:56:23,1,5
28421,Metal,http://www.metal.so,B2B,Pakistan,Y Combinator,2026-08-05 18:56:23,1,21
28418,Vaero,https://vaero.ai,Consumer,USA,Y Combinator,2026-08-05 18:56:23,1,1
28417,Yuma AI,https://yuma.ai,B2B,USA,Y Combinator,2026-08-05 18:56:23,1,26
28416,Pierre,https://pierre.co,B2B,USA,Y Combinator,2026-08-05 18:56:23,1,10
28414,Automat,https://www.runautomat.com/,B2B,USA,Y Combinator,2026-08-05 18:56:23,1,
28413,SpecCheck,https://www.speccheckrx.com/,B2B,USA,Y Combinator,2026-08-05 18:56:23,1,5
28412,Speedy Labs,https://speedylabs.ai/,B2B,,Y Combinator,2026-08-05 18:56:23,1,8
28410,Finta,https://www.finta.com/,B2B,USA,Y Combinator,2026-08-05 18:56:23,1,2
28409,LiteLLM,https://www.litellm.ai/,B2B,USA,Y Combinator,2026-08-05 18:56:23,1,10
28382,Theya,https://www.theya.us/,Fintech,USA,Y Combinator,2026-08-05 18:56:23,1,3
28369,Warp,https://www.warp.co/,B2B,USA,Y Combinator,2026-08-05 18:56:23,1,80
28367,Adri AI,https://www.getadri.ai/,B2B,USA,Y Combinator,2026-08-05 18:56:23,1,3
28366,Vendora,https://www.vendora.io/,B2B,USA,Y Combinator,2026-08-05 18:56:23,1,4
28361,Lightski,https://www.lightski.com,B2B,USA,Y Combinator,2026-08-05 18:56:23,1,1
28329,Type,https://type.ai,Consumer,USA,Y Combinator,2026-08-05 18:56:23,1,5
28303,Scout,https://thedailyscout.com,Consumer,USA,Y Combinator,2026-08-05 18:56:23,1,3
28301,Persana AI,https://www.persana.ai/,B2B,USA,Y Combinator,2026-08-05 18:56:23,1,2
28218,Kyber,https://askkyber.com,B2B,USA,Y Combinator,2026-08-05 18:56:23,1,5
28216,Escape,https://escape.tech,B2B,France,Y Combinator,2026-08-05 18:56:23,1,29
28214,Atmeto,https://www.atmeto.com,Industrials,USA,Y Combinator,2026-08-05 18:56:23,1,2
28205,Modulari-T,https://modularit.bio,Healthcare,Canada,Y Combinator,2026-08-05 18:56:23,1,4
28192,Skyhook,https://skyhook.io,B2B,Israel,Y Combinator,2026-08-05 18:56:23,1,7
28183,Metal,https://metal.ai/,B2B,USA,Y Combinator,2026-08-05 18:56:23,1,17
28180,Texel.ai,https://texel.ai,B2B,,Y Combinator,2026-08-05 18:56:23,1,2
28178,Vector,https://vector.co,B2B,USA,Y Combinator,2026-08-05 18:56:23,1,20
28175,Pier,http://www.pier-finance.com,B2B,USA,Y Combinator,2026-08-05 18:56:23,1,4
28162,Verata,https://www.veratainsight.com/,B2B,USA,Y Combinator,2026-08-05 18:56:23,1,2
28160,Finni Health,https://www.finnihealth.com/,Healthcare,,Y Combinator,2026-08-05 18:56:23,1,40
28159,Invitris,https://invitris.com/,Healthcare,Germany,Y Combinator,2026-08-05 18:56:23,1,6
28158,Adventris Pharmaceuticals,https://adventris.com,Healthcare,USA,Y Combinator,2026-08-05 18:56:23,1,7
28131,Untether Labs,https://untetherlabs.com,Healthcare,USA,Y Combinator,2026-08-05 18:56:23,1,6
28128,Edge,https://withedge.com,B2B,USA,Y Combinator,2026-08-05 18:56:23,1,2
28127,Benchmark,https://withbenchmark.com/,B2B,USA,Y Combinator,2026-08-05 18:56:23,1,7
28116,Wallbit,https://wallbit.io,Fintech,Argentina,Y Combinator,2026-08-05 18:56:23,1,17
28115,Vellum,https://www.vellum.ai/,B2B,USA,Y Combinator,2026-08-05 18:56:23,1,23
28114,rex.fit,https://www.rex.fit,Consumer,USA,Y Combinator,2026-08-05 18:56:23,1,2
28112,Persist AI,http://www.persist-ai.com,Healthcare,USA,Y Combinator,2026-08-05 18:56:23,1,6
28111,Berry,https://berryai.com/,B2B,USA,Y Combinator,2026-08-05 18:56:23,1,8
28110,Conduit,http://helloconduit.com,B2B,USA,Y Combinator,2026-08-05 18:56:23,1,15
28107,SuperAPI,https://trysuperapi.com,B2B,India,Y Combinator,2026-08-05 18:56:23,1,2
28099,Unstatiq,https://www.unstatiq.com/,B2B,USA,Y Combinator,2026-08-05 18:56:23,1,2
28098,Resend,https://resend.com,B2B,,Y Combinator,2026-08-05 18:56:23,1,45
28097,Decohere,https://decohere.ai,Consumer,USA,Y Combinator,2026-08-05 18:56:23,1,4
28094,Constant,https://useconstant.com,Fintech,USA,Y Combinator,2026-08-05 18:56:23,1,2
28093,Common Paper,https://commonpaper.com/,B2B,USA,Y Combinator,2026-08-05 18:56:23,1,8
28092,Dill,https://usedill.com/,B2B,USA,Y Combinator,2026-08-05 18:56:23,1,
28091,Hindsight,https://www.usehindsight.com/,B2B,USA,Y Combinator,2026-08-05 18:56:23,1,3
28090,Littio,https://www.littio.co/,Fintech,Colombia,Y Combinator,2026-08-05 18:56:23,1,37
28089,Maxi,https://www.usemaxi.app,Fintech,USA,Y Combinator,2026-08-05 18:56:23,1,2
28088,Waza,https://waza.co/,Fintech,Nigeria,Y Combinator,2026-08-05 18:56:23,1,28
28087,Rivet,https://rivet.dev,B2B,USA,Y Combinator,2026-08-05 18:56:23,1,5
28080,Tagsafe,http://www.tagsafe.io,B2B,USA,Y Combinator,2026-08-05 18:56:23,1,
28079,Invopop,https://www.invopop.com/,B2B,Spain,Y Combinator,2026-08-05 18:56:23,1,7
28077,Corgi Labs,https://www.corgilabs.ai,Fintech,Singapore,Y Combinator,2026-08-05 18:56:23,1,3
28075,Stralis Aircraft,https://stralis.aero/,Industrials,Australia,Y Combinator,2026-08-05 18:56:23,1,4
28072,Helios,https://www.usehelios.ai/,B2B,Mexico,Y Combinator,2026-08-05 18:56:23,1,3
28071,Epsilon,https://www.epsilon-ai.com,Education,USA,Y Combinator,2026-08-05 18:56:23,1,2
28070,Clad,https://withclad.com/,Real Estate and Construction,USA,Y Combinator,2026-08-05 18:56:23,1,7
28069,Pylon,https://usepylon.com/?utm_source=bookface&utm_medium=referral&utm_campaign=pylon-profile,B2B,USA,Y Combinator,2026-08-05 18:56:23,1,120
28037,Diffuse Bio,http://diffuse.bio,Healthcare,USA,Y Combinator,2026-08-05 18:56:23,1,10
28019,inBuild,https://www.inbuild.ai/,B2B,USA,Y Combinator,2026-08-05 18:56:23,1,12
28018,Sanvivo,http://www.sanvivo.eu,Healthcare,Germany,Y Combinator,2026-08-05 18:56:23,1,4
28013,Clearspace,https://clearspace.org,Consumer,USA,Y Combinator,2026-08-05 18:56:23,1,7
28008,Univerbal,https://univerbal.app,Education,Switzerland,Y Combinator,2026-08-05 18:56:23,1,3
28007,Milio,http://www.miliopay.com,Fintech,Colombia,Y Combinator,2026-08-05 18:56:23,1,16
28006,Mantys,https://www.mantys.io/,B2B,United Arab Emirates,Y Combinator,2026-08-05 18:56:23,1,12
27992,Proglix,https://proglix.com/,Industrials,Indonesia,Y Combinator,2026-08-05 18:56:23,1,25
27991,Coldreach,https://coldreach.ai/,B2B,USA,Y Combinator,2026-08-05 18:56:23,1,3
27989,MagnaPlay,https://magnaplay.com,B2B,,Y Combinator,2026-08-05 18:56:23,1,5
27987,Shekel Mobility,https://www.shekelmobility.com/,Fintech,Nigeria,Y Combinator,2026-08-05 18:56:23,1,18
27986,Rally Tax,https://www.rally.tax/,Fintech,USA,Y Combinator,2026-08-05 18:56:23,1,5
27985,Loula,https://joinloula.com,Healthcare,USA,Y Combinator,2026-08-05 18:56:23,1,7
27984,Sirdab,https://sirdab.co/en,B2B,Saudi Arabia,Y Combinator,2026-08-05 18:56:23,1,
27983,Retape,https://www.retape.ai/,B2B,India,Y Combinator,2026-08-05 18:56:23,1,3
27982,Clueso,https://clueso.io,B2B,India,Y Combinator,2026-08-05 18:56:23,1,25
27978,SuperKalam,https://superkalam.com,Education,India,Y Combinator,2026-08-05 18:56:23,1,20
27974,Fastgen,https://fastgen.com,B2B,USA,Y Combinator,2026-08-05 18:56:23,1,7
27969,Vendah,https://vendah.com.br/,Consumer,Brazil,Y Combinator,2026-08-05 18:56:23,1,8
27968,Alaan,https://www.alaan.com/,Fintech,United Arab Emirates,Y Combinator,2026-08-05 18:56:23,1,160
27966,CombineHealth,https://www.combinehealth.ai/,Healthcare,USA,Y Combinator,2026-08-05 18:56:23,1,15
27965,Odigos Technologies Inc.,https://odigos.io,B2B,USA,Y Combinator,2026-08-05 18:56:23,1,16
27964,nunu.ai,https://nunu.ai,Consumer,Switzerland,Y Combinator,2026-08-05 18:56:23,1,5
27961,Hona,https://hona.com,B2B,USA,Y Combinator,2026-08-05 18:56:23,1,32
27960,Radical,https://www.radicalaero.com/,Industrials,USA,Y Combinator,2026-08-05 18:56:23,1,6
27959,Vitalize,https://vitalize.care,Healthcare,USA,Y Combinator,2026-08-05 18:56:23,1,28
27958,Noya Software,https://noya.io,B2B,USA,Y Combinator,2026-08-05 18:56:23,1,2
27957,Infinia,https://www.infiniaweb.com/,Fintech,Uruguay,Y Combinator,2026-08-05 18:56:23,1,12
27956,Hippo Scribe,https://gethipposcribe.com,Healthcare,USA,Y Combinator,2026-08-05 18:56:23,1,2
27953,Koywe,https://koywe.com,Fintech,USA,Y Combinator,2026-08-05 18:56:23,1,7
27952,Finic,https://www.finic.ai,Fintech,USA,Y Combinator,2026-08-05 18:56:23,1,4
27951,Honeydew,https://honeydew.ai,B2B,Israel,Y Combinator,2026-08-05 18:56:23,1,6
27950,Sherloq,http://sherloqdata.io/,B2B,Israel,Y Combinator,2026-08-05 18:56:23,1,6
27949,Onshore,https://onshore.com,B2B,USA,Y Combinator,2026-08-05 18:56:23,1,60
27947,Shortbread,https://www.shortbread.ai/,Consumer,USA,Y Combinator,2026-08-05 18:56:23,1,4
27946,Fluid Markets,https://fluidinvesting.com,Fintech,USA,Y Combinator,2026-08-05 18:56:23,1,3
27943,Hadrius,https://www.hadrius.com,Fintech,USA,Y Combinator,2026-08-05 18:56:23,1,80
27941,Sage AI,https://sage-ai.dev,B2B,USA,Y Combinator,2026-08-05 18:56:23,1,2
27939,FactIQ,https://factiq.com/,Fintech,Singapore,Y Combinator,2026-08-05 18:56:23,1,3
27938,Boundary,https://www.boundaryml.com,B2B,USA,Y Combinator,2026-08-05 18:56:23,1,10
27936,ClickPe,https://clickpe.ai/,Fintech,India,Y Combinator,2026-08-05 18:56:23,1,2
27935,compliant-llm,https://www.compliantllm.com/,B2B,USA,Y Combinator,2026-08-05 18:56:23,1,3
27928,Portalform,https://portalform.com/,B2B,USA,Y Combinator,2026-08-05 18:56:23,1,4
27926,Variance,https://www.variance.com/,B2B,USA,Y Combinator,2026-08-05 18:56:23,1,12
27925,222,https://222.place,Consumer,USA,Y Combinator,2026-08-05 18:56:23,1,16
27923,Ariglad,https://www.ariglad.com/,B2B,Canada,Y Combinator,2026-08-05 18:56:23,1,4
27915,Rainmaker,http://www.rainmaker.nyc,Fintech,Unspecified,Y Combinator,2026-08-05 18:56:23,1,2
27911,IcePanel,https://icepanel.io,B2B,Canada,Y Combinator,2026-08-05 18:56:23,1,9
27907,Storyboarder,https://storyboarder.com,Consumer,USA,Y Combinator,2026-08-05 18:56:23,1,2
27906,1stCollab,https://1stcollab.com/,B2B,USA,Y Combinator,2026-08-05 18:56:23,1,11
27902,KV Cash,https://kv.cash,B2B,USA,Y Combinator,2026-08-05 18:56:23,1,
27901,Orchid,https://orchid.health,Healthcare,USA,Y Combinator,2026-08-05 18:56:23,1,4
27898,Overlord,https://www.overlord.app/,Consumer,USA,Y Combinator,2026-08-05 18:56:23,1,2
27897,TableFlow,https://tableflow.com,B2B,USA,Y Combinator,2026-08-05 18:56:23,1,2
27896,Truewind,https://truewind.ai,B2B,USA,Y Combinator,2026-08-05 18:56:23,1,30
27893,BuildJet,https://buildjet.com,B2B,Germany,Y Combinator,2026-08-05 18:56:23,1,2
27892,ShortLoop,https://shortloop.dev/,B2B,USA,Y Combinator,2026-08-05 18:56:23,1,8
27890,Wild Moose,https://wildmoose.ai,B2B,USA,Y Combinator,2026-08-05 18:56:23,1,3
27882,Velos,https://www.tryvelos.com,B2B,USA,Y Combinator,2026-08-05 18:56:23,1,3
27881,Inkeep,https://inkeep.com,B2B,USA,Y Combinator,2026-08-05 18:56:23,1,18
27880,Plutis,https://plutis.io,B2B,USA,Y Combinator,2026-08-05 18:56:23,1,2
27878,RUUF,https://www.ruuf.cl,Consumer,Chile,Y Combinator,2026-08-05 18:56:23,1,60
27876,Propexo,https://propexo.com,B2B,USA,Y Combinator,2026-08-05 18:56:23,1,6
27875,Iliad,https://iliad.ai,B2B,USA,Y Combinator,2026-08-05 18:56:23,1,1
27874,Relace,https://relace.ai,B2B,USA,Y Combinator,2026-08-05 18:56:23,1,7
27873,Floworks,https://floworks.ai/,B2B,USA,Y Combinator,2026-08-05 18:56:23,1,20
27871,Extend,https://www.extend.ai/,B2B,USA,Y Combinator,2026-08-05 18:56:23,1,25
27869,co.dev,https://co.dev/?ref=YC,B2B,,Y Combinator,2026-08-05 18:56:23,1,2
27867,DataSuite,https://truthsuite.com,B2B,USA,Y Combinator,2026-08-05 18:56:23,1,4
27862,Bluedot,https://thebluedot.co/,Fintech,USA,Y Combinator,2026-08-05 18:56:23,1,15
27860,Dream3D,https://dream3d.com,B2B,USA,Y Combinator,2026-08-05 18:56:23,1,3
27858,Kivo Health,https://kivohealth.com,Healthcare,USA,Y Combinator,2026-08-05 18:56:23,1,35
27857,coil inc.,http://www.trycoil.com,Consumer,USA,Y Combinator,2026-08-05 18:56:23,1,1
27855,Haven,https://www.usehaven.ai/,B2B,USA,Y Combinator,2026-08-05 18:56:23,1,3
27854,Suger,https://www.suger.io/,B2B,USA,Y Combinator,2026-08-05 18:56:23,1,50
27852,Frigade,https://frigade.com,B2B,USA,Y Combinator,2026-08-05 18:56:23,1,4
27850,Repacket,https://repacket.com,B2B,Canada,Y Combinator,2026-08-05 18:56:23,1,4
27846,PoloTab,https://polotab.com,B2B,Mexico,Y Combinator,2026-08-05 18:56:23,1,18
27844,Cloudchipr,https://cloudchipr.com/,B2B,Germany,Y Combinator,2026-08-05 18:56:23,1,25
27843,Gooseworks,https://gooseworks.ai/,B2B,USA,Y Combinator,2026-08-05 18:56:23,1,5
27842,Chart,https://trychart.com,Fintech,USA,Y Combinator,2026-08-05 18:56:23,1,3
27841,Bujeti,https://www.bujeti.com,B2B,France,Y Combinator,2026-08-05 18:56:23,1,35
27840,Alloy,https://alloy.app,B2B,Australia,Y Combinator,2026-08-05 18:56:23,1,5
27839,Cosine,http://www.cosine.sh,B2B,United Kingdom,Y Combinator,2026-08-05 18:56:23,1,12
27838,Flower,https://flower.ai,B2B,,Y Combinator,2026-08-05 18:56:23,1,20
27837,Pirros,http://pirros.com,B2B,USA,Y Combinator,2026-08-05 18:56:23,1,44
27836,LinkGrep,https://linkgrep.com,B2B,USA,Y Combinator,2026-08-05 18:56:23,1,2
27828,Scanbase,https://www.scanbase.com,Healthcare,USA,Y Combinator,2026-08-05 18:56:23,1,10
27827,Vooma,https://www.vooma.ai,B2B,USA,Y Combinator,2026-08-05 18:56:23,1,30
27824,Coperniq,https://coperniq.io,B2B,USA,Y Combinator,2026-08-05 18:56:23,1,6
27822,GovEagle,https://www.goveagle.com/,Government,USA,Y Combinator,2026-08-05 18:56:23,1,25
27821,PoplarML,http://poplarml.com,B2B,USA,Y Combinator,2026-08-05 18:56:23,1,2
27820,infra.new,https://infra.new,B2B,,Y Combinator,2026-08-05 18:56:23,1,3
27819,FlexWash,https://www.flexwashtech.com/,B2B,USA,Y Combinator,2026-08-05 18:56:23,1,2
27818,Gluetrail,https://www.gluetrail.com,B2B,France,Y Combinator,2026-08-05 18:56:23,1,2
27817,loopfour,https://www.loopfour.com,Fintech,USA,Y Combinator,2026-08-05 18:56:23,1,20
27814,Narrative,https://www.trynarrative.com/,B2B,USA,Y Combinator,2026-08-05 18:56:23,1,5
27813,Omnistrate,http://www.omnistrate.com,B2B,USA,Y Combinator,2026-08-05 18:56:23,1,15
27812,Dataglade,https://dataglade.com,Fintech,USA,Y Combinator,2026-08-05 18:56:23,1,2
27811,Tennr,https://www.tennr.com,B2B,USA,Y Combinator,2026-08-05 18:56:23,1,205
27808,Salient,https://www.trysalient.com,B2B,USA,Y Combinator,2026-08-05 18:56:23,1,40
27807,ZeroDev,https://zerodev.app/,B2B,USA,Y Combinator,2026-08-05 18:56:23,1,5
27806,Ruby Card,https://www.spendruby.com,Fintech,USA,Y Combinator,2026-08-05 18:56:23,1,3
27785,Pledge Health,https://www.pledge.health/,Healthcare,USA,Y Combinator,2026-08-05 18:56:23,1,2
27774,Versive,https://www.getversive.com/,B2B,USA,Y Combinator,2026-08-05 18:56:23,1,3
27766,Glass Health,https://glass.health,Healthcare,Unspecified,Y Combinator,2026-08-05 18:56:23,1,7
27763,Double – Coding Copilot,https://double.bot,B2B,USA,Y Combinator,2026-08-05 18:56:23,1,2
27762,Ohm,https://www.ohm.ai,Industrials,USA,Y Combinator,2026-08-05 18:56:23,1,6
27754,Pair AI,https://www.pairai.com/,Consumer,USA,Y Combinator,2026-08-05 18:56:23,1,2
27740,Mercoa,http://mercoa.com,Fintech,USA,Y Combinator,2026-08-05 18:56:23,1,2
27735,Numeral,https://www.numeral.com/,B2B,USA,Y Combinator,2026-08-05 18:56:23,1,100
27728,Nango,https://nango.dev,B2B,USA,Y Combinator,2026-08-05 18:56:23,1,6
27714,Palomma,http://www.palomma.com/,Real Estate and Construction,Colombia,Y Combinator,2026-08-05 18:56:23,1,8
27710,Hammr,https://www.hammr.com,B2B,USA,Y Combinator,2026-08-05 18:56:23,1,10
27707,Trackstar,https://www.trackstarhq.com/,B2B,USA,Y Combinator,2026-08-05 18:56:23,1,7
27704,FlexDesk,https://www.flexdesk.com/,B2B,USA,Y Combinator,2026-08-05 18:56:23,1,8
27701,Backdrop,https://www.backdropagent.com,B2B,USA,Y Combinator,2026-08-05 18:56:23,1,2
27700,Latent,https://latenthealth.com,Healthcare,USA,Y Combinator,2026-08-05 18:56:23,1,50
27699,Concourse,https://concourse.co/,B2B,USA,Y Combinator,2026-08-05 18:56:23,1,7
27696,Novelcare,https://www.novel.care,Healthcare,USA,Y Combinator,2026-08-05 18:56:23,1,5
27695,Pigeon,https://www.pigeondocuments.com/,B2B,USA,Y Combinator,2026-08-05 18:56:23,1,5
27693,Depot,https://depot.dev,B2B,,Y Combinator,2026-08-05 18:56:23,1,8
27692,Rollstack,https://www.rollstack.com,B2B,USA,Y Combinator,2026-08-05 18:56:23,1,30
27691,Magic Patterns,https://www.magicpatterns.com/,B2B,USA,Y Combinator,2026-08-05 18:56:23,1,10
27690,Credal.ai,https://credal.ai,B2B,USA,Y Combinator,2026-08-05 18:56:23,1,14
27686,DrDroid,https://drdroid.io/,B2B,India,Y Combinator,2026-08-05 18:56:23,1,8
27685,Syncly,https://syncly.app/,B2B,USA,Y Combinator,2026-08-05 18:56:23,1,15
27680,Trigger.dev,https://trigger.dev,B2B,United Kingdom,Y Combinator,2026-08-05 18:56:23,1,9
27677,Matano,https://www.matano.dev,B2B,USA,Y Combinator,2026-08-05 18:56:23,1,2
27675,Linum,https://www.linum.ai/,Consumer,USA,Y Combinator,2026-08-05 18:56:23,1,2
27674,OneText,https://onetext.com,Fintech,USA,Y Combinator,2026-08-05 18:56:23,1,6
27673,Reflex,https://reflex.dev,B2B,USA,Y Combinator,2026-08-05 18:56:23,1,10
27671,Miracle,http://www.miracleml.com,Healthcare,USA,Y Combinator,2026-08-05 18:56:23,1,7
27670,Finvest,https://www.getfinvest.com/,Fintech,USA,Y Combinator,2026-08-05 18:56:23,1,5
27669,Laminate,https://www.uselaminate.com,Fintech,USA,Y Combinator,2026-08-05 18:56:23,1,
27668,Designbase,https://www.designbase.com/,B2B,,Y Combinator,2026-08-05 18:56:23,1,3
27666,Middleware,https://www.middleware.io,B2B,USA,Y Combinator,2026-08-05 18:56:23,1,40
27664,Infisical,https://infisical.com,B2B,USA,Y Combinator,2026-08-05 18:56:23,1,50
27655,Avoca,https://www.avoca.ai/,B2B,USA,Y Combinator,2026-08-05 18:56:23,1,85
27583,Rubbrband,https://rubbrband.com,Consumer,USA,Y Combinator,2026-08-05 18:56:23,1,3
27492,zudo.work,https://zudo.work/,B2B,USA,Y Combinator,2026-08-05 18:56:23,1,3
27491,Sameday,https://www.gosameday.com/,B2B,USA,Y Combinator,2026-08-05 18:56:23,1,7
27254,Chima,https://www.withchima.com/,B2B,USA,Y Combinator,2026-08-05 18:56:23,1,7
26884,Alphawatch AI,https://alphawatch.ai,Fintech,USA,Y Combinator,2026-08-05 18:56:23,1,8
26837,Unify,https://unify.ai,B2B,United Kingdom,Y Combinator,2026-08-05 18:56:23,1,6
28141,highlight.io,https://www.highlight.io/,B2B,USA,Y Combinator,2026-08-05 18:56:23,0,8
28118,Vocode,https://vocode.dev,B2B,USA,Y Combinator,2026-08-05 18:56:23,0,3
28103,Fern,https://www.buildwithfern.com,B2B,USA,Y Combinator,2026-08-05 18:56:23,0,30
28096,OpenInt,https://openint.dev,B2B,,Y Combinator,2026-08-05 18:56:23,0,4
28081,DAGWorks Inc.,https://www.dagworks.io/,B2B,USA,Y Combinator,2026-08-05 18:56:23,0,2
28074,Keep,https://www.keephq.dev,B2B,Israel,Y Combinator,2026-08-05 18:56:23,0,5
28073,PlayAI,https://play.ai/,B2B,USA,Y Combinator,2026-08-05 18:56:23,0,35
28048,Muffin Data,http://www.muffindata.com,B2B,Unspecified,Y Combinator,2026-08-05 18:56:23,0,2
27971,Arroyo,https://www.arroyo.dev,B2B,USA,Y Combinator,2026-08-05 18:56:23,0,2
27945,Fairway Health,https://www.fairwayhealth.co/,Healthcare,USA,Y Combinator,2026-08-05 18:56:23,0,3
27927,Fintool,https://www.fintool.com/,B2B,USA,Y Combinator,2026-08-05 18:56:23,0,6
27919,Helicone,https://www.helicone.ai/,B2B,USA,Y Combinator,2026-08-05 18:56:23,0,5
27894,Booth AI,https://booth.ai,B2B,USA,Y Combinator,2026-08-05 18:56:23,0,3
27883,EzDubs,http://www.ezdubs.ai,Consumer,USA,Y Combinator,2026-08-05 18:56:23,0,6
27877,OpenMeter,https://openmeter.io,B2B,,Y Combinator,2026-08-05 18:56:23,0,7
27870,Langfuse,https://langfuse.com,B2B,Germany,Y Combinator,2026-08-05 18:56:23,0,19
27868,Outerbase,https://www.outerbase.com,B2B,USA,Y Combinator,2026-08-05 18:56:23,0,4
27859,No Cap,https://www.nocap.so,Fintech,USA,Y Combinator,2026-08-05 18:56:23,0,5
27853,Cobblestone,https://getcobblestone.com,Real Estate and Construction,USA,Y Combinator,2026-08-05 18:56:23,0,3
27834,Bluebirds,https://www.bluebirds.ai,B2B,USA,Y Combinator,2026-08-05 18:56:23,0,6
27832,Trigo,https://trigodata.com/,Fintech,USA,Y Combinator,2026-08-05 18:56:23,0,4
27815,OfOne,https://www.of.one,B2B,USA,Y Combinator,2026-08-05 18:56:23,0,5
27809,EdgeBit,https://edgebit.io,B2B,USA,Y Combinator,2026-08-05 18:56:23,0,5
27712,Brewit,https://brewit.ai/,B2B,USA,Y Combinator,2026-08-05 18:56:23,0,4
27703,Dashdive,https://dashdive.com,B2B,USA,Y Combinator,2026-08-05 18:56:23,0,2
27702,Mulligan,https://usemulligan.com,B2B,USA,Y Combinator,2026-08-05 18:56:23,0,5
27698,Viddy,https://www.viddyapp.io/,B2B,USA,Y Combinator,2026-08-05 18:56:23,0,2
27697,Lume,https://www.lume.ai,B2B,Unspecified,Y Combinator,2026-08-05 18:56:23,0,5
27683,Versori,https://www.versori.com/,B2B,United Kingdom,Y Combinator,2026-08-05 18:56:23,0,16
27678,Traceloop,https://www.traceloop.com,B2B,Israel,Y Combinator,2026-08-05 18:56:23,0,9
27676,Cardinal,http://cardinalapp.io,B2B,USA,Y Combinator,2026-08-05 18:56:23,0,3
27667,StackAI,https://www.stackai.com,B2B,USA,Y Combinator,2026-08-05 18:56:23,0,62
28415,moonrepo,https://moonrepo.dev,B2B,USA,Y Combinator,2026-08-05 18:56:23,0,2
28372,Upfront,https://tryupfront.com,Consumer,USA,Y Combinator,2026-08-05 18:56:23,0,4
28371,Fetchr,https://www.fetchr.so,Consumer,USA,Y Combinator,2026-08-05 18:56:23,0,4
28368,Second,https://www.second.dev,B2B,Unspecified,Y Combinator,2026-08-05 18:56:23,0,3
28221,Serial,https://www.serial.io/,B2B,USA,Y Combinator,2026-08-05 18:56:23,0,2
28129,Luca,https://www.askluca.com/,B2B,USA,Y Combinator,2026-08-05 18:56:23,0,6
28119,Fabius,https://fabius.io,B2B,USA,Y Combinator,2026-08-05 18:56:23,0,2
28113,Interlock,https://www.tryinterlock.com/,B2B,USA,Y Combinator,2026-08-05 18:56:23,0,2
28108,CodeParrot AI,https://codeparrot.ai/,B2B,India,Y Combinator,2026-08-05 18:56:23,0,2
28082,Sorted,https://sorted-lp.webflow.io/,B2B,Denmark,Y Combinator,2026-08-05 18:56:23,0,2
28078,Turntable,https://www.turntable.so,B2B,USA,Y Combinator,2026-08-05 18:56:23,0,3
28045,Peeba,http://peeba.com/,B2B,Indonesia,Y Combinator,2026-08-05 18:56:23,0,30
27972,Defer,https://www.defer.run,B2B,France,Y Combinator,2026-08-05 18:56:23,0,2
27967,Echo,https://www.echothat.ai/,B2B,Israel,Y Combinator,2026-08-05 18:56:23,0,3
27942,SensorSurf,https://www.technician.dev,B2B,USA,Y Combinator,2026-08-05 18:56:23,0,1
27924,OutSail Technologies,https://www.outsailtech.com/,Industrials,USA,Y Combinator,2026-08-05 18:56:23,0,3
27921,Homeflow,https://www.homeflow.me/,Real Estate and Construction,USA,Y Combinator,2026-08-05 18:56:23,0,4
27909,Magicflow 𐂂,https://magicflow.ai,B2B,Israel,Y Combinator,2026-08-05 18:56:23,0,2
27899,GoodCourse,https://www.goodcourse.co,B2B,United Kingdom,Y Combinator,2026-08-05 18:56:23,0,8
27879,Choppy!,http://www.eatchoppy.com,Consumer,USA,Y Combinator,2026-08-05 18:56:23,0,2
27831,Neptyne,https://neptyne.com,B2B,USA,Y Combinator,2026-08-05 18:56:23,0,4
27825,CreatorML,https://creatorml.com/,B2B,USA,Y Combinator,2026-08-05 18:56:23,0,6
27823,Overflux,,B2B,USA,Y Combinator,2026-08-05 18:56:23,0,2
27816,OpenSight,https://www.opensight.ai,B2B,USA,Y Combinator,2026-08-05 18:56:23,0,3
27810,Cakework,https://www.cakework.com,B2B,USA,Y Combinator,2026-08-05 18:56:23,0,2
27734,Rubber Ducky Labs,https://www.rubberduckylabs.io/,B2B,USA,Y Combinator,2026-08-05 18:56:23,0,2
27725,Parabolic,https://www.growparabolic.com/,B2B,USA,Y Combinator,2026-08-05 18:56:23,0,2
27713,Lynx,https://uselynx.ai,B2B,USA,Y Combinator,2026-08-05 18:56:23,0,5
27708,Demospace,https://www.demospace.ai,B2B,Unspecified,Y Combinator,2026-08-05 18:56:23,0,2
27705,Indexical,https://indexical.dev/,B2B,USA,Y Combinator,2026-08-05 18:56:23,0,2
27694,Paperplane,https://www.paperplane.ai/,Fintech,USA,Y Combinator,2026-08-05 18:56:23,0,5
27687,Layup,http://www.layuplabs.ai,B2B,USA,Y Combinator,2026-08-05 18:56:23,0,3
27684,Struct,https://struct.app,B2B,,Y Combinator,2026-08-05 18:56:23,0,3
27679,rift,https://rift.com,B2B,USA,Y Combinator,2026-08-05 18:56:23,0,2
27672,Blyss,https://blyss.dev/,B2B,USA,Y Combinator,2026-08-05 18:56:23,0,2
27424,Mogara,https://mogara.com,B2B,USA,Y Combinator,2026-08-05 18:56:23,0,2
27201,Lavo Life Sciences,https://www.lavo.ai/,Healthcare,Unspecified,Y Combinator,2026-08-05 18:56:23,0,3
29992,Outerport,https://outerport.com,B2B,USA,Y Combinator,2026-08-05 18:56:23,1,4
29990,DreamRP,https://www.dreamrp.com/,Consumer,USA,Y Combinator,2026-08-05 18:56:23,1,2
29989,Conductor,https://conductor.build,B2B,USA,Y Combinator,2026-08-05 18:56:23,1,6
29987,Syntra,https://www.syntra.com,Healthcare,USA,Y Combinator,2026-08-05 18:56:23,1,10
29983,PathPilot,https://www.getpathpilot.com/,B2B,USA,Y Combinator,2026-08-05 18:56:23,1,3
29982,Bits to Atoms,https://bitstoatoms.com/,Consumer,Unspecified,Y Combinator,2026-08-05 18:56:23,1,3
29978,SimCare,https://simcare.ai,Healthcare,USA,Y Combinator,2026-08-05 18:56:23,1,7
29977,Merlin AI,https://www.merlinai.co,B2B,USA,Y Combinator,2026-08-05 18:56:23,1,19
29976,Freestyle,https://www.freestyle.sh,B2B,USA,Y Combinator,2026-08-05 18:56:23,1,5
29973,Arva AI,https://www.arva.ai,B2B,United Kingdom,Y Combinator,2026-08-05 18:56:23,1,20
29972,Affil.ai,https://affil.ai/,B2B,USA,Y Combinator,2026-08-05 18:56:23,1,4
29969,OrgOrg,https://orgorg.com,B2B,USA,Y Combinator,2026-08-05 18:56:23,1,2
29968,Patched,https://patched.codes,B2B,USA,Y Combinator,2026-08-05 18:56:23,1,4
29967,Village Labs,https://villagelabs.app/,B2B,USA,Y Combinator,2026-08-05 18:56:23,1,2
29966,Mica AI,https://usemica.com/,B2B,USA,Y Combinator,2026-08-05 18:56:23,1,3
29965,Formula Insight,https://www.formulainsight.io/,B2B,USA,Y Combinator,2026-08-05 18:56:23,1,2
29964,Overlap,https://www.overlap.ai,Consumer,USA,Y Combinator,2026-08-05 18:56:23,1,6
29963,Capitol AI,https://www.capitol.ai/,B2B,USA,Y Combinator,2026-08-05 18:56:23,1,11
29960,Void,https://useglass.ai,B2B,USA,Y Combinator,2026-08-05 18:56:23,1,2
29957,Anglera,https://www.anglera.com/,B2B,USA,Y Combinator,2026-08-05 18:56:23,1,6
29956,XTraffic,https://XTraffic.com/,Government,USA,Y Combinator,2026-08-05 18:56:23,1,3
29955,BrowserOS,https://BrowserOS.com/,Consumer,USA,Y Combinator,2026-08-05 18:56:23,1,4
29954,Henry,http://www.henry.ai,Real Estate and Construction,USA,Y Combinator,2026-08-05 18:56:23,1,20
29952,Ficra,https://ficra.ai/,B2B,USA,Y Combinator,2026-08-05 18:56:23,1,3
29951,Rowboat Labs,https://www.rowboatlabs.com,Consumer,India,Y Combinator,2026-08-05 18:56:23,1,3
29950,Pipeshift,https://pipeshift.com,B2B,USA,Y Combinator,2026-08-05 18:56:23,1,10
29858,Vera Health,https://www.vera-health.ai,Healthcare,USA,Y Combinator,2026-08-05 18:56:23,1,6
29857,Pharos,https://pharos.health/,Healthcare,USA,Y Combinator,2026-08-05 18:56:23,1,5
29856,et al.,https://www.et-al.io,Consumer,United Kingdom,Y Combinator,2026-08-05 18:56:23,1,2
29854,Keet,https://trykeet.com,Consumer,USA,Y Combinator,2026-08-05 18:56:23,1,2
29853,No Logo,https://nologo.com/,B2B,USA,Y Combinator,2026-08-05 18:56:23,1,15
29852,Dayflow,https://www.dayflow.so,Consumer,USA,Y Combinator,2026-08-05 18:56:23,1,2
29851,"Diode Computers, Inc.",https://diode.computer,B2B,USA,Y Combinator,2026-08-05 18:56:23,1,10
29850,SureBright,https://surebright.com/,B2B,India,Y Combinator,2026-08-05 18:56:23,1,30
29849,Usul,https://www.usul.com,Government,USA,Y Combinator,2026-08-05 18:56:23,1,15
29848,Saldor,https://saldor.com/,B2B,USA,Y Combinator,2026-08-05 18:56:23,1,2
29847,Bucket Robotics,https://bucket.bot,Industrials,USA,Y Combinator,2026-08-05 18:56:23,1,7
29844,Oway,https://www.shipoway.com,B2B,USA,Y Combinator,2026-08-05 18:56:23,1,16
29841,Elayne,https://www.elayne.com/,Fintech,USA,Y Combinator,2026-08-05 18:56:23,1,8
29840,Blaze,https://blaze.money,Fintech,,Y Combinator,2026-08-05 18:56:23,1,5
29839,pap!,https://joinpap.com/,Consumer,USA,Y Combinator,2026-08-05 18:56:23,1,3
29837,RentFlow,https://www.therentflow.com,B2B,USA,Y Combinator,2026-08-05 18:56:23,1,3
29836,TradeFlow,https://www.tradeflowai.com/,Fintech,USA,Y Combinator,2026-08-05 18:56:23,1,2
29835,Voker,https://voker.ai,B2B,USA,Y Combinator,2026-08-05 18:56:23,1,6
29834,Rastro,https://rastro.ai,B2B,United Kingdom,Y Combinator,2026-08-05 18:56:23,1,3
29833,Quetzal,https://getquetzal.com/,B2B,USA,Y Combinator,2026-08-05 18:56:23,1,2
29830,Typa,https://typa.ai,B2B,USA,Y Combinator,2026-08-05 18:56:23,1,2
29829,Moreta,https://moretapay.com,Fintech,USA,Y Combinator,2026-08-05 18:56:23,1,4
29828,Draft The Record,https://www.drafttherecord.com/,B2B,USA,Y Combinator,2026-08-05 18:56:23,1,5
29826,Orca Client,https://orcaclient.com,Consumer,USA,Y Combinator,2026-08-05 18:56:23,1,2
29824,Assembly HOA,https://assemblyhoa.com,Real Estate and Construction,USA,Y Combinator,2026-08-05 18:56:23,1,12
29823,autarc,https://www.autarc.energy/global,B2B,Germany,Y Combinator,2026-08-05 18:56:23,1,30
29822,omnidock,https://www.omnidock.com,B2B,Germany,Y Combinator,2026-08-05 18:56:23,1,1
29821,Polymet,https://polymet.ai,B2B,Turkey,Y Combinator,2026-08-05 18:56:23,1,3
29820,Kontigo,https://kontigo.lat/,Fintech,USA,Y Combinator,2026-08-05 18:56:23,1,10
29819,Weel,https://weel.live/,Consumer,France,Y Combinator,2026-08-05 18:56:23,1,4
29818,Entropy,https://www.withentropy.ai/,Healthcare,USA,Y Combinator,2026-08-05 18:56:23,1,2
29815,Propaya,https://www.propaya.com,Real Estate and Construction,USA,Y Combinator,2026-08-05 18:56:23,1,2
29814,Vendra,https://vendra.io/,Industrials,USA,Y Combinator,2026-08-05 18:56:23,1,7
29813,Argil,https://www.argil.ai/,Consumer,France,Y Combinator,2026-08-05 18:56:23,1,8
29812,ZeroPath,https://zeropath.com,B2B,USA,Y Combinator,2026-08-05 18:56:23,1,4
29810,bluedoor,https://bluedoor.sh/,B2B,USA,Y Combinator,2026-08-05 18:56:23,1,1
29808,Starcloud,https://www.starcloud.com/,Industrials,USA,Y Combinator,2026-08-05 18:56:23,1,12
29807,Dataleap,https://dataleap.ai/,B2B,USA,Y Combinator,2026-08-05 18:56:23,1,6
29805,Handled,https://www.itshandled.ai,B2B,USA,Y Combinator,2026-08-05 18:56:23,1,2
29803,Ionworks,https://ionworks.com/,Industrials,,Y Combinator,2026-08-05 18:56:23,1,5
29801,Rescript,https://rescript.ai/,B2B,USA,Y Combinator,2026-08-05 18:56:23,1,2
29800,HeroUI,https://heroui.com,B2B,Argentina,Y Combinator,2026-08-05 18:56:23,1,5
29799,Helium,https://tryhelium.com,B2B,USA,Y Combinator,2026-08-05 18:56:23,1,7
29798,&AI,https://www.tryandai.com/,B2B,USA,Y Combinator,2026-08-05 18:56:23,1,7
29797,Haystack,https://tryhaystack.dev/,B2B,USA,Y Combinator,2026-08-05 18:56:23,1,2
29796,Finosu,https://www.finosu.com,Fintech,USA,Y Combinator,2026-08-05 18:56:23,1,7
29795,Odo,https://useodo.com/,B2B,USA,Y Combinator,2026-08-05 18:56:23,1,2
29792,Sonatoria,https://sonatoria.com,B2B,USA,Y Combinator,2026-08-05 18:56:23,1,2
29791,Cartage,https://cartage.ai,B2B,USA,Y Combinator,2026-08-05 18:56:23,1,12
29789,Paasa,https://paasa.com,Fintech,India,Y Combinator,2026-08-05 18:56:23,1,9
29788,Refactor,https://refactor.co,B2B,USA,Y Combinator,2026-08-05 18:56:23,1,3
29786,Palmier,https://www.palmier.io,Consumer,USA,Y Combinator,2026-08-05 18:56:23,1,2
29785,Simple AI,https://www.usesimple.ai,B2B,USA,Y Combinator,2026-08-05 18:56:23,1,11
29784,Sensei,https://senseirobotics.com,Industrials,USA,Y Combinator,2026-08-05 18:56:23,1,2
29783,Guardian RF,https://guardianrf.com/,Industrials,USA,Y Combinator,2026-08-05 18:56:23,1,15
29782,Laminar,https://laminar.sh,B2B,United Kingdom,Y Combinator,2026-08-05 18:56:23,1,6
29781,Cerulion,https://www.cerulion.com,B2B,USA,Y Combinator,2026-08-05 18:56:23,1,2
29780,Presti AI,https://www.presti.ai/,B2B,France,Y Combinator,2026-08-05 18:56:23,1,16
29779,The Forecasting Company,https://www.theforecastingcompany.com,B2B,France,Y Combinator,2026-08-05 18:56:23,1,7
29778,Praxos,https://mypraxos.com,Consumer,USA,Y Combinator,2026-08-05 18:56:23,1,3
29777,Zettascale,https://zscc.ai,Industrials,USA,Y Combinator,2026-08-05 18:56:23,1,2
29776,SchemeFlow,https://www.schemeflow.com,Real Estate and Construction,United Kingdom,Y Combinator,2026-08-05 18:56:23,1,5
29775,Brighterway,https://www.brighterway.ai/,Healthcare,USA,Y Combinator,2026-08-05 18:56:23,1,14
29774,Mineflow,http://mineflow.ai/,Industrials,USA,Y Combinator,2026-08-05 18:56:23,1,2
29773,Soff,https://soff.ai,B2B,USA,Y Combinator,2026-08-05 18:56:23,1,6
29772,Parley,https://parley.so,B2B,USA,Y Combinator,2026-08-05 18:56:23,1,3
29770,Intryc,https://intryc.com,B2B,USA,Y Combinator,2026-08-05 18:56:23,1,14
29769,Pinnacle,https://pinnacle.sh/,B2B,USA,Y Combinator,2026-08-05 18:56:23,1,2
29768,Ember Robotics,https://www.emberrobotics.com,Industrials,USA,Y Combinator,2026-08-05 18:56:23,1,2
29767,Thunder Compute,https://www.thundercompute.com,B2B,USA,Y Combinator,2026-08-05 18:56:23,1,7
29766,Kura AI,https://trykura.com,B2B,USA,Y Combinator,2026-08-05 18:56:23,1,2
29765,Emergent,https://emergent.sh,Consumer,USA,Y Combinator,2026-08-05 18:56:23,1,
29764,Zeit AI,https://zeit-ai.com/,B2B,,Y Combinator,2026-08-05 18:56:23,1,9
29761,Distro,https://distro.app,B2B,USA,Y Combinator,2026-08-05 18:56:23,1,11
29760,Mage Legal,https://magelegal.com,B2B,USA,Y Combinator,2026-08-05 18:56:23,1,2
29759,David AI,https://www.withdavid.ai/,B2B,USA,Y Combinator,2026-08-05 18:56:23,1,10
29758,BeeBettor,https://beebettor.com,Consumer,Unspecified,Y Combinator,2026-08-05 18:56:23,1,2
29756,Stempad,https://www.stempad.com,B2B,Canada,Y Combinator,2026-08-05 18:56:23,1,1
29755,Pax,https://paxai.com/,B2B,USA,Y Combinator,2026-08-05 18:56:23,1,10
29754,Conductor Quantum,https://www.conductorquantum.com,Industrials,USA,Y Combinator,2026-08-05 18:56:23,1,4
29753,Autumn Labs,https://www.autumnlabs.io/,Industrials,USA,Y Combinator,2026-08-05 18:56:23,1,3
29751,Opslane,https://opslane.com,B2B,USA,Y Combinator,2026-08-05 18:56:23,1,1
29750,winfunc,https://winfunc.com,B2B,USA,Y Combinator,2026-08-05 18:56:23,1,2
29749,Biocartesian,https://www.biocartesian.com,Healthcare,USA,Y Combinator,2026-08-05 18:56:23,1,2
29748,Seals AI,https://www.hireseals.ai/,B2B,USA,Y Combinator,2026-08-05 18:56:23,1,4
29746,Drillbit,https://www.drillbit.com,B2B,USA,Y Combinator,2026-08-05 18:56:23,1,10
29745,Sharpe,https://sharpe.sh,B2B,USA,Y Combinator,2026-08-05 18:56:23,1,3
29741,Dimely,https://dimely.com/,B2B,USA,Y Combinator,2026-08-05 18:56:23,1,3
29740,Redouble AI,https://redouble.ai/,B2B,USA,Y Combinator,2026-08-05 18:56:23,1,3
29739,Planbase,https://www.joinplanbase.com/,Healthcare,USA,Y Combinator,2026-08-05 18:56:23,1,6
29738,Anara,https://anara.com,B2B,USA,Y Combinator,2026-08-05 18:56:23,1,5
29737,"Hestus, Inc.",https://www.hestus.co,B2B,USA,Y Combinator,2026-08-05 18:56:23,1,3
29736,MagiCode,https://www.magicode.ai/,B2B,USA,Y Combinator,2026-08-05 18:56:23,1,3
29735,FINNY AI,https://www.finny.com/,Fintech,USA,Y Combinator,2026-08-05 18:56:23,1,35
29734,Vibe,https://vibe.codes,B2B,USA,Y Combinator,2026-08-05 18:56:23,1,2
29733,1849 bio,https://www.1849.bio,Industrials,USA,Y Combinator,2026-08-05 18:56:23,1,3
29732,ReactWise,https://www.reactwise.com/,B2B,United Kingdom,Y Combinator,2026-08-05 18:56:23,1,2
29731,Zoa Research,https://zoaresearch.com,B2B,USA,Y Combinator,2026-08-05 18:56:23,1,5
29730,Saturn,https://www.SaturnOS.com,Fintech,United Kingdom,Y Combinator,2026-08-05 18:56:23,1,18
29729,Clearly AI,https://clearly-ai.com,B2B,USA,Y Combinator,2026-08-05 18:56:23,1,12
29728,expand.ai,https://expand.ai/,B2B,USA,Y Combinator,2026-08-05 18:56:23,1,2
29725,Promi,https://www.trypromi.com/,B2B,USA,Y Combinator,2026-08-05 18:56:23,1,2
29724,Ontra Mobility,https://www.ontramobility.com,Government,USA,Y Combinator,2026-08-05 18:56:23,1,2
29723,Aluna,https://alunadata.com,B2B,USA,Y Combinator,2026-08-05 18:56:23,1,3
29721,Panora,https://getpanora.com,B2B,USA,Y Combinator,2026-08-05 18:56:23,1,1
29719,Manaflow,https://www.cmux.com,B2B,USA,Y Combinator,2026-08-05 18:56:23,1,3
29717,Conveo,https://conveo.ai/,B2B,Belgium,Y Combinator,2026-08-05 18:56:23,1,75
29716,CreativeMode,https://creativemode.net,Consumer,USA,Y Combinator,2026-08-05 18:56:23,1,5
29715,Kastle,https://kastle.ai/,B2B,USA,Y Combinator,2026-08-05 18:56:23,1,10
29714,Kopra Bio,https://kopra.bio,Healthcare,USA,Y Combinator,2026-08-05 18:56:23,1,2
29713,Anthrogen,https://anthrogen.com,Healthcare,USA,Y Combinator,2026-08-05 18:56:23,1,6
29712,Benchify,https://www.benchify.com,B2B,USA,Y Combinator,2026-08-05 18:56:23,1,4
29711,Fazeshift,https://www.fazeshift.com/,B2B,USA,Y Combinator,2026-08-05 18:56:23,1,8
29710,TaxGPT,https://www.taxgpt.com,B2B,USA,Y Combinator,2026-08-05 18:56:23,1,45
29709,Substrate,https://www.substrate.cc/,B2B,USA,Y Combinator,2026-08-05 18:56:23,1,2
29708,The Synthesis Company,https://thesynthesis.company,B2B,USA,Y Combinator,2026-08-05 18:56:23,1,3
29706,Mito Health,https://mitohealth.com/,Healthcare,USA,Y Combinator,2026-08-05 18:56:23,1,5
29705,Lighthouz AI,https://lighthouz.ai/,B2B,USA,Y Combinator,2026-08-05 18:56:23,1,8
29704,Modus,https://himodus.com,B2B,USA,Y Combinator,2026-08-05 18:56:23,1,3
29703,d_model,https://www.dmodel.ai,B2B,USA,Y Combinator,2026-08-05 18:56:23,1,20
29702,LedgerUp,https://ledgerup.ai/,B2B,USA,Y Combinator,2026-08-05 18:56:23,1,5
29701,Plume,http://www.plumefinder.com,Industrials,France,Y Combinator,2026-08-05 18:56:23,1,4
29699,Pulse,https://www.runpulse.com/,B2B,USA,Y Combinator,2026-08-05 18:56:23,1,22
29698,AutoPallet Robotics,https://autopallet.bot,Industrials,USA,Y Combinator,2026-08-05 18:56:23,1,6
29695,Dench.com,https://dench.com,B2B,USA,Y Combinator,2026-08-05 18:56:23,1,6
29694,AminoAnalytica,https://www.aminoanalytica.com,Healthcare,United Kingdom,Y Combinator,2026-08-05 18:56:23,1,3
29693,Gauge,https://withgauge.com,B2B,USA,Y Combinator,2026-08-05 18:56:23,1,6
29692,Weave Robotics,https://www.weaverobots.com,Industrials,USA,Y Combinator,2026-08-05 18:56:23,1,10
29691,Tandem,https://tandemspace.com/,B2B,USA,Y Combinator,2026-08-05 18:56:23,1,22
29690,Kenley,https://kenley.ai/,B2B,United Kingdom,Y Combinator,2026-08-05 18:56:23,1,6
29689,Tivara,https://tivara.com,Healthcare,USA,Y Combinator,2026-08-05 18:56:23,1,2
29688,camfer,https://www.camfer.dev/,B2B,USA,Y Combinator,2026-08-05 18:56:23,1,4
29687,MinusX,https://minusx.ai,B2B,USA,Y Combinator,2026-08-05 18:56:23,1,2
29685,Lore,https://joinlore.app/,B2B,USA,Y Combinator,2026-08-05 18:56:23,1,2
29684,Parahelp,https://parahelp.com/,B2B,USA,Y Combinator,2026-08-05 18:56:23,1,11
29683,CodeViz,https://www.codeviz.ai/,B2B,USA,Y Combinator,2026-08-05 18:56:23,1,2
29682,RunLocal AI,https://runlocal.ai,B2B,United Kingdom,Y Combinator,2026-08-05 18:56:23,1,3
29680,Ares Industries,https://aresindustries.com,Industrials,USA,Y Combinator,2026-08-05 18:56:23,1,2
29679,Dodo,https://www.dodo.ai/,Healthcare,USA,Y Combinator,2026-08-05 18:56:23,1,6
29678,Lucible,https://luciblefi.com,B2B,USA,Y Combinator,2026-08-05 18:56:23,1,2
29676,Elevate,https://www.useelevate.dev/,B2B,USA,Y Combinator,2026-08-05 18:56:23,1,3
29675,Offstream,https://www.useoffstream.com/,B2B,USA,Y Combinator,2026-08-05 18:56:23,1,10
29673,Storia AI,https://storia.ai,B2B,USA,Y Combinator,2026-08-05 18:56:23,1,2
29672,"DeepSim, Inc.",https://www.deepsim.io,B2B,USA,Y Combinator,2026-08-05 18:56:23,1,4
29671,Scape,https://scape.app,B2B,Sweden,Y Combinator,2026-08-05 18:56:23,1,5
29670,Zuni,https://zuni.app,B2B,United Kingdom,Y Combinator,2026-08-05 18:56:23,1,1
29668,Proxis,https://www.proxis.ai/,B2B,USA,Y Combinator,2026-08-05 18:56:23,1,3
29667,Rewbi,https://www.rewbi.com/,Industrials,USA,Y Combinator,2026-08-05 18:56:23,1,3
29665,Cloudglue,https://cloudglue.dev,B2B,USA,Y Combinator,2026-08-05 18:56:23,1,4
29663,NetworkOcean,https://networkocean.io/,Industrials,USA,Y Combinator,2026-08-05 18:56:23,1,4
29661,Silurian,https://silurian.ai/,Industrials,USA,Y Combinator,2026-08-05 18:56:23,1,6
29660,Hyrex,https://www.hyrex.io,B2B,USA,Y Combinator,2026-08-05 18:56:23,1,3
29659,Unbound,https://getunbound.ai/,B2B,USA,Y Combinator,2026-08-05 18:56:23,1,7
29658,RetroFix,https://www.retrofix.ai/,B2B,USA,Y Combinator,2026-08-05 18:56:23,1,2
29657,Azalea Robotics Corporation,https://azalearobotics.com/,Industrials,USA,Y Combinator,2026-08-05 18:56:23,1,
29655,Decisional AI,https://www.decisional.com/,B2B,USA,Y Combinator,2026-08-05 18:56:23,1,3
29654,Stardrift,https://stardrift.ai,Consumer,USA,Y Combinator,2026-08-05 18:56:23,1,3
29653,ideate.xyz,https://ideate.xyz,B2B,United Kingdom,Y Combinator,2026-08-05 18:56:23,1,2
29651,FirstWork,https://firstwork.com,B2B,USA,Y Combinator,2026-08-05 18:56:23,1,9
29650,Sorcerer,https://sorcerer.earth,Industrials,USA,Y Combinator,2026-08-05 18:56:23,1,4
29649,Wordware,https://wordware.ai/,Consumer,USA,Y Combinator,2026-08-05 18:56:23,1,15
29647,Maitai,https://trymaitai.com,B2B,USA,Y Combinator,2026-08-05 18:56:23,1,6
29646,Corgi Insurance,https://corgi.com,Fintech,USA,Y Combinator,2026-08-05 18:56:23,1,250
29645,Phonely,https://phonely.ai,B2B,,Y Combinator,2026-08-05 18:56:23,1,10
29644,VideoGen,https://videogen.io,B2B,USA,Y Combinator,2026-08-05 18:56:23,1,6
29643,Sage Care,https://sagecare.ai,Healthcare,USA,Y Combinator,2026-08-05 18:56:23,1,3
29642,Hexclave,https://hexclave.com,B2B,USA,Y Combinator,2026-08-05 18:56:23,1,7
29640,Tabula,https://www.tabula.de,B2B,Germany,Y Combinator,2026-08-05 18:56:23,1,13
29639,Callback,https://getcallback.ai,B2B,USA,Y Combinator,2026-08-05 18:56:23,1,2
29636,Bayesline,https://bayesline.com,Fintech,USA,Y Combinator,2026-08-05 18:56:23,1,3
29635,DigitalCarbon,https://www.digitalcarbon.ai,B2B,USA,Y Combinator,2026-08-05 18:56:23,1,0
29634,Random Labs,https://randomlabs.ai,B2B,USA,Y Combinator,2026-08-05 18:56:23,1,
29633,Unsloth AI,https://unsloth.ai/,B2B,USA,Y Combinator,2026-08-05 18:56:23,1,8
29627,Codes Health,https://www.codeshealth.com/,B2B,USA,Y Combinator,2026-08-05 18:56:23,1,25
29623,Entangl,https://www.entangl.com/,B2B,USA,Y Combinator,2026-08-05 18:56:23,1,11
29613,ClaimSorted,https://claimsorted.com,Fintech,United Kingdom,Y Combinator,2026-08-05 18:56:23,1,20
29611,mdhub,https://www.mdhub.ai/,Healthcare,USA,Y Combinator,2026-08-05 18:56:23,1,11
29610,Hamming AI,https://hamming.ai/,B2B,USA,Y Combinator,2026-08-05 18:56:23,1,8
29607,ProhostAI,https://www.prohost.ai/,B2B,USA,Y Combinator,2026-08-05 18:56:23,1,5
29605,Educato,https://www.educato.com/,Education,USA,Y Combinator,2026-08-05 18:56:23,1,5
29597,Spaceium Inc,https://spaceium.com,Industrials,Canada,Y Combinator,2026-08-05 18:56:23,1,
29596,Comfy Deploy,https://comfydeploy.com,B2B,USA,Y Combinator,2026-08-05 18:56:23,1,3
29591,Synnax,https://www.synnaxlabs.com/,B2B,USA,Y Combinator,2026-08-05 18:56:23,1,5
29589,Theseus,https://theseus.us,Industrials,USA,Y Combinator,2026-08-05 18:56:23,1,7
29588,Saphira AI,https://saphira.ai,B2B,USA,Y Combinator,2026-08-05 18:56:23,1,8
29586,Glasskube,https://distr.sh/,B2B,,Y Combinator,2026-08-05 18:56:23,1,3
29585,Mem0,https://mem0.ai,B2B,USA,Y Combinator,2026-08-05 18:56:23,1,10
29582,Cheers,https://www.cheers.tech,B2B,USA,Y Combinator,2026-08-05 18:56:23,1,2
29579,Understood Care,https://understoodcare.com,Healthcare,USA,Y Combinator,2026-08-05 18:56:23,1,7
29575,Doublezero,https://doublezero.tech,B2B,,Y Combinator,2026-08-05 18:56:23,1,2
29574,Superunit,http://superunit.com,B2B,USA,Y Combinator,2026-08-05 18:56:23,1,5
29573,Undermind,https://www.undermind.ai,B2B,USA,Y Combinator,2026-08-05 18:56:23,1,
29572,Domu Technology Inc.,https://www.domu.ai/,B2B,USA,Y Combinator,2026-08-05 18:56:23,1,50
29571,Apten,https://www.apten.ai/,B2B,USA,Y Combinator,2026-08-05 18:56:23,1,4
29570,Spherecast,https://www.spherecast.ai/,B2B,USA,Y Combinator,2026-08-05 18:56:23,1,7
29569,Miru,https://www.mirurobotics.com,B2B,USA,Y Combinator,2026-08-05 18:56:23,1,3
29568,Roger,https://hireroger.com,B2B,USA,Y Combinator,2026-08-05 18:56:23,1,2
29558,Abel Police,http://abelpolice.com,Government,USA,Y Combinator,2026-08-05 18:56:23,1,5
29557,Ultra,https://ultra.tech,Industrials,USA,Y Combinator,2026-08-05 18:56:23,1,4
29532,Ångström AI,https://www.angstrom-ai.com,Healthcare,USA,Y Combinator,2026-08-05 18:56:23,1,5
29524,Coval,https://coval.dev,B2B,USA,Y Combinator,2026-08-05 18:56:23,1,10
29475,Evolvere BioSciences,https://www.evolverebiosciences.com/,Healthcare,United Kingdom,Y Combinator,2026-08-05 18:56:23,1,3
29474,Spur,https://www.spurtest.com/,B2B,USA,Y Combinator,2026-08-05 18:56:23,1,8
29412,Ligo Biosciences,https://www.ligo.bio,Healthcare,USA,Y Combinator,2026-08-05 18:56:23,1,4
29406,ACX,https://www.acxtherapeutics.com/,Healthcare,USA,Y Combinator,2026-08-05 18:56:23,1,4
29387,Overeasy,https://overeasy.sh/,B2B,USA,Y Combinator,2026-08-05 18:56:23,1,2
29349,Fuse,http://www.fuseinsight.com,Healthcare,United Kingdom,Y Combinator,2026-08-05 18:56:23,1,3
29296,Simplex,https://simplex.sh,B2B,USA,Y Combinator,2026-08-05 18:56:23,1,2
29251,Poka Labs,https://www.pokalabs.com/,B2B,USA,Y Combinator,2026-08-05 18:56:23,1,5
29980,Midship,https://midship.ai/,B2B,USA,Y Combinator,2026-08-05 18:56:23,0,3
29953,Hey Revia,https://heyrevia.ai,B2B,USA,Y Combinator,2026-08-05 18:56:23,0,4
29825,Sepal AI,https://www.sepalai.com,B2B,USA,Y Combinator,2026-08-05 18:56:23,0,15
29804,Thyme,https://www.meetthyme.com/,B2B,USA,Y Combinator,2026-08-05 18:56:23,0,2
29762,Remade,https://www.remade.ai/?utm_source=YC&utm_medium=YC&utm_campaign=YC_profile&utm_content=YC_profile,Consumer,USA,Y Combinator,2026-08-05 18:56:23,0,4
29327,Central,https://centralhq.com,B2B,USA,Y Combinator,2026-08-05 18:56:23,0,15
29794,Baseline AI,https://www.baselinetrials.com/,Healthcare,USA,Y Combinator,2026-08-05 18:56:23,0,2
29793,RiskAngle,https://www.riskangle.com/,B2B,USA,Y Combinator,2026-08-05 18:56:23,0,2
29787,Lilac Labs,https://www.drive-thru.ai/,B2B,USA,Y Combinator,2026-08-05 18:56:23,0,4
29747,deepsilicon,https://www.deepsilicon.net/,Industrials,USA,Y Combinator,2026-08-05 18:56:23,0,2
29641,Invaria,https://invaria.com,B2B,United Kingdom,Y Combinator,2026-08-05 18:56:23,0,3
29637,Flyflow,https://flyflow.ai,B2B,Unspecified,Y Combinator,2026-08-05 18:56:23,0,2
29608,Pre,https://buildwithpre.com,B2B,USA,Y Combinator,2026-08-05 18:56:23,0,2
29533,Indemni,http://www.indemni.com,B2B,USA,Y Combinator,2026-08-05 18:56:23,1,7
29527,ParcelBio,https://parcelbio.com/,Healthcare,USA,Y Combinator,2026-08-05 18:56:23,1,6
29522,Marr Labs,https://www.marrlabs.com/,B2B,USA,Y Combinator,2026-08-05 18:56:23,1,9
29519,Forge Rewards,https://www.joinforge.app/,B2B,USA,Y Combinator,2026-08-05 18:56:23,1,5
29518,Dropback,https://www.dropback.com,Fintech,,Y Combinator,2026-08-05 18:56:23,1,2
29517,RetailReady,https://www.retailreadyai.com/,B2B,USA,Y Combinator,2026-08-05 18:56:23,1,12
29516,Million,https://million.dev,B2B,USA,Y Combinator,2026-08-05 18:56:23,1,5
29513,GetCrux,http://getcrux.ai/,B2B,USA,Y Combinator,2026-08-05 18:56:23,1,9
29512,Reprompt,https://repromptai.com,B2B,USA,Y Combinator,2026-08-05 18:56:23,1,3
29511,InspectMind AI,https://www.inspectmind.ai,Real Estate and Construction,USA,Y Combinator,2026-08-05 18:56:23,1,2
29510,Yarn,https://www.yarn.so,B2B,USA,Y Combinator,2026-08-05 18:56:23,1,6
29509,Blacksmith,https://blacksmith.sh/,B2B,Unspecified,Y Combinator,2026-08-05 18:56:23,1,3
29508,CrowdVolt,https://crowdvolt.com/,Consumer,USA,Y Combinator,2026-08-05 18:56:23,1,12
29507,kater.ai,https://www.kater.ai,B2B,USA,Y Combinator,2026-08-05 18:56:23,1,3
29506,Mathos,https://info.mathos.ai/,Education,USA,Y Combinator,2026-08-05 18:56:23,1,5
29505,Tower,https://withtower.com,B2B,Canada,Y Combinator,2026-08-05 18:56:23,1,3
29504,Quivr,https://www.quivr.app/,B2B,France,Y Combinator,2026-08-05 18:56:23,1,5
29503,Dragoneye,https://dragoneye.ai/,B2B,USA,Y Combinator,2026-08-05 18:56:23,1,2
29502,renderlet,http://renderlet.com,B2B,USA,Y Combinator,2026-08-05 18:56:23,1,2
29501,Latted,https://latted.com,B2B,USA,Y Combinator,2026-08-05 18:56:23,1,2
29500,The New Money Company,https://newmoneycompany.com,Fintech,USA,Y Combinator,2026-08-05 18:56:23,1,4
29499,Forge,https://www.forgehq.com/,B2B,USA,Y Combinator,2026-08-05 18:56:23,1,6
29498,Integuru,https://www.integuru.com,B2B,USA,Y Combinator,2026-08-05 18:56:23,1,5
29496,VoxOps AI,https://www.voxopsai.com/,B2B,United Kingdom,Y Combinator,2026-08-05 18:56:23,1,6
29485,Granza Bio,https://www.granzabio.com/,Healthcare,USA,Y Combinator,2026-08-05 18:56:23,1,7
29484,Haplotype Labs,https://www.haplotypelabs.com/,Healthcare,USA,Y Combinator,2026-08-05 18:56:23,1,1
29483,Healia,https://www.healiahealth.com/,Fintech,USA,Y Combinator,2026-08-05 18:56:23,1,15
29482,TrueClaim,https://www.trytrueclaim.com,Healthcare,USA,Y Combinator,2026-08-05 18:56:23,1,10
29481,CoCrafter,https://cocrafter.com/,Real Estate and Construction,Germany,Y Combinator,2026-08-05 18:56:23,1,9
29478,Reform,https://www.reformhq.com,B2B,USA,Y Combinator,2026-08-05 18:56:23,1,13
29477,Piramidal,https://piramidal.ai,Healthcare,USA,Y Combinator,2026-08-05 18:56:23,1,10
29476,Junction Bioscience,https://www.junction.bio/,Healthcare,USA,Y Combinator,2026-08-05 18:56:23,1,
29473,OddsView,https://oddsview.com,Consumer,USA,Y Combinator,2026-08-05 18:56:23,1,5
29472,Silogy,https://silogy.io,B2B,USA,Y Combinator,2026-08-05 18:56:23,1,3
29471,Senso,http://www.senso.ai,B2B,Canada,Y Combinator,2026-08-05 18:56:23,1,8
29470,Eris Biotech,http://www.erisbio.com,Healthcare,USA,Y Combinator,2026-08-05 18:56:23,1,2
29467,Powder,https://www.powderfi.com/,Fintech,USA,Y Combinator,2026-08-05 18:56:23,1,6
29466,OpenFoundry,https://www.openfoundry.ai/,B2B,USA,Y Combinator,2026-08-05 18:56:23,1,2
29465,Polar,https://www.polarfi.com,Fintech,USA,Y Combinator,2026-08-05 18:56:23,1,2
29463,Penciled,https://penciled.com,Healthcare,USA,Y Combinator,2026-08-05 18:56:23,1,2
29461,Magic Hour,https://magichour.ai,Consumer,USA,Y Combinator,2026-08-05 18:56:23,1,2
29460,Ryse,https://www.rysemarket.com/,B2B,USA,Y Combinator,2026-08-05 18:56:23,1,13
29457,Datacurve,https://datacurve.ai/,B2B,USA,Y Combinator,2026-08-05 18:56:23,1,4
29456,Marblism,https://marblism.com,B2B,United Kingdom,Y Combinator,2026-08-05 18:56:23,1,5
29455,CommodityAI,https://commodityai.io/,B2B,USA,Y Combinator,2026-08-05 18:56:23,1,6
29454,Veles,http://www.getveles.com,B2B,USA,Y Combinator,2026-08-05 18:56:23,1,5
29453,Miden,http://www.miden.co,Fintech,Nigeria,Y Combinator,2026-08-05 18:56:23,1,19
29452,Fluently,https://getfluently.app/,Consumer,USA,Y Combinator,2026-08-05 18:56:23,1,2
29451,Basepilot,https://www.basepilot.com/,B2B,USA,Y Combinator,2026-08-05 18:56:23,1,2
29450,Aqua Voice,https://aquavoice.com,Consumer,USA,Y Combinator,2026-08-05 18:56:23,1,5
29448,xPay,https://www.xpaycheckout.com/,Fintech,India,Y Combinator,2026-08-05 18:56:23,1,3
29447,Deepnight,https://www.deepnight.ai/,Industrials,USA,Y Combinator,2026-08-05 18:56:23,1,13
29444,Vista Power,https://vistapower.com,Industrials,USA,Y Combinator,2026-08-05 18:56:23,1,3
29443,Adapted,https://adapted.app,Consumer,USA,Y Combinator,2026-08-05 18:56:23,1,2
29442,Ocular AI,https://useocular.com,B2B,USA,Y Combinator,2026-08-05 18:56:23,1,8
29441,Retell AI,https://retellai.com,B2B,USA,Y Combinator,2026-08-05 18:56:23,1,50
29440,Rove,https://rove.com,Consumer,USA,Y Combinator,2026-08-05 18:56:23,1,4
29439,camelAI,https://camelai.com/,B2B,USA,Y Combinator,2026-08-05 18:56:23,1,3
29438,Spark,https://www.sparkhq.ai,B2B,Unspecified,Y Combinator,2026-08-05 18:56:23,1,5
29436,Downlink,https://downlink.dev/,B2B,USA,Y Combinator,2026-08-05 18:56:23,1,1
29435,Terrakotta,https://www.terrakotta.ai/,B2B,USA,Y Combinator,2026-08-05 18:56:23,1,5
29434,Stacksync,https://www.stacksync.com/,B2B,USA,Y Combinator,2026-08-05 18:56:23,1,34
29433,Hatchet,https://hatchet.run,B2B,USA,Y Combinator,2026-08-05 18:56:23,1,7
29432,Shepherd,https://www.shepherd.study,Education,,Y Combinator,2026-08-05 18:56:23,1,5
29431,Sonauto,https://sonauto.ai/,Consumer,USA,Y Combinator,2026-08-05 18:56:23,1,4
29430,BiteSight,http://bitesight.com,Consumer,USA,Y Combinator,2026-08-05 18:56:23,1,4
29429,Velorum Therapeutics,https://www.velorumtx.com/,Healthcare,USA,Y Combinator,2026-08-05 18:56:23,1,5
29425,Zep AI,https://www.getzep.com/,B2B,USA,Y Combinator,2026-08-05 18:56:23,1,5
29424,Openmart,https://www.openmart.com,B2B,USA,Y Combinator,2026-08-05 18:56:23,1,6
29423,Triply,https://business.triply.co/,B2B,Kenya,Y Combinator,2026-08-05 18:56:23,1,18
29422,Deep24,https://deep24.com,Education,USA,Y Combinator,2026-08-05 18:56:23,1,2
29420,Alai,https://getalai.com,B2B,Unspecified,Y Combinator,2026-08-05 18:56:23,1,5
29419,Lumetric,https://www.lumetric.ai,B2B,USA,Y Combinator,2026-08-05 18:56:23,1,2
29417,Brainbase Labs,https://brainbaselabs.com,B2B,USA,Y Combinator,2026-08-05 18:56:23,1,4
29416,Focal,https://focalml.com,Consumer,USA,Y Combinator,2026-08-05 18:56:23,1,2
29415,Givefront,https://givefront.com,Fintech,USA,Y Combinator,2026-08-05 18:56:23,1,4
29414,Cleva,https://www.getcleva.com,Fintech,Nigeria,Y Combinator,2026-08-05 18:56:23,1,30
29413,Oma Care,https://www.omacare.com,Healthcare,USA,Y Combinator,2026-08-05 18:56:23,1,2
29411,Artos,https://www.artosai.com/,B2B,USA,Y Combinator,2026-08-05 18:56:23,1,7
29410,Model ML,https://www.modelml.com/,B2B,United Kingdom,Y Combinator,2026-08-05 18:56:23,1,80
29409,BetterBasket,http://www.betterbasket.com,B2B,USA,Y Combinator,2026-08-05 18:56:23,1,5
29408,Circleback,https://circleback.ai,B2B,USA,Y Combinator,2026-08-05 18:56:23,1,8
29407,JustAI,https://getjust.ai,B2B,USA,Y Combinator,2026-08-05 18:56:23,1,4
29405,Risotto,https://tryrisotto.com,B2B,USA,Y Combinator,2026-08-05 18:56:23,1,3
29404,Diana,https://getdiana.com/,B2B,USA,Y Combinator,2026-08-05 18:56:23,1,7
29403,HeartByte,https://www.storioai.com,Consumer,USA,Y Combinator,2026-08-05 18:56:23,1,2
29402,Yondu,https://yondu.ai/,Industrials,USA,Y Combinator,2026-08-05 18:56:23,1,12
29401,Raindrop,https://www.raindrop.ai,B2B,USA,Y Combinator,2026-08-05 18:56:23,1,9
29400,floatingpoint,https://floatingpoint.ai,B2B,USA,Y Combinator,2026-08-05 18:56:23,1,
29399,Centauri AI,https://centauri-ai.tech,Fintech,USA,Y Combinator,2026-08-05 18:56:23,1,5
29398,ProSights,https://prosights.co/,B2B,USA,Y Combinator,2026-08-05 18:56:23,1,14
29397,Manifold Freight,https://www.manifoldfreight.com/,B2B,USA,Y Combinator,2026-08-05 18:56:23,1,5
29396,EdgeTrace,https://edgetrace.ai,B2B,USA,Y Combinator,2026-08-05 18:56:23,1,4
29395,Clarum,https://clarum.ai,B2B,USA,Y Combinator,2026-08-05 18:56:23,1,2
29394,Opencall,https://opencall.ai,B2B,Unspecified,Y Combinator,2026-08-05 18:56:23,1,7
29393,Voicepanel,https://voicepanel.com,B2B,,Y Combinator,2026-08-05 18:56:23,1,5
29390,OffDeal,https://offdeal.io,B2B,USA,Y Combinator,2026-08-05 18:56:23,1,15
29386,Andy AI,https://with-andy.com,Healthcare,USA,Y Combinator,2026-08-05 18:56:23,1,5
29385,Hazel,https://hazelai.com,Government,USA,Y Combinator,2026-08-05 18:56:23,1,6
29384,Shiboleth,https://www.shiboleth.ai/,B2B,USA,Y Combinator,2026-08-05 18:56:23,1,5
29383,Aftercare,https://getaftercare.com,B2B,USA,Y Combinator,2026-08-05 18:56:23,1,3
29382,Soundry AI,https://soundry.ai/,Consumer,USA,Y Combinator,2026-08-05 18:56:23,1,2
29381,Elodin,https://elodin.systems/,Industrials,USA,Y Combinator,2026-08-05 18:56:23,1,5
29380,Conduit,https://conduit.ai/?utm_source=referral&utm_medium=organic&utm_campaign=ycombinator,B2B,USA,Y Combinator,2026-08-05 18:56:23,1,15
29378,Whip,https://whip.run/,Consumer,USA,Y Combinator,2026-08-05 18:56:23,1,6
29377,Toma,http://www.toma.com/,B2B,USA,Y Combinator,2026-08-05 18:56:23,1,20
29376,Carma,https://www.joincarma.com/,B2B,USA,Y Combinator,2026-08-05 18:56:23,1,15
29375,Preloop,https://www.preloop.com,B2B,USA,Y Combinator,2026-08-05 18:56:23,1,2
29374,Superagent,https://superagent.sh/,B2B,USA,Y Combinator,2026-08-05 18:56:23,1,2
29373,Bilanc,https://www.bilanc.co,B2B,USA,Y Combinator,2026-08-05 18:56:23,1,3
29372,Sagaland,https://sagaland.ai/,Consumer,USA,Y Combinator,2026-08-05 18:56:23,1,2
29369,Astro Mechanica,https://astromecha.co/,Industrials,USA,Y Combinator,2026-08-05 18:56:23,1,52
29368,CodeAnt AI,https://codeant.ai/,B2B,USA,Y Combinator,2026-08-05 18:56:23,1,25
29367,Draftaid,https://draftaid.io/,B2B,Canada,Y Combinator,2026-08-05 18:56:23,1,14
29366,Metofico,https://metofico.com/,B2B,United Kingdom,Y Combinator,2026-08-05 18:56:23,1,2
29365,Ellipsis,https://ellipsis.dev,B2B,USA,Y Combinator,2026-08-05 18:56:23,1,2
29364,Dime,https://www.dimehealth.ai/,B2B,USA,Y Combinator,2026-08-05 18:56:23,1,3
29363,Solari AI,https://www.usesolari.ai/,B2B,USA,Y Combinator,2026-08-05 18:56:23,1,1
29362,Pazi,https://pazi.ai/,B2B,,Y Combinator,2026-08-05 18:56:23,1,7
29360,Open,https://open.cx,B2B,USA,Y Combinator,2026-08-05 18:56:23,1,21
29357,Salvy,https://www.salvy.com.br,B2B,Brazil,Y Combinator,2026-08-05 18:56:23,1,27
29356,Centralize,https://www.usecentralize.com/,B2B,USA,Y Combinator,2026-08-05 18:56:23,1,9
29355,NanoCorp,https://nanocorp.so,Consumer,USA,Y Combinator,2026-08-05 18:56:23,1,1
29352,Firebender,https://firebender.com,B2B,USA,Y Combinator,2026-08-05 18:56:23,1,1
29350,Feldy,https://www.feldy.ai,B2B,USA,Y Combinator,2026-08-05 18:56:23,1,4
29348,Parallel,https://www.beparallel.com/?utm_source=ycombinator&utm_medium=directory,Healthcare,France,Y Combinator,2026-08-05 18:56:23,1,15
29347,Vibrant Labs,https://vibrantlabs.com/,B2B,USA,Y Combinator,2026-08-05 18:56:23,1,6
29346,sync.,https://sync.so/,B2B,USA,Y Combinator,2026-08-05 18:56:23,1,13
29345,PandasAI,https://pandas-ai.com,B2B,Germany,Y Combinator,2026-08-05 18:56:23,1,3
29343,Infinity,https://www.infinityapp.in/,Fintech,India,Y Combinator,2026-08-05 18:56:23,1,15
29342,InQuery,https://www.inquery.ai/,Healthcare,USA,Y Combinator,2026-08-05 18:56:23,1,4
29341,GloGlo,https://gloglo.com,Consumer,USA,Y Combinator,2026-08-05 18:56:23,1,3
29340,Tamarind Bio,https://www.tamarind.bio,B2B,USA,Y Combinator,2026-08-05 18:56:23,1,20
29339,Clarion,https://clarionhealth.com,Healthcare,USA,Y Combinator,2026-08-05 18:56:23,1,16
29338,Consul,https://onconsul.com,Fintech,USA,Y Combinator,2026-08-05 18:56:23,1,2
29336,Scout,https://cpgscout.ai/,B2B,USA,Y Combinator,2026-08-05 18:56:23,1,3
29334,Decipher AI,https://getdecipher.com,B2B,USA,Y Combinator,2026-08-05 18:56:23,1,4
29333,LemonSlice,https://www.lemonslice.com,B2B,USA,Y Combinator,2026-08-05 18:56:23,1,8
29332,Polished,https://polished.ad,B2B,USA,Y Combinator,2026-08-05 18:56:23,1,
29328,Guide Labs,https://www.guidelabs.ai/,B2B,USA,Y Combinator,2026-08-05 18:56:23,1,9
29326,Monumint,https://monumint.com,B2B,USA,Y Combinator,2026-08-05 18:56:23,1,5
29325,Respan,https://respan.ai,B2B,USA,Y Combinator,2026-08-05 18:56:23,1,15
29324,PromptArmor,https://promptarmor.com/,B2B,USA,Y Combinator,2026-08-05 18:56:23,1,
29323,Zaymo,https://zaymo.com,B2B,USA,Y Combinator,2026-08-05 18:56:23,1,13
29319,Meticulate,https://meticulate.ai/,B2B,USA,Y Combinator,2026-08-05 18:56:23,1,5
29317,CloudCruise,https://cloudcruise.com,B2B,USA,Y Combinator,2026-08-05 18:56:23,1,7
29315,Attunement,http://attunement.ai,Healthcare,USA,Y Combinator,2026-08-05 18:56:23,1,3
29314,Lucite,https://www.lucite.ai/,B2B,USA,Y Combinator,2026-08-05 18:56:23,1,4
29312,OneGrep,https://www.onegrep.dev,B2B,USA,Y Combinator,2026-08-05 18:56:23,1,2
29310,Tusk,https://usetusk.ai,B2B,USA,Y Combinator,2026-08-05 18:56:23,1,4
29309,PartnerHQ,https://trypartnerhq.com,B2B,USA,Y Combinator,2026-08-05 18:56:23,1,4
29308,atopile,http://atopile.io,B2B,USA,Y Combinator,2026-08-05 18:56:23,1,5
29306,Copper Health,https://www.copperhealth.co/,Healthcare,USA,Y Combinator,2026-08-05 18:56:23,1,2
29305,SynsoryBio,https://www.synsorybio.com/,Healthcare,USA,Y Combinator,2026-08-05 18:56:23,1,2
29304,Yoneda Labs,https://www.yonedalabs.com,B2B,USA,Y Combinator,2026-08-05 18:56:23,1,3
29303,Panelytic,https://panelytic.com/,Fintech,USA,Y Combinator,2026-08-05 18:56:23,1,2
29301,Topo,https://www.topo.io/,B2B,France,Y Combinator,2026-08-05 18:56:23,1,12
29300,Trellis AI,https://runtrellis.com/,B2B,USA,Y Combinator,2026-08-05 18:56:23,1,34
29299,Ecliptor,https://ecliptor.ai,B2B,USA,Y Combinator,2026-08-05 18:56:23,1,2
29298,Greenboard,https://www.greenboard.com,Fintech,USA,Y Combinator,2026-08-05 18:56:23,1,26
29297,Eggnog,https://www.eggnog.ai,Consumer,USA,Y Combinator,2026-08-05 18:56:23,1,1
29295,Artisan,https://artisan.co/?utm_source=ycombinator,B2B,USA,Y Combinator,2026-08-05 18:56:23,1,50
29294,Octolane AI,https://www.octolane.com,B2B,USA,Y Combinator,2026-08-05 18:56:23,1,5
29293,SuretyNow,https://suretynow.com/,Fintech,USA,Y Combinator,2026-08-05 18:56:23,1,4
29291,ROE,https://getroe.ai,B2B,USA,Y Combinator,2026-08-05 18:56:23,1,9
29290,FurtherAI,https://www.furtherai.com/,B2B,USA,Y Combinator,2026-08-05 18:56:23,1,36
29288,Arini,https://www.arini.ai,Healthcare,USA,Y Combinator,2026-08-05 18:56:23,1,17
29287,Paradigm,https://www.paradigmai.com/,B2B,USA,Y Combinator,2026-08-05 18:56:23,1,8
29286,PointOne,https://pointone.com/,B2B,USA,Y Combinator,2026-08-05 18:56:23,1,35
29284,AveryIQ,https://averyiq.com,Real Estate and Construction,USA,Y Combinator,2026-08-05 18:56:23,1,3
29283,Wavelength,https://wavelength.cx/,B2B,USA,Y Combinator,2026-08-05 18:56:23,1,3
29281,Breez Labs,https://www.breezlabs.com/,B2B,USA,Y Combinator,2026-08-05 18:56:23,1,2
29278,Leaping,https://www.leaping.io/,B2B,USA,Y Combinator,2026-08-05 18:56:23,1,2
29277,Basalt,https://basalt.space/,Industrials,USA,Y Combinator,2026-08-05 18:56:23,1,6
29276,Carousel Technologies,https://usecarousel.com,B2B,USA,Y Combinator,2026-08-05 18:56:23,1,4
29275,Agentic Labs,https://agenticlabs.com,B2B,USA,Y Combinator,2026-08-05 18:56:23,1,2
29274,Fractal Labs,https://fractal-labs.gg/,Consumer,USA,Y Combinator,2026-08-05 18:56:23,1,4
29273,Pivot Robotics,https://pivotrobotics.com,Industrials,USA,Y Combinator,2026-08-05 18:56:23,1,7
29272,Aidy,https://www.aidyhq.com/,Healthcare,USA,Y Combinator,2026-08-05 18:56:23,1,2
29270,Keystroke,http://keystroke.ai,B2B,USA,Y Combinator,2026-08-05 18:56:23,1,4
29269,Garage,https://www.shopgarage.com/,B2B,USA,Y Combinator,2026-08-05 18:56:23,1,25
29267,"Argon AI, Inc.",https://www.argon-ai.com/,Healthcare,USA,Y Combinator,2026-08-05 18:56:23,1,2
29266,nCompass Technologies,https://www.ncompass.tech,B2B,USA,Y Combinator,2026-08-05 18:56:23,1,3
29265,Pretzel AI,https://withpretzel.com,B2B,Germany,Y Combinator,2026-08-05 18:56:23,1,2
29263,Alex,https://alex.com,B2B,USA,Y Combinator,2026-08-05 18:56:23,1,30
29261,malibou,https://www.malibou.co,B2B,France,Y Combinator,2026-08-05 18:56:23,1,2
29259,Newton,https://joinnewton.com,B2B,USA,Y Combinator,2026-08-05 18:56:23,1,4
29258,Saga AI,https://usesaga.ai,B2B,USA,Y Combinator,2026-08-05 18:56:23,1,2
29257,Tuesday Labs,https://www.tuesdaylabs.com,Consumer,USA,Y Combinator,2026-08-05 18:56:23,1,7
29256,Momentic,https://momentic.ai,B2B,USA,Y Combinator,2026-08-05 18:56:23,1,15
29254,Reducto,https://reducto.ai,B2B,USA,Y Combinator,2026-08-05 18:56:23,1,30
29253,Andon Labs,https://andonlabs.com/,B2B,USA,Y Combinator,2026-08-05 18:56:23,1,11
29252,Maia,https://www.ourmaia.com/,Healthcare,USA,Y Combinator,2026-08-05 18:56:23,1,2
29249,Nuanced,https://www.nuanced.dev/,Consumer,USA,Y Combinator,2026-08-05 18:56:23,1,2
29247,Precip,https://precip.ai,B2B,USA,Y Combinator,2026-08-05 18:56:23,1,3
29246,Tracecat,https://tracecat.com,B2B,USA,Y Combinator,2026-08-05 18:56:23,1,
29245,Kabilah,https://www.kabilah.com,Healthcare,Unspecified,Y Combinator,2026-08-05 18:56:23,1,
29244,Sonia,https://soniahealth.com,Healthcare,USA,Y Combinator,2026-08-05 18:56:23,1,7
29241,Tekton Dynamics,https://www.tekton-dynamics.com,Industrials,United Kingdom,Y Combinator,2026-08-05 18:56:23,1,3
29239,ion design,https://www.ion.design/,B2B,USA,Y Combinator,2026-08-05 18:56:23,1,3
29238,Duckie,https://duckie.ai/,B2B,USA,Y Combinator,2026-08-05 18:56:23,1,4
29233,Happenstance,https://happenstance.ai,Consumer,USA,Y Combinator,2026-08-05 18:56:23,1,3
29231,Ubicloud,https://www.ubicloud.com,B2B,USA,Y Combinator,2026-08-05 18:56:23,1,15
29226,Greptile,https://www.greptile.com,B2B,USA,Y Combinator,2026-08-05 18:56:23,1,35
29207,Cora,https://www.corahealth.app/download,Consumer,USA,Y Combinator,2026-08-05 18:56:23,1,3
29205,ego,https://egoai.com,Consumer,USA,Y Combinator,2026-08-05 18:56:23,1,9
29201,Legora,https://www.legora.com/,B2B,Sweden,Y Combinator,2026-08-05 18:56:23,1,400
29196,Scritch,https://www.scritchai.com,Healthcare,USA,Y Combinator,2026-08-05 18:56:23,1,
29185,Relari,https://www.relari.ai/,B2B,USA,Y Combinator,2026-08-05 18:56:23,1,2
29184,DryMerge,https://www.drymerge.com,B2B,USA,Y Combinator,2026-08-05 18:56:23,1,4
29183,Navier AI,http://navier.ai,Industrials,USA,Y Combinator,2026-08-05 18:56:23,1,7
29182,Upsolve AI,https://upsolve.ai/,B2B,,Y Combinator,2026-08-05 18:56:23,1,5
29181,Event Horizon Labs,https://www.ehl.markets/,Fintech,USA,Y Combinator,2026-08-05 18:56:23,1,4
29180,Gumloop,https://www.gumloop.com/,B2B,USA,Y Combinator,2026-08-05 18:56:23,1,37
29179,Driver,https://www.driver.ai/,B2B,USA,Y Combinator,2026-08-05 18:56:23,1,15
29177,Onyx,https://www.onyx.app/,B2B,USA,Y Combinator,2026-08-05 18:56:23,1,20
28965,Yenmo,https://yenmo.in/,Fintech,India,Y Combinator,2026-08-05 18:56:23,1,5
28896,GovernGPT,https://www.governgpt.com/,Fintech,Canada,Y Combinator,2026-08-05 18:56:23,1,6
29464,Arcane,https://www.rohanmehta.com/,Consumer,USA,Y Combinator,2026-08-05 18:56:23,0,2
29418,Sample,https://samplehc.com,Healthcare,USA,Y Combinator,2026-08-05 18:56:23,0,5
29379,Trieve,https://trieve.ai,B2B,USA,Y Combinator,2026-08-05 18:56:23,0,7
29370,Browser Buddy,https://www.browserbuddy.com/,Consumer,USA,Y Combinator,2026-08-05 18:56:23,0,2
29353,Resonance,https://www.useresonance.com/,B2B,USA,Y Combinator,2026-08-05 18:56:23,0,2
29330,Speck,https://speck.sh,B2B,USA,Y Combinator,2026-08-05 18:56:23,0,3
29318,StarJar,https://www.starjar.io/,B2B,Unspecified,Y Combinator,2026-08-05 18:56:23,0,11
29302,Verse Therapy,https://versetherapy.com,Healthcare,USA,Y Combinator,2026-08-05 18:56:23,0,3
29523,K-Scale Labs,https://kscale.dev/,Consumer,USA,Y Combinator,2026-08-05 18:56:23,0,10
29459,Lumona,https://www.lumona.ai,Consumer,USA,Y Combinator,2026-08-05 18:56:23,0,1
29449,Fileforge,https://www.fileforge.com/,B2B,USA,Y Combinator,2026-08-05 18:56:23,0,3
29421,Thorntale,https://thorntale.com,B2B,USA,Y Combinator,2026-08-05 18:56:23,0,2
29391,Abel,https://www.tryabel.com,B2B,USA,Y Combinator,2026-08-05 18:56:23,0,2
29361,Wuri,https://www.wuri.in/,Consumer,Unspecified,Y Combinator,2026-08-05 18:56:23,0,7
29358,Aedilic,https://www.nonescape.com,B2B,USA,Y Combinator,2026-08-05 18:56:23,0,2
29354,crmCopilot,https://www.crmcopilot.co?utm_source=yc,B2B,USA,Y Combinator,2026-08-05 18:56:23,0,2
29335,Toolify,https://toolify.sh,B2B,India,Y Combinator,2026-08-05 18:56:23,0,2
29322,Glimmer,https://www.withglimmer.com/,B2B,USA,Y Combinator,2026-08-05 18:56:23,0,2
29320,Celest,https://celest.dev,B2B,USA,Y Combinator,2026-08-05 18:56:23,0,1
29313,Selera Medical,http://www.seleramedical.com,Healthcare,USA,Y Combinator,2026-08-05 18:56:23,0,2
29311,Engines,https://engines.dev,B2B,Unspecified,Y Combinator,2026-08-05 18:56:23,0,2
29307,Blume Benefits,https://www.blumebenefits.com/,Fintech,USA,Y Combinator,2026-08-05 18:56:23,0,3
29285,Patchwork,https://atpatchwork.com/,B2B,USA,Y Combinator,2026-08-05 18:56:23,0,2
29271,DGI Apparel,https://www.dgiapparel.com/,B2B,USA,Y Combinator,2026-08-05 18:56:23,0,4
29268,Mango Health,https://themangohealth.com,Healthcare,Unspecified,Y Combinator,2026-08-05 18:56:23,0,2
29260,Quary,https://www.quary.dev,B2B,United Kingdom,Y Combinator,2026-08-05 18:56:23,0,2
29206,Stitch Technologies,https://www.stitch.tech,B2B,United Kingdom,Y Combinator,2026-08-05 18:56:23,0,0
29189,RadMate AI,https://www.radmate.ai,Healthcare,USA,Y Combinator,2026-08-05 18:56:23,0,2
29186,Tesseral,https://tesseral.com,B2B,USA,Y Combinator,2026-08-05 18:56:23,0,5
29178,Lantern,http://lantern.dev,B2B,USA,Y Combinator,2026-08-05 18:56:23,0,3
27361,Polymath Robotics,http://www.polymathrobotics.com,Industrials,USA,Y Combinator,2026-08-05 18:56:23,1,13
27269,Morf Health,https://morf.health,Healthcare,,Y Combinator,2026-08-05 18:56:23,1,6
27268,Materee,https://materee.id,B2B,Indonesia,Y Combinator,2026-08-05 18:56:23,1,20
27267,Ping,https://www.letsping.com/,Fintech,Argentina,Y Combinator,2026-08-05 18:56:23,1,20
27263,Guardian Bio,http://www.guardian-bio.com,Healthcare,USA,Y Combinator,2026-08-05 18:56:23,1,2
27261,Integrated Reasoning,https://integrated-reasoning.com,B2B,USA,Y Combinator,2026-08-05 18:56:23,1,1
27260,Coverage Cat,https://www.coveragecat.com/,Fintech,USA,Y Combinator,2026-08-05 18:56:23,1,4
27258,AccessOwl,https://www.accessowl.io/,B2B,Germany,Y Combinator,2026-08-05 18:56:23,1,15
27255,Intuned,https://intunedhq.com,B2B,USA,Y Combinator,2026-08-05 18:56:23,1,15
27253,Cone,https://www.getcone.io,B2B,India,Y Combinator,2026-08-05 18:56:23,1,8
27252,Landeed,https://www.landeed.com/,Fintech,India,Y Combinator,2026-08-05 18:56:23,1,35
27250,Axle,https://axle.insure,Fintech,USA,Y Combinator,2026-08-05 18:56:23,1,20
27249,Aldara,https://aldara.com,Real Estate and Construction,Spain,Y Combinator,2026-08-05 18:56:23,1,10
27248,Cambio,https://www.cambio.ai/,Real Estate and Construction,USA,Y Combinator,2026-08-05 18:56:23,1,60
27224,InVision Medical Technology,http://invisionmedtech.com/,Healthcare,USA,Y Combinator,2026-08-05 18:56:23,1,2
27222,Kamion,https://www.kamion.co,B2B,Turkey,Y Combinator,2026-08-05 18:56:23,1,35
27219,FlatX,https://www.flatx.co/,Real Estate and Construction,India,Y Combinator,2026-08-05 18:56:23,1,2
27206,Delfino AI,https://www.delfino.ai/,Healthcare,USA,Y Combinator,2026-08-05 18:56:23,1,2
27205,Kashin,https://kashin.app/,Fintech,Peru,Y Combinator,2026-08-05 18:56:23,1,45
27198,Velontra,https://www.velontra.com/,Industrials,USA,Y Combinator,2026-08-05 18:56:23,1,5
27194,REVER,https://itsrever.com/,Fintech,Spain,Y Combinator,2026-08-05 18:56:23,1,35
27191,AlgoTest,https://algotest.in,Fintech,India,Y Combinator,2026-08-05 18:56:23,1,40
27190,Sculpt,https://www.sculptcosting.com/,B2B,India,Y Combinator,2026-08-05 18:56:23,1,2
27185,Knowtex,http://www.knowtex.ai/,Healthcare,USA,Y Combinator,2026-08-05 18:56:23,1,
27178,Pump.co,https://www.pump.co/,Fintech,USA,Y Combinator,2026-08-05 18:56:23,1,75
27177,MovingLake,https://movinglake.com,B2B,Mexico,Y Combinator,2026-08-05 18:56:23,1,3
27175,Express Building,https://www.expressbuilding.ph,Real Estate and Construction,Singapore,Y Combinator,2026-08-05 18:56:23,1,14
27173,Jamble,https://www.jambleapp.com/,Consumer,France,Y Combinator,2026-08-05 18:56:23,1,3
27172,Clearline,https://useclearline.com,B2B,Canada,Y Combinator,2026-08-05 18:56:23,1,5
27168,Relevium Medical,https://relevium-medical.com/,Healthcare,Ireland,Y Combinator,2026-08-05 18:56:23,1,5
27167,Blockscope,https://www.blockscope.co/,B2B,USA,Y Combinator,2026-08-05 18:56:23,1,4
27166,Wondercraft,https://wondercraft.ai/,B2B,United Kingdom,Y Combinator,2026-08-05 18:56:23,1,15
27165,Entvin,http://entvin.com?utm_source=yc,Healthcare,USA,Y Combinator,2026-08-05 18:56:23,1,5
27164,autone,https://autone.io,B2B,United Kingdom,Y Combinator,2026-08-05 18:56:23,1,70
27162,Oneleet,https://www.oneleet.com/?utm_source=yc&utm_medium=bookface,B2B,Netherlands,Y Combinator,2026-08-05 18:56:23,1,65
27161,Krave Mart,https://www.kravemart.com,Consumer,Pakistan,Y Combinator,2026-08-05 18:56:23,1,80
27160,Drahim 💰,https://drahim.sa,Fintech,Saudi Arabia,Y Combinator,2026-08-05 18:56:23,1,8
27157,Levers,https://uselevers.com/,B2B,Saudi Arabia,Y Combinator,2026-08-05 18:56:23,1,8
27154,Superbar,http://www.superbar.ai,B2B,Canada,Y Combinator,2026-08-05 18:56:23,1,7
27152,Firecrawl,https://www.firecrawl.dev,B2B,USA,Y Combinator,2026-08-05 18:56:23,1,25
27151,Solum Health,https://www.getsolum.com/,Healthcare,USA,Y Combinator,2026-08-05 18:56:23,1,3
27147,FoodCourt,https://www.getfoodcourt.com,Consumer,Nigeria,Y Combinator,2026-08-05 18:56:23,1,80
27146,Sunpia,http://sunpia.io,B2B,USA,Y Combinator,2026-08-05 18:56:23,1,3
27143,TypeLess,https://apps.apple.com/us/app/typeless-ai-messenger/id6478489620,B2B,USA,Y Combinator,2026-08-05 18:56:23,1,2
27142,Invofox,https://invofox.com,B2B,Spain,Y Combinator,2026-08-05 18:56:23,1,12
27141,Avina,https://avina.io,B2B,USA,Y Combinator,2026-08-05 18:56:23,1,5
27140,Boton,https://www.botonapp.com/,B2B,Panama,Y Combinator,2026-08-05 18:56:23,1,3
27137,PrimeVault,https://www.primevault.com,Fintech,USA,Y Combinator,2026-08-05 18:56:23,1,11
27124,KemNet,https://kemnet.ca/,Healthcare,Canada,Y Combinator,2026-08-05 18:56:23,1,2
27109,HOMLI,https://thehomli.com,Real Estate and Construction,USA,Y Combinator,2026-08-05 18:56:23,1,20
27108,Sanifu,https://sanifu.ai,B2B,Kenya,Y Combinator,2026-08-05 18:56:23,1,5
27097,Findly,https://www.findly.ai/join,B2B,United Kingdom,Y Combinator,2026-08-05 18:56:23,1,11
27096,Relate,https://www.relate.so/,B2B,South Korea,Y Combinator,2026-08-05 18:56:23,1,7
27095,Relay Health,https://www.joinrelay.app,Healthcare,USA,Y Combinator,2026-08-05 18:56:23,1,5
27094,nsave,https://www.nsave.com,Fintech,United Kingdom,Y Combinator,2026-08-05 18:56:23,1,20
27092,Lamin,https://lamin.ai,Healthcare,,Y Combinator,2026-08-05 18:56:23,1,10
27091,Trendex - Connect with stars,https://trendex.gg,Consumer,USA,Y Combinator,2026-08-05 18:56:23,1,9
27090,CompUp,https://www.compup.io,B2B,India,Y Combinator,2026-08-05 18:56:23,1,35
27086,AiPrise,https://aiprise.com/,Fintech,USA,Y Combinator,2026-08-05 18:56:23,1,42
27085,Roforco,,Consumer,Norway,Y Combinator,2026-08-05 18:56:23,1,4
27078,Wand Solar,https://www.wandsolar.com,Industrials,Israel,Y Combinator,2026-08-05 18:56:23,1,2
27055,Vinci Games,https://ruffnauts.com/,Consumer,USA,Y Combinator,2026-08-05 18:56:23,1,7
27054,Ekho,https://www.ekho.com,B2B,USA,Y Combinator,2026-08-05 18:56:23,1,30
27052,Quindar,https://www.quindar.space,B2B,USA,Y Combinator,2026-08-05 18:56:23,1,57
27051,Unthread,https://unthread.io,B2B,USA,Y Combinator,2026-08-05 18:56:23,1,7
27050,Kombo,https://kombo.dev,B2B,Germany,Y Combinator,2026-08-05 18:56:23,1,20
27049,Anchor,https://getanchor.co/,Fintech,Nigeria,Y Combinator,2026-08-05 18:56:23,1,8
27047,Plutto,https://getplutto.com/,B2B,Chile,Y Combinator,2026-08-05 18:56:23,1,20
27046,Atlas,https://atlaswork.ai,B2B,USA,Y Combinator,2026-08-05 18:56:23,1,2
27042,Artemis Search,https://search-artemis.com/,B2B,USA,Y Combinator,2026-08-05 18:56:23,1,3
27041,Feather,https://featherhq.com,B2B,USA,Y Combinator,2026-08-05 18:56:23,1,8
27039,Cobbery,https://cobbery.com,B2B,USA,Y Combinator,2026-08-05 18:56:23,1,4
27038,Fini,https://www.usefini.com,B2B,Netherlands,Y Combinator,2026-08-05 18:56:23,1,14
27037,Metriport,https://metriport.com/,Healthcare,USA,Y Combinator,2026-08-05 18:56:23,1,26
26913,Aurelian,https://www.aurelian.com/,B2B,USA,Y Combinator,2026-08-05 18:56:23,1,45
26912,Quinn,https://www.quinnbio.com,Healthcare,USA,Y Combinator,2026-08-05 18:56:23,1,4
26907,Rima AI (formerly Garage),https://www.getrima.ai,B2B,USA,Y Combinator,2026-08-05 18:56:23,1,5
26903,Chowdeck,https://chowdeck.com,Consumer,Nigeria,Y Combinator,2026-08-05 18:56:23,1,14
26902,Maya Labs,https://mayalabs.io,B2B,India,Y Combinator,2026-08-05 18:56:23,1,5
26901,FlyCode,https://www.flycode.com,Fintech,USA,Y Combinator,2026-08-05 18:56:23,1,7
26900,Pluralith,https://www.pluralith.com,B2B,Austria,Y Combinator,2026-08-05 18:56:23,1,2
26898,Diversion,https://diversion.dev,B2B,Israel,Y Combinator,2026-08-05 18:56:23,1,14
26897,AviaryAI,http://www.helloaviary.ai,Fintech,USA,Y Combinator,2026-08-05 18:56:23,1,10
26890,Latent Space,https://latentspace.sh/,Consumer,Indonesia,Y Combinator,2026-08-05 18:56:23,1,100
26885,AnythingLLM,https://anythingllm.com,Consumer,USA,Y Combinator,2026-08-05 18:56:23,1,4
26883,Hedgehog,http://hedgehogfoods.com,Industrials,USA,Y Combinator,2026-08-05 18:56:23,1,18
26882,Coris,https://coris.ai/,B2B,USA,Y Combinator,2026-08-05 18:56:23,1,10
26881,Bitstack,https://www.bitstack-app.com,Fintech,France,Y Combinator,2026-08-05 18:56:23,1,16
26880,Airhart Aeronautics,https://www.airhartaero.com/,Industrials,USA,Y Combinator,2026-08-05 18:56:23,1,6
26877,Peoplebox.ai,https://www.peoplebox.ai,B2B,India,Y Combinator,2026-08-05 18:56:23,1,35
26871,Shipmates,https://shipmates.app,B2B,Philippines,Y Combinator,2026-08-05 18:56:23,1,12
26870,Thera,https://www.getthera.com,B2B,USA,Y Combinator,2026-08-05 18:56:23,1,15
26869,Sytex,https://www.sytex.io,B2B,Argentina,Y Combinator,2026-08-05 18:56:23,1,22
26863,Provision,https://provision.com,B2B,Canada,Y Combinator,2026-08-05 18:56:23,1,15
26861,100x,https://100x.bot?utm_source=inbound&utm_medium=bookface&utm_campaign=yc&utm_id=122,B2B,India,Y Combinator,2026-08-05 18:56:23,1,3
26860,NewsCatcher,https://newscatcherapi.com/,B2B,Ukraine,Y Combinator,2026-08-05 18:56:23,1,22
26859,Typewise,https://typewise.app,B2B,Switzerland,Y Combinator,2026-08-05 18:56:23,1,12
26852,Slidely AI,https://slidely.ai/,B2B,India,Y Combinator,2026-08-05 18:56:23,1,5
26851,Mistle,https://mistle.dev,B2B,Singapore,Y Combinator,2026-08-05 18:56:23,1,2
26850,BiggerPicture,http://biggerpicture.co,B2B,USA,Y Combinator,2026-08-05 18:56:23,1,5
26825,Flair Labs,https://www.flairlabs.ai/,B2B,USA,Y Combinator,2026-08-05 18:56:23,1,6
26819,Namecard.ai,https://namecard.ai/,B2B,Taiwan,Y Combinator,2026-08-05 18:56:23,1,9
26818,Hypestream,https://www.hypestream.io/,B2B,Singapore,Y Combinator,2026-08-05 18:56:23,1,2
26813,Aragorn AI,https://www.aragorn.ai,B2B,USA,Y Combinator,2026-08-05 18:56:23,1,4
26812,Hype,https://www.hype.meme/,Consumer,USA,Y Combinator,2026-08-05 18:56:23,1,3
26810,Ten Lives,https://tenlives.com,Consumer,USA,Y Combinator,2026-08-05 18:56:23,1,6
26809,Malama Health,https://www.heymalama.co,Healthcare,USA,Y Combinator,2026-08-05 18:56:23,1,3
26807,MaverickX,https://www.MaverickX.com,Industrials,USA,Y Combinator,2026-08-05 18:56:23,1,30
26806,Illuminant Surgical,https://www.illuminant.ai/,Healthcare,USA,Y Combinator,2026-08-05 18:56:23,1,11
26803,Tank Payments,https://www.tankpayments.com/,Fintech,USA,Y Combinator,2026-08-05 18:56:23,1,10
26802,Apply Design,http://www.applydesign.io,Real Estate and Construction,Israel,Y Combinator,2026-08-05 18:56:23,1,4
26801,Evoly,https://www.evolyenergy.com,Industrials,USA,Y Combinator,2026-08-05 18:56:23,1,4
26800,Juicebox,https://juicebox.ai/,B2B,USA,Y Combinator,2026-08-05 18:56:23,1,65
26797,Rio,https://www.rio.trade,Fintech,Mexico,Y Combinator,2026-08-05 18:56:23,1,10
26796,Popsy,https://popsy.ai,B2B,Slovenia,Y Combinator,2026-08-05 18:56:23,1,2
26795,Gullak Money,https://gullak.money,Fintech,India,Y Combinator,2026-08-05 18:56:23,1,15
26794,Capix,http://capix.ai/,Fintech,USA,Y Combinator,2026-08-05 18:56:23,1,5
26793,Windmill,https://windmill.dev,B2B,France,Y Combinator,2026-08-05 18:56:23,1,7
26792,Activepieces,https://www.activepieces.com,B2B,USA,Y Combinator,2026-08-05 18:56:23,1,10
26784,Seaflight Technologies,https://www.seaflight.tech,Industrials,USA,Y Combinator,2026-08-05 18:56:23,1,4
26783,Raven,https://startraven.com,B2B,India,Y Combinator,2026-08-05 18:56:23,1,4
26782,Cashboard,https://www.cashboard.co,B2B,USA,Y Combinator,2026-08-05 18:56:23,1,6
26781,CodeCrafters,https://codecrafters.io,Consumer,USA,Y Combinator,2026-08-05 18:56:23,1,10
26778,Blee,https://www.blee.com,Fintech,USA,Y Combinator,2026-08-05 18:56:23,1,15
26776,Overwatch,http://www.overwatchdata.ai,B2B,USA,Y Combinator,2026-08-05 18:56:23,1,14
26769,ALT TEX,https://thealttex.com/,Industrials,Canada,Y Combinator,2026-08-05 18:56:23,1,10
26768,Disclo,http://www.disclo.com,B2B,USA,Y Combinator,2026-08-05 18:56:23,1,10
26763,Voltic,https://volticshipping.com/,Industrials,USA,Y Combinator,2026-08-05 18:56:23,1,5
26756,Midplane,https://midplane.ai/,B2B,Germany,Y Combinator,2026-08-05 18:56:23,1,2
26755,Sunlight,https://www.sunlightapi.com/,Fintech,USA,Y Combinator,2026-08-05 18:56:23,1,6
26754,Novig,https://www.novig.com,Consumer,USA,Y Combinator,2026-08-05 18:56:23,1,55
26753,Lyra,https://paywithlyra.com/,Consumer,USA,Y Combinator,2026-08-05 18:56:23,1,3
26751,Signatur Biosciences,https://www.signatur.bio/,Healthcare,United Kingdom,Y Combinator,2026-08-05 18:56:23,1,5
26750,NuMind,https://www.numind.ai,B2B,USA,Y Combinator,2026-08-05 18:56:23,1,6
26749,Ballerine,http://www.ballerine.com,Fintech,Israel,Y Combinator,2026-08-05 18:56:23,1,16
26743,EthosX,https://www.ethosx.finance/,Fintech,USA,Y Combinator,2026-08-05 18:56:23,1,2
26742,Boostly,https://boostly.com,B2B,USA,Y Combinator,2026-08-05 18:56:23,1,50
26741,Paragon AI,https://paragon.ai,B2B,USA,Y Combinator,2026-08-05 18:56:23,1,3
26740,BlueHill Payments,https://www.useBlueHill.com/,B2B,USA,Y Combinator,2026-08-05 18:56:23,1,2
26739,Craze,https://www.craze.ai/?utm_source=yc,Consumer,India,Y Combinator,2026-08-05 18:56:23,1,8
26737,Fetii,https://www.fetii.com/,Consumer,USA,Y Combinator,2026-08-05 18:56:23,1,50
26736,Array Labs,https://www.arraylabs.io/,Industrials,USA,Y Combinator,2026-08-05 18:56:23,1,30
26735,Dr. Treat,https://www.drtreat.com/,Healthcare,USA,Y Combinator,2026-08-05 18:56:23,1,21
26734,Serinus Biosciences,http://www.serinus.bio,Healthcare,USA,Y Combinator,2026-08-05 18:56:23,1,6
26733,Roxels,https://www.roxels.ai/,B2B,USA,Y Combinator,2026-08-05 18:56:23,1,7
26730,Champ,https://trychamp.co/,B2B,USA,Y Combinator,2026-08-05 18:56:23,1,1
26727,Moneco,https://moneco.app/,Fintech,France,Y Combinator,2026-08-05 18:56:23,1,15
26725,ECSA,http://ecsa.finance/,Fintech,Brazil,Y Combinator,2026-08-05 18:56:23,1,
26724,Coupl,https://coupl.money/,Fintech,India,Y Combinator,2026-08-05 18:56:23,1,8
26722,Boundo,https://boundo.com,B2B,USA,Y Combinator,2026-08-05 18:56:23,1,2
26720,TrueBiz,https://truebiz.io/,B2B,USA,Y Combinator,2026-08-05 18:56:23,1,6
26718,Cerrion,https://www.cerrion.com/,Industrials,Switzerland,Y Combinator,2026-08-05 18:56:23,1,16
26717,Blitz,https://www.blitznocode.com/,B2B,USA,Y Combinator,2026-08-05 18:56:23,1,4
26716,erad,https://erad.co/,Fintech,Saudi Arabia,Y Combinator,2026-08-05 18:56:23,1,5
26713,Pasito,https://pasito.ai,Fintech,USA,Y Combinator,2026-08-05 18:56:23,1,20
26712,CodeCanary,https://www.codecanary.ai,B2B,USA,Y Combinator,2026-08-05 18:56:23,1,2
26711,Devyce,https://devyce.com,B2B,United Kingdom,Y Combinator,2026-08-05 18:56:23,1,20
26710,Tailor,https://www.tailor.tech/,B2B,Japan,Y Combinator,2026-08-05 18:56:23,1,40
26709,Dittofeed,http://dittofeed.com,B2B,USA,Y Combinator,2026-08-05 18:56:23,1,2
26708,Makeasite,https://makeasite.io,Consumer,USA,Y Combinator,2026-08-05 18:56:23,1,2
26707,Chariot,https://givechariot.com/,Fintech,USA,Y Combinator,2026-08-05 18:56:23,1,24
26705,Stackup,https://www.stackup.fi,B2B,USA,Y Combinator,2026-08-05 18:56:23,1,4
26704,Two Dots,https://www.twodots.com,Fintech,USA,Y Combinator,2026-08-05 18:56:23,1,28
26703,Versa,https://versa.org,B2B,USA,Y Combinator,2026-08-05 18:56:23,1,2
26693,SigmaMind AI,https://sigmamind.ai?utm_source=yc&utm_medium=web,B2B,USA,Y Combinator,2026-08-05 18:56:23,1,12
26675,Birch Biosciences,http://www.birchbiosciences.com,Industrials,USA,Y Combinator,2026-08-05 18:56:23,1,10
26671,Ciro,https://www.ciro.io/,B2B,USA,Y Combinator,2026-08-05 18:56:23,1,5
26670,Julius,https://julius.ai,B2B,USA,Y Combinator,2026-08-05 18:56:23,1,10
26668,Elessar,https://www.getelessar.com/,B2B,USA,Y Combinator,2026-08-05 18:56:23,1,2
26667,Star,https://buildwithstar.com,Consumer,USA,Y Combinator,2026-08-05 18:56:23,1,1
26662,Paces,https://paces.com,Industrials,USA,Y Combinator,2026-08-05 18:56:23,1,48
26661,Stream,http://www.stream.claims,Fintech,USA,Y Combinator,2026-08-05 18:56:23,1,15
26660,Chordio,https://chordio.com,B2B,USA,Y Combinator,2026-08-05 18:56:23,1,4
26655,Instant,https://instantdb.com,B2B,USA,Y Combinator,2026-08-05 18:56:23,1,4
26654,Wolfia,https://wolfia.com,B2B,USA,Y Combinator,2026-08-05 18:56:23,1,5
26564,Banabo,https://www.banabo.io/,B2B,Singapore,Y Combinator,2026-08-05 18:56:23,1,2
26554,Cisterna Biologics,http://www.cisternabx.com,Healthcare,USA,Y Combinator,2026-08-05 18:56:23,1,2
26525,Clinikally,https://www.clinikally.com/,Healthcare,India,Y Combinator,2026-08-05 18:56:23,1,125
26505,Layerup,https://www.uselayerup.com/,B2B,USA,Y Combinator,2026-08-05 18:56:23,1,11
26501,Albiware Inc.,https://www.albiware.com,Real Estate and Construction,USA,Y Combinator,2026-08-05 18:56:23,1,12
26480,Poly,https://poly.app,Consumer,USA,Y Combinator,2026-08-05 18:56:23,1,3
26476,Pana,http://Holapana.com,Fintech,USA,Y Combinator,2026-08-05 18:56:23,1,14
26427,Eugit Therapeutics,http://www.eugittx.com,Healthcare,USA,Y Combinator,2026-08-05 18:56:23,1,2
26413,Medplum,https://www.medplum.com,Healthcare,USA,Y Combinator,2026-08-05 18:56:23,1,20
25249,SilkChart,https://www.silkchart.com,B2B,USA,Y Combinator,2026-08-05 18:56:23,1,8
25151,Keylika,https://www.keylika.com,Healthcare,USA,Y Combinator,2026-08-05 18:56:23,1,1
25059,Emerge Career,https://www.emergecareer.com/,Education,USA,Y Combinator,2026-08-05 18:56:23,1,8
27195,Vizzly,https://vizzly.co/,B2B,United Kingdom,Y Combinator,2026-08-05 18:56:23,0,4
27184,Taro,https://joinTaro.com/,B2B,USA,Y Combinator,2026-08-05 18:56:23,0,6
27176,Slingshot,https://slingshotml.com,Healthcare,USA,Y Combinator,2026-08-05 18:56:23,0,4
27174,Monterey AI,http://www.monterey.ai,B2B,USA,Y Combinator,2026-08-05 18:56:23,0,6
27153,UpLink,https://www.uplinkapp.io,B2B,USA,Y Combinator,2026-08-05 18:56:23,0,4
26872,Neosync,https://neosync.dev,B2B,USA,Y Combinator,2026-08-05 18:56:23,0,3
26862,Pulppo,https://www.pulppo.com,Real Estate and Construction,Mexico,Y Combinator,2026-08-05 18:56:23,0,29
26811,Payload,https://payloadcms.com,B2B,USA,Y Combinator,2026-08-05 18:56:23,0,3
26764,Tranch,https://tranch.com,Fintech,United Kingdom,Y Combinator,2026-08-05 18:56:23,0,11
26719,Alterya,https://www.alterya.dev/,Fintech,Israel,Y Combinator,2026-08-05 18:56:23,0,30
26690,Truva,https://www.truva.ai/,B2B,USA,Y Combinator,2026-08-05 18:56:23,0,23
26657,HyperDX,https://hyperdx.io/,B2B,USA,Y Combinator,2026-08-05 18:56:23,0,4
25267,TigerEye,http://tigereye.com/,Real Estate and Construction,USA,Y Combinator,2026-08-05 18:56:23,0,30
27264,Dev Tools AI,https://dev-tools.ai,B2B,USA,Y Combinator,2026-08-05 18:56:23,0,2
27262,Pivo Technology Inc,http://www.pivo.africa,Fintech,Nigeria,Y Combinator,2026-08-05 18:56:23,0,11
27251,Lotus,http://uselotus.io,B2B,USA,Y Combinator,2026-08-05 18:56:23,0,2
27221,CAPSULE,https://www.shopcapsule.ai/,Consumer,USA,Y Combinator,2026-08-05 18:56:23,0,4
27159,Almond,https://www.almondobgyn.com/,Healthcare,USA,Y Combinator,2026-08-05 18:56:23,0,8
27158,Jasmine Energy,http://www.jasmine.energy,B2B,USA,Y Combinator,2026-08-05 18:56:23,0,5
27155,Sonnet,,B2B,USA,Y Combinator,2026-08-05 18:56:23,0,7
27150,Drip,https://dripapp.com.br/,Fintech,Brazil,Y Combinator,2026-08-05 18:56:23,0,15
27048,Payfura,https://www.payfura.com,Fintech,USA,Y Combinator,2026-08-05 18:56:23,0,2
27045,Argovox,https://www.argovox.com/,Fintech,USA,Y Combinator,2026-08-05 18:56:23,0,3
27040,Grai,https://www.grai.io,B2B,USA,Y Combinator,2026-08-05 18:56:23,0,3
26899,Manatee,https://www.trymanatee.com/?utm_source=bookface,B2B,USA,Y Combinator,2026-08-05 18:56:23,0,2
26876,Zoltar Labs,https://www.zoltarlabs.com/,B2B,USA,Y Combinator,2026-08-05 18:56:23,0,9
26847,Slauth.io,https://slauth.io/,B2B,Israel,Y Combinator,2026-08-05 18:56:23,0,4
26814,Ordinary Seafood,https://www.ordinaryseafood.com/,Consumer,Germany,Y Combinator,2026-08-05 18:56:23,0,5
26808,Phind,https://phind.com,Consumer,USA,Y Combinator,2026-08-05 18:56:23,0,4
26780,Stellar,http://www.stellarapp.io,B2B,USA,Y Combinator,2026-08-05 18:56:23,0,3
26779,Notebook Labs,http://www.notebooklabs.xyz,B2B,USA,Y Combinator,2026-08-05 18:56:23,0,3
26770,Bridgecard,https://bridgecard.cards,Fintech,Nigeria,Y Combinator,2026-08-05 18:56:23,0,5
26752,Delegasi,https://delegasi.co/,B2B,Indonesia,Y Combinator,2026-08-05 18:56:23,0,8
26738,Integration Labs,https://www.integrationlabs.co,B2B,India,Y Combinator,2026-08-05 18:56:23,0,8
26732,BricksAI,https://www.trybricks.ai/,B2B,USA,Y Combinator,2026-08-05 18:56:23,0,2
26726,ilumadata,https://www.ilumadata.io/,B2B,United Kingdom,Y Combinator,2026-08-05 18:56:23,0,2
26723,CustomerOS,https://customeros.ai,B2B,United Kingdom,Y Combinator,2026-08-05 18:56:23,0,10
26715,Ruleset,https://ruleset.ai,B2B,USA,Y Combinator,2026-08-05 18:56:23,0,1
26706,Superpowered AI,https://superpowered.ai,B2B,USA,Y Combinator,2026-08-05 18:56:23,0,4
26681,Alma,https://www.myalmafi.com,Fintech,USA,Y Combinator,2026-08-05 18:56:23,0,
26676,Penguin AI,http://penguinai.app,B2B,USA,Y Combinator,2026-08-05 18:56:23,0,3
26673,Dialect,https://www.usedialect.com,B2B,USA,Y Combinator,2026-08-05 18:56:23,0,3
26669,Mercator,http://www.mercator.tech,B2B,USA,Y Combinator,2026-08-05 18:56:23,0,2
26666,Airtrain AI,https://airtrain.ai,B2B,USA,Y Combinator,2026-08-05 18:56:23,0,5
26663,Denormalized,https://www.denormalized.io/,B2B,USA,Y Combinator,2026-08-05 18:56:23,0,2
26659,Weltio,https://www.weltio.com,Fintech,Mexico,Y Combinator,2026-08-05 18:56:23,0,15
26658,Magic,https://www.joinmagic.com/,Fintech,,Y Combinator,2026-08-05 18:56:23,0,10
13208,Whatnot,https://www.whatnot.com,Consumer,USA,Y Combinator,2026-08-05 18:56:23,1,731
13705,Algen Biotechnologies,https://www.algenbio.com/,Healthcare,USA,Y Combinator,2026-08-05 18:56:23,1,15
13673,Jet Admin,https://jetadmin.io,B2B,USA,Y Combinator,2026-08-05 18:56:23,1,8
13672,Ochre Bio,https://www.ochre-bio.com/,Healthcare,United Kingdom,Y Combinator,2026-08-05 18:56:23,1,50
13671,Ansa Biotechnologies,http://ansabio.com,Healthcare,USA,Y Combinator,2026-08-05 18:56:23,1,72
13642,Yassir,https://yassir.com,Consumer,Algeria,Y Combinator,2026-08-05 18:56:23,1,200
13627,Jenfi,http://jenfi.com/,Fintech,Singapore,Y Combinator,2026-08-05 18:56:23,1,18
13620,Legionfarm,https://legionfarm.com/,Consumer,USA,Y Combinator,2026-08-05 18:56:23,1,7
13616,Menten AI,http://menten.ai,Healthcare,USA,Y Combinator,2026-08-05 18:56:23,1,2
13610,Belvo,https://belvo.com,Fintech,Brazil,Y Combinator,2026-08-05 18:56:23,1,100
13601,Equator Therapeutics,https://equatortherapeutics.com/,Healthcare,USA,Y Combinator,2026-08-05 18:56:23,1,2
13579,Tasker AI,http://www.tasker.ai,B2B,USA,Y Combinator,2026-08-05 18:56:23,1,7
13573,Gas Pos,https://gaspos.co,Fintech,USA,Y Combinator,2026-08-05 18:56:23,1,15
13572,Humanly,https://humanly.io,B2B,USA,Y Combinator,2026-08-05 18:56:23,1,30
13557,Workpay,https://myworkpay.com,B2B,Kenya,Y Combinator,2026-08-05 18:56:23,1,130
13549,Airbyte,https://airbyte.com/,B2B,USA,Y Combinator,2026-08-05 18:56:23,1,90
13548,Tambua Health,https://tambua.health/,Healthcare,USA,Y Combinator,2026-08-05 18:56:23,1,13
13532,Living Carbon,https://www.livingcarbon.com,Industrials,USA,Y Combinator,2026-08-05 18:56:23,1,40
13524,SEND,https://www.send.ng,B2B,Nigeria,Y Combinator,2026-08-05 18:56:23,1,9
13523,99minutos,https://99minutos.com,B2B,Mexico,Y Combinator,2026-08-05 18:56:23,1,5000
13522,Atmo,http://atmo.ai,Industrials,USA,Y Combinator,2026-08-05 18:56:23,1,10
13520,borong,https://www.borong.com/,B2B,Malaysia,Y Combinator,2026-08-05 18:56:23,1,80
13519,Recall.ai,https://www.recall.ai,B2B,USA,Y Combinator,2026-08-05 18:56:23,1,30
13516,Healthlane,http://healthlane.co,Healthcare,Nigeria,Y Combinator,2026-08-05 18:56:23,1,15
13512,Stable,https://useStable.com,B2B,USA,Y Combinator,2026-08-05 18:56:23,1,30
13511,Sakneen,http://www.sakneen.com/,Real Estate and Construction,Egypt,Y Combinator,2026-08-05 18:56:23,1,9
13509,GiveAway,http://giveaway.mobi,Consumer,USA,Y Combinator,2026-08-05 18:56:23,1,1
13508,GuruHotel,https://guruhotel.com,Fintech,Mexico,Y Combinator,2026-08-05 18:56:23,1,12
13506,Nomic Bio,http://www.nomic.bio,Healthcare,Canada,Y Combinator,2026-08-05 18:56:23,1,24
13505,Ramani,http://www.ramani.io,B2B,Tanzania,Y Combinator,2026-08-05 18:56:23,1,70
13504,Handl,https://handl.ai/,B2B,USA,Y Combinator,2026-08-05 18:56:23,1,29
13500,STARK BANK,https://starkbank.com,Fintech,USA,Y Combinator,2026-08-05 18:56:23,1,70
13499,Termii,https://termii.com,B2B,Nigeria,Y Combinator,2026-08-05 18:56:23,1,63
13498,BeGo,http://www.bego.ai,B2B,USA,Y Combinator,2026-08-05 18:56:23,1,65
13497,Linkana,https://www.linkana.com,B2B,Brazil,Y Combinator,2026-08-05 18:56:23,1,21
13495,Fondeadora,https://fondeadora.com/,Fintech,Mexico,Y Combinator,2026-08-05 18:56:23,1,160
13494,Tajir,https://tajir.app,B2B,Pakistan,Y Combinator,2026-08-05 18:56:23,1,50
13488,FUTURA,https://futuralabs.io/,Healthcare,Mexico,Y Combinator,2026-08-05 18:56:23,1,115
13485,Bamboo,http://investbamboo.com,Fintech,Nigeria,Y Combinator,2026-08-05 18:56:23,1,14
13483,ElectroNeek,https://electroneek.com,B2B,USA,Y Combinator,2026-08-05 18:56:23,1,175
13482,Swipe Technologies,https://getswipe.com,Fintech,United Kingdom,Y Combinator,2026-08-05 18:56:23,1,20
13479,SOMATIC,http://getsomatic.com,Industrials,USA,Y Combinator,2026-08-05 18:56:23,1,31
13477,Avion,http://www.avion.health,Industrials,USA,Y Combinator,2026-08-05 18:56:23,1,
13476,Daedalus,https://daedalus.de,Industrials,USA,Y Combinator,2026-08-05 18:56:23,1,7
13472,Oda,https://www.odastudio.ai/?ref=yc,B2B,USA,Y Combinator,2026-08-05 18:56:23,1,9
13471,Nexu,https://www.nexu.mx/,Fintech,Mexico,Y Combinator,2026-08-05 18:56:23,1,63
13442,Isabl,http://isabl.io,Healthcare,USA,Y Combinator,2026-08-05 18:56:23,1,5
13434,OpenBiome,http://openbiome.org,Healthcare,USA,Y Combinator,2026-08-05 18:56:23,1,70
13415,Angle Health,https://www.anglehealth.com,Fintech,USA,Y Combinator,2026-08-05 18:56:23,1,100
13414,Raycast,https://raycast.com,B2B,United Kingdom,Y Combinator,2026-08-05 18:56:23,1,27
13408,Pahamify,https://pahamify.com/,Education,Indonesia,Y Combinator,2026-08-05 18:56:23,1,40
13400,HireSweet,http://www.hiresweet.com,B2B,France,Y Combinator,2026-08-05 18:56:23,1,27
13391,Spenny,http://spennyapp.com,Fintech,India,Y Combinator,2026-08-05 18:56:23,1,2
13389,EduRev,http://edurev.in,Education,India,Y Combinator,2026-08-05 18:56:23,1,24
13372,Bikry,https://bikry.com/,B2B,India,Y Combinator,2026-08-05 18:56:23,1,25
13353,Hiration,https://www.hiration.com/,Consumer,India,Y Combinator,2026-08-05 18:56:23,1,22
13352,Zeo Route Planner,https://zeorouteplanner.com,B2B,USA,Y Combinator,2026-08-05 18:56:23,1,15
13351,Morphle Labs,https://morphlelabs.com,Healthcare,India,Y Combinator,2026-08-05 18:56:23,1,65
13350,TagMango,https://www.tagmango.com,Consumer,India,Y Combinator,2026-08-05 18:56:23,1,30
13347,farmtheory,http://farmtheory.in/,B2B,India,Y Combinator,2026-08-05 18:56:23,1,65
13346,UrbanKisaan,https://www.urbankisaan.com,Industrials,India,Y Combinator,2026-08-05 18:56:23,1,53
13343,StayQrious,https://StayQrious.com,Education,India,Y Combinator,2026-08-05 18:56:23,1,29
13335,Kosh,https://getkosh.com,Fintech,India,Y Combinator,2026-08-05 18:56:23,1,56
13334,DeepSource,https://deepsource.com/,B2B,USA,Y Combinator,2026-08-05 18:56:23,1,12
13333,Upflow,https://upflow.io/en/,Fintech,USA,Y Combinator,2026-08-05 18:56:23,1,50
13332,PostEra,https://postera.ai/,Healthcare,USA,Y Combinator,2026-08-05 18:56:23,1,40
13322,Skypher,https://skypher.co,B2B,USA,Y Combinator,2026-08-05 18:56:23,1,12
13321,Junction,https://www.junction.com/,Healthcare,United Kingdom,Y Combinator,2026-08-05 18:56:23,1,19
13319,Jitter,https://jitter.video,B2B,France,Y Combinator,2026-08-05 18:56:23,1,7
13316,AIOS,https://www.aiosmedical.com/,Healthcare,USA,Y Combinator,2026-08-05 18:56:23,1,100
13312,PostHog,https://www.posthog.com,B2B,USA,Y Combinator,2026-08-05 18:56:23,1,150
13311,Riot,https://tryriot.com/,B2B,France,Y Combinator,2026-08-05 18:56:23,1,160
13309,Modernbanc,https://modernbanc.com,Fintech,United Kingdom,Y Combinator,2026-08-05 18:56:23,1,6
13305,Revenir,https://www.revenir.ai/,Fintech,United Kingdom,Y Combinator,2026-08-05 18:56:23,1,11
13303,ToDesktop,https://www.todesktop.com,B2B,Ireland,Y Combinator,2026-08-05 18:56:23,1,2
13290,Candid Health,https://www.joincandidhealth.com,Healthcare,USA,Y Combinator,2026-08-05 18:56:23,1,125
13265,Kinter,https://kinter.ai,B2B,USA,Y Combinator,2026-08-05 18:56:23,1,30
13242,Quill,https://quill.co,B2B,USA,Y Combinator,2026-08-05 18:56:23,1,5
13240,Vori,https://www.vori.com,B2B,USA,Y Combinator,2026-08-05 18:56:23,1,29
13239,BuildBuddy,https://buildbuddy.io,B2B,USA,Y Combinator,2026-08-05 18:56:23,1,15
13234,Release,https://release.com,B2B,USA,Y Combinator,2026-08-05 18:56:23,1,26
13233,Cortex,https://cortex.io/,B2B,USA,Y Combinator,2026-08-05 18:56:23,1,100
13231,QueryPie AI,https://www.querypie.com,B2B,South Korea,Y Combinator,2026-08-05 18:56:23,1,70
13224,Ello,https://www.ello.com,Education,USA,Y Combinator,2026-08-05 18:56:23,1,45
13218,Turing Labs Inc.,http://www.turingsaas.com,B2B,USA,Y Combinator,2026-08-05 18:56:23,1,5
13217,Altay Therapeutics,http://www.altaytherapeutics.com,Healthcare,USA,Y Combinator,2026-08-05 18:56:23,1,6
13216,General Proximity,https://www.generalproximity.bio/,Healthcare,USA,Y Combinator,2026-08-05 18:56:23,1,15
13215,Medicare Vox (fka Fair Square),https://www.medicarevox.com,Healthcare,USA,Y Combinator,2026-08-05 18:56:23,1,20
13213,Plura (formerly Bloom Community),https://www.heyplura.com,Consumer,USA,Y Combinator,2026-08-05 18:56:23,1,5
13207,Tienda Crypto,https://www.tiendacrypto.com,Fintech,Argentina,Y Combinator,2026-08-05 18:56:23,1,37
13205,Logarithm Labs,http://www.logarithmlabs.com,B2B,USA,Y Combinator,2026-08-05 18:56:23,1,2
13185,Operator.io,http://operator.io,B2B,USA,Y Combinator,2026-08-05 18:56:23,1,6
13179,Signadot,https://www.signadot.com/,B2B,USA,Y Combinator,2026-08-05 18:56:23,1,8
13176,TrueNorth,http://www.truenorthfleet.com,B2B,USA,Y Combinator,2026-08-05 18:56:23,1,60
13175,Fly.io,https://fly.io,B2B,USA,Y Combinator,2026-08-05 18:56:23,1,48
13174,Grain,https://trygrain.com/,Fintech,USA,Y Combinator,2026-08-05 18:56:23,1,30
13172,StartPlaying.Games,https://startplayinggames.com/,Consumer,USA,Y Combinator,2026-08-05 18:56:23,1,6
13170,Benepass,http://www.getbenepass.com,B2B,USA,Y Combinator,2026-08-05 18:56:23,1,45
13169,Eze,https://www.ezeit.ai/,B2B,USA,Y Combinator,2026-08-05 18:56:23,1,32
13168,Infield,https://www.infield.ai,B2B,USA,Y Combinator,2026-08-05 18:56:23,1,5
13167,Farcast,https://www.farcast.com/,Industrials,USA,Y Combinator,2026-08-05 18:56:23,1,12
13151,SINAI,http://www.sinai.com,Industrials,USA,Y Combinator,2026-08-05 18:56:23,1,50
13149,Haven,http://www.havenservicing.com,Fintech,USA,Y Combinator,2026-08-05 18:56:23,1,15
13144,Datasaur,https://datasaur.ai,B2B,USA,Y Combinator,2026-08-05 18:56:23,1,60
13143,Terrasoft,,B2B,USA,Y Combinator,2026-08-05 18:56:23,1,
13141,Aden,https://adenhq.com/,B2B,USA,Y Combinator,2026-08-05 18:56:23,1,5
13133,H1,https://www.h1.co/,Healthcare,USA,Y Combinator,2026-08-05 18:56:23,1,500
13121,Handoff,https://www.handoff.ai/,Real Estate and Construction,USA,Y Combinator,2026-08-05 18:56:23,1,20
13120,Deep Meditate,https://deepmeditate.com,Healthcare,Canada,Y Combinator,2026-08-05 18:56:23,1,1
13119,Ditto,http://dittowords.com,B2B,USA,Y Combinator,2026-08-05 18:56:23,1,14
13118,Perceptive Technologies,https://www.perceptive.io,Healthcare,USA,Y Combinator,2026-08-05 18:56:23,1,25
13116,Tough Commerce,http://www.toughcommerce.com,Real Estate and Construction,Canada,Y Combinator,2026-08-05 18:56:23,1,21
13115,OpenUnit,https://www.openunit.com/,B2B,Canada,Y Combinator,2026-08-05 18:56:23,1,5
13109,Taiv,https://taiv.tv,B2B,Canada,Y Combinator,2026-08-05 18:56:23,1,40
13108,yearend,https://yearend.com,Fintech,USA,Y Combinator,2026-08-05 18:56:23,1,7
13104,Letterdrop,https://letterdrop.com,B2B,USA,Y Combinator,2026-08-05 18:56:23,1,10
13102,Explo,https://explo.co/,B2B,USA,Y Combinator,2026-08-05 18:56:23,1,24
13101,Segmed,https://segmed.ai,Healthcare,USA,Y Combinator,2026-08-05 18:56:23,1,32
13099,Ophelia,https://ophelia.com,Healthcare,USA,Y Combinator,2026-08-05 18:56:23,1,250
13098,MindsDB,https://www.mindsdb.com/,B2B,USA,Y Combinator,2026-08-05 18:56:23,1,41
13097,Pulley,https://pulley.com,B2B,USA,Y Combinator,2026-08-05 18:56:23,1,68
13088,Polytomic,https://www.polytomic.com,B2B,USA,Y Combinator,2026-08-05 18:56:23,1,7
13084,StratumAI,https://www.stratum.ai,Industrials,Canada,Y Combinator,2026-08-05 18:56:23,1,5
13083,Alude,https://www.alude.com.br/,Real Estate and Construction,Brazil,Y Combinator,2026-08-05 18:56:23,1,8
13081,Abalone Bio,https://www.abalonebio.com,Healthcare,USA,Y Combinator,2026-08-05 18:56:23,1,14
13072,Breezeful,https://breezeful.com/,Fintech,Canada,Y Combinator,2026-08-05 18:56:23,1,6
13067,Paragon,http://useparagon.com,B2B,USA,Y Combinator,2026-08-05 18:56:23,1,48
13058,Accord,https://inaccord.com,B2B,USA,Y Combinator,2026-08-05 18:56:23,1,20
13050,Kaiten,http://www.onkaiten.com,Consumer,USA,Y Combinator,2026-08-05 18:56:23,1,4
12974,Flowglad,https://flowglad.com,B2B,USA,Y Combinator,2026-08-05 18:56:23,1,7
12950,Karat Financial,http://trykarat.com,Fintech,USA,Y Combinator,2026-08-05 18:56:23,1,40
12871,Motion,https://www.usemotion.com/,B2B,USA,Y Combinator,2026-08-05 18:56:23,1,65
12831,Facio,https://www.facio.com.br/,Fintech,Brazil,Y Combinator,2026-08-05 18:56:23,1,36
12743,Loop Health,http://www.loophealth.com,Healthcare,India,Y Combinator,2026-08-05 18:56:23,1,27
12742,Finlens,https://finlens.app,B2B,USA,Y Combinator,2026-08-05 18:56:23,1,6
12725,DocVita,https://docvita.com,Healthcare,India,Y Combinator,2026-08-05 18:56:23,1,14
12581,Genecis Bio,https://www.genecis.co/,Industrials,Canada,Y Combinator,2026-08-05 18:56:23,1,30
13525,PowerX,http://www.powerx.co,Industrials,USA,Y Combinator,2026-08-05 18:56:23,0,20
13507,CrowdForce,https://crowdforce.io/,Fintech,Nigeria,Y Combinator,2026-08-05 18:56:23,0,41
13503,Checkars,https://www.checkars.com,Consumer,Argentina,Y Combinator,2026-08-05 18:56:23,0,45
13502,Zynq,https://zynq.io,B2B,USA,Y Combinator,2026-08-05 18:56:23,0,7
13501,Sayana,https://sayana.app/,Healthcare,USA,Y Combinator,2026-08-05 18:56:23,0,2
13484,Hent,http://www.hent.com.br,Real Estate and Construction,Brazil,Y Combinator,2026-08-05 18:56:23,0,22
13475,delt.ai,https://delt.ai,Fintech,Mexico,Y Combinator,2026-08-05 18:56:23,0,26
13354,yBANQ,https://ybanq.com,Fintech,India,Y Combinator,2026-08-05 18:56:23,0,9
13341,Pay Swifter,https://payswifter.com,Fintech,India,Y Combinator,2026-08-05 18:56:23,0,6
13340,Able,https://ablejobs.co/,Consumer,India,Y Combinator,2026-08-05 18:56:23,0,50
13315,Cron,https://cron.com,B2B,USA,Y Combinator,2026-08-05 18:56:23,0,3
13238,Typedream,https://typedream.com/,Consumer,USA,Y Combinator,2026-08-05 18:56:23,0,5
13236,Savvy,https://www.gosavvy.com,Fintech,USA,Y Combinator,2026-08-05 18:56:23,0,12
13219,Dropprint Genomics,http://dropprintgen.com/,Healthcare,USA,Y Combinator,2026-08-05 18:56:23,0,2
13211,Metaplane,https://metaplane.dev,B2B,USA,Y Combinator,2026-08-05 18:56:23,0,32
13198,Talyn Air,http://www.talyn.com,Industrials,USA,Y Combinator,2026-08-05 18:56:23,0,18
13160,Terusama,https://velostics.com,B2B,USA,Y Combinator,2026-08-05 18:56:23,0,2
13157,Weav,https://weav.co,B2B,USA,Y Combinator,2026-08-05 18:56:23,0,9
13156,Glimpse,https://www.joinglimpse.com,Consumer,USA,Y Combinator,2026-08-05 18:56:23,0,5
13147,Replicate,https://replicate.com,B2B,USA,Y Combinator,2026-08-05 18:56:23,0,36
13146,Eternal,https://eternal.gg/,Consumer,USA,Y Combinator,2026-08-05 18:56:23,0,15
13145,Dashworks,http://www.dashworks.ai,B2B,USA,Y Combinator,2026-08-05 18:56:23,0,9
13122,Nextmv,https://nextmv.io,B2B,USA,Y Combinator,2026-08-05 18:56:23,0,22
13110,Flowdash,https://flowdash.com,B2B,USA,Y Combinator,2026-08-05 18:56:23,0,5
13105,Factored Quality,https://www.factoredquality.com/,B2B,USA,Y Combinator,2026-08-05 18:56:23,0,20
13100,FitnessAI,https://fitnessai.com,Consumer,USA,Y Combinator,2026-08-05 18:56:23,0,1
13095,Hoss,https://hoss.com,B2B,USA,Y Combinator,2026-08-05 18:56:23,0,3
13085,Teleo,http://www.teleo.ai,Industrials,USA,Y Combinator,2026-08-05 18:56:23,0,30
13079,Volumetric,https://volumetricbio.com/,Healthcare,USA,Y Combinator,2026-08-05 18:56:23,0,5
13075,Okay,https://www.okayhq.com,B2B,USA,Y Combinator,2026-08-05 18:56:23,0,4
13074,Phonic,https://phonic.ai,B2B,USA,Y Combinator,2026-08-05 18:56:23,0,8
13052,Zaraz,https://zaraz.com/,B2B,USA,Y Combinator,2026-08-05 18:56:23,0,2
12724,Chaos Genius,http://www.chaosgenius.io,B2B,India,Y Combinator,2026-08-05 18:56:23,0,10
13674,CARUPI,https://www.carupi.com/,Consumer,Brazil,Y Combinator,2026-08-05 18:56:23,0,50
13570,Prelay,https://prelay.com,B2B,USA,Y Combinator,2026-08-05 18:56:23,0,16
13536,Syncro,https://runsyncro.com/,B2B,USA,Y Combinator,2026-08-05 18:56:23,0,1
13496,Apartio,http://www.apartio.com.br,Fintech,Brazil,Y Combinator,2026-08-05 18:56:23,0,2
13486,Valienta,https://valienta.com,B2B,Colombia,Y Combinator,2026-08-05 18:56:23,0,20
13480,Orchata,http://www.orchata.com/,Consumer,Mexico,Y Combinator,2026-08-05 18:56:23,0,50
13473,Viya,http://www.viyaliving.com,Real Estate and Construction,Mexico,Y Combinator,2026-08-05 18:56:23,0,22
13430,Breathe Well-being,http://www.breathewellbeing.in,Healthcare,India,Y Combinator,2026-08-05 18:56:23,0,15
13412,Easyplan,https://easyplan.in/,Fintech,India,Y Combinator,2026-08-05 18:56:23,0,8
13406,Synapsica Healthcare,https://synapsica.com/,Healthcare,India,Y Combinator,2026-08-05 18:56:23,0,30
13405,Zumo Labs,https://zumolabs.ai/,B2B,USA,Y Combinator,2026-08-05 18:56:23,0,7
13362,Thunderpod,https://www.thunderpod.com/,B2B,India,Y Combinator,2026-08-05 18:56:23,0,12
13349,SprintAI,https://www.getsprint.ai/,B2B,India,Y Combinator,2026-08-05 18:56:23,0,10
13348,PillarPlus,https://pillarplus.com,Real Estate and Construction,India,Y Combinator,2026-08-05 18:56:23,0,30
13344,Chutney Inc,,Consumer,India,Y Combinator,2026-08-05 18:56:23,0,5
13337,goDutch,https://godutchpay.in,Fintech,India,Y Combinator,2026-08-05 18:56:23,0,10
13323,Snapboard,https://snapboard.io,B2B,United Kingdom,Y Combinator,2026-08-05 18:56:23,0,2
13320,Laserfocus,https://www.laserfocus.io/,B2B,Germany,Y Combinator,2026-08-05 18:56:23,0,2
13310,onetool,https://onetool.co/,B2B,Germany,Y Combinator,2026-08-05 18:56:23,0,9
13302,Nimbus,http://www.nimbus.green,Industrials,USA,Y Combinator,2026-08-05 18:56:23,0,5
13273,Dropbase,https://dropbase.io,B2B,USA,Y Combinator,2026-08-05 18:56:23,0,8
13241,Mini Exhibitions,https://miniexhibitions.com/,B2B,USA,Y Combinator,2026-08-05 18:56:23,0,2
13227,Welcome,http://www.experiencewelcome.com,B2B,USA,Y Combinator,2026-08-05 18:56:23,0,50
13223,Multiverse,http://www.playmultiverse.com,Consumer,USA,Y Combinator,2026-08-05 18:56:23,0,9
13220,Simple Strips,https://simplestrips.com,Healthcare,USA,Y Combinator,2026-08-05 18:56:23,0,2
13214,Pashi,https://pashi.com,Industrials,USA,Y Combinator,2026-08-05 18:56:23,0,3
13209,Scout,https://www.scout.ml/,B2B,USA,Y Combinator,2026-08-05 18:56:23,0,1
13206,Global Belly,https://globalbelly.com/,B2B,USA,Y Combinator,2026-08-05 18:56:23,0,2
13204,Duffl,https://www.duffl.com,Consumer,USA,Y Combinator,2026-08-05 18:56:23,0,12
13200,Blok,https://blok.fit,Consumer,USA,Y Combinator,2026-08-05 18:56:23,0,2
13199,Riya Collective,http://riyacollective.com,Consumer,USA,Y Combinator,2026-08-05 18:56:23,0,6
13195,Zaam,http://zaam.io,B2B,USA,Y Combinator,2026-08-05 18:56:23,0,2
13178,Felix Biotechnology,https://www.felixbt.com/,Healthcare,USA,Y Combinator,2026-08-05 18:56:23,0,6
13177,Visual One,https://www.visualone.tech,Consumer,USA,Y Combinator,2026-08-05 18:56:23,0,4
13171,The Mercer Club,https://www.themercerclubnyc.com,Consumer,USA,Y Combinator,2026-08-05 18:56:23,0,2
13166,Homestead,https://www.myhomestead.com/,Real Estate and Construction,USA,Y Combinator,2026-08-05 18:56:23,0,14
13165,Peg (formerly Paymobil),https://www.peg.money,Fintech,USA,Y Combinator,2026-08-05 18:56:23,0,2
13164,Edlyft,http://edlyft.com,B2B,USA,Y Combinator,2026-08-05 18:56:23,0,5
13161,Clayboard,http://clayboard.com,B2B,USA,Y Combinator,2026-08-05 18:56:23,0,4
13158,Protobase,https://www.protobase.io,B2B,USA,Y Combinator,2026-08-05 18:56:23,0,1
13148,Cadence,https://www.cadencework.com,B2B,USA,Y Combinator,2026-08-05 18:56:23,0,2
13140,"Exosonic, Inc.",https://exosonic.com/,Industrials,USA,Y Combinator,2026-08-05 18:56:23,0,14
13117,Jamiphy,https://jamiphy.com,Consumer,USA,Y Combinator,2026-08-05 18:56:23,0,1
13114,Ardis AI,http://www.ardis.ai,B2B,USA,Y Combinator,2026-08-05 18:56:23,0,3
13113,Glisten AI,http://glisten.ai,B2B,USA,Y Combinator,2026-08-05 18:56:23,0,1
13112,Orbiter,http://www.getorbiter.com,B2B,USA,Y Combinator,2026-08-05 18:56:23,0,3
13111,Pantheon,https://www.joinpantheon.io/,Education,USA,Y Combinator,2026-08-05 18:56:23,0,2
13107,Quickcard,https://quickcard.com,B2B,USA,Y Combinator,2026-08-05 18:56:23,0,3
13106,Carbon-12 Labs,https://www.carbon.money,Fintech,Unspecified,Y Combinator,2026-08-05 18:56:23,0,0
13103,Paneau,https://paneau.io,Consumer,USA,Y Combinator,2026-08-05 18:56:23,0,7
13096,Enveloop,http://www.enveloop.com,B2B,USA,Y Combinator,2026-08-05 18:56:23,0,5
13087,RoboTire,http://www.robotire.com,Industrials,USA,Y Combinator,2026-08-05 18:56:23,0,20
13086,Lilia,https://www.hellolilia.com/,Healthcare,USA,Y Combinator,2026-08-05 18:56:23,0,3
13076,Nugget,,Consumer,Unspecified,Y Combinator,2026-08-05 18:56:23,0,2
13073,Laguna,https://withlaguna.com,Real Estate and Construction,USA,Y Combinator,2026-08-05 18:56:23,0,2
13061,Hideout,http://findhideout.com,Consumer,USA,Y Combinator,2026-08-05 18:56:23,0,1
13053,Datree,https://datree.io,B2B,Israel,Y Combinator,2026-08-05 18:56:23,0,16
12726,HelpNow,http://www.getHelpNow.in,Healthcare,India,Y Combinator,2026-08-05 18:56:23,0,50
12638,Milo,http://www.joinmilo.com,Consumer,USA,Y Combinator,2026-08-05 18:56:23,0,4
29162,Flex,https://www.withflex.com/shop,Fintech,,Y Combinator,2026-08-05 18:56:23,1,8
29160,Letterbook,https://www.letterbook.ai/,B2B,USA,Y Combinator,2026-08-05 18:56:23,1,2
29159,Healthtech 1,https://www.healthtech1.uk/,Healthcare,United Kingdom,Y Combinator,2026-08-05 18:56:23,1,40
29158,Feanix Biotechnologies,https://www.feanixbio.com/,Industrials,USA,Y Combinator,2026-08-05 18:56:23,1,5
29157,Orbio Earth,https://www.orbio.earth/,B2B,,Y Combinator,2026-08-05 18:56:23,1,6
29153,Coba,https://www.coba.ai,Fintech,Mexico,Y Combinator,2026-08-05 18:56:23,1,9
29152,Cembla,https://cembla.com,B2B,USA,Y Combinator,2026-08-05 18:56:23,1,2
29150,Tempo,https://www.tempo.new,B2B,Canada,Y Combinator,2026-08-05 18:56:23,1,8
29146,Singularity,https://www.singularityus.com/,Industrials,USA,Y Combinator,2026-08-05 18:56:23,1,1
29137,Opensteer,https://opensteer.com,B2B,USA,Y Combinator,2026-08-05 18:56:23,1,1
29134,Cognitio Labs,https://cognitioiq.com,Industrials,USA,Y Combinator,2026-08-05 18:56:23,1,3
29128,Olio Labs,https://oliolabs.co/,Healthcare,,Y Combinator,2026-08-05 18:56:23,1,5
29125,truemetrics,https://www.truemetrics.io/,B2B,Germany,Y Combinator,2026-08-05 18:56:23,1,5
29122,Wattson Health,https://www.wattsonhealth.com,Healthcare,,Y Combinator,2026-08-05 18:56:23,1,3
29121,Constructable,https://www.constructable.ai/,Real Estate and Construction,USA,Y Combinator,2026-08-05 18:56:23,1,6
29120,Morph,https://morphllm.com,B2B,USA,Y Combinator,2026-08-05 18:56:23,1,3
29119,Nowadays,http://nowadays.ai/,B2B,USA,Y Combinator,2026-08-05 18:56:23,1,9
29118,Structured Labs,https://www.structuredlabs.com/,B2B,USA,Y Combinator,2026-08-05 18:56:23,1,5
29117,Twine,http://www.usetwine.com,B2B,USA,Y Combinator,2026-08-05 18:56:23,1,6
29113,Simbie AI,http://www.simbie.ai,Healthcare,USA,Y Combinator,2026-08-05 18:56:23,1,5
29112,Foundation,https://buildwithfoundation.com/,Real Estate and Construction,USA,Y Combinator,2026-08-05 18:56:23,1,4
29110,AiSDR,https://aisdr.com/,B2B,USA,Y Combinator,2026-08-05 18:56:23,1,5
29108,Giga,https://giga.ai/,B2B,USA,Y Combinator,2026-08-05 18:56:23,1,30
29106,Affinity,https://itsaffinity.com,B2B,USA,Y Combinator,2026-08-05 18:56:23,1,2
29104,Shadeform,https://www.shadeform.ai/,B2B,Unspecified,Y Combinator,2026-08-05 18:56:23,1,11
29103,Inconvo,https://inconvo.com,B2B,Ireland,Y Combinator,2026-08-05 18:56:23,1,2
29101,Cargo,https://getcargo.io,B2B,USA,Y Combinator,2026-08-05 18:56:23,1,6
29093,Roame,https://roame.travel/,Consumer,USA,Y Combinator,2026-08-05 18:56:23,1,2
29092,dili,https://www.dili.com,B2B,USA,Y Combinator,2026-08-05 18:56:23,1,15
29091,Webhound,https://webhound.ai,Consumer,USA,Y Combinator,2026-08-05 18:56:23,1,2
29090,Trayd,https://www.buildtrayd.com/,B2B,USA,Y Combinator,2026-08-05 18:56:23,1,34
29088,Cair Health,https://www.cairhealth.com/,Healthcare,USA,Y Combinator,2026-08-05 18:56:23,1,6
29087,ParadeDB,https://paradedb.com,B2B,USA,Y Combinator,2026-08-05 18:56:23,1,11
29086,Eden Care,https://www.edencaremedical.com/,Fintech,Kenya,Y Combinator,2026-08-05 18:56:23,1,28
29085,Quill Bills,https://quillbills.com,Healthcare,USA,Y Combinator,2026-08-05 18:56:23,1,3
29082,Strada,https://www.getstrada.com/,B2B,USA,Y Combinator,2026-08-05 18:56:23,1,21
29081,Minded,https://www.minded.com/,B2B,Israel,Y Combinator,2026-08-05 18:56:23,1,2
29080,Smobi,https://smobi.com/,B2B,USA,Y Combinator,2026-08-05 18:56:23,1,4
29079,Tiptap,https://tiptap.dev/,B2B,Germany,Y Combinator,2026-08-05 18:56:23,1,19
29078,RecipeUI,https://recipeui.com,B2B,USA,Y Combinator,2026-08-05 18:56:23,1,2
29074,Fiber AI,https://www.fiber.ai/apis,B2B,USA,Y Combinator,2026-08-05 18:56:23,1,8
29073,Terracotta AI,https://tryterracotta.com,B2B,,Y Combinator,2026-08-05 18:56:23,1,3
29072,Certainly Health,https://certainlyhealth.com,Healthcare,USA,Y Combinator,2026-08-05 18:56:23,1,2
29071,Cedalio,https://cedalio.com/,B2B,USA,Y Combinator,2026-08-05 18:56:23,1,6
29069,HappyRobot,https://happyrobot.ai,B2B,USA,Y Combinator,2026-08-05 18:56:23,1,80
29053,Pure,https://www.collectpure.com/,Consumer,USA,Y Combinator,2026-08-05 18:56:23,1,13
29051,Nanograb,https://nanograb.com,Healthcare,United Kingdom,Y Combinator,2026-08-05 18:56:23,1,5
29046,Elythea,https://elythea.org/,Healthcare,USA,Y Combinator,2026-08-05 18:56:23,1,2
29042,Santé,https://santehq.com/,B2B,USA,Y Combinator,2026-08-05 18:56:23,1,10
29041,Langdock,https://langdock.com,B2B,Germany,Y Combinator,2026-08-05 18:56:23,1,55
29040,Inventive AI,https://www.inventive.ai/,B2B,USA,Y Combinator,2026-08-05 18:56:23,1,15
29026,SyntheticFi,https://www.syntheticfi.com/,Fintech,USA,Y Combinator,2026-08-05 18:56:23,1,25
29019,Sendblue,https://www.sendblue.com,B2B,USA,Y Combinator,2026-08-05 18:56:23,1,50
29018,sudocode,https://sudocode.ai,B2B,USA,Y Combinator,2026-08-05 18:56:23,1,2
29013,Sweep,https://sweep.dev/,B2B,USA,Y Combinator,2026-08-05 18:56:23,1,4
29010,Silimate,https://www.silimate.com,B2B,USA,Y Combinator,2026-08-05 18:56:23,1,8
29008,Andromeda Surgical,http://www.andromedasurgical.com,Healthcare,USA,Y Combinator,2026-08-05 18:56:23,1,12
29005,Proof of Human,http://poh.org,B2B,USA,Y Combinator,2026-08-05 18:56:23,1,4
29003,DisputeNinja,https://www.disputeninja.ai,B2B,USA,Y Combinator,2026-08-05 18:56:23,1,2
29002,Envelope,https://envelopebudgeting.com/,Fintech,USA,Y Combinator,2026-08-05 18:56:23,1,2
29001,VectorShift,https://www.vectorshift.ai,B2B,USA,Y Combinator,2026-08-05 18:56:23,1,30
29000,SafetyKit,https://www.safetykit.com/,B2B,USA,Y Combinator,2026-08-05 18:56:23,1,10
28999,Baserun,https://baserun.ai,B2B,USA,Y Combinator,2026-08-05 18:56:23,1,2
28998,Automorphic,https://automorphic.ai/,B2B,USA,Y Combinator,2026-08-05 18:56:23,1,3
28997,Read Bean,https://readbean.app/,Consumer,USA,Y Combinator,2026-08-05 18:56:23,1,3
28996,Sola,https://www.sola-solutions.com/,B2B,USA,Y Combinator,2026-08-05 18:56:23,1,5
28992,Rankai,https://rankai.ai/,B2B,USA,Y Combinator,2026-08-05 18:56:23,1,3
28991,Inlet,https://inletai.com,B2B,USA,Y Combinator,2026-08-05 18:56:23,1,2
28983,Converge,http://www.runconverge.com,B2B,USA,Y Combinator,2026-08-05 18:56:23,1,6
28982,Flint,http://flintk12.com/,Education,USA,Y Combinator,2026-08-05 18:56:23,1,18
28981,Energent AI,https://energent.ai/,B2B,USA,Y Combinator,2026-08-05 18:56:23,1,10
28980,Osium AI,https://osium.ai/,B2B,France,Y Combinator,2026-08-05 18:56:23,1,2
28979,Slicker,https://www.slickerhq.com,Fintech,United Kingdom,Y Combinator,2026-08-05 18:56:23,1,2
28978,Khoj,https://khoj.dev/,Consumer,USA,Y Combinator,2026-08-05 18:56:23,1,2
28977,VaultPay,https://vaultpay.io,Fintech,Democratic Republic of the Congo,Y Combinator,2026-08-05 18:56:23,1,2
28976,Bolto,https://www.bolto.com,B2B,USA,Y Combinator,2026-08-05 18:56:23,1,20
28974,Gleam,https://joingleam.com,B2B,USA,Y Combinator,2026-08-05 18:56:23,1,4
28971,Kobalt Labs,https://www.kobaltlabs.com/,B2B,USA,Y Combinator,2026-08-05 18:56:23,1,12
28969,Studdy,https://www.studdy.ai/,Education,USA,Y Combinator,2026-08-05 18:56:23,1,4
28968,Trainy,https://trainy.ai/,B2B,USA,Y Combinator,2026-08-05 18:56:23,1,3
28960,Apoxy,https://apoxy.dev,B2B,,Y Combinator,2026-08-05 18:56:23,1,2
28959,sizeless,https://www.sizeless.co,Real Estate and Construction,USA,Y Combinator,2026-08-05 18:56:23,1,3
28958,Rimward,https://rimward.ai/,B2B,France,Y Combinator,2026-08-05 18:56:23,1,1
28956,Letter AI,https://www.letter.ai,B2B,USA,Y Combinator,2026-08-05 18:56:23,1,12
28940,Guac,https://www.guac.com/,B2B,USA,Y Combinator,2026-08-05 18:56:23,1,7
28939,CareOasis,https://www.thecareoasis.com,Healthcare,USA,Y Combinator,2026-08-05 18:56:23,1,2
28938,Glade,https://gladestudio.ai/,B2B,USA,Y Combinator,2026-08-05 18:56:23,1,3
28937,LifestyleRx,https://lifestylerx.io/,Healthcare,Canada,Y Combinator,2026-08-05 18:56:23,1,9
28936,Empirical Health,https://empirical.health,Healthcare,USA,Y Combinator,2026-08-05 18:56:23,1,4
28935,Fortuna Health,https://fortunahealth.com/,Healthcare,USA,Y Combinator,2026-08-05 18:56:23,1,15
28933,Aglide,https://aglide.com,B2B,United Kingdom,Y Combinator,2026-08-05 18:56:23,1,6
28932,AgentCollect,https://www.agentcollect.com,Fintech,USA,Y Combinator,2026-08-05 18:56:23,1,42
28930,Midrender,https://midrender.com,B2B,USA,Y Combinator,2026-08-05 18:56:23,1,1
28929,Bretton AI,https://www.bretton.com/,Fintech,USA,Y Combinator,2026-08-05 18:56:23,1,34
28928,MediSearch,https://medisearch.io,Healthcare,United Kingdom,Y Combinator,2026-08-05 18:56:23,1,6
28927,Metalware,https://www.metalware.com/,B2B,USA,Y Combinator,2026-08-05 18:56:23,1,4
28926,Upstream,https://www.upstream.do/,B2B,France,Y Combinator,2026-08-05 18:56:23,1,7
28923,Maven Bio,https://mavenbio.com,B2B,USA,Y Combinator,2026-08-05 18:56:23,1,10
28921,Surface Labs,https://withsurface.com,B2B,USA,Y Combinator,2026-08-05 18:56:23,1,6
28911,CandorIQ,https://www.candoriq.com/,B2B,USA,Y Combinator,2026-08-05 18:56:23,1,4
28907,refine,https://refine.dev,B2B,USA,Y Combinator,2026-08-05 18:56:23,1,10
28900,Epsilla,https://www.epsilla.com/,B2B,USA,Y Combinator,2026-08-05 18:56:23,1,3
28899,Maintouch,https://maintouch.com/?utm_source=bookface&utm_medium=social&utm_campaign=profile,B2B,USA,Y Combinator,2026-08-05 18:56:23,1,15
28893,VetRec,https://vetrec.io,B2B,USA,Y Combinator,2026-08-05 18:56:23,1,45
28891,Numen,https://www.numen.com,Healthcare,USA,Y Combinator,2026-08-05 18:56:23,1,18
28890,Decoda Health,https://decodahealth.com/,Healthcare,Canada,Y Combinator,2026-08-05 18:56:23,1,15
28887,Skyvern,https://www.skyvern.com/,B2B,USA,Y Combinator,2026-08-05 18:56:23,1,10
28886,Cardinal Gray,https://www.cardinalgray.com/,Fintech,USA,Y Combinator,2026-08-05 18:56:23,1,6
28885,Hiro,https://hirosecure.com,B2B,USA,Y Combinator,2026-08-05 18:56:23,1,2
28884,Dialtone,https://usedialtone.com,B2B,USA,Y Combinator,2026-08-05 18:56:23,1,2
28883,Margin,https://usemargin.com/,B2B,USA,Y Combinator,2026-08-05 18:56:23,1,10
28882,Repaint,https://repaint.com,B2B,USA,Y Combinator,2026-08-05 18:56:23,1,2
28881,Chow Central Inc,https://chowcentral.com,Consumer,Nigeria,Y Combinator,2026-08-05 18:56:23,1,
28880,FleetWorks,https://fleetworks.ai,B2B,USA,Y Combinator,2026-08-05 18:56:23,1,20
28869,Health Harbor,https://healthharbor.co/,Healthcare,USA,Y Combinator,2026-08-05 18:56:23,1,4
28867,Shasta Health,https://www.shasta.health,Healthcare,USA,Y Combinator,2026-08-05 18:56:23,1,2
28865,Hegel AI,https://hegel-ai.com,B2B,USA,Y Combinator,2026-08-05 18:56:23,1,2
28864,Outset,https://outset.ai/,B2B,USA,Y Combinator,2026-08-05 18:56:23,1,30
28863,Serra,https://www.serra.io/,B2B,USA,Y Combinator,2026-08-05 18:56:23,1,8
28862,Corgea,https://www.corgea.com/,B2B,USA,Y Combinator,2026-08-05 18:56:23,1,6
28860,Terminal,https://www.withterminal.com/,B2B,Canada,Y Combinator,2026-08-05 18:56:23,1,17
28859,MICSI,https://www.micsi.co/,Healthcare,USA,Y Combinator,2026-08-05 18:56:23,1,2
28857,Arcimus,https://www.arcimus.com/,B2B,USA,Y Combinator,2026-08-05 18:56:23,1,2
28854,Docsum,https://www.docsum.ai/,B2B,USA,Y Combinator,2026-08-05 18:56:23,1,4
28853,Obento Health,https://www.getobento.com,Healthcare,USA,Y Combinator,2026-08-05 18:56:23,1,2
28852,Kite,https://kite.video,B2B,USA,Y Combinator,2026-08-05 18:56:23,1,2
28851,Bronco AI,https://www.bronco.ai/,B2B,USA,Y Combinator,2026-08-05 18:56:23,1,5
28849,Punchcard,https://www.punchcard.com,B2B,USA,Y Combinator,2026-08-05 18:56:23,1,6
28847,Venta AI,https://www.getventa.ai,B2B,,Y Combinator,2026-08-05 18:56:23,1,7
28846,Parea,https://www.parea.ai,B2B,USA,Y Combinator,2026-08-05 18:56:23,1,2
28845,Campfire,https://campfire.ai,B2B,USA,Y Combinator,2026-08-05 18:56:23,1,105
28844,Alguna,https://alguna.com,B2B,United Kingdom,Y Combinator,2026-08-05 18:56:23,1,10
28843,SID,https://www.sid.ai,B2B,USA,Y Combinator,2026-08-05 18:56:23,1,7
28842,Capi Money,https://www.capimoney.com,Fintech,United Kingdom,Y Combinator,2026-08-05 18:56:23,1,40
28839,Spine AI,https://www.getspine.ai,B2B,USA,Y Combinator,2026-08-05 18:56:23,1,7
28837,Subsets,https://www.subsets.com,B2B,Denmark,Y Combinator,2026-08-05 18:56:23,1,7
28836,CORE,https://getcore.me,B2B,India,Y Combinator,2026-08-05 18:56:23,1,3
28830,Revamp,https://www.getrevamp.ai,B2B,USA,Y Combinator,2026-08-05 18:56:23,1,3
28829,DataShare,http://datashare.co/,B2B,USA,Y Combinator,2026-08-05 18:56:23,1,1
28827,Airgoods,https://airgoods.com/,B2B,USA,Y Combinator,2026-08-05 18:56:23,1,10
28826,Talc,https://talc.ai,B2B,USA,Y Combinator,2026-08-05 18:56:23,1,3
28825,Solve Intelligence,https://www.solveintelligence.com/,B2B,United Kingdom,Y Combinator,2026-08-05 18:56:23,1,50
28824,Lio (formerly askLio),https://www.lio.ai,B2B,Germany,Y Combinator,2026-08-05 18:56:23,1,80
28823,Craftwork,https://craftwork.com/,Real Estate and Construction,USA,Y Combinator,2026-08-05 18:56:23,1,50
28822,Electric Air,https://www.electricair.io/,Real Estate and Construction,USA,Y Combinator,2026-08-05 18:56:23,1,18
28821,Prosper,https://www.getprosper.ai?utm_source=yc&utm_medium=directory&utm_campaign=yc_directory,B2B,USA,Y Combinator,2026-08-05 18:56:23,1,9
28818,Mandel AI,https://www.mandel.ai/,B2B,Bulgaria,Y Combinator,2026-08-05 18:56:23,1,2
28817,Every,https://every.io/,B2B,USA,Y Combinator,2026-08-05 18:56:23,1,12
28816,Contour,,B2B,USA,Y Combinator,2026-08-05 18:56:23,1,2
28814,OpenTools,https://opentools.com,B2B,USA,Y Combinator,2026-08-05 18:56:23,1,3
28812,Cedana,https://cedana.ai,B2B,USA,Y Combinator,2026-08-05 18:56:23,1,5
28811,Casca,https://www.cascading.ai/,Fintech,USA,Y Combinator,2026-08-05 18:56:23,1,40
28810,Zelos Cloud,https://zeloscloud.io,B2B,USA,Y Combinator,2026-08-05 18:56:23,1,3
28809,Readily,https://readily.co,Healthcare,USA,Y Combinator,2026-08-05 18:56:23,1,20
28808,PropRise,https://www.proprise.ai/,Real Estate and Construction,USA,Y Combinator,2026-08-05 18:56:23,1,3
28807,Pointhound,http://www.pointhound.com,Consumer,,Y Combinator,2026-08-05 18:56:23,1,5
28805,Diligent,https://godiligent.ai,Fintech,United Kingdom,Y Combinator,2026-08-05 18:56:23,1,10
28804,Bland AI,https://bland.com,B2B,USA,Y Combinator,2026-08-05 18:56:23,1,65
28802,Sohar Health,https://www.soharhealth.com,Healthcare,USA,Y Combinator,2026-08-05 18:56:23,1,8
28796,Sweetspot,https://www.sweetspot.so/,B2B,USA,Y Combinator,2026-08-05 18:56:23,1,10
28795,Magic Loops,https://magicloops.dev,B2B,USA,Y Combinator,2026-08-05 18:56:23,1,2
28794,Ohmic Biosciences,https://ohmicbiosciences.com/,Industrials,USA,Y Combinator,2026-08-05 18:56:23,1,2
28793,Stellar Sleep,https://stellarsleep.com/,Healthcare,USA,Y Combinator,2026-08-05 18:56:23,1,5
28792,AIVideo.com,https://aivideo.com,B2B,USA,Y Combinator,2026-08-05 18:56:23,1,12
28791,Linc.,https://www.linc-ai.com/,B2B,USA,Y Combinator,2026-08-05 18:56:23,1,3
28788,Hyperbound,https://hyperbound.ai,B2B,USA,Y Combinator,2026-08-05 18:56:23,1,30
28786,Accend,https://www.withaccend.com/,Fintech,Unspecified,Y Combinator,2026-08-05 18:56:23,1,18
28784,Elyos AI,https://www.elyos.ai/,B2B,United Kingdom,Y Combinator,2026-08-05 18:56:23,1,20
28780,Clearest Health,https://clearesthealth.com/,Healthcare,USA,Y Combinator,2026-08-05 18:56:23,1,3
28779,Metoro,https://metoro.io,B2B,United Kingdom,Y Combinator,2026-08-05 18:56:23,1,
28777,Twenty,https://twenty.com,B2B,France,Y Combinator,2026-08-05 18:56:23,1,11
28776,Ora AI,http://oraai.com/,Education,USA,Y Combinator,2026-08-05 18:56:23,1,3
28745,Nectar,https://nectarclimate.com,Industrials,USA,Y Combinator,2026-08-05 18:56:23,1,7
28744,Reworkd,https://reworkd.ai,B2B,USA,Y Combinator,2026-08-05 18:56:23,1,1
28707,Kino AI,https://kino.ai,B2B,USA,Y Combinator,2026-08-05 18:56:23,1,4
28663,kapa.ai,https://www.kapa.ai,B2B,,Y Combinator,2026-08-05 18:56:23,1,22
28650,Artie,https://www.artie.com/,B2B,USA,Y Combinator,2026-08-05 18:56:23,1,16
28593,HyLight,https://www.hylight.aero/,Industrials,France,Y Combinator,2026-08-05 18:56:23,1,22
28589,HockeyStack,https://hockeystack.com,B2B,USA,Y Combinator,2026-08-05 18:56:23,1,65
28486,Y/n,https://yn.app,Consumer,USA,Y Combinator,2026-08-05 18:56:23,1,5
28404,Cercli,https://www.cercli.com,B2B,United Arab Emirates,Y Combinator,2026-08-05 18:56:23,1,28
29187,OpenPipe,https://openpipe.ai/,B2B,USA,Y Combinator,2026-08-05 18:56:23,0,2
29154,Catamaran,https://www.trycatamaran.com,Fintech,United Kingdom,Y Combinator,2026-08-05 18:56:23,0,5
29136,Autotab,https://autotab.com,B2B,USA,Y Combinator,2026-08-05 18:56:23,0,2
29123,Glide,https://buildwithglide.com,B2B,USA,Y Combinator,2026-08-05 18:56:23,0,4
29115,Mocha,https://getmocha.com,B2B,USA,Y Combinator,2026-08-05 18:56:23,0,7
29105,FlowiseAI,https://flowiseai.com,B2B,,Y Combinator,2026-08-05 18:56:23,0,5
29100,CheqUPI,https://www.cheq.money,Fintech,India,Y Combinator,2026-08-05 18:56:23,0,15
29021,Fragment,https://checkfragment.com,B2B,Unspecified,Y Combinator,2026-08-05 18:56:23,0,2
29006,Inari,https://useinari.com,B2B,USA,Y Combinator,2026-08-05 18:56:23,0,2
29004,Chatter,https://chatter.anish.xyz,B2B,USA,Y Combinator,2026-08-05 18:56:23,0,2
28966,Pincites,https://www.pincites.com/,B2B,USA,Y Combinator,2026-08-05 18:56:23,0,4
28957,Continue,https://continue.dev,B2B,USA,Y Combinator,2026-08-05 18:56:23,0,0
28790,Watto AI,https://www.watto.ai,B2B,Unspecified,Y Combinator,2026-08-05 18:56:23,0,3
28789,Dioxus Labs,https://dioxuslabs.com,B2B,USA,Y Combinator,2026-08-05 18:56:23,0,4
28787,Deasy Labs,https://www.deasylabs.com/,B2B,USA,Y Combinator,2026-08-05 18:56:23,0,8
28778,Xeol,https://www.xeol.io/,B2B,USA,Y Combinator,2026-08-05 18:56:23,0,3
28660,Tremor,https://www.tremor.so,B2B,Switzerland,Y Combinator,2026-08-05 18:56:23,0,2
28659,PeerDB,https://peerdb.io/,B2B,,Y Combinator,2026-08-05 18:56:23,0,2
29156,CodeStory,https://aide.dev,B2B,United Kingdom,Y Combinator,2026-08-05 18:56:23,0,4
29124,Onward,,B2B,Unspecified,Y Combinator,2026-08-05 18:56:23,0,
29107,Saatvy,https://saatvy.com,Healthcare,USA,Y Combinator,2026-08-05 18:56:23,0,1
29102,Kips Health,,Healthcare,USA,Y Combinator,2026-08-05 18:56:23,0,2
29089,Line.Build,https://www.line.build/,B2B,USA,Y Combinator,2026-08-05 18:56:23,0,3
29045,Movley,https://movley.com/,B2B,USA,Y Combinator,2026-08-05 18:56:23,0,8
28994,Vango AI,https://vango.ai/,B2B,USA,Y Combinator,2026-08-05 18:56:23,0,2
28967,MantleBio,https://www.mantlebio.com,B2B,Unspecified,Y Combinator,2026-08-05 18:56:23,0,7
28931,Vizly,https://vizly.fyi,B2B,USA,Y Combinator,2026-08-05 18:56:23,0,2
28920,Unhaze,https://unhaze.ai,B2B,Denmark,Y Combinator,2026-08-05 18:56:23,0,6
28902,Sidenote,https://www.sidenote.ai,B2B,USA,Y Combinator,2026-08-05 18:56:23,0,3
28894,Lysto,https://lysto.ai/,B2B,USA,Y Combinator,2026-08-05 18:56:23,0,2
28868,Briefer,https://briefer.cloud,B2B,Brazil,Y Combinator,2026-08-05 18:56:23,0,2
28858,CraftOS,http://craftos.com,B2B,USA,Y Combinator,2026-08-05 18:56:23,0,3
28838,GreenTally,https://www.greentally.ai,B2B,USA,Y Combinator,2026-08-05 18:56:23,0,2
28835,Synch,https://www.withsynch.com/,B2B,USA,Y Combinator,2026-08-05 18:56:23,0,4
28815,Atla,https://www.atla-ai.com/,B2B,United Kingdom,Y Combinator,2026-08-05 18:56:23,0,10
28813,Lifelike,https://lifelike.app/,Consumer,USA,Y Combinator,2026-08-05 18:56:23,0,2
28799,Remy,https://www.startremy.com/,Healthcare,USA,Y Combinator,2026-08-05 18:56:23,0,4
28759,Branch AI,https://www.branch-ai.com,B2B,Singapore,Y Combinator,2026-08-05 18:56:23,0,3
28743,Leafpress,https://www.trycardinal.ai/,B2B,Unspecified,Y Combinator,2026-08-05 18:56:23,0,2
22111,Pardes Biosciences,http://www.pardesbio.com,Healthcare,USA,Y Combinator,2026-08-05 18:56:23,0,2
22334,Gilgamesh Pharmaceuticals,https://www.gilgameshpharmaceutical.com,Healthcare,USA,Y Combinator,2026-08-05 18:56:23,1,15
22327,Matter,https://getmatter.app,Consumer,USA,Y Combinator,2026-08-05 18:56:23,1,7
22321,Verifiable,https://verifiable.com/,Healthcare,USA,Y Combinator,2026-08-05 18:56:23,1,12
22319,SiPhox Health,https://www.siphoxhealth.com,Healthcare,USA,Y Combinator,2026-08-05 18:56:23,1,63
22306,Rarebird,http://www.rarebird.coffee,Healthcare,USA,Y Combinator,2026-08-05 18:56:23,1,5
22305,Future Fields,https://www.futurefields.io/about,Healthcare,Canada,Y Combinator,2026-08-05 18:56:23,1,34
22303,Todos Comemos,https://todoscomemos.com,Consumer,Colombia,Y Combinator,2026-08-05 18:56:23,1,62
22294,Clau,https://clau.com,Real Estate and Construction,Mexico,Y Combinator,2026-08-05 18:56:23,1,90
22278,Hubla,https://hub.la,B2B,Brazil,Y Combinator,2026-08-05 18:56:23,1,86
22277,Heron Data,https://www.herondata.io,B2B,USA,Y Combinator,2026-08-05 18:56:23,1,60
22273,Fieldguide,http://fieldguide.io,B2B,USA,Y Combinator,2026-08-05 18:56:23,1,180
22272,Finch,https://tryfinch.com,B2B,USA,Y Combinator,2026-08-05 18:56:23,1,73
22267,Parrot Software 🦜,https://parrotsoftware.io/,B2B,Mexico,Y Combinator,2026-08-05 18:56:23,1,40
22266,Zuddl,http://www.zuddl.com,B2B,USA,Y Combinator,2026-08-05 18:56:23,1,120
22257,Inspectify,http://www.inspectify.com,Real Estate and Construction,USA,Y Combinator,2026-08-05 18:56:23,1,75
22248,Mozart Data,http://www.mozartdata.com,B2B,USA,Y Combinator,2026-08-05 18:56:23,1,24
22247,Rally,https://rally.video,Consumer,Canada,Y Combinator,2026-08-05 18:56:23,1,3
22218,Glimpse,https://tryglimpse.com/,B2B,USA,Y Combinator,2026-08-05 18:56:23,1,27
22217,Mobius Materials,https://www.mobiusmaterials.com,Industrials,USA,Y Combinator,2026-08-05 18:56:23,1,6
22207,inSoma Bio,https://www.insomabio.com/,Healthcare,USA,Y Combinator,2026-08-05 18:56:23,1,4
22206,Vena Vitals,http://venavitals.com,Healthcare,USA,Y Combinator,2026-08-05 18:56:23,1,9
22196,"MedPiper Technologies, Inc",https://www.medpiper.com,Fintech,India,Y Combinator,2026-08-05 18:56:23,1,55
22174,Lendtable,http://lendtable.com,Fintech,USA,Y Combinator,2026-08-05 18:56:23,1,20
22152,Afriex,https://www.afriexapp.com,Fintech,USA,Y Combinator,2026-08-05 18:56:23,1,55
22148,Spenmo,https://summitglobal.com/,Fintech,Singapore,Y Combinator,2026-08-05 18:56:23,1,200
22131,Draftwise,https://www.draftwise.com/,B2B,USA,Y Combinator,2026-08-05 18:56:23,1,50
22126,Mito,http://trymito.io,B2B,USA,Y Combinator,2026-08-05 18:56:23,1,3
22124,Taktile,http://www.taktile.com,B2B,Germany,Y Combinator,2026-08-05 18:56:23,1,150
22108,Ready,https://ready.net,B2B,USA,Y Combinator,2026-08-05 18:56:23,1,60
22092,SockSoho,https://socksoho.com,Consumer,USA,Y Combinator,2026-08-05 18:56:23,1,22
22091,Supabase,https://supabase.com,B2B,USA,Y Combinator,2026-08-05 18:56:23,1,120
22088,CarbonChain,https://carbonchain.com,Industrials,United Kingdom,Y Combinator,2026-08-05 18:56:23,1,16
22084,Arketa,https://arketa.com,B2B,USA,Y Combinator,2026-08-05 18:56:23,1,55
22083,HENRY,https://www.soyhenry.com/hiring-en,B2B,Argentina,Y Combinator,2026-08-05 18:56:23,1,100
22082,Laylo,https://laylo.com,B2B,USA,Y Combinator,2026-08-05 18:56:23,1,24
22080,Orange Health Labs,http://www.orangehealth.in,Healthcare,India,Y Combinator,2026-08-05 18:56:23,1,1100
22079,Formal,https://joinformal.com,B2B,USA,Y Combinator,2026-08-05 18:56:23,1,10
22078,Awtomic,https://www.awtomic.com,B2B,USA,Y Combinator,2026-08-05 18:56:23,1,11
22077,Akiflow,https://akiflow.com,B2B,Spain,Y Combinator,2026-08-05 18:56:23,1,18
22076,Dataland,https://dataland.io,B2B,USA,Y Combinator,2026-08-05 18:56:23,1,4
22075,PANADATA,https://www.panadata.net,Government,Panama,Y Combinator,2026-08-05 18:56:23,1,4
22062,Minimum,https://minimum.com,Industrials,United Kingdom,Y Combinator,2026-08-05 18:56:23,1,
22054,Farel,https://farel.io,B2B,USA,Y Combinator,2026-08-05 18:56:23,1,9
22053,Hotplate,http://www.hotplate.com/,Consumer,USA,Y Combinator,2026-08-05 18:56:23,1,9
22048,Scrimba,https://scrimba.com,Education,Norway,Y Combinator,2026-08-05 18:56:23,1,6
22047,TyltGO,https://www.tyltgo.com/,B2B,Canada,Y Combinator,2026-08-05 18:56:23,1,15
22046,Flint,https://withflint.com,Healthcare,Canada,Y Combinator,2026-08-05 18:56:23,1,50
22045,Nephrogen,http://www.nephrogenbiotech.com,Healthcare,USA,Y Combinator,2026-08-05 18:56:23,1,5
22044,Liyfe,,Healthcare,USA,Y Combinator,2026-08-05 18:56:23,1,2
22043,Kingdom,https://kingdomsuperculture.com,Healthcare,USA,Y Combinator,2026-08-05 18:56:23,1,21
22037,Tella,https://tella.com,B2B,Netherlands,Y Combinator,2026-08-05 18:56:23,1,6
22026,Mozper,https://www.mozper.com/,Fintech,Mexico,Y Combinator,2026-08-05 18:56:23,1,6
22022,Memberstack,https://www.memberstack.com,Fintech,USA,Y Combinator,2026-08-05 18:56:23,1,8
22021,Mailwarm,https://www.mailwarm.com,B2B,United Arab Emirates,Y Combinator,2026-08-05 18:56:23,1,10
22004,Notabene,https://notabene.id,B2B,USA,Y Combinator,2026-08-05 18:56:23,1,47
22003,Decentro,https://decentro.tech,B2B,India,Y Combinator,2026-08-05 18:56:23,1,60
22002,BIK,https://bik.ai/,B2B,USA,Y Combinator,2026-08-05 18:56:23,1,55
21998,WareIQ,https://www.wareiq.com/,B2B,India,Y Combinator,2026-08-05 18:56:23,1,50
21992,Nabla Bio,https://www.nabla.bio,Healthcare,USA,Y Combinator,2026-08-05 18:56:23,1,8
21988,Balance,https://www.getbalance.com,Fintech,USA,Y Combinator,2026-08-05 18:56:23,1,70
21986,Vitable Health,https://vitablehealth.com,Healthcare,USA,Y Combinator,2026-08-05 18:56:23,1,60
21979,Statiq.,https://statiq.in/,Industrials,India,Y Combinator,2026-08-05 18:56:23,1,200
21969,Nextera Robotics,https://nexterarobotics.com,Industrials,USA,Y Combinator,2026-08-05 18:56:23,1,20
21963,Justo,https://www.getjusto.com,B2B,Chile,Y Combinator,2026-08-05 18:56:23,1,190
21962,Hellometer,https://hellometer.io/,B2B,USA,Y Combinator,2026-08-05 18:56:23,1,2
21959,Stacker,https://stackerhq.com,B2B,United Kingdom,Y Combinator,2026-08-05 18:56:23,1,8
21958,Tappity,https://www.tappityapp.com,Consumer,USA,Y Combinator,2026-08-05 18:56:23,1,4
21950,Yotta,https://www.withyotta.com,Fintech,USA,Y Combinator,2026-08-05 18:56:23,1,8
21949,Mesh,https://mesh.ai/,B2B,USA,Y Combinator,2026-08-05 18:56:23,1,50
21947,Daybreak Health,https://www.daybreakhealth.com/,Healthcare,USA,Y Combinator,2026-08-05 18:56:23,1,20
21930,Osmind,https://osmind.org/,Healthcare,USA,Y Combinator,2026-08-05 18:56:23,1,55
21916,MarketForce,https://marketforce.io,B2B,Kenya,Y Combinator,2026-08-05 18:56:23,1,400
21915,Atomic,https://www.atomicvest.com/,B2B,USA,Y Combinator,2026-08-05 18:56:23,1,25
21914,Bits,https://www.getbits.app,Fintech,United Kingdom,Y Combinator,2026-08-05 18:56:23,1,15
21909,Seal,https://seal.run,B2B,United Kingdom,Y Combinator,2026-08-05 18:56:23,1,22
21903,doola,https://www.doola.com/,B2B,USA,Y Combinator,2026-08-05 18:56:23,1,43
21902,Blissway,https://www.blissway.com/,Government,USA,Y Combinator,2026-08-05 18:56:23,1,22
21898,Cradle,https://www.cradlefinance.com,B2B,India,Y Combinator,2026-08-05 18:56:23,1,2
21897,Arist,https://www.arist.co,B2B,USA,Y Combinator,2026-08-05 18:56:23,1,23
21885,Swif.ai,https://www.swif.ai,B2B,USA,Y Combinator,2026-08-05 18:56:23,1,20
21883,Speedscale,https://speedscale.com,B2B,USA,Y Combinator,2026-08-05 18:56:23,1,8
21882,CoreCare,https://corecare.ai,Healthcare,USA,Y Combinator,2026-08-05 18:56:23,1,11
21881,Kernal Biologics,https://www.kernalbio.com/,Healthcare,USA,Y Combinator,2026-08-05 18:56:23,1,20
21864,Farmako Healthcare,https://farmako.ai,Healthcare,India,Y Combinator,2026-08-05 18:56:23,1,40
21863,BukuWarung,http://bukuwarung.com/app,Fintech,Indonesia,Y Combinator,2026-08-05 18:56:23,1,250
21860,Synapticure,http://www.synapticure.com,Healthcare,USA,Y Combinator,2026-08-05 18:56:23,1,115
21857,Hypotenuse AI,https://hypotenuse.ai/,B2B,USA,Y Combinator,2026-08-05 18:56:23,1,15
21847,PowerUs,https://www.powerus.de,Consumer,Germany,Y Combinator,2026-08-05 18:56:23,1,80
21831,Pave,https://pave.com,B2B,USA,Y Combinator,2026-08-05 18:56:23,1,170
21829,Novel,https://www.trynovel.com/,Fintech,USA,Y Combinator,2026-08-05 18:56:23,1,15
21828,Explorex,https://explorex.co,Consumer,India,Y Combinator,2026-08-05 18:56:23,1,25
21817,Volopay,https://www.volopay.com/,Fintech,India,Y Combinator,2026-08-05 18:56:23,1,11
21816,VenoStent,https://www.venostent.com,Healthcare,USA,Y Combinator,2026-08-05 18:56:23,1,17
21812,Safepay,https://getsafepay.pk/,Fintech,USA,Y Combinator,2026-08-05 18:56:23,1,4
21800,Seam,https://seam.co,B2B,USA,Y Combinator,2026-08-05 18:56:23,1,25
21799,Conta Simples,https://contasimples.com/,Fintech,Brazil,Y Combinator,2026-08-05 18:56:23,1,130
21795,QuestDB,https://questdb.com/,B2B,United Kingdom,Y Combinator,2026-08-05 18:56:23,1,30
21791,AtoB,https://atob.com/,Fintech,USA,Y Combinator,2026-08-05 18:56:23,1,75
21790,Dripos,https://dripos.com,Fintech,USA,Y Combinator,2026-08-05 18:56:23,1,35
21788,"Zitara Technologies, Inc.",https://zitara.com,Industrials,USA,Y Combinator,2026-08-05 18:56:23,1,33
21784,Blue Onion,https://www.blueonion.ai/,B2B,USA,Y Combinator,2026-08-05 18:56:23,1,27
21782,Lightdash,http://lightdash.com/,B2B,United Kingdom,Y Combinator,2026-08-05 18:56:23,1,23
21781,Datafold,https://datafold.com,B2B,USA,Y Combinator,2026-08-05 18:56:23,1,30
21777,Depict,https://depict.ai/,B2B,Sweden,Y Combinator,2026-08-05 18:56:23,1,32
21772,inFeedo AI,https://infeedo.ai,B2B,United Arab Emirates,Y Combinator,2026-08-05 18:56:23,1,150
21770,SuperTokens,https://supertokens.com,B2B,USA,Y Combinator,2026-08-05 18:56:23,1,10
21769,Roboflow,https://roboflow.com,B2B,USA,Y Combinator,2026-08-05 18:56:23,1,100
21768,Jeeves,http://www.tryjeeves.com,Fintech,USA,Y Combinator,2026-08-05 18:56:23,1,150
21766,Luminai,https://www.luminai.com,B2B,USA,Y Combinator,2026-08-05 18:56:23,1,31
21727,Increase,https://increase.com/,Fintech,USA,Y Combinator,2026-08-05 18:56:23,1,15
21720,Zip,https://ziphq.com/,B2B,USA,Y Combinator,2026-08-05 18:56:23,1,500
19890,Ukama,http://www.ukama.com,B2B,USA,Y Combinator,2026-08-05 18:56:23,1,7
13481,Thndr,http://www.thndr.app,Fintech,Egypt,Y Combinator,2026-08-05 18:56:23,1,235
13413,adyn,https://adyn.com,Healthcare,USA,Y Combinator,2026-08-05 18:56:23,1,7
13338,twoplus fertility,http://twoplusfertility.com,Healthcare,Singapore,Y Combinator,2026-08-05 18:56:23,1,18
13330,Recurrency,http://www.recurrency.com,B2B,USA,Y Combinator,2026-08-05 18:56:23,1,50
13307,Photoroom,https://photoroom.com/,Consumer,France,Y Combinator,2026-08-05 18:56:23,1,100
13235,Response,https://www.tryresponse.com/,B2B,USA,Y Combinator,2026-08-05 18:56:23,1,8
13230,Salesform,https://salesform.com,B2B,USA,Y Combinator,2026-08-05 18:56:23,1,6
13150,Basedash,https://www.basedash.com,B2B,Canada,Y Combinator,2026-08-05 18:56:23,1,6
13091,Porter,https://porter.run,B2B,USA,Y Combinator,2026-08-05 18:56:23,1,18
22353,Brevy,https://brevy.com/,B2B,,Y Combinator,2026-08-05 18:56:23,0,8
22269,Hellosaurus,https://hellosaur.us/join,Consumer,USA,Y Combinator,2026-08-05 18:56:23,0,25
22260,Clover,https://cloverapp.co,B2B,USA,Y Combinator,2026-08-05 18:56:23,0,2
22252,Reflect,https://reflect.run,B2B,USA,Y Combinator,2026-08-05 18:56:23,0,6
22250,Riogrande,https://www.riogrande.co/,Consumer,Mexico,Y Combinator,2026-08-05 18:56:23,0,
22241,"Warmly,",https://www.warmly.ai/,B2B,USA,Y Combinator,2026-08-05 18:56:23,0,60
22238,Nestybox,https://www.nestybox.com,B2B,USA,Y Combinator,2026-08-05 18:56:23,0,2
22228,Fancy,https://www.fancyapp.live/,Consumer,United Kingdom,Y Combinator,2026-08-05 18:56:23,0,50
22141,SafeBase,https://www.safebase.io,B2B,USA,Y Combinator,2026-08-05 18:56:23,0,60
22101,Together Video Chat,https://www.togethervideoapp.com/,Consumer,Spain,Y Combinator,2026-08-05 18:56:23,0,1
22063,Cohere,https://cohere.io,B2B,USA,Y Combinator,2026-08-05 18:56:23,0,7
22055,Drapr,https://drapr.com,Consumer,USA,Y Combinator,2026-08-05 18:56:23,0,7
22050,Skio,https://skio.com,B2B,USA,Y Combinator,2026-08-05 18:56:23,0,70
22042,Sameplan,https://www.sameplan.com/,B2B,USA,Y Combinator,2026-08-05 18:56:23,0,3
22008,Aquarium Learning,https://www.aquariumlearning.com/,B2B,USA,Y Combinator,2026-08-05 18:56:23,0,12
21997,Clew,https://clew.ai/,B2B,Canada,Y Combinator,2026-08-05 18:56:23,0,2
21996,Plerk,https://www.plerk.io,B2B,Mexico,Y Combinator,2026-08-05 18:56:23,0,28
21957,KeyDB,https://keydb.dev,B2B,Canada,Y Combinator,2026-08-05 18:56:23,0,2
21932,Biocogniv,http://biocogniv.com,Healthcare,USA,Y Combinator,2026-08-05 18:56:23,0,6
21917,Vectrix,https://www.vectrix.io,B2B,USA,Y Combinator,2026-08-05 18:56:23,0,7
21906,webapp.io,https://webapp.io,B2B,Canada,Y Combinator,2026-08-05 18:56:23,0,4
21901,Workbase,,B2B,USA,Y Combinator,2026-08-05 18:56:23,0,
21900,Omni,https://addomni.com,B2B,USA,Y Combinator,2026-08-05 18:56:23,0,5
21894,Humanloop,https://humanloop.com,B2B,USA,Y Combinator,2026-08-05 18:56:23,0,14
21862,Dialect,https://dialect.to,B2B,USA,Y Combinator,2026-08-05 18:56:23,0,8
21856,Charityvest,https://www.charityvest.org,Fintech,USA,Y Combinator,2026-08-05 18:56:23,0,9
21852,Known Medicine,http://knownmed.com,Healthcare,USA,Y Combinator,2026-08-05 18:56:23,0,17
21839,Current Foods,http://currentfoods.com,Healthcare,USA,Y Combinator,2026-08-05 18:56:23,0,18
21827,Strive School,https://strive.school,Education,Germany,Y Combinator,2026-08-05 18:56:23,0,5
21811,Hypermile,https://hypermile.ai,B2B,United Kingdom,Y Combinator,2026-08-05 18:56:23,0,11
21793,Finmark,https://finmark.com,B2B,USA,Y Combinator,2026-08-05 18:56:23,0,14
21789,Gather,https://www.teamgather.co/,B2B,USA,Y Combinator,2026-08-05 18:56:23,0,6
21787,Momence,https://momence.com,Consumer,USA,Y Combinator,2026-08-05 18:56:23,0,75
21771,Bandit ML,https://www.banditml.com/,B2B,USA,Y Combinator,2026-08-05 18:56:23,0,4
21767,Command AI,https://command.ai,B2B,USA,Y Combinator,2026-08-05 18:56:23,0,35
21737,LSK Technologies,https://www.lifesci-key.com/,Healthcare,Canada,Y Combinator,2026-08-05 18:56:23,0,2
19932,Jitsu,https://jitsu.com,B2B,USA,Y Combinator,2026-08-05 18:56:23,0,4
19925,Jemi,https://jemi.so,Consumer,USA,Y Combinator,2026-08-05 18:56:23,0,3
19888,Altro,https://altro.io,Fintech,USA,Y Combinator,2026-08-05 18:56:23,0,29
13163,Fig,http://fig.io,B2B,USA,Y Combinator,2026-08-05 18:56:23,0,5
13090,Ladder,http://meetladder.com,Real Estate and Construction,USA,Y Combinator,2026-08-05 18:56:23,0,1
22323,CapWay,http://www.CapWay.com,Fintech,USA,Y Combinator,2026-08-05 18:56:23,0,9
22322,Payflow,https://www.payflow.ai,B2B,USA,Y Combinator,2026-08-05 18:56:23,0,7
22307,Atmos,https://www.buildatmos.com/,Real Estate and Construction,USA,Y Combinator,2026-08-05 18:56:23,0,30
22301,Quell,https://playquell.com,Consumer,United Kingdom,Y Combinator,2026-08-05 18:56:23,0,40
22268,Parade,https://www.getparade.com,B2B,USA,Y Combinator,2026-08-05 18:56:23,0,5
22256,Sonar,https://sonar.app,Consumer,USA,Y Combinator,2026-08-05 18:56:23,0,4
22251,Nextstore,https://nextstore.com,B2B,France,Y Combinator,2026-08-05 18:56:23,0,6
22249,Artifact,https://www.heyartifact.com/,Consumer,USA,Y Combinator,2026-08-05 18:56:23,0,10
22246,Byte,https://web.thebyte.app/en/,Consumer,Pakistan,Y Combinator,2026-08-05 18:56:23,0,30
22205,MilkRun,https://www.localmilkrun.com/,Consumer,USA,Y Combinator,2026-08-05 18:56:23,0,38
22195,Lume,https://www.uselume.com,Healthcare,USA,Y Combinator,2026-08-05 18:56:23,0,
22184,Here,https://here.fm,Consumer,USA,Y Combinator,2026-08-05 18:56:23,0,9
22151,AI.Fashion,https://www.ai.fashion,B2B,USA,Y Combinator,2026-08-05 18:56:23,0,11
22106,Letter,https://letter.co,Fintech,USA,Y Combinator,2026-08-05 18:56:23,0,9
22052,OneKey,https://getonekey.io,Fintech,France,Y Combinator,2026-08-05 18:56:23,0,3
22049,Virtually,https://tryvirtually.com/,B2B,USA,Y Combinator,2026-08-05 18:56:23,0,5
22033,Memo,https://sendmemo.app,B2B,United Kingdom,Y Combinator,2026-08-05 18:56:23,0,2
22032,Intelligent,https://www.intelligent.services/,B2B,USA,Y Combinator,2026-08-05 18:56:23,0,4
22007,Jam.gg (formerly Piepacker),https://jam.gg/,Consumer,USA,Y Combinator,2026-08-05 18:56:23,0,0
22001,Tydo,https://www.tydo.com,B2B,USA,Y Combinator,2026-08-05 18:56:23,0,14
21999,In Stock,https://instock.org,B2B,USA,Y Combinator,2026-08-05 18:56:23,0,2
21993,Hyper Online,https://www.hyper.online/,Consumer,USA,Y Combinator,2026-08-05 18:56:23,0,7
21985,Streamdal,https://streamdal.com,B2B,USA,Y Combinator,2026-08-05 18:56:23,0,9
21984,Oico,https://en.oico.com.br/,B2B,Brazil,Y Combinator,2026-08-05 18:56:23,0,35
21956,buildspace,https://buildspace.so/,Education,USA,Y Combinator,2026-08-05 18:56:23,0,5
21899,ClearMix,https://clearmix.com,B2B,USA,Y Combinator,2026-08-05 18:56:23,0,7
21896,TANGObuilder,https://www.tangobuilder.com,Real Estate and Construction,USA,Y Combinator,2026-08-05 18:56:23,0,9
21895,Foreword,https://www.foreword.live/,Education,USA,Y Combinator,2026-08-05 18:56:23,0,2
21858,Monosi,https://monosi.dev,B2B,USA,Y Combinator,2026-08-05 18:56:23,0,2
21855,Atomized,https://atomizedhq.com,B2B,USA,Y Combinator,2026-08-05 18:56:23,0,3
21848,Duckly,https://duckly.com,B2B,USA,Y Combinator,2026-08-05 18:56:23,0,5
21815,Jeevam Health,https://www.jeevamhealth.com/,Healthcare,India,Y Combinator,2026-08-05 18:56:23,0,25
21814,Queue,https://usequeue.com,B2B,USA,Y Combinator,2026-08-05 18:56:23,0,5
21813,Nototo,https://www.nototo.app,B2B,Canada,Y Combinator,2026-08-05 18:56:23,0,3
21810,RTCanary,https://www.RTCanary.com,Consumer,USA,Y Combinator,2026-08-05 18:56:23,0,0
21805,Bento,http://trybento.co/,B2B,USA,Y Combinator,2026-08-05 18:56:23,0,
21802,Rume,https://rume.video,Consumer,USA,Y Combinator,2026-08-05 18:56:23,0,3
21794,Shuttle,https://www.shuttle.dev,B2B,United Kingdom,Y Combinator,2026-08-05 18:56:23,0,12
21733,Metamanagement,https://metamanagement.dev,B2B,USA,Y Combinator,2026-08-05 18:56:23,0,1
13732,Reploy,https://getreploy.com/,B2B,USA,Y Combinator,2026-08-05 18:56:23,0,4
13435,Overfit,https://overfit.com,Healthcare,USA,Y Combinator,2026-08-05 18:56:23,0,4
13306,Trident Bioscience,https://trident.bio,Healthcare,USA,Y Combinator,2026-08-05 18:56:23,0,1
13173,Racer,http://racer.app,Consumer,USA,Y Combinator,2026-08-05 18:56:23,0,7
13159,Openbase,,B2B,USA,Y Combinator,2026-08-05 18:56:23,0,0
13089,Unfaze AI,https://unfaze.ai/,B2B,USA,Y Combinator,2026-08-05 18:56:23,0,7
31311,Cardinal,https://trycardinal.com,B2B,USA,Y Combinator,2026-08-05 18:56:23,1,0
31307,Wideframe,https://wideframe.com,B2B,USA,Y Combinator,2026-08-05 18:56:23,1,2
31306,Martini,https://martini.film,B2B,USA,Y Combinator,2026-08-05 18:56:23,1,2
31303,Condor Energy,https://www.condor.energy,Industrials,France,Y Combinator,2026-08-05 18:56:23,1,3
31302,Remix,https://remix.re,Consumer,USA,Y Combinator,2026-08-05 18:56:23,1,0
31300,Shofo,https://shofo.ai/,B2B,USA,Y Combinator,2026-08-05 18:56:23,1,4
31299,Wayco,https://wayco.ai,B2B,USA,Y Combinator,2026-08-05 18:56:23,1,5
31296,Unifold,https://unifold.io,Fintech,USA,Y Combinator,2026-08-05 18:56:23,1,3
31295,Carrot Labs,https://superpenguin.ai/,B2B,USA,Y Combinator,2026-08-05 18:56:23,1,2
31292,Aurorin CAD,https://aurorincad.com,B2B,USA,Y Combinator,2026-08-05 18:56:23,1,1
31289,Fixture,https://fixture.app,B2B,,Y Combinator,2026-08-05 18:56:23,1,5
31287,DAIVIN!,https://www.daivin.tech/,Industrials,USA,Y Combinator,2026-08-05 18:56:23,1,1
31285,Brumby (Formerly GrazeMate),https://brumby,Industrials,Australia,Y Combinator,2026-08-05 18:56:23,1,3
31284,Origami Robotics,https://www.origami-robotics.com,Industrials,USA,Y Combinator,2026-08-05 18:56:23,1,5
31283,Ossus,https://www.ossus.com,B2B,USA,Y Combinator,2026-08-05 18:56:23,1,3
31280,Rubric AI,,B2B,USA,Y Combinator,2026-08-05 18:56:23,1,1
31278,Zymbly,https://www.zymbly.com,B2B,United Kingdom,Y Combinator,2026-08-05 18:56:23,1,3
31276,Ritivel,https://www.ritivel.com,Healthcare,India,Y Combinator,2026-08-05 18:56:23,1,3
31275,Polymorph,https://usepolymorph.com/,B2B,USA,Y Combinator,2026-08-05 18:56:23,1,4
31274,Khotan (formerly Pollinate),https://www.khotan.com/,B2B,USA,Y Combinator,2026-08-05 18:56:23,1,2
31273,SpotPay,https://www.spotpay.ai/,Fintech,USA,Y Combinator,2026-08-05 18:56:23,1,2
31271,VOYGR,https://voygr.tech,B2B,USA,Y Combinator,2026-08-05 18:56:23,1,
31269,MochaCare,https://www.mochacare.com/,B2B,USA,Y Combinator,2026-08-05 18:56:23,1,2
31264,Vela,https://tryvela.ai,B2B,USA,Y Combinator,2026-08-05 18:56:23,1,2
31263,Supafax,https://supafax.com,B2B,USA,Y Combinator,2026-08-05 18:56:23,1,2
31262,Talking Computers,https://talkingcomputers.ai,B2B,Canada,Y Combinator,2026-08-05 18:56:23,1,2
31260,Copperlane,https://www.copperlane.ai,Fintech,USA,Y Combinator,2026-08-05 18:56:23,1,2
31256,Canary,https://www.runcanary.ai,B2B,USA,Y Combinator,2026-08-05 18:56:23,1,2
31255,Grade,https://usegrade.com,Fintech,USA,Y Combinator,2026-08-05 18:56:23,1,2
31254,Sila,https://silahq.com,B2B,USA,Y Combinator,2026-08-05 18:56:23,1,2
31253,Maven,https://trymaven.com,B2B,USA,Y Combinator,2026-08-05 18:56:23,1,2
31252,Moda,https://moda.dev,B2B,USA,Y Combinator,2026-08-05 18:56:23,1,6
31250,The Token Company,https://thetokencompany.com,B2B,USA,Y Combinator,2026-08-05 18:56:23,1,2
31248,BeeSafe AI,https://beesafe.ai/,B2B,USA,Y Combinator,2026-08-05 18:56:23,1,3
31247,Fed10,https://www.fed10.ai,B2B,USA,Y Combinator,2026-08-05 18:56:23,1,3
31245,Squid,https://squid.energy,Industrials,United Kingdom,Y Combinator,2026-08-05 18:56:23,1,3
31244,Crow,https://www.usecrow.ai/,B2B,USA,Y Combinator,2026-08-05 18:56:23,1,2
31243,Foreman,https://foreman.co,Real Estate and Construction,USA,Y Combinator,2026-08-05 18:56:23,1,2
31242,Booko,https://bookoapp.com,B2B,USA,Y Combinator,2026-08-05 18:56:23,1,2
31241,Corelayer,https://www.corelayer.com,B2B,USA,Y Combinator,2026-08-05 18:56:23,1,3
31240,General Legal,https://general.legal,B2B,Unspecified,Y Combinator,2026-08-05 18:56:23,1,25
31239,Fort,https://fort.cx,Consumer,USA,Y Combinator,2026-08-05 18:56:23,1,4
31236,Balance,https://getbalance.ai,B2B,United Kingdom,Y Combinator,2026-08-05 18:56:23,1,4
31233,Chasi,https://chasi.ai/,B2B,USA,Y Combinator,2026-08-05 18:56:23,1,2
31231,Anchorhead,https://buildwithglue.com,Industrials,USA,Y Combinator,2026-08-05 18:56:23,1,2
31230,o11,https://o11.ai,B2B,USA,Y Combinator,2026-08-05 18:56:23,1,2
31229,Doomersion,https://doomersion.com/,Consumer,USA,Y Combinator,2026-08-05 18:56:23,1,4
31227,Sequence Markets,https://sequencemkts.com/,Fintech,Canada,Y Combinator,2026-08-05 18:56:23,1,5
31225,Ditto Biosciences,https://www.dittobio.com/,Healthcare,USA,Y Combinator,2026-08-05 18:56:23,1,3
31224,Servo7,https://servo7.com,Industrials,Netherlands,Y Combinator,2026-08-05 18:56:23,1,3
31219,Voxel Energy,https://voxelenergy.com/,Industrials,Unspecified,Y Combinator,2026-08-05 18:56:23,1,3
31217,Polymath,https://polymathlabs.ai/,B2B,USA,Y Combinator,2026-08-05 18:56:23,1,6
31215,Bubble Lab,https://bubblelab.ai/,B2B,USA,Y Combinator,2026-08-05 18:56:23,1,2
31214,Pocket,https://heypocket.com/now,Consumer,USA,Y Combinator,2026-08-05 18:56:23,1,15
31213,Byteport,https://byteport.com/,B2B,USA,Y Combinator,2026-08-05 18:56:23,1,4
31212,Constellation Space,https://constellation.space/,B2B,USA,Y Combinator,2026-08-05 18:56:23,1,4
31210,Mendral,https://mendral.com/,B2B,USA,Y Combinator,2026-08-05 18:56:23,1,2
31209,AxionOrbital Space,https://axionorbital.space/,Industrials,USA,Y Combinator,2026-08-05 18:56:23,1,2
31208,Oximy,https://oximy.com,B2B,USA,Y Combinator,2026-08-05 18:56:23,1,8
31207,Caretta,https://www.caretta.so,B2B,USA,Y Combinator,2026-08-05 18:56:23,1,4
31206,Samora AI,https://samora.ai/,B2B,,Y Combinator,2026-08-05 18:56:23,1,8
31205,Human Archive,https://www.humanarchive.ai/,Industrials,USA,Y Combinator,2026-08-05 18:56:23,1,10
31204,Forum,https://www.forum.market/,Fintech,USA,Y Combinator,2026-08-05 18:56:23,1,2
31203,Sitefire,https://sitefire.ai,B2B,Germany,Y Combinator,2026-08-05 18:56:23,1,2
31201,Robby,https://tryrobby.com,B2B,USA,Y Combinator,2026-08-05 18:56:23,1,3
31200,Ressl AI,https://ressl.ai,B2B,India,Y Combinator,2026-08-05 18:56:23,1,3
31199,Emdash,https://emdash.ai,B2B,USA,Y Combinator,2026-08-05 18:56:23,1,2
31197,InventoryQuant,https://www.inventoryquant.com,B2B,USA,Y Combinator,2026-08-05 18:56:23,1,1
31196,Congruent,https://congruent.io,Industrials,USA,Y Combinator,2026-08-05 18:56:23,1,2
31195,Reframe,http://usereframe.ai,B2B,USA,Y Combinator,2026-08-05 18:56:23,1,1
31194,Valence,https://valence.trade,Fintech,USA,Y Combinator,2026-08-05 18:56:23,1,3
31192,Approxima,https://approxima.ai,B2B,USA,Y Combinator,2026-08-05 18:56:23,1,2
31191,Traverse,https://www.traverse.so,B2B,USA,Y Combinator,2026-08-05 18:56:23,1,1
31189,Revion,https://revion.inc,B2B,USA,Y Combinator,2026-08-05 18:56:23,1,10
31188,Maywood,https://maywoodai.com/,Fintech,USA,Y Combinator,2026-08-05 18:56:23,1,5
31187,Fenrock AI,https://fenrock.ai/,Fintech,USA,Y Combinator,2026-08-05 18:56:23,1,2
31186,End Close,https://endclose.com,B2B,Unspecified,Y Combinator,2026-08-05 18:56:23,1,2
31185,Chamber,https://www.usechamber.io,B2B,USA,Y Combinator,2026-08-05 18:56:23,1,4
31183,Patientdesk.ai,https://patientdesk.ai/,Healthcare,Unspecified,Y Combinator,2026-08-05 18:56:23,1,5
31182,Visibl Semiconductors,https://visiblsemi.com,B2B,USA,Y Combinator,2026-08-05 18:56:23,1,2
31181,Synthetic Sciences,https://syntheticsciences.ai/,B2B,USA,Y Combinator,2026-08-05 18:56:23,1,2
31180,Seeing Systems,https://www.seeing-systems.com,Industrials,United Kingdom,Y Combinator,2026-08-05 18:56:23,1,2
31179,Jinba,https://jinba.io,B2B,,Y Combinator,2026-08-05 18:56:23,1,2
31178,Cardboard,https://usecardboard.com,B2B,USA,Y Combinator,2026-08-05 18:56:23,1,5
31177,Prana,https://pranadoc.com,Healthcare,USA,Y Combinator,2026-08-05 18:56:23,1,4
31176,Rhizome AI,https://rhizomeai.com/,B2B,USA,Y Combinator,2026-08-05 18:56:23,1,1
31175,Pax Historia,https://www.paxhistoria.co,Consumer,USA,Y Combinator,2026-08-05 18:56:23,1,3
31174,Parameter (fka Hex Security),https://parameter.ai?utm_source=ycombinator&utm_medium=referral&utm_campaign=parameter-profile,B2B,USA,Y Combinator,2026-08-05 18:56:23,1,10
31173,Laurence,https://laurence.com,B2B,USA,Y Combinator,2026-08-05 18:56:23,1,2
31172,Terminal Use,https://www.terminaluse.com/,Real Estate and Construction,USA,Y Combinator,2026-08-05 18:56:23,1,4
31171,Overshoot,https://overshoot.ai,B2B,USA,Y Combinator,2026-08-05 18:56:23,1,5
31170,Cajal,https://caj.al/,B2B,USA,Y Combinator,2026-08-05 18:56:23,1,2
31169,Proximitty,https://proximitty.ai,Fintech,USA,Y Combinator,2026-08-05 18:56:23,1,2
31168,Instinct,https://instinct.xyz,Fintech,USA,Y Combinator,2026-08-05 18:56:23,1,5
31167,Stilta,https://stilta.com,B2B,Sweden,Y Combinator,2026-08-05 18:56:23,1,4
31166,Unisson,https://www.unisson.ai,B2B,USA,Y Combinator,2026-08-05 18:56:23,1,2
31165,IncidentFox,https://incidentfox.ai,B2B,USA,Y Combinator,2026-08-05 18:56:23,1,2
31164,Compresr,https://compresr.ai,B2B,USA,Y Combinator,2026-08-05 18:56:23,1,4
31163,Opalite Health,http://opalitehealth.com/,Healthcare,USA,Y Combinator,2026-08-05 18:56:23,1,3
31162,Confluence Labs,https://confluence.sh,B2B,USA,Y Combinator,2026-08-05 18:56:23,1,2
31160,Mango Medical,https://mangomedical.io,Healthcare,Unspecified,Y Combinator,2026-08-05 18:56:23,1,3
31159,Sponge,https://paysponge.com/,B2B,USA,Y Combinator,2026-08-05 18:56:23,1,3
31158,Terranox AI,https://terranox.ai,Industrials,USA,Y Combinator,2026-08-05 18:56:23,1,2
31156,Ventura,https://www.ventura.ai,Industrials,USA,Y Combinator,2026-08-05 18:56:23,1,2
31154,Orthogonal,https://orthogonal.com,B2B,USA,Y Combinator,2026-08-05 18:56:23,1,2
31153,Perfectly,https://www.perfectly.so/,B2B,USA,Y Combinator,2026-08-05 18:56:23,1,4
31152,Fern,https://fern.bot,B2B,Unspecified,Y Combinator,2026-08-05 18:56:23,1,2
31151,Sparkles,https://sparkles.dev,B2B,USA,Y Combinator,2026-08-05 18:56:23,1,1
31149,EigenPal,https://www.eigenpal.com/,B2B,USA,Y Combinator,2026-08-05 18:56:23,1,
31147,Salus,https://www.usesalus.ai/,B2B,USA,Y Combinator,2026-08-05 18:56:23,1,2
31146,Moritz,http://moritzlegal.com/,B2B,Norway,Y Combinator,2026-08-05 18:56:23,1,10
31145,RamAIn,https://ramain.ai,B2B,USA,Y Combinator,2026-08-05 18:56:23,1,4
31144,Milliray,https://milliray.com/,Industrials,United Kingdom,Y Combinator,2026-08-05 18:56:23,1,3
31142,Beyond Reach Labs,https://www.beyondreachlabs.com,Industrials,USA,Y Combinator,2026-08-05 18:56:23,1,5
31141,OctaPulse,https://www.tryoctapulse.com/,Industrials,,Y Combinator,2026-08-05 18:56:23,1,2
31140,CodeWisp,https://codewisp.ai/,Consumer,USA,Y Combinator,2026-08-05 18:56:23,1,3
31139,Ashr,https://ashr.io,B2B,USA,Y Combinator,2026-08-05 18:56:23,1,2
31138,Aemon,https://aemon.ai/,B2B,USA,Y Combinator,2026-08-05 18:56:23,1,3
31137,Luel,https://luel.ai,B2B,USA,Y Combinator,2026-08-05 18:56:23,1,12
31136,Scheduling Wizard,https://www.schedulingwiz.com,Healthcare,USA,Y Combinator,2026-08-05 18:56:23,1,3
31135,RoboDock,https://www.robodock.tech/,Industrials,USA,Y Combinator,2026-08-05 18:56:23,1,3
31133,Skillsync,https://skillsync.com,B2B,USA,Y Combinator,2026-08-05 18:56:23,1,2
31132,MouseCat,https://www.mousecat.ai,B2B,USA,Y Combinator,2026-08-05 18:56:23,1,6
31131,Zatanna,https://www.zatanna.ai/,B2B,USA,Y Combinator,2026-08-05 18:56:23,1,2
31130,AutoSitu,https://autositu.com/,B2B,Unspecified,Y Combinator,2026-08-05 18:56:23,1,2
31129,Verdex,https://www.verdexai.com/,Fintech,USA,Y Combinator,2026-08-05 18:56:23,1,2
31128,Cumulus Labs,https://cumuluslabs.io,B2B,USA,Y Combinator,2026-08-05 18:56:23,1,2
31127,Tepali,https://tepali.com,B2B,USA,Y Combinator,2026-08-05 18:56:23,1,2
31126,Palus Finance,https://palus.finance,Fintech,Unspecified,Y Combinator,2026-08-05 18:56:23,1,2
31123,21st,https://21st.dev,B2B,USA,Y Combinator,2026-08-05 18:56:23,1,3
31121,Avoice,https://avoice.co/,B2B,,Y Combinator,2026-08-05 18:56:23,1,4
31119,ZeroSettle,https://zerosettle.io,Fintech,USA,Y Combinator,2026-08-05 18:56:23,1,2
31118,/dev/fast,https://dev.fast,B2B,USA,Y Combinator,2026-08-05 18:56:23,1,4
31116,OpenSpec,http://openspec.dev,B2B,Australia,Y Combinator,2026-08-05 18:56:23,1,
31114,Piris Labs,https://pirislabs.io/,B2B,USA,Y Combinator,2026-08-05 18:56:23,1,8
31113,CellType,https://www.celltype.com,Healthcare,USA,Y Combinator,2026-08-05 18:56:23,1,2
31112,Burt,https://www.burthq.com/,B2B,USA,Y Combinator,2026-08-05 18:56:23,1,2
31111,Envariant,https://envariant.ai/,B2B,USA,Y Combinator,2026-08-05 18:56:23,1,1
31110,Cascade,https://runcascade.com/,B2B,USA,Y Combinator,2026-08-05 18:56:23,1,2
31109,Beacon Health,https://www.beaconhealth.ai/,Healthcare,USA,Y Combinator,2026-08-05 18:56:23,1,2
31108,Strand AI,https://strandai.com,Healthcare,USA,Y Combinator,2026-08-05 18:56:23,1,2
31107,BaseFrame,https://baseframe.co,B2B,USA,Y Combinator,2026-08-05 18:56:23,1,2
31106,Protent,https://protent.ai,B2B,USA,Y Combinator,2026-08-05 18:56:23,1,2
31104,Cofia,https://cofia.ai,B2B,USA,Y Combinator,2026-08-05 18:56:23,1,3
31101,LegalOS,https://www.legalos.ai,B2B,USA,Y Combinator,2026-08-05 18:56:23,1,3
31100,Sentrial,https://sentrial.com/,B2B,USA,Y Combinator,2026-08-05 18:56:23,1,2
31098,10x Science,https://10xscience.com,B2B,USA,Y Combinator,2026-08-05 18:56:23,1,4
31097,REV1,https://rev1.so,B2B,USA,Y Combinator,2026-08-05 18:56:23,1,2
31096,shortkit,https://www.shortkit.dev,B2B,Unspecified,Y Combinator,2026-08-05 18:56:23,1,2
31095,Asimov,https://tryasimov.ai/,Industrials,USA,Y Combinator,2026-08-05 18:56:23,1,3
31094,Lexius,https://www.lexius.ai,B2B,USA,Y Combinator,2026-08-05 18:56:23,1,3
31092,Axis,https://axisanalysis.com,Fintech,USA,Y Combinator,2026-08-05 18:56:23,1,2
31091,Mirabelle,https://meetmirabelle.com,Consumer,France,Y Combinator,2026-08-05 18:56:23,1,2
31090,Docura Health,https://docurahealth.com,Healthcare,USA,Y Combinator,2026-08-05 18:56:23,1,3
31089,Lance,https://www.lance.live,B2B,USA,Y Combinator,2026-08-05 18:56:23,1,10
31088,RunAnywhere,https://www.runanywhere.ai/,B2B,USA,Y Combinator,2026-08-05 18:56:23,1,5
31087,Lucent,https://lucenthq.com,B2B,USA,Y Combinator,2026-08-05 18:56:23,1,2
31085,Ruma Care,https://rumacare.com,Healthcare,USA,Y Combinator,2026-08-05 18:56:23,1,2
31084,Klaus AI,https://klausai.com,B2B,USA,Y Combinator,2026-08-05 18:56:23,1,2
31083,Kita,https://www.kita.ai/,Fintech,USA,Y Combinator,2026-08-05 18:56:23,1,3
31082,Syntropy,https://syntropy.io,B2B,USA,Y Combinator,2026-08-05 18:56:23,1,2
31081,One Robot,https://www.onerobot.io/,Industrials,USA,Y Combinator,2026-08-05 18:56:23,1,2
31080,Didit,https://didit.me/,B2B,USA,Y Combinator,2026-08-05 18:56:23,1,16
31077,Panta,https://pantainsure.com,Fintech,USA,Y Combinator,2026-08-05 18:56:23,1,3
31066,Payna,https://payna.com/,B2B,USA,Y Combinator,2026-08-05 18:56:23,1,2
31064,Origin,https://origin.bio/,Healthcare,USA,Y Combinator,2026-08-05 18:56:23,1,4
31062,Hlabs,https://www.hlaboratories.com,Industrials,USA,Y Combinator,2026-08-05 18:56:23,1,1
31058,Eos AI,https://www.helloeos.ai/,Healthcare,USA,Y Combinator,2026-08-05 18:56:23,1,2
31057,Valgo,https://valgo.ai,B2B,USA,Y Combinator,2026-08-05 18:56:23,1,3
31054,ARC Prize Foundation,https://arcprize.org/,Industrials,USA,Y Combinator,2026-08-05 18:56:23,1,4
31051,Corvera,https://corvera.ai/,B2B,USA,Y Combinator,2026-08-05 18:56:23,1,4
31048,FullSeam,https://fullseam.com,B2B,,Y Combinator,2026-08-05 18:56:23,1,3
31040,CatchBack Cards,https://catchbackcards.com,Consumer,USA,Y Combinator,2026-08-05 18:56:23,1,7
31036,Mantis,https://mantisbiotech.com/,B2B,USA,Y Combinator,2026-08-05 18:56:23,1,3
31030,Haladir,https://www.haladir.com/,B2B,USA,Y Combinator,2026-08-05 18:56:23,1,4
31025,ClaimGlide,https://claimglide.com/,Healthcare,USA,Y Combinator,2026-08-05 18:56:23,1,1
31023,Inviscid AI,https://inviscidai.com/,Industrials,Singapore,Y Combinator,2026-08-05 18:56:23,1,2
31019,Ndea,https://ndea.com,Industrials,,Y Combinator,2026-08-05 18:56:23,1,15
31016,Crosslayer Labs,https://www.crosslayerlabs.com/,B2B,USA,Y Combinator,2026-08-05 18:56:23,1,3
31003,Voltair,https://voltairlabs.com/,Industrials,USA,Y Combinator,2026-08-05 18:56:23,1,5
31000,Vector Legal,https://vectorlegal.com,B2B,USA,Y Combinator,2026-08-05 18:56:23,1,5
30973,General Astronautics,https://generalastro.com/,Industrials,USA,Y Combinator,2026-08-05 18:56:23,1,2
30927,Oxus,https://oxus-ai.com/,B2B,USA,Y Combinator,2026-08-05 18:56:23,1,3
30913,Captain,https://runcaptain.com,B2B,USA,Y Combinator,2026-08-05 18:56:23,1,2
30906,Agentic Fabriq,https://www.agenticfabriq.com,B2B,USA,Y Combinator,2026-08-05 18:56:23,1,2
30905,Travo,https://www.travoai.com/,Real Estate and Construction,USA,Y Combinator,2026-08-05 18:56:23,1,4
30876,Velum Labs,https://www.velum-labs.com/,B2B,USA,Y Combinator,2026-08-05 18:56:23,1,2
30860,Alt-X,https://alt-x.co,Fintech,USA,Y Combinator,2026-08-05 18:56:23,1,2
30770,Button Computer,https://buttoncomputer.com,B2B,USA,Y Combinator,2026-08-05 18:56:23,1,1
30765,Pollen,https://www.pollen.cx/,B2B,USA,Y Combinator,2026-08-05 18:56:23,1,3
30715,Autumn AI,https://autumnai.com,B2B,USA,Y Combinator,2026-08-05 18:56:23,1,2
30641,Overdrive Health,https://overdrive.health,Healthcare,USA,Y Combinator,2026-08-05 18:56:23,1,1
30639,Signals,https://www.returnsignals.com,B2B,USA,Y Combinator,2026-08-05 18:56:23,1,2
30635,"Galactic Resource Utilization Space, Inc. (GRU Space)",https://gru.space,Industrials,USA,Y Combinator,2026-08-05 18:56:23,1,5
30620,Bidflow,https://usebidflow.com,Real Estate and Construction,USA,Y Combinator,2026-08-05 18:56:23,1,2
28879,Menza,https://menza.ai/,B2B,United Kingdom,Y Combinator,2026-08-05 18:56:23,1,3
31155,Q2Q,https://www.tryq2q.com/,B2B,USA,Y Combinator,2026-08-05 18:56:23,0,2
31120,Kyten Technologies,https://kytentech.com,Industrials,USA,Y Combinator,2026-08-05 18:56:23,0,2
31576,Akkari,https://akkari.io/,B2B,USA,Y Combinator,2026-08-05 18:56:23,1,5
31574,HeyClicky,https://heyclicky.com/,Consumer,USA,Y Combinator,2026-08-05 18:56:23,1,0
31564,Huscarl,https://www.huscarl.io/,Fintech,USA,Y Combinator,2026-08-05 18:56:23,1,2
31563,Thomas,https://madebythomas.ai,B2B,USA,Y Combinator,2026-08-05 18:56:23,1,2
31562,Cohesion,https://cohesionplatform.com/,B2B,USA,Y Combinator,2026-08-05 18:56:23,1,3
31561,Maquoketa Research,https://www.maquoketa.net,Industrials,USA,Y Combinator,2026-08-05 18:56:23,1,5
31560,Intelligence Factory,https://intelligence-factory.com,Industrials,USA,Y Combinator,2026-08-05 18:56:23,1,5
31554,Clawvisor,https://clawvisor.com,B2B,USA,Y Combinator,2026-08-05 18:56:23,1,1
31553,Framewise Health,https://framewisehealth.com,Healthcare,USA,Y Combinator,2026-08-05 18:56:23,1,2
31552,Arctic Health,https://arctic.health,Healthcare,USA,Y Combinator,2026-08-05 18:56:23,1,4
31550,Playabl.ai,https://playabl.ai,Consumer,USA,Y Combinator,2026-08-05 18:56:23,1,10
31549,Enjamb Labs,https://www.enjamb.ai,B2B,USA,Y Combinator,2026-08-05 18:56:23,1,2
31548,Hyper,https://heyhyper.ai,B2B,USA,Y Combinator,2026-08-05 18:56:23,1,2
31547,InsForge,https://insforge.dev/,B2B,USA,Y Combinator,2026-08-05 18:56:23,1,6
31546,ReasonBlocks,https://reasonblocks.com/,B2B,USA,Y Combinator,2026-08-05 18:56:23,1,2
31545,Modern,https://getmodern.ai,B2B,USA,Y Combinator,2026-08-05 18:56:23,1,2
31544,Panacea,https://withpanacea.com,Healthcare,USA,Y Combinator,2026-08-05 18:56:23,1,2
31543,CentralComs,https://centralcoms.com,Real Estate and Construction,USA,Y Combinator,2026-08-05 18:56:23,1,2
31540,KugelAudio,https://kugelaudio.com/en,B2B,USA,Y Combinator,2026-08-05 18:56:23,1,4
31539,Klaimee,https://www.klaimee.ai,Fintech,USA,Y Combinator,2026-08-05 18:56:23,1,2
31538,flowscope,https://flowscope.com,B2B,USA,Y Combinator,2026-08-05 18:56:23,1,2
31536,Gigacatalyst,https://gigacatalyst.com/,B2B,USA,Y Combinator,2026-08-05 18:56:23,1,4
31535,Arlo Industries,https://arlo1.com/,Industrials,USA,Y Combinator,2026-08-05 18:56:23,1,3
31534,Astraea,https://tryastraea.com,B2B,USA,Y Combinator,2026-08-05 18:56:23,1,2
31533,Lattice Health,https://www.latticehealthai.com/,Healthcare,USA,Y Combinator,2026-08-05 18:56:23,1,1
31531,Manicule,https://manicule.dev,B2B,USA,Y Combinator,2026-08-05 18:56:23,1,5
31530,Avea Robotics,https://www.avearobotics.com,Industrials,USA,Y Combinator,2026-08-05 18:56:23,1,2
31529,Mochatrade,https://www.mochatrade.com,Fintech,USA,Y Combinator,2026-08-05 18:56:23,1,3
31528,Asendia AI,https://asendia.ai/,B2B,USA,Y Combinator,2026-08-05 18:56:23,1,3
31527,Revnu,https://revnu.com,B2B,USA,Y Combinator,2026-08-05 18:56:23,1,2
31526,Uno Wallet,https://myunowallet.com/,Fintech,USA,Y Combinator,2026-08-05 18:56:23,1,2
31525,Arden,https://ardentech.ai/,B2B,USA,Y Combinator,2026-08-05 18:56:23,1,2
31524,AgentPhone,https://agentphone.ai/,B2B,USA,Y Combinator,2026-08-05 18:56:23,1,2
31522,Gravy,https://gravy.finance,Fintech,USA,Y Combinator,2026-08-05 18:56:23,1,2
31520,Kinect,https://www.trykinect.ai/,B2B,USA,Y Combinator,2026-08-05 18:56:23,1,2
31518,Runtime,https://www.runtm.com/,B2B,USA,Y Combinator,2026-08-05 18:56:23,1,3
31517,YouArt,https://youart.ai,Consumer,USA,Y Combinator,2026-08-05 18:56:23,1,3
31516,Expanse,https://expanse.sh,B2B,USA,Y Combinator,2026-08-05 18:56:23,1,4
31513,CharacterQuilt,https://characterquilt.com,B2B,USA,Y Combinator,2026-08-05 18:56:23,1,4
31512,Pentagon,https://pentagon.run,B2B,USA,Y Combinator,2026-08-05 18:56:23,1,1
31511,Arzana,https://www.arzana.com/,B2B,USA,Y Combinator,2026-08-05 18:56:23,1,6
31510,Auxos,https://www.useauxos.com,B2B,USA,Y Combinator,2026-08-05 18:56:23,1,3
31507,ProjectX,https://www.projectx.cloud/,B2B,USA,Y Combinator,2026-08-05 18:56:23,1,8
31506,Tolmo,https://www.tolmo.com,B2B,USA,Y Combinator,2026-08-05 18:56:23,1,12
31505,OpenWork,https://openworklabs.com,B2B,USA,Y Combinator,2026-08-05 18:56:23,1,4
31503,"Apollo Atomics, Inc.",https://apolloatomics.com/,Industrials,USA,Y Combinator,2026-08-05 18:56:23,1,
31501,General Aviation,https://generalaviation.com,Industrials,USA,Y Combinator,2026-08-05 18:56:23,1,0
31500,OpenProse,https://prose.md,B2B,USA,Y Combinator,2026-08-05 18:56:23,1,3
31498,Aster,https://www.asterlab.ai/,B2B,USA,Y Combinator,2026-08-05 18:56:23,1,2
31497,Amboras,https://amboras.com,B2B,USA,Y Combinator,2026-08-05 18:56:23,1,3
31496,Hessian,https://hessian.sh,B2B,USA,Y Combinator,2026-08-05 18:56:23,1,3
31494,RASPIRE,https://raspire.com/,B2B,USA,Y Combinator,2026-08-05 18:56:23,1,3
31493,Plena Health,https://www.plena.health/,Healthcare,USA,Y Combinator,2026-08-05 18:56:23,1,
31491,TesterArmy,https://tester.army,B2B,USA,Y Combinator,2026-08-05 18:56:23,1,4
31489,Eden Robotics,https://www.edenrobotics.ai,Industrials,USA,Y Combinator,2026-08-05 18:56:23,1,4
31488,Foaster,https://foaster.ai,B2B,USA,Y Combinator,2026-08-05 18:56:23,1,2
31487,AquaShield,https://aquashieldai.com,Real Estate and Construction,USA,Y Combinator,2026-08-05 18:56:23,1,3
31486,Ornadyne,https://ornadyne.com/,Industrials,USA,Y Combinator,2026-08-05 18:56:23,1,4
31485,ANORIA,https://www.anoria.com,Consumer,USA,Y Combinator,2026-08-05 18:56:23,1,5
31484,AbInitio Bio,https://www.abinitio-bio.com,Healthcare,USA,Y Combinator,2026-08-05 18:56:23,1,2
31482,Memory Store,https://memory.store,B2B,USA,Y Combinator,2026-08-05 18:56:23,1,4
31481,Saudara AI,https://saudara.ai,B2B,USA,Y Combinator,2026-08-05 18:56:23,1,2
31480,Pops,https://pops.fyi,Consumer,USA,Y Combinator,2026-08-05 18:56:23,1,1
31478,Silmaril,https://silmaril.dev,B2B,USA,Y Combinator,2026-08-05 18:56:23,1,2
31477,BioStack Platforms,https://www.getbiostack.com/,Healthcare,USA,Y Combinator,2026-08-05 18:56:23,1,0
31475,Ardent,https://tryardent.com,B2B,USA,Y Combinator,2026-08-05 18:56:23,1,2
31473,Kuli,https://kuli.one,B2B,USA,Y Combinator,2026-08-05 18:56:23,1,1
31472,Wato,https://www.watolabs.com/,B2B,USA,Y Combinator,2026-08-05 18:56:23,1,2
31470,Tasklet,https://tasklet.ai,B2B,USA,Y Combinator,2026-08-05 18:56:23,1,8
31468,Chronicle Labs,https://chronicle-labs.com,B2B,USA,Y Combinator,2026-08-05 18:56:23,1,2
31466,Walter,https://www.walter.one,B2B,USA,Y Combinator,2026-08-05 18:56:23,1,0
31465,Aseon Labs,https://www.aseonlabs.com/,Industrials,USA,Y Combinator,2026-08-05 18:56:23,1,5
31464,Soria,https://www.soriaanalytics.com/,Fintech,USA,Y Combinator,2026-08-05 18:56:23,1,3
31463,Armature,https://armature.tech,B2B,USA,Y Combinator,2026-08-05 18:56:23,1,3
31460,PLAN0 AI,https://plan0.ai/,Real Estate and Construction,,Y Combinator,2026-08-05 18:56:23,1,4
31459,Zibra Labs,https://zibralabs.ai/,B2B,USA,Y Combinator,2026-08-05 18:56:23,1,2
31458,Ara,https://ara.so,B2B,USA,Y Combinator,2026-08-05 18:56:23,1,2
31457,ValCtrl,https://valctrl.com,Fintech,USA,Y Combinator,2026-08-05 18:56:23,1,2
31456,General Instinct,https://general-instinct.com/,Industrials,USA,Y Combinator,2026-08-05 18:56:23,1,2
31455,tday.com,https://tday.com,B2B,USA,Y Combinator,2026-08-05 18:56:23,1,2
31454,ED1TH,https://www.ed1th.com,Consumer,USA,Y Combinator,2026-08-05 18:56:23,1,1
31453,Minicor,https://minicor.com,B2B,USA,Y Combinator,2026-08-05 18:56:23,1,7
31451,Archer,https://archermoney.com/,Fintech,USA,Y Combinator,2026-08-05 18:56:23,1,4
31450,River Markets,https://www.rivermarkets.com,Fintech,USA,Y Combinator,2026-08-05 18:56:23,1,2
31448,smol machines,https://smolmachines.com/,B2B,USA,Y Combinator,2026-08-05 18:56:23,1,1
31447,Allowance,https://useallowance.com/,Fintech,USA,Y Combinator,2026-08-05 18:56:23,1,1
31445,Harbor,https://runharbor.com/,Healthcare,USA,Y Combinator,2026-08-05 18:56:23,1,3
31444,Alchemize,https://tryalchemize.com,B2B,USA,Y Combinator,2026-08-05 18:56:23,1,2
31443,Complir,https://complir.io/,B2B,USA,Y Combinator,2026-08-05 18:56:23,1,13
31442,AICE,https://aicepower.com,Industrials,USA,Y Combinator,2026-08-05 18:56:23,1,2
31441,Infera,https://www.infera.bio,Healthcare,USA,Y Combinator,2026-08-05 18:56:23,1,2
31440,Mount,https://mount.insure,Fintech,USA,Y Combinator,2026-08-05 18:56:23,1,2
31439,Parrot,https://www.useparrot.com/,B2B,USA,Y Combinator,2026-08-05 18:56:23,1,2
31438,Result,https://result.dev/,Consumer,Unspecified,Y Combinator,2026-08-05 18:56:23,1,2
31436,Prototyping.io,https://www.prototyping.io,Industrials,USA,Y Combinator,2026-08-05 18:56:23,1,2
31435,Lumius,https://www.lumius-imaging.com,Healthcare,USA,Y Combinator,2026-08-05 18:56:23,1,4
31434,Adialante,http://www.adialante.com,Healthcare,USA,Y Combinator,2026-08-05 18:56:23,1,4
31433,Savant,https://heysavant.com/,B2B,USA,Y Combinator,2026-08-05 18:56:23,1,2
31432,Keyframe Labs,https://keyframelabs.com,B2B,USA,Y Combinator,2026-08-05 18:56:23,1,2
31430,Voquill,https://voquill.com/,Healthcare,USA,Y Combinator,2026-08-05 18:56:23,1,3
31429,Oddpool,https://www.oddpool.com,B2B,USA,Y Combinator,2026-08-05 18:56:23,1,2
31428,Ontora,https://ontora.com,B2B,USA,Y Combinator,2026-08-05 18:56:23,1,3
31427,Napkin Math,https://napkinmath.club,Consumer,USA,Y Combinator,2026-08-05 18:56:23,1,3
31426,Gojiberry AI,https://www.gojiberry.ai,B2B,USA,Y Combinator,2026-08-05 18:56:23,1,7
31424,Lab0,https://lab0.ai,B2B,USA,Y Combinator,2026-08-05 18:56:23,1,3
31423,BentoLabs AI,https://bentolabs.ai/,B2B,USA,Y Combinator,2026-08-05 18:56:23,1,5
31421,Lamina Labs,https://laminalabs.ai,B2B,USA,Y Combinator,2026-08-05 18:56:23,1,2
31420,Kimpton AI,https://kimpton.ai,Fintech,USA,Y Combinator,2026-08-05 18:56:23,1,5
31419,StableBrowse,https://stablebrowse.ai/,B2B,USA,Y Combinator,2026-08-05 18:56:23,1,3
31418,Taiga,https://taigabilling.com,Healthcare,USA,Y Combinator,2026-08-05 18:56:23,1,2
31417,Pairio,https://pairio.com,B2B,Germany,Y Combinator,2026-08-05 18:56:23,1,3
31416,Callab AI,https://callab.ai,B2B,USA,Y Combinator,2026-08-05 18:56:23,1,7
31415,Synphony,https://www.synphony.co/,Industrials,USA,Y Combinator,2026-08-05 18:56:23,1,10
31414,Dreach,https://dreach.ai,B2B,USA,Y Combinator,2026-08-05 18:56:23,1,2
31413,Arga Labs,https://www.argalabs.com/,B2B,USA,Y Combinator,2026-08-05 18:56:23,1,4
31411,Andco,http://www.useandco.com,B2B,USA,Y Combinator,2026-08-05 18:56:23,1,3
31410,RentAHuman,https://rentahuman.ai,Consumer,USA,Y Combinator,2026-08-05 18:56:23,1,3
31409,InstaAgent,https://instaagent.com,B2B,USA,Y Combinator,2026-08-05 18:56:23,1,9
31408,Salesgraph,https://www.salesgraph.com/,B2B,USA,Y Combinator,2026-08-05 18:56:23,1,2
31407,Sherpa,https://www.withsherpa.ai/,B2B,USA,Y Combinator,2026-08-05 18:56:23,1,2
31404,Userlens,https://userlens.io,B2B,USA,Y Combinator,2026-08-05 18:56:23,1,4
31403,transload,https://www.transload.io,B2B,USA,Y Combinator,2026-08-05 18:56:23,1,3
31402,Standout,https://standout.work,B2B,USA,Y Combinator,2026-08-05 18:56:23,1,5
31400,shotwell.ai,http://shotwell.ai/,Industrials,USA,Y Combinator,2026-08-05 18:56:23,1,4
31399,Madrone,https://madrone.cool/,Industrials,USA,Y Combinator,2026-08-05 18:56:23,1,2
31398,Pavoot,https://pavoot.com,B2B,USA,Y Combinator,2026-08-05 18:56:23,1,0
31396,qomplement,https://qomplement.com,B2B,USA,Y Combinator,2026-08-05 18:56:23,1,7
31395,Deep Interactions,https://deepinteractions.ai/,B2B,USA,Y Combinator,2026-08-05 18:56:23,1,4
31393,KelAI,https://kelaitech.com/,Fintech,USA,Y Combinator,2026-08-05 18:56:23,1,3
31391,"HEVN, inc",https://gethevn.com,Fintech,,Y Combinator,2026-08-05 18:56:23,1,4
31390,Wealor,https://wealor.ai/,Fintech,USA,Y Combinator,2026-08-05 18:56:23,1,0
31388,Elyra,https://www.elyrasystems.com/,B2B,Sweden,Y Combinator,2026-08-05 18:56:23,1,2
31386,Interfaze,https://interfaze.ai,B2B,USA,Y Combinator,2026-08-05 18:56:23,1,5
31385,Zolvo,https://zolvo.com/,Fintech,USA,Y Combinator,2026-08-05 18:56:23,1,3
31383,Juno,https://junocompanion.com/,Healthcare,USA,Y Combinator,2026-08-05 18:56:23,1,2
31382,Kinro,https://www.kinro.com/,Fintech,USA,Y Combinator,2026-08-05 18:56:23,1,3
31381,GovGuard,https://govguard.com,Government,USA,Y Combinator,2026-08-05 18:56:23,1,0
31380,Superlog,https://superlog.sh/,B2B,USA,Y Combinator,2026-08-05 18:56:23,1,2
31377,Limrun,https://lim.run,B2B,USA,Y Combinator,2026-08-05 18:56:23,1,1
31376,Light Anchor,https://lightanchor.ai,Consumer,USA,Y Combinator,2026-08-05 18:56:23,1,2
31375,Hub,https://hub.xyz,B2B,USA,Y Combinator,2026-08-05 18:56:23,1,10
31374,Tenet Industries,https://www.tenetindustries.com,Industrials,USA,Y Combinator,2026-08-05 18:56:23,1,3
31373,Atrisa,https://atrisa.ai,B2B,USA,Y Combinator,2026-08-05 18:56:23,1,3
31372,Trellis,https://trellistech.com,B2B,USA,Y Combinator,2026-08-05 18:56:23,1,5
31371,The Company Company,https://www.thecompany.company,B2B,USA,Y Combinator,2026-08-05 18:56:23,1,1
31370,Dayjob,https://www.getdayjob.ai,B2B,United Kingdom,Y Combinator,2026-08-05 18:56:23,1,5
31369,InLoop Robotics,https://inloop-robotics.com/,Industrials,USA,Y Combinator,2026-08-05 18:56:23,1,4
31368,Zenbu,https://www.zenbu.dev/,B2B,USA,Y Combinator,2026-08-05 18:56:23,1,1
31367,Andustry,http://andustry.com/,B2B,Germany,Y Combinator,2026-08-05 18:56:23,1,2
31366,Nine Fives,https://ninefives.com/,Industrials,USA,Y Combinator,2026-08-05 18:56:23,1,2
31365,Incandor,https://www.incandor.com,B2B,USA,Y Combinator,2026-08-05 18:56:23,1,0
31364,Chert,https://www.trychert.com/,B2B,USA,Y Combinator,2026-08-05 18:56:23,1,2
31363,Saffron,https://www.trysaffron.ai/,B2B,USA,Y Combinator,2026-08-05 18:56:23,1,3
31362,Discovered Materials,https://discoveredmaterials.com,Industrials,USA,Y Combinator,2026-08-05 18:56:23,1,2
31360,Lightsprint,https://lightsprint.ai,B2B,USA,Y Combinator,2026-08-05 18:56:23,1,3
31359,Twolabs,https://www.twolabs.ai,Industrials,USA,Y Combinator,2026-08-05 18:56:23,1,2
31351,Scope,https://tryscope.app,B2B,USA,Y Combinator,2026-08-05 18:56:23,1,2
31350,Hexa,https://www.hexaagents.com,B2B,USA,Y Combinator,2026-08-05 18:56:23,1,3
31346,Rudus,http://rudus.ai/,Real Estate and Construction,USA,Y Combinator,2026-08-05 18:56:23,1,2
31345,Replicas,https://tryreplicas.com,B2B,USA,Y Combinator,2026-08-05 18:56:23,1,2
31344,Totalis,https://www.totalis.trade,Fintech,USA,Y Combinator,2026-08-05 18:56:23,1,0
31343,WithAI,https://withai.co,B2B,USA,Y Combinator,2026-08-05 18:56:23,1,3
31335,Memoir,https://www.trymemoir.ai/,B2B,USA,Y Combinator,2026-08-05 18:56:23,1,2
31333,"PerfectBit, Inc.",https://perfectbit.ai,B2B,USA,Y Combinator,2026-08-05 18:56:23,1,2
31332,Stage,https://www.stagereview.app/,B2B,USA,Y Combinator,2026-08-05 18:56:23,1,2
31330,Standard Signal,https://standardsignal.com,Fintech,USA,Y Combinator,2026-08-05 18:56:23,1,1
31329,primitive,https://primitive.dev,B2B,USA,Y Combinator,2026-08-05 18:56:23,1,4
31327,Korso,https://korsoai.com/,B2B,USA,Y Combinator,2026-08-05 18:56:23,1,3
31326,Klarify,https://www.klarify.ca/,Healthcare,USA,Y Combinator,2026-08-05 18:56:23,1,4
31325,Surtr Defense Systems,https://surtrdefense.com,Industrials,USA,Y Combinator,2026-08-05 18:56:23,1,2
31323,Hedge,https://www.hedgespecialty.com/,Fintech,USA,Y Combinator,2026-08-05 18:56:23,1,2
31294,Dispatch,https://dispatch.space/,Industrials,USA,Y Combinator,2026-08-05 18:56:23,1,2
31293,Bloom,https://trybloom.ai,B2B,USA,Y Combinator,2026-08-05 18:56:23,1,3
31279,Regbase,https://regbase.com,B2B,USA,Y Combinator,2026-08-05 18:56:23,1,3
31246,Inth,https://inth.com,B2B,USA,Y Combinator,2026-08-05 18:56:23,1,3
31222,Superset,https://www.superset.sh/,B2B,USA,Y Combinator,2026-08-05 18:56:23,1,3
31221,Netter,https://netter.ai,B2B,France,Y Combinator,2026-08-05 18:56:23,1,4
31211,Sazabi,https://www.sazabi.com/,B2B,USA,Y Combinator,2026-08-05 18:56:23,1,10
31193,9 Mothers,https://9mothers.com,Industrials,USA,Y Combinator,2026-08-05 18:56:23,1,19
31157,Drafted,https://www.drafted.ai/,Consumer,USA,Y Combinator,2026-08-05 18:56:23,1,9
31117,Cignara,https://cignara.com/,B2B,USA,Y Combinator,2026-08-05 18:56:23,1,4
31102,Fuchsia,https://getfuchsia.ai/,B2B,USA,Y Combinator,2026-08-05 18:56:23,1,3
31076,Imperfect,https://imperfect.co,Consumer,USA,Y Combinator,2026-08-05 18:56:23,1,4
31063,Clara,http://askclara.com,Healthcare,USA,Y Combinator,2026-08-05 18:56:23,1,9
31046,Linzumi,https://linzumi.com,B2B,USA,Y Combinator,2026-08-05 18:56:23,1,3
31043,Advanced Metal Research,https://advancedmetalresearch.com/,Industrials,USA,Y Combinator,2026-08-05 18:56:23,1,3
31041,Ploy,https://ploy.ai,B2B,USA,Y Combinator,2026-08-05 18:56:23,1,14
30963,TakeCareOS,https://takecareos.com,B2B,USA,Y Combinator,2026-08-05 18:56:23,1,1
30944,Prism,https://tryprism.com/,B2B,United Kingdom,Y Combinator,2026-08-05 18:56:23,1,4
30915,FinalDose,https://finaldose.ai/,Healthcare,United Kingdom,Y Combinator,2026-08-05 18:56:23,1,5
30779,Smartbase,https://www.smartbase.so/,B2B,USA,Y Combinator,2026-08-05 18:56:23,1,2
30737,Foresight,https://foresight.tt/,B2B,USA,Y Combinator,2026-08-05 18:56:23,1,2
30723,Miso Labs,https://misolabs.ai,B2B,USA,Y Combinator,2026-08-05 18:56:23,1,2
30646,Humwork,https://humwork.ai,B2B,USA,Y Combinator,2026-08-05 18:56:23,1,2
30408,Autostep,https://autostep.ai/,B2B,USA,Y Combinator,2026-08-05 18:56:23,1,2
29155,jo,https://askjo.ai,Consumer,USA,Y Combinator,2026-08-05 18:56:23,1,2
12064,Deel,https://www.deel.com/,B2B,USA,Y Combinator,2026-08-05 18:56:23,1,5000
12237,Nowports,https://nowports.com/,B2B,,Y Combinator,2026-08-05 18:56:23,1,550
2019,JuziBot,https://www.juzibot.com/,B2B,China,Y Combinator,2026-08-05 18:56:23,1,34
12393,Shef,https://www.shef.com,Consumer,USA,Y Combinator,2026-08-05 18:56:23,1,70
12374,Schoolable,http://schoolable.co,Education,Nigeria,Y Combinator,2026-08-05 18:56:23,1,10
12373,Shipper,https://shipper.id,B2B,Indonesia,Y Combinator,2026-08-05 18:56:23,1,600
12371,Buy Me a Coffee,https://www.buymeacoffee.com/,Consumer,United Kingdom,Y Combinator,2026-08-05 18:56:23,1,30
12358,Eclipse Foods,http://www.eclipsefoods.com,Consumer,USA,Y Combinator,2026-08-05 18:56:23,1,
12355,YourChoice Therapeutics,http://ychoicetx.com,Healthcare,USA,Y Combinator,2026-08-05 18:56:23,1,3
12352,Taali Inc,https://www.taalifoods.com/,Consumer,USA,Y Combinator,2026-08-05 18:56:23,1,0
12325,NaturAll Club,http://naturallclub.com,Consumer,USA,Y Combinator,2026-08-05 18:56:23,1,17
12300,Atlas,https://atlascard.com,Fintech,USA,Y Combinator,2026-08-05 18:56:23,1,25
12299,rct AI,http://rct.ai,Consumer,USA,Y Combinator,2026-08-05 18:56:23,1,40
12297,Numero,https://www.numero.ai,Fintech,USA,Y Combinator,2026-08-05 18:56:23,1,15
12287,Prometheus,http://www.prometheusfuels.com,Industrials,USA,Y Combinator,2026-08-05 18:56:23,1,25
12286,1910,http://1910.ai,Healthcare,USA,Y Combinator,2026-08-05 18:56:23,1,20
12283,"OutRival, Inc.",https://outrival.com/,B2B,USA,Y Combinator,2026-08-05 18:56:23,1,15
12282,Truora,https://www.truora.com/,B2B,Colombia,Y Combinator,2026-08-05 18:56:23,1,80
12281,Pools (fka Withfriends),https://pools.events,Consumer,USA,Y Combinator,2026-08-05 18:56:23,1,2
12280,Cosmic,https://www.cosmicjs.com,B2B,USA,Y Combinator,2026-08-05 18:56:23,1,5
12279,FIRST,https://firstdelivery.com/,B2B,USA,Y Combinator,2026-08-05 18:56:23,1,12
12278,Verto,http://www.vertofx.com,Fintech,United Kingdom,Y Combinator,2026-08-05 18:56:23,1,170
12276,Latchel,http://latchel.com,B2B,USA,Y Combinator,2026-08-05 18:56:23,1,
12274,Inito,https://www.inito.com/,Healthcare,India,Y Combinator,2026-08-05 18:56:23,1,100
12273,Globe,https://globe.exchange,Fintech,United Kingdom,Y Combinator,2026-08-05 18:56:23,1,20
12272,VotingWorks,https://voting.works,Government,USA,Y Combinator,2026-08-05 18:56:23,1,18
12267,Mars Auto,https://marsauto.com,Industrials,South Korea,Y Combinator,2026-08-05 18:56:23,1,15
12266,Dockup,https://getdockup.com/,B2B,India,Y Combinator,2026-08-05 18:56:23,1,4
12263,Rune,http://rune.ai,Consumer,USA,Y Combinator,2026-08-05 18:56:23,1,3
12262,Cuanto,https://www.cuanto.app,Fintech,Panama,Y Combinator,2026-08-05 18:56:23,1,4
12261,Pronto,http://www.tuprontomx.com/,Consumer,Mexico,Y Combinator,2026-08-05 18:56:23,1,62
12259,Pulse Active Stations Network,http://www.getpulse.in/,Healthcare,India,Y Combinator,2026-08-05 18:56:23,1,10
12257,Cityfurnish,https://cityfurnish.com/,Consumer,India,Y Combinator,2026-08-05 18:56:23,1,90
12256,Glide,https://www.glideapps.com,B2B,USA,Y Combinator,2026-08-05 18:56:23,1,46
12255,Lezzoo,https://lezzoo.com,Consumer,Iraq,Y Combinator,2026-08-05 18:56:23,1,190
12251,Emi Labs,https://www.emilabs.ai,B2B,Argentina,Y Combinator,2026-08-05 18:56:23,1,50
12250,Bentocart,https://www.bentocart.com,Consumer,USA,Y Combinator,2026-08-05 18:56:23,1,3
12249,Spring in Africa,https://springinafrica.com,Fintech,USA,Y Combinator,2026-08-05 18:56:23,1,
12248,CredPal,https://credpal.com,Fintech,Nigeria,Y Combinator,2026-08-05 18:56:23,1,35
12247,Exly,https://exlyapp.com/,Consumer,India,Y Combinator,2026-08-05 18:56:23,1,95
12246,Keynua,https://www.keynua.com,B2B,Peru,Y Combinator,2026-08-05 18:56:23,1,15
12245,Edyst,https://edyst.com,Education,India,Y Combinator,2026-08-05 18:56:23,1,11
12242,AccioJob,http://www.acciojob.com,Education,India,Y Combinator,2026-08-05 18:56:23,1,250
12236,NALA,http://nala.com,Fintech,USA,Y Combinator,2026-08-05 18:56:23,1,168
12235,Mudrex,https://mudrex.com,Fintech,India,Y Combinator,2026-08-05 18:56:23,1,11
12234,Skill-lync,http://skill-lync.com,Education,India,Y Combinator,2026-08-05 18:56:23,1,3000
12136,AmpUp,https://ampup.io,Consumer,USA,Y Combinator,2026-08-05 18:56:23,1,45
12124,XGenomes,http://www.xgenomes.com,Healthcare,USA,Y Combinator,2026-08-05 18:56:23,1,6
12119,Alpaca,https://alpaca.markets/,Fintech,USA,Y Combinator,2026-08-05 18:56:23,1,150
12096,Maple Materials,http://maplematerials.com,Industrials,USA,Y Combinator,2026-08-05 18:56:23,1,6
12095,Upsolve,https://upsolve.org/learn/should-i-file-for-chapter-7-bankruptcy/,Fintech,USA,Y Combinator,2026-08-05 18:56:23,1,12
12094,Our World in Data,https://ourworldindata.org/,Education,United Kingdom,Y Combinator,2026-08-05 18:56:23,1,19
12093,Dagger,https://dagger.io,B2B,USA,Y Combinator,2026-08-05 18:56:23,1,22
12091,Superb AI,https://www.superb-ai.com,B2B,South Korea,Y Combinator,2026-08-05 18:56:23,1,65
12089,Heart Aerospace,http://www.heartaerospace.com,Industrials,USA,Y Combinator,2026-08-05 18:56:23,1,50
12088,Reelables,http://reelables.com,B2B,United Kingdom,Y Combinator,2026-08-05 18:56:23,1,0
12085,"Volta Labs, Inc.",http://voltalabs.com,Healthcare,USA,Y Combinator,2026-08-05 18:56:23,1,50
12084,JetPack Aviation,http://www.jetpackaviation.com,Industrials,USA,Y Combinator,2026-08-05 18:56:23,1,9
12083,Valo,https://boundarylayer.tech,Industrials,USA,Y Combinator,2026-08-05 18:56:23,1,3
12082,Wanderlog,https://wanderlog.com,Consumer,USA,Y Combinator,2026-08-05 18:56:23,1,5
12080,Aura Vision,https://auravision.ai,B2B,United Kingdom,Y Combinator,2026-08-05 18:56:23,1,10
12077,Instapath Inc.,http://instapathbio.com,Healthcare,USA,Y Combinator,2026-08-05 18:56:23,1,6
12074,Caribou,https://usecaribou.com,B2B,Portugal,Y Combinator,2026-08-05 18:56:23,1,10
12071,Ravn,https://ravn.com/,Government,USA,Y Combinator,2026-08-05 18:56:23,1,10
12070,Doppler,https://doppler.com,B2B,USA,Y Combinator,2026-08-05 18:56:23,1,25
12067,PNOĒ,,Healthcare,Greece,Y Combinator,2026-08-05 18:56:23,1,70
12065,Axel Travel,https://helloaxel.com/,Consumer,USA,Y Combinator,2026-08-05 18:56:23,1,20
12063,Pyxai,https://www.pyxai.com,B2B,USA,Y Combinator,2026-08-05 18:56:23,1,5
12062,Autodial prev Qwest,https://www.autodial.com,Consumer,USA,Y Combinator,2026-08-05 18:56:23,1,1
12057,Landed,https://www.gotlanded.com,B2B,USA,Y Combinator,2026-08-05 18:56:23,1,50
12056,Intact Therapeutics,http://www.intacttherapeutics.com,Healthcare,USA,Y Combinator,2026-08-05 18:56:23,1,4
12053,Mobot,https://www.mobot.io,B2B,USA,Y Combinator,2026-08-05 18:56:23,1,40
12046,Excepgen,http://www.excepgen.com,Healthcare,USA,Y Combinator,2026-08-05 18:56:23,1,3
12043,Handle,https://www.handle.com,Real Estate and Construction,USA,Y Combinator,2026-08-05 18:56:23,1,55
12042,Bunkerhill Health,http://bunkerhillhealth.com,Healthcare,USA,Y Combinator,2026-08-05 18:56:23,1,30
12039,Termius,https://termius.com,B2B,New Zealand,Y Combinator,2026-08-05 18:56:23,1,35
12037,Supernova,https://supernova.io,B2B,Czechia,Y Combinator,2026-08-05 18:56:23,1,20
12036,Probably Genetic,https://www.probablygenetic.com/,Healthcare,USA,Y Combinator,2026-08-05 18:56:23,1,17
12035,Ashby,https://www.ashbyhq.com,B2B,USA,Y Combinator,2026-08-05 18:56:23,1,110
12032,Okteto,https://okteto.com,B2B,USA,Y Combinator,2026-08-05 18:56:23,1,30
12020,Bensen,http://www.bensen.ai,B2B,USA,Y Combinator,2026-08-05 18:56:23,1,2
12010,Switchboard,https://www.onswitchboard.com,B2B,Canada,Y Combinator,2026-08-05 18:56:23,1,24
12006,AI Insurance,https://www.aiinsurance.io,Fintech,USA,Y Combinator,2026-08-05 18:56:23,1,16
12005,Demodesk,https://demodesk.com,B2B,Germany,Y Combinator,2026-08-05 18:56:23,1,25
12003,Avo,https://www.avo.app/,B2B,Iceland,Y Combinator,2026-08-05 18:56:23,1,10
11995,Nabis,https://www.nabis.com/,B2B,USA,Y Combinator,2026-08-05 18:56:23,1,300
11994,Sapling.ai,https://sapling.ai,B2B,USA,Y Combinator,2026-08-05 18:56:23,1,2
11993,WeatherCheck,https://www.weathercheck.co/,Fintech,USA,Y Combinator,2026-08-05 18:56:23,1,10
11991,Community Phone Company,https://www.communityphone.org/,Consumer,USA,Y Combinator,2026-08-05 18:56:23,1,101
11988,Thrive Agric,https://www.thriveagric.com/,Industrials,Nigeria,Y Combinator,2026-08-05 18:56:23,1,227
11986,Tailornova/Couturme,http://patternfast.com,B2B,USA,Y Combinator,2026-08-05 18:56:23,1,9
11984,GoLinks,https://www.golinks.io,B2B,USA,Y Combinator,2026-08-05 18:56:23,1,70
11983,Middesk,http://www.middesk.com,B2B,USA,Y Combinator,2026-08-05 18:56:23,1,130
11981,Windwalk,windwalk.com,Consumer,USA,Y Combinator,2026-08-05 18:56:23,1,25
11979,LEAH Labs,http://www.leahlabs.com,Healthcare,USA,Y Combinator,2026-08-05 18:56:23,1,4
11977,MedCrypt,https://www.medcrypt.co,Healthcare,USA,Y Combinator,2026-08-05 18:56:23,1,16
11976,BrainKey,https://www.brainkey.ai/,Healthcare,USA,Y Combinator,2026-08-05 18:56:23,1,20
11974,FLOWER CO.,https://flowercompany.com,Consumer,USA,Y Combinator,2026-08-05 18:56:23,1,30
11969,Postscript,https://postscript.io,B2B,,Y Combinator,2026-08-05 18:56:23,1,180
11968,Nebullam (DBA Clayton Farms),http://ClaytonFarms.com,Consumer,USA,Y Combinator,2026-08-05 18:56:23,1,2
11963,SciTok,https://www.scitok.com,Consumer,USA,Y Combinator,2026-08-05 18:56:23,1,2
11962,Dyneti Technologies,http://www.dyneti.com,B2B,USA,Y Combinator,2026-08-05 18:56:23,1,3
11961,Sorting Robotics,https://www.sortingrobotics.com/,B2B,USA,Y Combinator,2026-08-05 18:56:23,1,12
11960,Convictional,https://convictional.com,B2B,Canada,Y Combinator,2026-08-05 18:56:23,1,15
11959,Sunsama,https://sunsama.com,B2B,USA,Y Combinator,2026-08-05 18:56:23,1,7
11956,Spire Law,https://spirelawfirm.com/,B2B,USA,Y Combinator,2026-08-05 18:56:23,1,10
11948,Centaur,https://centaur.ai/,Healthcare,USA,Y Combinator,2026-08-05 18:56:23,1,45
11946,Ultralight,https://ultralig.ht,B2B,USA,Y Combinator,2026-08-05 18:56:23,1,1
11944,Bottomless,https://bottomless.com,Consumer,USA,Y Combinator,2026-08-05 18:56:23,1,2
11943,Kalshi,https://www.kalshi.com,Fintech,USA,Y Combinator,2026-08-05 18:56:23,1,125
11940,Keeper,https://keepertax.com,Fintech,USA,Y Combinator,2026-08-05 18:56:23,1,21
11935,AllSome Fulfillment,https://www.allsome.com,B2B,Malaysia,Y Combinator,2026-08-05 18:56:23,1,18
11934,Positive,https://www.positive.co,Consumer,USA,Y Combinator,2026-08-05 18:56:23,1,47
11932,The Juggernaut,https://www.thejuggernaut.com/,Consumer,USA,Y Combinator,2026-08-05 18:56:23,1,5
11927,Canopy (was Encarte),https://www.heycanopy.com/,Fintech,USA,Y Combinator,2026-08-05 18:56:23,1,2
11925,Intelline,https://www.intelline.ca/,Industrials,Canada,Y Combinator,2026-08-05 18:56:23,1,3
11924,Flockjay,https://flockjay.com,B2B,USA,Y Combinator,2026-08-05 18:56:23,1,10
11922,Trexo Robotics,http://trexorobotics.com,Healthcare,Canada,Y Combinator,2026-08-05 18:56:23,1,30
11919,Taobotics,http://www.taobotics.com,Industrials,China,Y Combinator,2026-08-05 18:56:23,1,11
11895,Overview,https://overview.ai,Industrials,USA,Y Combinator,2026-08-05 18:56:23,1,40
1898,Searchlight,https://www.searchlight.ai/,B2B,USA,Y Combinator,2026-08-05 18:56:23,0,20
12391,ZeroDown,https://zerodown.com/,Real Estate and Construction,USA,Y Combinator,2026-08-05 18:56:23,0,13
12372,Balto,http://playbalto.com,Consumer,USA,Y Combinator,2026-08-05 18:56:23,0,5
12366,Catch,http://www.catch.co,Fintech,USA,Y Combinator,2026-08-05 18:56:23,0,18
12356,Memfault,https://memfault.com,B2B,USA,Y Combinator,2026-08-05 18:56:23,0,80
12344,Accept.inc (formerly BoardRE),http://www.accept.inc,Fintech,USA,Y Combinator,2026-08-05 18:56:23,0,80
12275,WorkClout,https://www.workclout.com,B2B,USA,Y Combinator,2026-08-05 18:56:23,0,6
12271,Allure Systems,http://www.alluresystems.com/,B2B,USA,Y Combinator,2026-08-05 18:56:23,0,18
12260,AXDRAFT,https://axdraft.com,B2B,Ukraine,Y Combinator,2026-08-05 18:56:23,0,34
12244,Kovi,https://www.kovi.com.br,Fintech,Brazil,Y Combinator,2026-08-05 18:56:23,0,890
12241,Shiok Meats,http://www.shiokmeats.com,Healthcare,Singapore,Y Combinator,2026-08-05 18:56:23,0,9
12239,Slapdash,http://slapdash.com,B2B,USA,Y Combinator,2026-08-05 18:56:23,0,6
12238,Seawise Capital,https://www.seawisecapital.com,Fintech,India,Y Combinator,2026-08-05 18:56:23,0,3
12078,Cocoon,http://cocoon.com,Consumer,USA,Y Combinator,2026-08-05 18:56:23,0,6
12038,Doorport,https://www.doorport.com,Real Estate and Construction,USA,Y Combinator,2026-08-05 18:56:23,0,3
12034,Askdata,http://www.askdata.com,B2B,USA,Y Combinator,2026-08-05 18:56:23,0,17
12031,Elph,https://www.elph.com,B2B,USA,Y Combinator,2026-08-05 18:56:23,0,5
12014,Docbot,https://www.docbot.co,Healthcare,USA,Y Combinator,2026-08-05 18:56:23,0,0
12012,Atomic Alchemy,https://atomicalchemy.us,Industrials,USA,Y Combinator,2026-08-05 18:56:23,0,8
12009,Visly,https://visly.app,B2B,,Y Combinator,2026-08-05 18:56:23,0,6
12002,Forage,https://www.theforage.com/,B2B,USA,Y Combinator,2026-08-05 18:56:23,0,65
11985,Coursedog,http://coursedog.com,B2B,USA,Y Combinator,2026-08-05 18:56:23,0,100
11975,Hatch,http://usehatch.ai,B2B,USA,Y Combinator,2026-08-05 18:56:23,0,73
11972,Convex,https://www.convex.com,B2B,USA,Y Combinator,2026-08-05 18:56:23,0,110
11967,Ascen,https://ascen.com,B2B,USA,Y Combinator,2026-08-05 18:56:23,0,17
11966,Windsor,https://windsor.io,B2B,USA,Y Combinator,2026-08-05 18:56:23,0,5
11965,Preflight,http://preflight.com,B2B,USA,Y Combinator,2026-08-05 18:56:23,0,5
11938,InterPrime,https://www.interprime.co/,B2B,USA,Y Combinator,2026-08-05 18:56:23,0,3
11937,Insight,https://www.insightbrowser.com,Consumer,,Y Combinator,2026-08-05 18:56:23,0,3
11936,Pachama,http://pachama.com,Industrials,USA,Y Combinator,2026-08-05 18:56:23,0,85
11931,Geosite,https://www.geosite.io/,B2B,USA,Y Combinator,2026-08-05 18:56:23,0,40
11928,ZeroStorefront,http://www.zerostorefront.com,B2B,USA,Y Combinator,2026-08-05 18:56:23,0,7
11921,Fuzzbuzz,,B2B,USA,Y Combinator,2026-08-05 18:56:23,0,
12415,Spiral Genetics,http://www.spiralgenetics.com,Healthcare,USA,Y Combinator,2026-08-05 18:56:23,0,7
12387,Union Apartment,http://www.unionapt.live,Real Estate and Construction,USA,Y Combinator,2026-08-05 18:56:23,0,12
12362,Mage,https://magemarket.com,Consumer,Germany,Y Combinator,2026-08-05 18:56:23,0,3
12284,Basement,http://basement.social,Consumer,USA,Y Combinator,2026-08-05 18:56:23,0,2
12277,Tailor-ED,https://www.tailor-ed.com/,Education,Israel,Y Combinator,2026-08-05 18:56:23,0,10
12265,Sublime Black,http://sublimeblack.com,B2B,Unspecified,Y Combinator,2026-08-05 18:56:23,0,0
12264,Frubana Inc,https://www.frubana.com,B2B,Brazil,Y Combinator,2026-08-05 18:56:23,0,384
12258,Datamode,http://www.datamode.com,B2B,USA,Y Combinator,2026-08-05 18:56:23,0,1
12252,54Gene,http://www.54gene.com,Healthcare,Nigeria,Y Combinator,2026-08-05 18:56:23,0,47
12210,Endpoint Health,https://endpointhealth.com/,Healthcare,USA,Y Combinator,2026-08-05 18:56:23,0,23
12175,Capture,https://capture.so,B2B,USA,Y Combinator,2026-08-05 18:56:23,0,4
12092,Traverse Technologies,https://traverse.ai,B2B,Singapore,Y Combinator,2026-08-05 18:56:23,0,6
12090,Hypnos,http://hypnos.ai,Consumer,USA,Y Combinator,2026-08-05 18:56:23,0,3
12079,DailyDoctor,https://www.mydailydoctor.com,Healthcare,USA,Y Combinator,2026-08-05 18:56:23,0,
12073,Fuse,https://www.letsfuse.com/,Fintech,USA,Y Combinator,2026-08-05 18:56:23,0,7
12072,CareerTu,https://careertu.com/,Education,USA,Y Combinator,2026-08-05 18:56:23,0,15
12068,Cherry,http://www.startcherry.com,B2B,USA,Y Combinator,2026-08-05 18:56:23,0,2
12047,AuroraQ,http://auroraq.com,Industrials,Canada,Y Combinator,2026-08-05 18:56:23,0,1
12045,BlitzIQ,http://www.blitziq.com,B2B,USA,Y Combinator,2026-08-05 18:56:23,0,0
12041,Maitian.ai,https://maitian.ai,B2B,Singapore,Y Combinator,2026-08-05 18:56:23,0,5
12033,PerShop,https://www.pershop.app,Consumer,USA,Y Combinator,2026-08-05 18:56:23,0,2
12015,Docucharm,http://www.docucharm.com,B2B,USA,Y Combinator,2026-08-05 18:56:23,0,2
12013,Evo.Do,http://www.evo.do/,B2B,Israel,Y Combinator,2026-08-05 18:56:23,0,2
12011,ResistanceBio,http://www.resistance.bio,Healthcare,USA,Y Combinator,2026-08-05 18:56:23,0,15
12004,Simmer,https://www.usesimmer.com,Consumer,USA,Y Combinator,2026-08-05 18:56:23,0,2
11992,Basilica,https://www.basilica.ai,B2B,USA,Y Combinator,2026-08-05 18:56:23,0,2
11990,Adventurous Co,http://adventurous.co,Consumer,USA,Y Combinator,2026-08-05 18:56:23,0,2
11982,Herald,https://www.heraldhq.com,B2B,USA,Y Combinator,2026-08-05 18:56:23,0,2
11978,Avalanche,https://useavalanche.com,B2B,USA,Y Combinator,2026-08-05 18:56:23,0,1
11971,Portal Entryways,https://www.portalentryways.com/,B2B,USA,Y Combinator,2026-08-05 18:56:23,0,4
11964,Chaser,,B2B,USA,Y Combinator,2026-08-05 18:56:23,0,2
11957,Green Energy Exchange,http://getgex.com,Industrials,USA,Y Combinator,2026-08-05 18:56:23,0,3
11955,DevFlight,https://devflight.com,B2B,USA,Y Combinator,2026-08-05 18:56:23,0,2
11954,Comradery,https://comradery.com,B2B,USA,Y Combinator,2026-08-05 18:56:23,0,1
11949,SpaceRyde,http://www.spaceryde.com,Industrials,USA,Y Combinator,2026-08-05 18:56:23,0,33
11942,Pengram,http://pengramar.com,B2B,USA,Y Combinator,2026-08-05 18:56:23,0,2
11941,Kopa,https://www.kopa.co,Real Estate and Construction,USA,Y Combinator,2026-08-05 18:56:23,0,6
11939,Vectordash,https://vectordash.com,Consumer,USA,Y Combinator,2026-08-05 18:56:23,0,3
11933,Volk Wireless,http://volkfi.com,Consumer,Unspecified,Y Combinator,2026-08-05 18:56:23,0,0
11930,Brick Health,https://brick.health,Healthcare,USA,Y Combinator,2026-08-05 18:56:23,0,1
11926,Parker,https://www.getparker.com,Fintech,USA,Y Combinator,2026-08-05 18:56:23,0,10
11923,Allo,https://www.allocommunity.com/,Consumer,USA,Y Combinator,2026-08-05 18:56:23,0,2
33936,Conifer,https://www.conifer.build,B2B,USA,Y Combinator,2026-08-05 18:56:23,1,3
33806,Experiential Labs,https://experientiallabs.ai,B2B,USA,Y Combinator,2026-08-05 18:56:23,1,2
33805,Edviro,https://edviroenergy.com,B2B,USA,Y Combinator,2026-08-05 18:56:23,1,2
33738,Coasty,http://coasty.ai/,B2B,USA,Y Combinator,2026-08-05 18:56:23,1,2
33673,Caution,https://caution.co,B2B,Cayman Islands,Y Combinator,2026-08-05 18:56:23,1,5
33607,Atomarine,https://atomarine.co,Industrials,USA,Y Combinator,2026-08-05 18:56:23,1,2
33606,Billow AI Labs,https://thebillow.ai/,B2B,USA,Y Combinator,2026-08-05 18:56:23,1,0
33573,hardware intelligence,https://hardwareintelligence.ai,B2B,USA,Y Combinator,2026-08-05 18:56:23,1,2
33540,Osseus,https://osseus.ai/,B2B,Unspecified,Y Combinator,2026-08-05 18:56:23,1,2
33408,Salem Robotics Inc,https://salemroboticsinc.com,Industrials,USA,Y Combinator,2026-08-05 18:56:23,1,2
33349,Robocurve,https://robocurve.org,Industrials,USA,Y Combinator,2026-08-05 18:56:23,1,2
33348,hiloop,https://hiloop.ai,B2B,USA,Y Combinator,2026-08-05 18:56:23,1,2
33342,Nex,https://nex.ai,B2B,USA,Y Combinator,2026-08-05 18:56:23,1,5
33320,OneCLI,https://onecli.sh,B2B,USA,Y Combinator,2026-08-05 18:56:23,1,0
33317,Wondering,https://wondering.app,Consumer,USA,Y Combinator,2026-08-05 18:56:23,1,2
33316,Tracer,https://tracerml.ai,B2B,USA,Y Combinator,2026-08-05 18:56:23,1,1
33315,Amulet,https://amulet.so/,B2B,USA,Y Combinator,2026-08-05 18:56:23,1,2
33314,Avoca Systems,https://avocasystems.com,Healthcare,USA,Y Combinator,2026-08-05 18:56:23,1,8
33313,SubVysion,https://subvysion.com,Real Estate and Construction,USA,Y Combinator,2026-08-05 18:56:23,1,2
33311,"SpaceFlow Technologies, Inc.",https://spaceflow.tech,B2B,USA,Y Combinator,2026-08-05 18:56:23,1,4
33310,Petrarch,https://petrarch.co/,B2B,USA,Y Combinator,2026-08-05 18:56:23,1,3
33283,Locke,https://locke.inc,B2B,USA,Y Combinator,2026-08-05 18:56:23,1,2
33282,Florin,https://florin.inc,Fintech,USA,Y Combinator,2026-08-05 18:56:23,1,3
33281,Earendil Robotics,https://earendil.io,Industrials,USA,Y Combinator,2026-08-05 18:56:23,1,7
33277,Hop Aero,https://hop-aero.com,Industrials,USA,Y Combinator,2026-08-05 18:56:23,1,6
33250,Agent FM,https://www.agentfm.ai/,B2B,USA,Y Combinator,2026-08-05 18:56:23,1,2
33249,OpenRelay,https://www.openrelay.inc,B2B,USA,Y Combinator,2026-08-05 18:56:23,1,2
33248,Dock,https://trydock.ai,B2B,USA,Y Combinator,2026-08-05 18:56:23,1,2
33177,HyperProbe,http://hyperprobe.co,B2B,USA,Y Combinator,2026-08-05 18:56:23,1,8
33144,Grip,https://www.griprobotics.ai,Industrials,Switzerland,Y Combinator,2026-08-05 18:56:23,1,4
33111,Skymerse,https://skymerse.com,Industrials,USA,Y Combinator,2026-08-05 18:56:23,1,
33062,Hubble,https://hubble.ai/,Healthcare,USA,Y Combinator,2026-08-05 18:56:23,1,2
33059,Palisade,,B2B,USA,Y Combinator,2026-08-05 18:56:23,1,1
33056,83 Sciences,https://83sciences.ai,Industrials,USA,Y Combinator,2026-08-05 18:56:23,1,3
33055,chromie.dev,https://chromie.dev,B2B,USA,Y Combinator,2026-08-05 18:56:23,1,2
33054,Lamb Labs,http://lamb-labs.com,B2B,United Kingdom,Y Combinator,2026-08-05 18:56:23,1,0
33052,Mireye,https://www.mireye.com/,B2B,USA,Y Combinator,2026-08-05 18:56:23,1,2
33050,Derya,http://usederya.com,B2B,USA,Y Combinator,2026-08-05 18:56:23,1,2
33047,Decawork,https://decawork.ai/,B2B,USA,Y Combinator,2026-08-05 18:56:23,1,2
33046,CarSignal,https://www.trycarsignal.com,B2B,USA,Y Combinator,2026-08-05 18:56:23,1,2
33045,Axelrod,https://axelrod.live/,B2B,USA,Y Combinator,2026-08-05 18:56:23,1,2
33023,Levocred AI,https://levocred.com/,Fintech,USA,Y Combinator,2026-08-05 18:56:23,1,2
33022,Praxis AI,https://www.praxisrobotics.io,Industrials,USA,Y Combinator,2026-08-05 18:56:23,1,3
33021,Care GP,https://caregp.com.au/,Healthcare,Australia,Y Combinator,2026-08-05 18:56:23,1,10
33019,Agnost AI,https://agnost.ai,B2B,USA,Y Combinator,2026-08-05 18:56:23,1,2
33018,Agentcard,https://agentcard.sh,Fintech,USA,Y Combinator,2026-08-05 18:56:23,1,0
33017,ProvenMetal,https://provenmetal.com,Industrials,USA,Y Combinator,2026-08-05 18:56:23,1,4
33016,Gamgee,https://gamgee.io/,Healthcare,USA,Y Combinator,2026-08-05 18:56:23,1,2
33014,Inkbox,https://inkbox.ai,B2B,USA,Y Combinator,2026-08-05 18:56:23,1,3
33013,Operon,https://operonsolutions.com/en,Industrials,USA,Y Combinator,2026-08-05 18:56:23,1,0
33012,Cosmic Robotics,https://www.cosmicrobotics.com/,Industrials,USA,Y Combinator,2026-08-05 18:56:23,1,8
32988,Markov,https://www.markovstudios.com/,B2B,USA,Y Combinator,2026-08-05 18:56:23,1,2
32985,Lumeria,https://lumeria.skin,Healthcare,USA,Y Combinator,2026-08-05 18:56:23,1,3
32979,RonanRx Inc.,https://ronanrx.com/,Healthcare,USA,Y Combinator,2026-08-05 18:56:23,1,5
32947,Executor,https://executor.sh,B2B,USA,Y Combinator,2026-08-05 18:56:23,1,1
32914,Last Accounting Company,https://lastaccountingcompany.com/,B2B,USA,Y Combinator,2026-08-05 18:56:23,1,4
32848,Luca IQ,https://lucaiq.com/,B2B,USA,Y Combinator,2026-08-05 18:56:23,1,5
32814,Computable,https://getcomputable.com,Fintech,USA,Y Combinator,2026-08-05 18:56:23,1,2
32782,Denta,https://trydenta.com,Healthcare,USA,Y Combinator,2026-08-05 18:56:23,1,1
32781,Isengard Industries Inc,http://isengardindustries.com/,Industrials,USA,Y Combinator,2026-08-05 18:56:23,1,30
32753,Ekho Labs,https://ekholabs.com/,B2B,USA,Y Combinator,2026-08-05 18:56:23,1,0
32751,Vestris,https://vestris.ai/,Real Estate and Construction,USA,Y Combinator,2026-08-05 18:56:23,1,2
32750,Ultrasonium,https://ultrasonium.com/,Industrials,USA,Y Combinator,2026-08-05 18:56:23,1,17
32749,Arbital,https://www.arbital.xyz,Fintech,Singapore,Y Combinator,2026-08-05 18:56:23,1,3
32748,PokerClubHub,https://www.pokerclubhub.com,Consumer,Costa Rica,Y Combinator,2026-08-05 18:56:23,1,0
32717,Neuron Industries,https://neuronindustries.com,Industrials,USA,Y Combinator,2026-08-05 18:56:23,1,2
32682,LATO,https://www.latolabs.io/,B2B,USA,Y Combinator,2026-08-05 18:56:23,1,2
32650,Risklytics,https://www.risklytics.ai/,Fintech,USA,Y Combinator,2026-08-05 18:56:23,1,2
32649,Daqstra,https://www.daqstra.com,B2B,USA,Y Combinator,2026-08-05 18:56:23,1,3
32624,Fabraix,https://fabraix.com,B2B,USA,Y Combinator,2026-08-05 18:56:23,1,2
32623,Omanta,https://omanta.com/,Healthcare,USA,Y Combinator,2026-08-05 18:56:23,1,4
32622,Rational,https://rational.to,B2B,USA,Y Combinator,2026-08-05 18:56:23,1,2
32621,Aktoria Robotics,https://aktoria.com/,Industrials,USA,Y Combinator,2026-08-05 18:56:23,1,2
32620,Vendo,https://vendo.run/,B2B,USA,Y Combinator,2026-08-05 18:56:23,1,2
32617,Whitespace,https://whitespacehq.ai/,B2B,United Kingdom,Y Combinator,2026-08-05 18:56:23,1,2
32616,Orvixo,https://www.orvixo.ai/,Industrials,United Kingdom,Y Combinator,2026-08-05 18:56:23,1,2
32588,Almanac,https://codealmanac.com,B2B,USA,Y Combinator,2026-08-05 18:56:23,1,0
32587,TareBio,https://tarebio.com/,Healthcare,USA,Y Combinator,2026-08-05 18:56:23,1,1
32586,Greypoint Industries,https://greypointindustries.com/,Industrials,USA,Y Combinator,2026-08-05 18:56:23,1,4
32583,Graphify Labs,https://www.graphify.com/,B2B,United Kingdom,Y Combinator,2026-08-05 18:56:23,1,2
32554,Ooak Data,https://ooakdata.com/,B2B,France,Y Combinator,2026-08-05 18:56:23,1,5
32553,Nori,http://norirobotics.com,Industrials,USA,Y Combinator,2026-08-05 18:56:23,1,5
32552,6thSense,https://6thsense.dev,Industrials,USA,Y Combinator,2026-08-05 18:56:23,1,0
32551,Bloomy,https://bloomylearning.com/,Education,USA,Y Combinator,2026-08-05 18:56:23,1,1
32527,machine0,https://machine0.io,B2B,France,Y Combinator,2026-08-05 18:56:23,1,1
32526,Pluto,https://talentpluto.com,Consumer,USA,Y Combinator,2026-08-05 18:56:23,1,5
32525,FlowManual,https://flowmanual.com/,Real Estate and Construction,USA,Y Combinator,2026-08-05 18:56:23,1,2
32523,Stratum Industries,https://stratumindustries.co/,Government,USA,Y Combinator,2026-08-05 18:56:23,1,2
32521,Molagri,https://molagri.com,Industrials,Canada,Y Combinator,2026-08-05 18:56:23,1,4
32520,Cerenovus,https://www.cerenovus.ai/,B2B,USA,Y Combinator,2026-08-05 18:56:23,1,5
32518,Agency Tool Company,https://agencytool.com,Industrials,USA,Y Combinator,2026-08-05 18:56:23,1,3
32517,Standard Machines,https://standardmachines.com,B2B,USA,Y Combinator,2026-08-05 18:56:23,1,
32418,Traceforce,https://www.traceforce.ai,B2B,USA,Y Combinator,2026-08-05 18:56:23,1,2
32286,Definite,https://www.usedefinite.com,B2B,USA,Y Combinator,2026-08-05 18:56:23,1,3
32262,Alkera AI,https://alkera.ai,B2B,USA,Y Combinator,2026-08-05 18:56:23,1,3
32261,Rasyn,https://www.rasyn.ai/,Healthcare,USA,Y Combinator,2026-08-05 18:56:23,1,0
32260,Manifold,https://www.manifoldindustries.ai/,Industrials,USA,Y Combinator,2026-08-05 18:56:23,1,2
32259,screenpipe,https://screenpipe.com,B2B,USA,Y Combinator,2026-08-05 18:56:23,1,6
32256,Zaplar,https://zaplar.com,B2B,Sweden,Y Combinator,2026-08-05 18:56:23,1,8
32253,Touchmark,https://touchmark.ai,B2B,USA,Y Combinator,2026-08-05 18:56:23,1,2
32230,Codag,https://codag.ai/,B2B,USA,Y Combinator,2026-08-05 18:56:23,1,1
32227,Context.dev,https://context.dev,B2B,USA,Y Combinator,2026-08-05 18:56:23,1,1
32226,Glen,https://www.tryglen.com/,B2B,USA,Y Combinator,2026-08-05 18:56:23,1,1
32225,Stoa,https://www.stoaexchange.com,Fintech,USA,Y Combinator,2026-08-05 18:56:23,1,3
32223,Marble,https://joinmarble.ai/,B2B,USA,Y Combinator,2026-08-05 18:56:23,1,2
32220,COACH,https://www.getcoach.com/,B2B,USA,Y Combinator,2026-08-05 18:56:23,1,4
32204,Alloovium,https://www.alloovium.com/en,Real Estate and Construction,Australia,Y Combinator,2026-08-05 18:56:23,1,5
32202,Dialogus,https://www.dialoguslabs.com/,B2B,USA,Y Combinator,2026-08-05 18:56:23,1,3
32200,Bizmark,https://bizmark.ai,B2B,USA,Y Combinator,2026-08-05 18:56:23,1,2
32198,Riften,https://riften.ai,B2B,USA,Y Combinator,2026-08-05 18:56:23,1,0
32197,Buildbox,https://heybuildbox.com,B2B,USA,Y Combinator,2026-08-05 18:56:23,1,2
32195,RealPact,https://realpact.ai,Real Estate and Construction,USA,Y Combinator,2026-08-05 18:56:23,1,3
32194,GUILD,https://www.guildai.co,Industrials,USA,Y Combinator,2026-08-05 18:56:23,1,2
32193,Floracene,https://www.floracene.com/,Healthcare,USA,Y Combinator,2026-08-05 18:56:23,1,2
32192,Rise Reforming,https://rise-reforming.com/home,Industrials,USA,Y Combinator,2026-08-05 18:56:23,1,4
32190,Instaplay,https://instaplay.ai,Consumer,USA,Y Combinator,2026-08-05 18:56:23,1,3
32189,Verdant,https://www.verdantapp.com/,Government,USA,Y Combinator,2026-08-05 18:56:23,1,2
32188,IMPACT Drones,https://www.impact-drones.com,Industrials,USA,Y Combinator,2026-08-05 18:56:23,1,2
32187,Insurf,https://www.insurf.io,Healthcare,USA,Y Combinator,2026-08-05 18:56:23,1,2
32171,LemonLime,https://www.lemonlime.ai/,B2B,USA,Y Combinator,2026-08-05 18:56:23,1,5
32170,Gutgutgoose,https://gutgutgoose.com/,Healthcare,USA,Y Combinator,2026-08-05 18:56:23,1,2
32169,Speko,https://speko.ai/?utm_source=ycombinator&utm_medium=profile,B2B,USA,Y Combinator,2026-08-05 18:56:23,1,4
32168,Synapse Semiconductor,https://synapsesemi.org,Industrials,USA,Y Combinator,2026-08-05 18:56:23,1,2
32167,Understudy Labs,https://understudylabs.com/,B2B,USA,Y Combinator,2026-08-05 18:56:23,1,2
32164,Prized,https://prized.dev,B2B,USA,Y Combinator,2026-08-05 18:56:23,1,2
32157,Maingen,https://www.maingen.ai/,Industrials,USA,Y Combinator,2026-08-05 18:56:23,1,2
32155,Rex,https://www.rex.inc,B2B,USA,Y Combinator,2026-08-05 18:56:23,1,2
32154,Zomma,https://zommalabs.com,B2B,USA,Y Combinator,2026-08-05 18:56:23,1,5
32138,Nebula Security,https://nebusec.ai,B2B,USA,Y Combinator,2026-08-05 18:56:23,1,4
32137,Kara,https://karalabs.ai/,Industrials,USA,Y Combinator,2026-08-05 18:56:23,1,3
32135,Trope,https://trope.ai,B2B,USA,Y Combinator,2026-08-05 18:56:23,1,2
32134,Parasma,https://parasma.com,B2B,USA,Y Combinator,2026-08-05 18:56:23,1,1
32133,Belvedir,https://belvedir.ai/,B2B,USA,Y Combinator,2026-08-05 18:56:23,1,2
32131,Shielded,https://www.shieldedglobal.com/,B2B,USA,Y Combinator,2026-08-05 18:56:23,1,0
32130,Olam Labs,https://olamlabs.ai,B2B,USA,Y Combinator,2026-08-05 18:56:23,1,2
32129,Egoist Machines,https://ego.ist/,Consumer,USA,Y Combinator,2026-08-05 18:56:23,1,2
32127,Perceptron ML,https://perceptronml.com,B2B,USA,Y Combinator,2026-08-05 18:56:23,1,2
32123,HERA,https://www.manufacturingintelligence.org,Industrials,USA,Y Combinator,2026-08-05 18:56:23,1,2
32122,Donkey,https://donkey.trade,B2B,USA,Y Combinator,2026-08-05 18:56:23,1,7
32121,OpenTrade,https://opentrade.live/,Consumer,USA,Y Combinator,2026-08-05 18:56:23,1,3
32089,Hoplite,https://hoplite.sh,B2B,USA,Y Combinator,2026-08-05 18:56:23,1,2
31989,Pango,https://pango.ai/,B2B,Sweden,Y Combinator,2026-08-05 18:56:23,1,5
31923,tash,https://www.tash.cards/,Consumer,USA,Y Combinator,2026-08-05 18:56:23,1,4
31858,Torus,https://www.usetorus.com,Industrials,USA,Y Combinator,2026-08-05 18:56:23,1,5
31825,Kebra,https://kebra.com,B2B,USA,Y Combinator,2026-08-05 18:56:23,1,2
31592,GitCafe,https://git.cafe,B2B,USA,Y Combinator,2026-08-05 18:56:23,1,2
31570,Rindler,https://rindler.ai,B2B,USA,Y Combinator,2026-08-05 18:56:23,1,2
31569,Proprio Robotics,https://www.propriorobotics.com/,Industrials,USA,Y Combinator,2026-08-05 18:56:23,1,2
31557,Amorphic Labs,https://www.amorphiclabs.com,B2B,USA,Y Combinator,2026-08-05 18:56:23,1,2
31555,rekursiv.ai,https://rekursiv.ai,B2B,USA,Y Combinator,2026-08-05 18:56:23,1,2
31537,Trident,https://tridentsecurity.io/,B2B,USA,Y Combinator,2026-08-05 18:56:23,1,4
31532,Atlas Discovery,https://atlasdiscovery.bio,Healthcare,USA,Y Combinator,2026-08-05 18:56:23,1,3
31437,Sidekick,https://www.textsidekick.com/,B2B,USA,Y Combinator,2026-08-05 18:56:23,1,1
31349,Palette,https://palettelabs.com/,B2B,USA,Y Combinator,2026-08-05 18:56:23,1,2
31342,Osmaura,https://osmaura.com,B2B,USA,Y Combinator,2026-08-05 18:56:23,1,2
31341,Instance,https://www.instancelabs.ai/,B2B,USA,Y Combinator,2026-08-05 18:56:23,1,2
31340,Illume Labs,https://www.illumelabs.ai,Healthcare,USA,Y Combinator,2026-08-05 18:56:23,1,3
31304,Litmus,https://litmushiring.com/,B2B,USA,Y Combinator,2026-08-05 18:56:23,1,3
31301,OpenVector,https://openvector.com,B2B,USA,Y Combinator,2026-08-05 18:56:23,1,4
31298,"Applied Electrodynamics, Inc.",https://www.ae-dyn.com/,Industrials,USA,Y Combinator,2026-08-05 18:56:23,1,5
31272,Poth Labs,https://pothlabs.com,B2B,USA,Y Combinator,2026-08-05 18:56:23,1,2
31268,Cova,https://cova.care/,Healthcare,USA,Y Combinator,2026-08-05 18:56:23,1,2
31261,Control Seat,https://www.controlseat.com,Industrials,USA,Y Combinator,2026-08-05 18:56:23,1,2
31259,Tsenta,https://tsenta.com,Consumer,USA,Y Combinator,2026-08-05 18:56:23,1,2
31257,Atlia,https://www.atlia.com,Real Estate and Construction,USA,Y Combinator,2026-08-05 18:56:23,1,2
31234,Ekpa,https://goekpa.com/,Fintech,USA,Y Combinator,2026-08-05 18:56:23,1,2
31226,Libra Robotics,https://www.librabots.com/,Industrials,USA,Y Combinator,2026-08-05 18:56:23,1,0
31223,Datoric,https://www.datoric.com,B2B,USA,Y Combinator,2026-08-05 18:56:23,1,2
31216,Archal,https://www.archal.ai/,B2B,USA,Y Combinator,2026-08-05 18:56:23,1,2
31184,Assemble,https://www.assemble.ai/,B2B,USA,Y Combinator,2026-08-05 18:56:23,1,3
31161,Rapidfolio,https://rapidfolio.com/,B2B,USA,Y Combinator,2026-08-05 18:56:23,1,
31086,"Prescience, Inc.",https://www.getprescience.com/,Healthcare,USA,Y Combinator,2026-08-05 18:56:23,1,2
31074,TrustAI,https://trytrust.ai,B2B,USA,Y Combinator,2026-08-05 18:56:23,1,3
31047,Waddle Labs,https://www.waddlelabs.ai/,Industrials,USA,Y Combinator,2026-08-05 18:56:23,1,2
30728,OS3,https://os3robotics.com/,Industrials,USA,Y Combinator,2026-08-05 18:56:23,1,2
30672,Induction Labs,https://inductionlabs.com,B2B,USA,Y Combinator,2026-08-05 18:56:23,1,2
30653,Async,https://withasync.com,B2B,USA,Y Combinator,2026-08-05 18:56:23,1,2
28841,Baud,https://baudlabs.ai,Industrials,USA,Y Combinator,2026-08-05 18:56:23,1,3
12565,Odeko,http://www.odeko.com,B2B,USA,Y Combinator,2026-08-05 18:56:23,1,371
22571,Gather,https://www.gather.town/,Consumer,USA,Y Combinator,2026-08-05 18:56:23,1,60
12941,Sequence Bio,https://www.sequencebio.com/,Healthcare,Canada,Y Combinator,2026-08-05 18:56:23,1,52
12903,Breadfast,https://www.breadfast.com,Consumer,Egypt,Y Combinator,2026-08-05 18:56:23,1,10000
12897,Apurata,https://apurata.com,Fintech,Peru,Y Combinator,2026-08-05 18:56:23,1,12
12877,EPIC AEROSPACE,http://epic-aerospace.com,Industrials,Argentina,Y Combinator,2026-08-05 18:56:23,1,14
12876,GitStart,https://www.gitstart.com,B2B,USA,Y Combinator,2026-08-05 18:56:23,1,19
12875,LAIKA,https://laika.com.co/,Consumer,Colombia,Y Combinator,2026-08-05 18:56:23,1,500
12867,Vorticity,http://vorticity.xyz/,Industrials,USA,Y Combinator,2026-08-05 18:56:23,1,10
12863,Taskade,https://www.taskade.com,B2B,USA,Y Combinator,2026-08-05 18:56:23,1,6
12862,Meridian Industries,https://mora.com,B2B,USA,Y Combinator,2026-08-05 18:56:23,1,6
12861,Asher Bio,https://www.asherbio.com/,Healthcare,USA,Y Combinator,2026-08-05 18:56:23,1,3
12860,Deepnote,https://www.deepnote.com/,B2B,USA,Y Combinator,2026-08-05 18:56:23,1,0
12857,Aspect,https://aspect.app,B2B,USA,Y Combinator,2026-08-05 18:56:23,1,1
12856,Coco Wallet,https://cocowallet.app,Fintech,USA,Y Combinator,2026-08-05 18:56:23,1,50
12855,treble.ai,https://treble.ai,B2B,Brazil,Y Combinator,2026-08-05 18:56:23,1,38
12854,Vitau,https://vitau.mx,Healthcare,Mexico,Y Combinator,2026-08-05 18:56:23,1,55
12851,Flowbot,https://www.getflowbot.com,B2B,USA,Y Combinator,2026-08-05 18:56:23,1,2
12850,Curri,http://www.curri.com,Real Estate and Construction,USA,Y Combinator,2026-08-05 18:56:23,1,104
12848,zeroheight,https://zeroheight.com,B2B,United Kingdom,Y Combinator,2026-08-05 18:56:23,1,55
12847,Mudafy,https://mudafy.com,Real Estate and Construction,Argentina,Y Combinator,2026-08-05 18:56:23,1,75
12846,Traces,https://www.traces.ai,B2B,USA,Y Combinator,2026-08-05 18:56:23,1,10
12845,Freshpaint,https://freshpaint.io,B2B,USA,Y Combinator,2026-08-05 18:56:23,1,120
12843,PayMongo,https://paymongo.com,Fintech,Philippines,Y Combinator,2026-08-05 18:56:23,1,220
12842,InEvent,https://inevent.com,B2B,USA,Y Combinator,2026-08-05 18:56:23,1,150
12841,Heru,https://www.heru.app/,Fintech,Mexico,Y Combinator,2026-08-05 18:56:23,1,53
12839,Tranqui Finanzas,https://tranquifinanzas.com/,Fintech,Colombia,Y Combinator,2026-08-05 18:56:23,1,27
12838,Holy Grail,https://www.holygrail.ai,B2B,USA,Y Combinator,2026-08-05 18:56:23,1,7
12837,Recidiviz,https://www.recidiviz.org/,Government,USA,Y Combinator,2026-08-05 18:56:23,1,120
12836,Trella,https://www.trella.app/,B2B,Egypt,Y Combinator,2026-08-05 18:56:23,1,50
12834,Flux,http://paywithflux.com,Fintech,Mexico,Y Combinator,2026-08-05 18:56:23,1,9
12833,stoic.,https://getstoic.com/,Healthcare,Poland,Y Combinator,2026-08-05 18:56:23,1,9
12832,PredictLeads,https://predictleads.com,B2B,Slovenia,Y Combinator,2026-08-05 18:56:23,1,37
12830,Eden Farm,https://edenfarm.id/,B2B,Indonesia,Y Combinator,2026-08-05 18:56:23,1,110
12829,Gotrade,https://www.heygotrade.com/,Fintech,Singapore,Y Combinator,2026-08-05 18:56:23,1,105
12821,Hightouch,https://hightouch.com/,B2B,USA,Y Combinator,2026-08-05 18:56:23,1,200
12797,Spice Data,https://spicedata.com/,B2B,USA,Y Combinator,2026-08-05 18:56:23,1,
12769,Demand Curve,https://www.demandcurve.com,Education,USA,Y Combinator,2026-08-05 18:56:23,1,10
12768,Ramen VR,https://ramenvr.com/,Consumer,USA,Y Combinator,2026-08-05 18:56:23,1,15
12760,FamPay,https://fampay.in,Fintech,India,Y Combinator,2026-08-05 18:56:23,1,24
12739,Digi-Prex,http://www.digi-prex.com/,Healthcare,India,Y Combinator,2026-08-05 18:56:23,1,32
12738,Vahan,https://vahan.ai,B2B,India,Y Combinator,2026-08-05 18:56:23,1,85
12727,Proof Trading,https://prooftrading.com,Fintech,USA,Y Combinator,2026-08-05 18:56:23,1,7
12723,Lokal,https://www.getlokalapp.com,Consumer,India,Y Combinator,2026-08-05 18:56:23,1,24
12711,Binks,https://getbinks.com/,Consumer,India,Y Combinator,2026-08-05 18:56:23,1,70
12700,LineLeap,https://www.lineleap.com/,Consumer,USA,Y Combinator,2026-08-05 18:56:23,1,50
12682,CoLab,http://colabsoftware.com,B2B,Canada,Y Combinator,2026-08-05 18:56:23,1,150
12677,EARTH AI,http://www.earth-ai.com,Industrials,USA,Y Combinator,2026-08-05 18:56:23,1,12
12675,Wasmer,https://wasmer.io,B2B,USA,Y Combinator,2026-08-05 18:56:23,1,11
12674,Microverse,https://www.microverse.org,Education,Spain,Y Combinator,2026-08-05 18:56:23,1,35
12666,spotLESS Materials,https://www.industry.spotlessmaterials.com,Industrials,USA,Y Combinator,2026-08-05 18:56:23,1,6
12664,Kern Systems,https://www.kernsystems.com,Healthcare,USA,Y Combinator,2026-08-05 18:56:23,1,3
12663,Arpeggio Bio,http://www.arpeggiobio.com,Healthcare,USA,Y Combinator,2026-08-05 18:56:23,1,20
12662,DirectShifts,https://directshifts.com,Healthcare,USA,Y Combinator,2026-08-05 18:56:23,1,72
12661,Rutter,https://rutter.com,B2B,USA,Y Combinator,2026-08-05 18:56:23,1,24
12660,Rosebud AI,http://rosebud.ai,Consumer,USA,Y Combinator,2026-08-05 18:56:23,1,10
12659,Hatchways,http://www.hatchways.io,B2B,Canada,Y Combinator,2026-08-05 18:56:23,1,8
12653,Million Marker,https://www.millionmarker.com/,Healthcare,USA,Y Combinator,2026-08-05 18:56:23,1,2
12648,Flo,https://joinflo.com,B2B,USA,Y Combinator,2026-08-05 18:56:23,1,50
12647,Rainbow,https://rainbow.me,Fintech,USA,Y Combinator,2026-08-05 18:56:23,1,28
12643,Outtalent,http://outtalent.com,Education,Kyrgyzstan,Y Combinator,2026-08-05 18:56:23,1,8
12642,Canix,https://www.canix.com/,B2B,USA,Y Combinator,2026-08-05 18:56:23,1,22
12641,Green Canopy NODE,http://greencanopynode.com,Real Estate and Construction,USA,Y Combinator,2026-08-05 18:56:23,1,31
12640,KubeSail,https://kubesail.com,Consumer,USA,Y Combinator,2026-08-05 18:56:23,1,2
12639,Banner,https://withbanner.com,Real Estate and Construction,USA,Y Combinator,2026-08-05 18:56:23,1,35
12637,OpenReplay,https://www.openreplay.com/,B2B,USA,Y Combinator,2026-08-05 18:56:23,1,11
12632,ZETA SURGICAL,http://zetasurgical.com,Healthcare,USA,Y Combinator,2026-08-05 18:56:23,1,12
12631,Fynn,https://www.fynncredit.com,Fintech,USA,Y Combinator,2026-08-05 18:56:23,1,26
12625,UpEquity,http://www.upequity.com,Real Estate and Construction,USA,Y Combinator,2026-08-05 18:56:23,1,90
12622,Yummy Future,https://yummy-future.com,Industrials,USA,Y Combinator,2026-08-05 18:56:23,1,7
12621,Kitekraft,http://www.kitekraft.de,Industrials,Germany,Y Combinator,2026-08-05 18:56:23,1,6
12619,Mindset Health,https://www.mindsethealth.com,Healthcare,Australia,Y Combinator,2026-08-05 18:56:23,1,35
12618,Embrace,https://embrace.io,B2B,USA,Y Combinator,2026-08-05 18:56:23,1,62
12614,GEn1E Lifesciences,https://www.gen1e.com,Healthcare,USA,Y Combinator,2026-08-05 18:56:23,1,
12612,Prolific,https://www.prolific.com,B2B,United Kingdom,Y Combinator,2026-08-05 18:56:23,1,180
12609,Soteris,http://www.soteris.co,Fintech,USA,Y Combinator,2026-08-05 18:56:23,1,4
12608,TRM Labs,https://trmlabs.com/,B2B,USA,Y Combinator,2026-08-05 18:56:23,1,400
12597,Lucid Bots,https://lucidbots.com/,Industrials,USA,Y Combinator,2026-08-05 18:56:23,1,26
12585,Ever Loved,https://everloved.com,Consumer,USA,Y Combinator,2026-08-05 18:56:23,1,5
12582,Pair Team,https://pairteam.com/,Healthcare,USA,Y Combinator,2026-08-05 18:56:23,1,500
12578,Hype and Vice,http://hypeandvice.com,Consumer,USA,Y Combinator,2026-08-05 18:56:23,1,55
12575,Zeal,https://www.zeal.com,Fintech,USA,Y Combinator,2026-08-05 18:56:23,1,45
12574,Jupiter,https://www.jupiter.co,B2B,USA,Y Combinator,2026-08-05 18:56:23,1,8
12572,Short Story,https://shortstorybox.com,Consumer,USA,Y Combinator,2026-08-05 18:56:23,1,120
12564,Juno College of Technology,http://junocollege.com,Education,Canada,Y Combinator,2026-08-05 18:56:23,1,30
12560,Shift Health,https://www.shifthealth.io,Healthcare,USA,Y Combinator,2026-08-05 18:56:23,1,6
12554,Legacy,https://www.givelegacy.com,Healthcare,USA,Y Combinator,2026-08-05 18:56:23,1,35
12553,Well Principled,https://wellprincipled.com,B2B,USA,Y Combinator,2026-08-05 18:56:23,1,3
12548,Pillar,https://www.pillar.io,Consumer,USA,Y Combinator,2026-08-05 18:56:23,1,5
12546,Gamebytes,http://www.gamebytes.io,Consumer,USA,Y Combinator,2026-08-05 18:56:23,1,4
12545,Method Financial,https://methodfi.com,Fintech,USA,Y Combinator,2026-08-05 18:56:23,1,50
12536,Figments,https://plotdrive.com,B2B,USA,Y Combinator,2026-08-05 18:56:23,1,2
12534,Courier,https://www.courier.com,B2B,USA,Y Combinator,2026-08-05 18:56:23,1,35
12533,Lofty,https://www.lofty.ai/,Fintech,USA,Y Combinator,2026-08-05 18:56:23,1,7
12532,Apero Health,https://www.aperohealth.com,Healthcare,USA,Y Combinator,2026-08-05 18:56:23,1,24
12531,Shiru,https://www.shiru.com/,Healthcare,USA,Y Combinator,2026-08-05 18:56:23,1,4
12527,matagora,https://www.matagora.com,B2B,Canada,Y Combinator,2026-08-05 18:56:23,1,5
12525,Dex,https://getdex.com,Consumer,USA,Y Combinator,2026-08-05 18:56:23,1,7
12504,Vouch,http://vouch.us,Fintech,USA,Y Combinator,2026-08-05 18:56:23,1,190
12454,Prenda,https://prenda.com/,Education,USA,Y Combinator,2026-08-05 18:56:23,1,15
12243,Beacons,https://beacons.ai/,Consumer,USA,Y Combinator,2026-08-05 18:56:23,1,35
12240,Zippi,https://www.zippi.com.br,Fintech,Brazil,Y Combinator,2026-08-05 18:56:23,1,60
12129,Dover,https://dover.com,B2B,USA,Y Combinator,2026-08-05 18:56:23,1,12
12076,Wren,https://www.wren.co,Industrials,USA,Y Combinator,2026-08-05 18:56:23,1,10
12040,Superorder,https://superorder.com/,B2B,USA,Y Combinator,2026-08-05 18:56:23,1,30
12008,Swadesh,http://www.swadesh.co,Fintech,USA,Y Combinator,2026-08-05 18:56:23,1,10
12878,Vendr,http://www.vendr.com,B2B,USA,Y Combinator,2026-08-05 18:56:23,0,50
12728,MyPetrolPump,https://mypetrolpump.com/,B2B,India,Y Combinator,2026-08-05 18:56:23,0,42
12710,Wingman,https://www.trywingman.com,B2B,India,Y Combinator,2026-08-05 18:56:23,0,10
12705,Gaiascope,http://gaia-scope.com,B2B,USA,Y Combinator,2026-08-05 18:56:23,0,9
12669,Data Mechanics,https://www.datamechanics.co,B2B,France,Y Combinator,2026-08-05 18:56:23,0,25
12655,Compound,https://withcompound.com/,Fintech,USA,Y Combinator,2026-08-05 18:56:23,0,51
12654,Bouncer,https://www.getbouncer.com/,B2B,USA,Y Combinator,2026-08-05 18:56:23,0,2
12646,Downtobid,https://downtobid.com,Real Estate and Construction,USA,Y Combinator,2026-08-05 18:56:23,0,5
12628,FeaturePeek,https://featurepeek.com,B2B,USA,Y Combinator,2026-08-05 18:56:23,0,4
12627,TaxProper,https://taxproper.com/,Real Estate and Construction,USA,Y Combinator,2026-08-05 18:56:23,0,8
12626,Localyze,https://www.localyze.com,B2B,Germany,Y Combinator,2026-08-05 18:56:23,0,105
12600,Obie,http://www.ObieInsurance.com,Real Estate and Construction,USA,Y Combinator,2026-08-05 18:56:23,0,120
12599,Sable,http://www.sablecard.com,Fintech,USA,Y Combinator,2026-08-05 18:56:23,0,12
12591,Actiondesk,https://www.actiondesk.io/,B2B,USA,Y Combinator,2026-08-05 18:56:23,0,4
12584,Intersect Labs,https://www.intersectlabs.io/,B2B,USA,Y Combinator,2026-08-05 18:56:23,0,4
12580,Voyage Biomedical,https://voyage.bio,Healthcare,USA,Y Combinator,2026-08-05 18:56:23,0,3
12573,Bayes,http://bayes.com,B2B,USA,Y Combinator,2026-08-05 18:56:23,0,4
12550,Kraftful,http://www.kraftful.com/,B2B,USA,Y Combinator,2026-08-05 18:56:23,0,6
12549,Symplex,,B2B,USA,Y Combinator,2026-08-05 18:56:23,0,8
12542,Palifer,https://www.palifer.com,Industrials,USA,Y Combinator,2026-08-05 18:56:23,0,2
12530,Cuboh,https://www.cuboh.com,B2B,Canada,Y Combinator,2026-08-05 18:56:23,0,50
12509,PopSQL,https://popsql.com,B2B,USA,Y Combinator,2026-08-05 18:56:23,0,15
12502,Bun,https://bun.sh,B2B,USA,Y Combinator,2026-08-05 18:56:23,0,13
12425,Together Software,https://togetherplatform.com,B2B,Canada,Y Combinator,2026-08-05 18:56:23,0,35
1880,Elpha,https://elpha.com,Consumer,USA,Y Combinator,2026-08-05 18:56:23,0,6
12911,Odin,https://savewithodin.com/,Consumer,USA,Y Combinator,2026-08-05 18:56:23,0,4
12890,Unflow,https://www.unflow.com,B2B,USA,Y Combinator,2026-08-05 18:56:23,0,5
12868,Covela,https://covela.mx/,Fintech,Mexico,Y Combinator,2026-08-05 18:56:23,0,6
12865,Blockstamp,https://www.blockstampsf.com/,Industrials,USA,Y Combinator,2026-08-05 18:56:23,0,2
12853,Valiu,https://www.valiu.com,Fintech,Colombia,Y Combinator,2026-08-05 18:56:23,0,24
12849,Mipos.dev,http://www.mipos.dev,B2B,Mexico,Y Combinator,2026-08-05 18:56:23,0,0
12844,Alana,https://www.alana.jobs,B2B,Mexico,Y Combinator,2026-08-05 18:56:23,0,14
12835,Multis,https://multis.com/,Fintech,France,Y Combinator,2026-08-05 18:56:23,0,14
12741,Namaste Business,https://mynamaste.in,B2B,India,Y Combinator,2026-08-05 18:56:23,0,15
12740,Khabri,https://khabri.app/,Consumer,India,Y Combinator,2026-08-05 18:56:23,0,11
12737,Tensil,https://www.tensil.ai,Industrials,USA,Y Combinator,2026-08-05 18:56:23,0,2
12736,Boost Biomes,http://boostbiomes.com,Industrials,USA,Y Combinator,2026-08-05 18:56:23,0,12
12676,Flow,https://enterflow.app,B2B,USA,Y Combinator,2026-08-05 18:56:23,0,3
12665,PlayAbly,https://www.playably.ai,B2B,,Y Combinator,2026-08-05 18:56:23,0,5
12658,Blair,https://joinblair.com/,Fintech,USA,Y Combinator,2026-08-05 18:56:23,0,10
12657,Zergo,https://www.zergo.com/,Healthcare,Canada,Y Combinator,2026-08-05 18:56:23,0,9
12656,Adla,http://tryadla.com,Consumer,USA,Y Combinator,2026-08-05 18:56:23,0,3
12650,Lightwell,https://lightwell.pro/,B2B,USA,Y Combinator,2026-08-05 18:56:23,0,4
12645,Brave Care,http://www.bravecare.com,Healthcare,USA,Y Combinator,2026-08-05 18:56:23,0,90
12630,Tandem,https://tandem.chat,B2B,USA,Y Combinator,2026-08-05 18:56:23,0,10
12629,Nonu,https://nonucare.com/,Healthcare,India,Y Combinator,2026-08-05 18:56:23,0,10
12624,Revel,https://www.hellorevel.com/,Consumer,USA,Y Combinator,2026-08-05 18:56:23,0,16
12623,Lumineye,https://www.lumineye.com,Government,USA,Y Combinator,2026-08-05 18:56:23,0,10
12615,LunaSec,https://www.lunasec.io,B2B,USA,Y Combinator,2026-08-05 18:56:23,0,4
12613,Dashblock,https://dashblock.com,B2B,France,Y Combinator,2026-08-05 18:56:23,0,3
12611,AudioFocus,http://audiofocus.io,Healthcare,USA,Y Combinator,2026-08-05 18:56:23,0,4
12610,Lantern,https://www.lantern.so,B2B,USA,Y Combinator,2026-08-05 18:56:23,0,4
12598,Narrator,https://www.narratordata.com/,B2B,USA,Y Combinator,2026-08-05 18:56:23,0,8
12583,Muddy,https://feelmuddy.com,B2B,USA,Y Combinator,2026-08-05 18:56:23,0,6
12579,Encepheal Therapeutics,http://www.encepheal.com,Healthcare,USA,Y Combinator,2026-08-05 18:56:23,0,3
12571,Preclusio,https://www.preclus.io,B2B,USA,Y Combinator,2026-08-05 18:56:23,0,2
12570,Prompt,https://www.getprompt.app/,B2B,Unspecified,Y Combinator,2026-08-05 18:56:23,0,1
12555,Mighty Health,http://www.mightyhealth.com,Healthcare,USA,Y Combinator,2026-08-05 18:56:23,0,7
12547,BuildStream,https://buildstream.co,Real Estate and Construction,United Kingdom,Y Combinator,2026-08-05 18:56:23,0,9
12544,Souffle Club,https://souffle.club,Consumer,USA,Y Combinator,2026-08-05 18:56:23,0,3
12541,ReverCare,https://www.revercare.com,B2B,USA,Y Combinator,2026-08-05 18:56:23,0,2
12539,Hey Healthcare,https://andrewcoyle.com/health-tech.html,B2B,USA,Y Combinator,2026-08-05 18:56:23,0,1
12526,MoFE,https://mofe.co/,Consumer,USA,Y Combinator,2026-08-05 18:56:23,0,1
12507,Playground,https://playground.com,Consumer,USA,Y Combinator,2026-08-05 18:56:23,0,3
12461,Safely Finance,https://www.safelyfinance.co/,Consumer,USA,Y Combinator,2026-08-05 18:56:23,0,2
12453,Path,https://path.me,Fintech,USA,Y Combinator,2026-08-05 18:56:23,0,12
12452,Vizy,http://vizy.io,Consumer,USA,Y Combinator,2026-08-05 18:56:23,0,3
11987,Hutsy,http://www.hutsy.co,Real Estate and Construction,USA,Y Combinator,2026-08-05 18:56:23,0,3
11947,Fit to Form,http://thefittoform.com,Consumer,USA,Y Combinator,2026-08-05 18:56:23,0,2
11929,Pippin / Rent the Backyard,http://rentthebackyard.com,Real Estate and Construction,USA,Y Combinator,2026-08-05 18:56:23,0,45
30368,Red Barn Robotics,https://www.redbarnrobotics.com,Industrials,USA,Y Combinator,2026-08-05 18:56:23,1,5
30365,Mentra,https://mentra.glass,Consumer,USA,Y Combinator,2026-08-05 18:56:23,1,12
30363,BlindPay,https://blindpay.com/,Fintech,USA,Y Combinator,2026-08-05 18:56:23,1,9
30357,Vantel,https://vantel.com/,Fintech,Sweden,Y Combinator,2026-08-05 18:56:23,1,5
30356,Fira,https://firaresearch.com/,B2B,Unspecified,Y Combinator,2026-08-05 18:56:23,1,4
30355,assistant-ui,https://assistant-ui.com,B2B,USA,Y Combinator,2026-08-05 18:56:23,1,3
30354,Artifact,https://www.artifact.engineer/,B2B,USA,Y Combinator,2026-08-05 18:56:23,1,3
30353,Axal,https://www.axal.ai/,Industrials,USA,Y Combinator,2026-08-05 18:56:23,1,3
30351,Dex,https://joindex.com,B2B,USA,Y Combinator,2026-08-05 18:56:23,1,2
30350,TrainLoop,http://trainloop.ai,B2B,USA,Y Combinator,2026-08-05 18:56:23,1,6
30349,Tally,https://www.tallyhq.com,Fintech,USA,Y Combinator,2026-08-05 18:56:23,1,2
30348,SAMMY Labs,https://www.sammylabs.com,B2B,United Kingdom,Y Combinator,2026-08-05 18:56:23,1,10
30347,Instinct Space,https://www.instinct-space.com/,Industrials,United Kingdom,Y Combinator,2026-08-05 18:56:23,1,5
30346,Mercura,https://www.mercura.ai,B2B,Germany,Y Combinator,2026-08-05 18:56:23,1,20
30345,Tee Time Tommy,https://teetimetommy.com/,Consumer,USA,Y Combinator,2026-08-05 18:56:23,1,2
30343,Cedar,https://mail.cedarcopilot.com/,B2B,USA,Y Combinator,2026-08-05 18:56:23,1,2
30341,Browser Use,https://browser-use.com,B2B,USA,Y Combinator,2026-08-05 18:56:23,1,7
30340,TamLabs,https://tamlabs.ai,B2B,USA,Y Combinator,2026-08-05 18:56:23,1,2
30339,Ergo,https://joinergo.com,B2B,USA,Y Combinator,2026-08-05 18:56:23,1,0
30338,CopyCat,https://runcopycat.com,Fintech,USA,Y Combinator,2026-08-05 18:56:23,1,2
30337,Paratus Health,https://paratushealth.org/,Healthcare,USA,Y Combinator,2026-08-05 18:56:23,1,2
30335,Butter,https://butter.dev,B2B,USA,Y Combinator,2026-08-05 18:56:23,1,2
30334,Bluebook,https://getbluebook.com,B2B,Sweden,Y Combinator,2026-08-05 18:56:23,1,4
30328,Dalus,https://dalus.io,B2B,USA,Y Combinator,2026-08-05 18:56:23,1,3
30325,Roark,https://roark.ai,B2B,USA,Y Combinator,2026-08-05 18:56:23,1,3
30324,Rebolt,https://rebolt.ai,B2B,USA,Y Combinator,2026-08-05 18:56:23,1,3
30322,Spott,https://spott.io,B2B,Belgium,Y Combinator,2026-08-05 18:56:23,1,15
30321,Woz,https://www.wozcode.com/,B2B,USA,Y Combinator,2026-08-05 18:56:23,1,8
30320,Proception Inc,https://proception.ai/,Industrials,USA,Y Combinator,2026-08-05 18:56:23,1,10
30319,Corsair,https://www.corsair.dev,B2B,USA,Y Combinator,2026-08-05 18:56:23,1,2
30318,Wildcard,https://wild-card.ai,B2B,USA,Y Combinator,2026-08-05 18:56:23,1,0
30317,Permitify,https://permitify.com,Real Estate and Construction,USA,Y Combinator,2026-08-05 18:56:23,1,2
30316,Reditus Space,https://www.reditus.space/,Industrials,USA,Y Combinator,2026-08-05 18:56:23,1,12
30315,Optifye.ai,https://www.optifye.ai,B2B,USA,Y Combinator,2026-08-05 18:56:23,1,8
30314,Pinch,https://startpinch.com,B2B,Spain,Y Combinator,2026-08-05 18:56:23,1,3
30312,Retrofit,https://www.retrofit.shop/,Consumer,USA,Y Combinator,2026-08-05 18:56:23,1,2
30307,Archon,https://archon.inc,Government,USA,Y Combinator,2026-08-05 18:56:23,1,3
30305,Forge Automation,https://www.forgeautomation.ca,Industrials,Canada,Y Combinator,2026-08-05 18:56:23,1,21
30304,Mastra,https://mastra.ai,B2B,USA,Y Combinator,2026-08-05 18:56:23,1,30
30303,AfterQuery,https://afterquery.com,B2B,USA,Y Combinator,2026-08-05 18:56:23,1,30
30302,Misprint,https://www.misprint.com,Consumer,USA,Y Combinator,2026-08-05 18:56:23,1,4
30301,Fuse AI,https://fuseai.com/,B2B,USA,Y Combinator,2026-08-05 18:56:23,1,12
30299,Miyagi Labs,https://miyagilabs.ai,Education,USA,Y Combinator,2026-08-05 18:56:23,1,2
30298,Artificial Societies,https://societies.io,B2B,United Kingdom,Y Combinator,2026-08-05 18:56:23,1,12
30297,OpenIntake,https://www.openintake.ai/,B2B,USA,Y Combinator,2026-08-05 18:56:23,1,2
30296,Peppr AI,https://www.usepeppr.ai/,B2B,USA,Y Combinator,2026-08-05 18:56:23,1,4
30295,Infinite,https://infinite.dev,Fintech,USA,Y Combinator,2026-08-05 18:56:23,1,4
30294,Sennu AI,https://www.sennu.ai,B2B,USA,Y Combinator,2026-08-05 18:56:23,1,2
30293,Orbital Operations,https://www.orbitalops.tech/,Industrials,USA,Y Combinator,2026-08-05 18:56:23,1,2
30292,Mesh,http://www.usemesh.com,B2B,USA,Y Combinator,2026-08-05 18:56:23,1,3
30291,Outlit,https://outlit.ai/,B2B,USA,Y Combinator,2026-08-05 18:56:23,1,2
30290,Tire Swing,https://gettireswing.com,B2B,USA,Y Combinator,2026-08-05 18:56:23,1,2
30288,Harper,https://www.harperinsure.com/,Fintech,USA,Y Combinator,2026-08-05 18:56:23,1,25
30287,Calltree,https://calltree.ai,B2B,USA,Y Combinator,2026-08-05 18:56:23,1,14
30286,Nitrode,https://www.nitrode.com,B2B,USA,Y Combinator,2026-08-05 18:56:23,1,6
30285,Karsa,https://gokarsa.com/,Fintech,USA,Y Combinator,2026-08-05 18:56:23,1,2
30284,Exla,https://exla.ai/,B2B,USA,Y Combinator,2026-08-05 18:56:23,1,2
30283,Confident AI,https://confident-ai.com,B2B,USA,Y Combinator,2026-08-05 18:56:23,1,7
30282,Riviera,https://www.withriviera.com,B2B,USA,Y Combinator,2026-08-05 18:56:23,1,2
30281,Waypoint Transit,https://waypointtransit.com,Government,Unspecified,Y Combinator,2026-08-05 18:56:23,1,2
30279,Bystreet,http://www.bystreet.com,B2B,USA,Y Combinator,2026-08-05 18:56:23,1,4
30278,Agentin AI,https://www.agentin.ai,B2B,USA,Y Combinator,2026-08-05 18:56:23,1,2
30277,ReJot,https://rejot.dev,B2B,Netherlands,Y Combinator,2026-08-05 18:56:23,1,2
30276,General Trajectory,https://www.generaltrajectory.com/,Industrials,USA,Y Combinator,2026-08-05 18:56:23,1,1
30275,Solidroad,https://solidroad.com,B2B,USA,Y Combinator,2026-08-05 18:56:23,1,6
30274,Trata,https://www.trytrata.com/,B2B,USA,Y Combinator,2026-08-05 18:56:23,1,6
30273,Candor,https://candor.security/,B2B,USA,Y Combinator,2026-08-05 18:56:23,1,3
30272,Lucidic AI,https://lucidic.ai,B2B,USA,Y Combinator,2026-08-05 18:56:23,1,
30271,Mundo AI,https://mundoai.world,B2B,Canada,Y Combinator,2026-08-05 18:56:23,1,4
30270,G LNK,https://glnkco.com/,B2B,USA,Y Combinator,2026-08-05 18:56:23,1,2
30269,Pluto,https://www.pluto.trade,Fintech,USA,Y Combinator,2026-08-05 18:56:23,1,5
30268,AthenaHQ,https://www.athenahq.ai,B2B,USA,Y Combinator,2026-08-05 18:56:23,1,12
30267,Lopus,https://lopus.ai,B2B,USA,Y Combinator,2026-08-05 18:56:23,1,2
30266,Cenote,https://www.joincenote.com/,B2B,USA,Y Combinator,2026-08-05 18:56:23,1,2
30265,Harbera,https://harbera.com/,Healthcare,USA,Y Combinator,2026-08-05 18:56:23,1,2
30264,Stillwind,https://stillwind.ai,B2B,Switzerland,Y Combinator,2026-08-05 18:56:23,1,4
30263,Bindwell,https://www.bindwell.ai/,Industrials,USA,Y Combinator,2026-08-05 18:56:23,1,4
30262,Pickle,https://www.pickle.com,Consumer,USA,Y Combinator,2026-08-05 18:56:23,1,15
30261,Lucid,https://lucid.ai,Consumer,USA,Y Combinator,2026-08-05 18:56:23,1,3
30260,Macadamia,https://macadamialabs.com,B2B,Belgium,Y Combinator,2026-08-05 18:56:23,1,2
30259,Asteroid,https://asteroid.ai,B2B,USA,Y Combinator,2026-08-05 18:56:23,1,8
30258,Gale,https://galevisa.com,B2B,Canada,Y Combinator,2026-08-05 18:56:23,1,3
30257,Pave Robotics,https://pave-robotics.com,Industrials,USA,Y Combinator,2026-08-05 18:56:23,1,3
30256,PAX Markets,https://pax.markets/,Fintech,USA,Y Combinator,2026-08-05 18:56:23,1,6
30255,Olive,https://fromolive.com,B2B,USA,Y Combinator,2026-08-05 18:56:23,1,2
30254,HUD,https://www.hud.ai,B2B,USA,Y Combinator,2026-08-05 18:56:23,1,15
30253,finbar,https://finbar.com,Fintech,United Kingdom,Y Combinator,2026-08-05 18:56:23,1,4
30252,Cuckoo Labs,https://www.cuckoo.so/,B2B,South Korea,Y Combinator,2026-08-05 18:56:23,1,2
30251,Mecha Health,https://www.mecha-health.ai/,Healthcare,USA,Y Combinator,2026-08-05 18:56:23,1,4
30250,10x,https://www.10xdental.com/,Healthcare,USA,Y Combinator,2026-08-05 18:56:23,1,2
30249,HealthKey,https://gethealthkey.com/,Healthcare,USA,Y Combinator,2026-08-05 18:56:23,1,10
30248,Operand,https://www.operand.com/,B2B,USA,Y Combinator,2026-08-05 18:56:23,1,8
30247,Osmosis,https://osmosis.ai/,B2B,USA,Y Combinator,2026-08-05 18:56:23,1,6
30246,Swerve,https://www.getswerve.com/,Consumer,USA,Y Combinator,2026-08-05 18:56:23,1,2
30244,Mosaic,https://mosaic.so,Consumer,USA,Y Combinator,2026-08-05 18:56:23,1,5
30243,Cifrato,https://cifrato.ai,B2B,Colombia,Y Combinator,2026-08-05 18:56:23,1,17
30242,Oki,https://okihome.ai,B2B,USA,Y Combinator,2026-08-05 18:56:23,1,2
30241,ZeroEntropy,https://www.zeroentropy.dev,B2B,USA,Y Combinator,2026-08-05 18:56:23,1,6
30240,Bezel,https://www.trybezel.com/,B2B,USA,Y Combinator,2026-08-05 18:56:23,1,1
30239,Cardamon,https://cardamon.ai/,B2B,United Kingdom,Y Combinator,2026-08-05 18:56:23,1,2
30238,Amby Health,https://tryamby.com,Healthcare,USA,Y Combinator,2026-08-05 18:56:23,1,2
30237,Trim,https://trimresearch.com,B2B,USA,Y Combinator,2026-08-05 18:56:23,1,3
30236,Tergle,https://tergle.com,B2B,USA,Y Combinator,2026-08-05 18:56:23,1,
30235,Rally,https://www.getrally.com/,Fintech,Germany,Y Combinator,2026-08-05 18:56:23,1,5
30234,Adam,https://adam.new/,B2B,USA,Y Combinator,2026-08-05 18:56:23,1,4
30233,Inversion Semiconductor,https://www.inversionsemi.com,Industrials,USA,Y Combinator,2026-08-05 18:56:23,1,9
30232,careCycle,https://www.careCycle.ai,B2B,USA,Y Combinator,2026-08-05 18:56:23,1,5
30231,Paragon,https://www.runparagon.com,B2B,USA,Y Combinator,2026-08-05 18:56:23,1,2
30230,SalesPatriot,https://www.salespatriot.com/,B2B,USA,Y Combinator,2026-08-05 18:56:23,1,15
30229,Maive,https://maive.ai,B2B,USA,Y Combinator,2026-08-05 18:56:23,1,2
30228,Weave,https://weaveos.com,B2B,USA,Y Combinator,2026-08-05 18:56:23,1,14
30227,Caseflood.ai,https://caseflood.ai,B2B,USA,Y Combinator,2026-08-05 18:56:23,1,2
30226,Elip AI,https://www.tryelip.ai/,B2B,USA,Y Combinator,2026-08-05 18:56:23,1,4
30225,Trava,https://www.usetrava.com/,B2B,USA,Y Combinator,2026-08-05 18:56:23,1,1
30224,Maritime Fusion,https://maritimefusion.com,Industrials,USA,Y Combinator,2026-08-05 18:56:23,1,6
30223,a0.dev,https://a0.dev,B2B,USA,Y Combinator,2026-08-05 18:56:23,1,3
30221,A1Zap by A1Base,https://www.a1zap.com/,B2B,USA,Y Combinator,2026-08-05 18:56:23,1,2
30220,Verbiflow,https://verbiflow.com,B2B,USA,Y Combinator,2026-08-05 18:56:23,1,2
30218,Toothy AI,https://www.toothy.ai/,Healthcare,USA,Y Combinator,2026-08-05 18:56:23,1,15
30217,Rocketable,https://www.rocketable.com,B2B,USA,Y Combinator,2026-08-05 18:56:23,1,2
30215,Contrario,https://contrario.ai,B2B,USA,Y Combinator,2026-08-05 18:56:23,1,20
30214,Ovlo,https://ovlo.ai,B2B,United Arab Emirates,Y Combinator,2026-08-05 18:56:23,1,2
30213,Truffle AI,https://www.trytruffle.ai/,B2B,India,Y Combinator,2026-08-05 18:56:23,1,2
30212,superglue,https://superglue.ai/,B2B,Germany,Y Combinator,2026-08-05 18:56:23,1,6
30210,Conntour,https://www.conntour.com/,Industrials,Israel,Y Combinator,2026-08-05 18:56:23,1,15
30209,Closure,https://closure-intel.com/,Government,USA,Y Combinator,2026-08-05 18:56:23,1,10
30207,Promptless,https://promptless.ai/,B2B,USA,Y Combinator,2026-08-05 18:56:23,1,5
30205,Scout,https://scoutforschools.com/,Education,USA,Y Combinator,2026-08-05 18:56:23,1,8
30204,Subtrace,https://subtrace.dev,B2B,USA,Y Combinator,2026-08-05 18:56:23,1,2
30203,Vocality Health,https://www.vocalityhealth.com,Healthcare,USA,Y Combinator,2026-08-05 18:56:23,1,2
30202,Astro,https://www.astroenergy.ai/,Industrials,USA,Y Combinator,2026-08-05 18:56:23,1,1
30201,Dartboard,https://dartboard.ai,Industrials,USA,Y Combinator,2026-08-05 18:56:23,1,2
30200,Karoo,https://www.karoo.ca,Fintech,Canada,Y Combinator,2026-08-05 18:56:23,1,3
30199,awen,https://www.awen.ai/,B2B,France,Y Combinator,2026-08-05 18:56:23,1,6
30198,Dollyglot,https://www.dollyglot.com/,Consumer,France,Y Combinator,2026-08-05 18:56:23,1,2
30197,Alice.tech,https://www.alice.tech/,Education,Denmark,Y Combinator,2026-08-05 18:56:23,1,5
30196,Stamp,https://www.stampmail.ai/,B2B,USA,Y Combinator,2026-08-05 18:56:23,1,1
30194,Splash Inc.,https://splash9.com/,Industrials,USA,Y Combinator,2026-08-05 18:56:23,1,9
30193,Bud,https://bud.app/,B2B,USA,Y Combinator,2026-08-05 18:56:23,1,6
30192,Axiom,https://axiom.trade,Fintech,USA,Y Combinator,2026-08-05 18:56:23,1,2
30190,Steinmetz,https://steinmetzmotors.com/,Industrials,USA,Y Combinator,2026-08-05 18:56:23,1,5
30189,SubImage,https://subimage.io,B2B,USA,Y Combinator,2026-08-05 18:56:23,1,4
30188,Hey Telo,https://www.heytelo.com,B2B,Germany,Y Combinator,2026-08-05 18:56:23,1,2
30187,Praxim,https://www.praxim.ai/,B2B,USA,Y Combinator,2026-08-05 18:56:23,1,2
30185,Excellence Learning,https://excellence-ai.com/,Education,USA,Y Combinator,2026-08-05 18:56:23,1,4
30183,Tweeks.io,https://tweeks.io,B2B,USA,Y Combinator,2026-08-05 18:56:23,1,2
30182,Flowtel,https://flowtel.ai,B2B,USA,Y Combinator,2026-08-05 18:56:23,1,5
30181,Leaping AI,https://www.leapingai.com,B2B,USA,Y Combinator,2026-08-05 18:56:23,1,12
30179,Vetnio,https://vetnio.com/,B2B,Sweden,Y Combinator,2026-08-05 18:56:23,1,6
30178,Candor,https://www.usecandor.ai,Government,USA,Y Combinator,2026-08-05 18:56:23,1,2
30177,Bild AI,https://www.bild.ai,Real Estate and Construction,USA,Y Combinator,2026-08-05 18:56:23,1,9
30176,Outship,https://outship.ai,B2B,USA,Y Combinator,2026-08-05 18:56:23,1,3
30174,Revise Robotics,https://www.reviserobotics.com/,Industrials,USA,Y Combinator,2026-08-05 18:56:23,1,3
30172,Enhanced Radar,https://www.enhancedradar.com/,Industrials,USA,Y Combinator,2026-08-05 18:56:23,1,2
30165,Edexia,https://www.edexia.com/,Education,Australia,Y Combinator,2026-08-05 18:56:23,1,4
30160,Quantstruct,https://quantstruct.com,B2B,USA,Y Combinator,2026-08-05 18:56:23,1,2
30020,Invo,https://www.tryinvo.com/,B2B,Unspecified,Y Combinator,2026-08-05 18:56:23,1,1
29999,Onlook,https://onlook.com/,B2B,USA,Y Combinator,2026-08-05 18:56:23,1,4
29988,Delineate,https://delineate.pro/,B2B,USA,Y Combinator,2026-08-05 18:56:23,1,20
29986,Exin Therapeutics,https://www.exintherapeutics.com/,Healthcare,USA,Y Combinator,2026-08-05 18:56:23,1,9
29959,Uncommon Therapeutics,https://uncommontherapeutics.com,Healthcare,USA,Y Combinator,2026-08-05 18:56:23,1,2
29790,YouShift,https://www.you-shift.com/,B2B,USA,Y Combinator,2026-08-05 18:56:23,1,10
29727,Overstand Labs,https://overstandlabs.com,B2B,USA,Y Combinator,2026-08-05 18:56:23,1,4
30333,TensorPool,https://tensorpool.dev,B2B,USA,Y Combinator,2026-08-05 18:56:23,0,3
28922,Egress Health,https://tryegress.com,Healthcare,USA,Y Combinator,2026-08-05 18:56:23,0,2
30222,Altrina,https://altrina.com,B2B,USA,Y Combinator,2026-08-05 18:56:23,0,4
30216,Sublingual,https://sublingual.ai/,B2B,USA,Y Combinator,2026-08-05 18:56:23,0,2
30832,F2,http://f2.ai,B2B,USA,Y Combinator,2026-08-05 18:56:23,1,15
30818,Nox Metals,https://noxmetals.co/,Industrials,USA,Y Combinator,2026-08-05 18:56:23,1,35
30813,Blue,https://heyblue.com/,Consumer,USA,Y Combinator,2026-08-05 18:56:23,1,6
30807,Paloma,https://getpaloma.ai/,B2B,USA,Y Combinator,2026-08-05 18:56:23,1,3
30806,Uplift AI,https://upliftai.org/,B2B,USA,Y Combinator,2026-08-05 18:56:23,1,3
30805,RealRoots,http://www.realroots.com,Consumer,USA,Y Combinator,2026-08-05 18:56:23,1,7
30804,Luminal,https://luminal.com,B2B,USA,Y Combinator,2026-08-05 18:56:23,1,5
30802,Freya,https://freyavoice.ai/,Fintech,USA,Y Combinator,2026-08-05 18:56:23,1,14
30801,burnt,https://getburnt.ai/,B2B,USA,Y Combinator,2026-08-05 18:56:23,1,3
30799,Avent,https://www.aventindustrial.com,B2B,USA,Y Combinator,2026-08-05 18:56:23,1,3
30798,Ruvo,https://ruvo.com/,Fintech,Brazil,Y Combinator,2026-08-05 18:56:23,1,11
30797,Veritus,https://www.veritus.com,Fintech,USA,Y Combinator,2026-08-05 18:56:23,1,10
30796,Sapien,https://www.asksapien.ai/,B2B,USA,Y Combinator,2026-08-05 18:56:23,1,2
30795,NOSO LABS,https://noso.so,Industrials,USA,Y Combinator,2026-08-05 18:56:23,1,6
30794,Vulcan Technologies,https://vulcan.ai/,B2B,USA,Y Combinator,2026-08-05 18:56:23,1,17
30792,Bizzy AI,https://www.usebizzy.com/,B2B,USA,Y Combinator,2026-08-05 18:56:23,1,
30791,Spotlight Realty,https://www.spotlight.realty,Real Estate and Construction,USA,Y Combinator,2026-08-05 18:56:23,1,4
30789,Interfere,https://interfere.com,B2B,USA,Y Combinator,2026-08-05 18:56:23,1,8
30786,Munify,https://munify.ai,Fintech,USA,Y Combinator,2026-08-05 18:56:23,1,4
30785,RowFlow,https://rowflow.ai,B2B,USA,Y Combinator,2026-08-05 18:56:23,1,2
30782,TectoAI,https://www.tecto.ai/,B2B,USA,Y Combinator,2026-08-05 18:56:23,1,2
30781,Duranium,https://www.duranium.co/,Industrials,USA,Y Combinator,2026-08-05 18:56:23,1,12
30778,Perspectives Health,https://perspectiveshealth.ai/,Healthcare,USA,Y Combinator,2026-08-05 18:56:23,1,5
30777,Modelence,https://modelence.com,B2B,USA,Y Combinator,2026-08-05 18:56:23,1,3
30776,Magnetic,https://www.magnetictax.com,B2B,USA,Y Combinator,2026-08-05 18:56:23,1,10
30775,Fleetline,https://fleetline.ai,B2B,USA,Y Combinator,2026-08-05 18:56:23,1,11
30774,CLODO,https://clodo.ai,B2B,USA,Y Combinator,2026-08-05 18:56:23,1,2
30772,stagewise,https://stagewise.io,B2B,Unspecified,Y Combinator,2026-08-05 18:56:23,1,2
30771,Flywheel AI,https://useflywheel.ai/,Industrials,USA,Y Combinator,2026-08-05 18:56:23,1,2
30769,Juxta,https://juxta.com,B2B,USA,Y Combinator,2026-08-05 18:56:23,1,
30768,Okibi,https://okibi.ai,B2B,USA,Y Combinator,2026-08-05 18:56:23,1,2
30763,Rebulk,https://www.rebulk.com,B2B,USA,Y Combinator,2026-08-05 18:56:23,1,3
30762,KERNEL,https://www.kernel.sh,B2B,USA,Y Combinator,2026-08-05 18:56:23,1,6
30761,Reacher,https://reacherapp.com/,B2B,USA,Y Combinator,2026-08-05 18:56:23,1,10
30759,Certus AI,https://www.certus-ai.com/,B2B,USA,Y Combinator,2026-08-05 18:56:23,1,8
30758,Hera,https://hera.video/,B2B,Germany,Y Combinator,2026-08-05 18:56:23,1,5
30756,Notte,https://www.notte.cc/,B2B,USA,Y Combinator,2026-08-05 18:56:23,1,5
30755,Pally,https://pally.com,B2B,USA,Y Combinator,2026-08-05 18:56:23,1,2
30754,Locata,https://www.locatahealth.com/,Healthcare,USA,Y Combinator,2026-08-05 18:56:23,1,4
30748,Pleom,https://pleom.com,B2B,USA,Y Combinator,2026-08-05 18:56:23,1,0
30747,Convexia,https://convexia.bio,Healthcare,USA,Y Combinator,2026-08-05 18:56:23,1,4
30744,SigmanticAI,https://www.sigmanticai.com,B2B,USA,Y Combinator,2026-08-05 18:56:23,1,2
30742,Sira,https://sira.team,B2B,USA,Y Combinator,2026-08-05 18:56:23,1,4
30741,F4 Industries,https://f4.dev/,Industrials,USA,Y Combinator,2026-08-05 18:56:23,1,5
30739,Quotain,https://quotain.com,B2B,USA,Y Combinator,2026-08-05 18:56:23,1,2
30738,Altur,https://altur.io,B2B,Mexico,Y Combinator,2026-08-05 18:56:23,1,5
30736,PARES AI,https://www.pares.ai/,Real Estate and Construction,USA,Y Combinator,2026-08-05 18:56:23,1,3
30734,Avelis Health,https://avelishealth.com,Healthcare,Unspecified,Y Combinator,2026-08-05 18:56:23,1,3
30733,Nautilus,https://nautilus.co,B2B,USA,Y Combinator,2026-08-05 18:56:23,1,4
30732,Humoniq,https://humoniq.ai,B2B,USA,Y Combinator,2026-08-05 18:56:23,1,5
30731,Maximal,https://www.trymaximal.com,B2B,USA,Y Combinator,2026-08-05 18:56:23,1,3
30730,Idler,https://idler.ai/,B2B,USA,Y Combinator,2026-08-05 18:56:23,1,13
30729,Floot,https://floot.com,B2B,USA,Y Combinator,2026-08-05 18:56:23,1,4
30727,Alara,http://alaradental.com,B2B,Unspecified,Y Combinator,2026-08-05 18:56:23,1,0
30726,Socratix AI,https://getsocratix.ai,B2B,USA,Y Combinator,2026-08-05 18:56:23,1,4
30725,Minimal AI,https://gominimal.ai/,B2B,Netherlands,Y Combinator,2026-08-05 18:56:23,1,3
30724,Risely AI,https://www.risely.ai/,Education,USA,Y Combinator,2026-08-05 18:56:23,1,9
30722,Omnara,https://omnara.com,B2B,USA,Y Combinator,2026-08-05 18:56:23,1,4
30721,Knowlify,https://www.knowlify.com/,B2B,USA,Y Combinator,2026-08-05 18:56:23,1,6
30720,Autosana,https://autosana.ai,B2B,USA,Y Combinator,2026-08-05 18:56:23,1,5
30719,ProcIndex,https://procindex.com/,B2B,USA,Y Combinator,2026-08-05 18:56:23,1,4
30717,Iron Grid,https://getirongrid.com/,Industrials,USA,Y Combinator,2026-08-05 18:56:23,1,2
30716,Finto,https://www.gofinto.com/,B2B,Germany,Y Combinator,2026-08-05 18:56:23,1,10
30713,Motives,https://motives.ai/,B2B,United Kingdom,Y Combinator,2026-08-05 18:56:23,1,
30712,Relling,https://relling.co,B2B,USA,Y Combinator,2026-08-05 18:56:23,1,
30711,Char,https://char.com,B2B,South Korea,Y Combinator,2026-08-05 18:56:23,1,4
30710,Manufact,https://manufact.com,B2B,USA,Y Combinator,2026-08-05 18:56:23,1,6
30709,Novaflow,https://www.novaflowapp.com/,Healthcare,USA,Y Combinator,2026-08-05 18:56:23,1,5
30708,Perseus Defense,https://perseusdefense.com,Industrials,USA,Y Combinator,2026-08-05 18:56:23,1,3
30707,Phases,https://phases.ai,Healthcare,USA,Y Combinator,2026-08-05 18:56:23,1,3
30706,Solva,https://solvatechnology.com,Fintech,USA,Y Combinator,2026-08-05 18:56:23,1,15
30704,Albacore Inc.,https://www.albacore.inc,Industrials,USA,Y Combinator,2026-08-05 18:56:23,1,18
30703,Physical Turing,https://physicalturing.ai/,Industrials,USA,Y Combinator,2026-08-05 18:56:23,1,2
30702,TwentyTwo,https://twentytwo.bio/,Healthcare,USA,Y Combinator,2026-08-05 18:56:23,1,3
30701,Mimos,https://www.trymimos.com/,B2B,USA,Y Combinator,2026-08-05 18:56:23,1,1
30700,Nozomio,https://www.nozomio.com/,B2B,USA,Y Combinator,2026-08-05 18:56:23,1,5
30699,VibeFlow,https://vibeflow.ai/,B2B,USA,Y Combinator,2026-08-05 18:56:23,1,3
30698,Comena,https://comena.ai,B2B,Germany,Y Combinator,2026-08-05 18:56:23,1,8
30697,Normal,https://www.normalfactory.com/,Industrials,USA,Y Combinator,2026-08-05 18:56:23,1,2
30696,GhostEye,https://ghosteye.ai,B2B,USA,Y Combinator,2026-08-05 18:56:23,1,10
30695,Channel3,https://trychannel3.com,B2B,USA,Y Combinator,2026-08-05 18:56:23,1,5
30694,Epicenter,https://epicenter.so,Consumer,USA,Y Combinator,2026-08-05 18:56:23,1,1
30692,Costream,https://www.costream.ai,Consumer,USA,Y Combinator,2026-08-05 18:56:23,1,2
30691,Embedder,https://www.embedder.com,B2B,USA,Y Combinator,2026-08-05 18:56:23,1,6
30690,Flai,https://www.useflai.com/,Industrials,USA,Y Combinator,2026-08-05 18:56:23,1,23
30689,b12 Labs,https://b12-labs.com/,Healthcare,USA,Y Combinator,2026-08-05 18:56:23,1,3
30688,Fulcrum,https://fulcrumresearch.ai,B2B,USA,Y Combinator,2026-08-05 18:56:23,1,2
30687,Trace,https://www.trace.so/,B2B,United Kingdom,Y Combinator,2026-08-05 18:56:23,1,3
30686,Interface,https://www.theinterface.com,Consumer,USA,Y Combinator,2026-08-05 18:56:23,1,2
30685,IronLedger.ai,https://ironledger.ai,Real Estate and Construction,USA,Y Combinator,2026-08-05 18:56:23,1,
30684,Doe,https://doe.so/,B2B,USA,Y Combinator,2026-08-05 18:56:23,1,4
30683,Theora,https://www.theorahq.com,B2B,USA,Y Combinator,2026-08-05 18:56:23,1,3
30681,Parachute,https://parachute-ai.com,Healthcare,USA,Y Combinator,2026-08-05 18:56:23,1,2
30680,Riverbank,https://www.riverbank.sh/,B2B,USA,Y Combinator,2026-08-05 18:56:23,1,1
30677,Kalinda,https://www.kalinda.ai/,B2B,USA,Y Combinator,2026-08-05 18:56:23,1,2
30676,Stellon Labs,https://stellonlabs.com/,B2B,USA,Y Combinator,2026-08-05 18:56:23,1,2
30675,BootLoop,https://bootloop.ai/,B2B,USA,Y Combinator,2026-08-05 18:56:23,1,3
30671,Panoptive,https://www.panoptive.com,B2B,USA,Y Combinator,2026-08-05 18:56:23,1,2
30670,cocreate,https://cocreate.so,Consumer,USA,Y Combinator,2026-08-05 18:56:23,1,10
30669,Slashy,https://www.slashy.com/,B2B,USA,Y Combinator,2026-08-05 18:56:23,1,3
30668,Wedge,https://www.wedge.health,Healthcare,USA,Y Combinator,2026-08-05 18:56:23,1,2
30666,CareSwift,https://www.careswift.com/,Healthcare,USA,Y Combinator,2026-08-05 18:56:23,1,2
30665,Pangolin,https://pangolin.net,B2B,USA,Y Combinator,2026-08-05 18:56:23,1,3
30664,Kestroll,,B2B,USA,Y Combinator,2026-08-05 18:56:23,1,2
30663,Tesora,https://tesora.ai,B2B,USA,Y Combinator,2026-08-05 18:56:23,1,4
30662,DeepAware AI (Robotics Center of Silicon Valley),https://roboticscenter.ai/,Industrials,USA,Y Combinator,2026-08-05 18:56:23,1,4
30661,Stockline,https://stockline.ai,B2B,France,Y Combinator,2026-08-05 18:56:23,1,2
30660,Magnitude,https://magnitude.dev,B2B,USA,Y Combinator,2026-08-05 18:56:23,1,2
30659,Proliferate,https://proliferate.com?utm_source=yc&utm_medium=referral&utm_campaign=profile,B2B,USA,Y Combinator,2026-08-05 18:56:23,1,
30656,DeepGrove,https://deepgrove.ai,B2B,USA,Y Combinator,2026-08-05 18:56:23,1,3
30655,Frizzle,https://www.frizzle.com,Education,USA,Y Combinator,2026-08-05 18:56:23,1,2
30652,OnDeck AI,https://www.ondeckai.com,B2B,Canada,Y Combinator,2026-08-05 18:56:23,1,7
30651,Alter,https://alterauth.com,B2B,USA,Y Combinator,2026-08-05 18:56:23,1,2
30650,Imprezia,https://imprezia.ai,B2B,USA,Y Combinator,2026-08-05 18:56:23,1,4
30649,Lilac,https://getlilac.com,B2B,USA,Y Combinator,2026-08-05 18:56:23,1,4
30648,Janet AI,https://janet.ai,B2B,USA,Y Combinator,2026-08-05 18:56:23,1,4
30647,Cyberdesk,https://www.cyberdesk.io,B2B,USA,Y Combinator,2026-08-05 18:56:23,1,2
30645,Panels,https://www.usepanels.com/,B2B,USA,Y Combinator,2026-08-05 18:56:23,1,1
30644,Wafer,https://www.wafer.ai,B2B,USA,Y Combinator,2026-08-05 18:56:23,1,7
30642,Orange Slice,https://orangeslice.ai,B2B,USA,Y Combinator,2026-08-05 18:56:23,1,2
30640,Monarcha,https://monarcha.ai,B2B,USA,Y Combinator,2026-08-05 18:56:23,1,2
30638,Lotas,https://www.lotas.ai,B2B,USA,Y Combinator,2026-08-05 18:56:23,1,2
30637,Design Arena,https://www.designarena.ai/,Consumer,USA,Y Combinator,2026-08-05 18:56:23,1,3
30636,EffiGov,https://effigov.com,Government,USA,Y Combinator,2026-08-05 18:56:23,1,3
30634,bitrig,https://bitrig.com,B2B,USA,Y Combinator,2026-08-05 18:56:23,1,3
30630,Lark,https://getlark.ai/,B2B,USA,Y Combinator,2026-08-05 18:56:23,1,5
30629,Topological,https://www.topological.com,B2B,USA,Y Combinator,2026-08-05 18:56:23,1,2
30628,Datafruit,https://datafruit.ai/,B2B,USA,Y Combinator,2026-08-05 18:56:23,1,2
30626,ContextFort,https://contextfort.ai/,B2B,USA,Y Combinator,2026-08-05 18:56:23,1,2
30625,LLM Stats,https://llm-stats.com,B2B,USA,Y Combinator,2026-08-05 18:56:23,1,2
30624,Verne Robotics,https://vernerobotics.com/,Industrials,USA,Y Combinator,2026-08-05 18:56:23,1,6
30623,Playgent,https://useplaygent.com,Healthcare,USA,Y Combinator,2026-08-05 18:56:23,1,2
30622,Liva AI,https://www.theliva.ai,B2B,USA,Y Combinator,2026-08-05 18:56:23,1,4
30619,Shor,https://www.shorpay.com,Fintech,USA,Y Combinator,2026-08-05 18:56:23,1,4
30618,Golpo,https://video.golpoai.com/,B2B,USA,Y Combinator,2026-08-05 18:56:23,1,4
30616,args,https://args.io/,B2B,USA,Y Combinator,2026-08-05 18:56:23,1,2
30615,Lanesurf,https://www.lanesurf.com/,B2B,USA,Y Combinator,2026-08-05 18:56:23,1,11
30614,Astor,https://astor.app/,Fintech,USA,Y Combinator,2026-08-05 18:56:23,1,5
30613,Blank Bio,http://blank.bio/,Healthcare,USA,Y Combinator,2026-08-05 18:56:23,1,6
30612,truthsystems,https://www.truthsystems.ai,B2B,USA,Y Combinator,2026-08-05 18:56:23,1,6
30611,AgentMail,https://agentmail.to,B2B,USA,Y Combinator,2026-08-05 18:56:23,1,10
30610,TraceRoot.AI,https://traceroot.ai,B2B,USA,Y Combinator,2026-08-05 18:56:23,1,1
30609,Halluminate,https://halluminate.ai/,B2B,USA,Y Combinator,2026-08-05 18:56:23,1,5
30608,MangoDesk,https://www.mangodesk.com/,B2B,USA,Y Combinator,2026-08-05 18:56:23,1,2
30607,The Prompting Company,https://www.promptingcompany.com,B2B,USA,Y Combinator,2026-08-05 18:56:23,1,7
30606,Acrely,https://www.acrely.ai,B2B,USA,Y Combinator,2026-08-05 18:56:23,1,6
30605,Dedalus Labs,https://www.dedaluslabs.ai/,B2B,USA,Y Combinator,2026-08-05 18:56:23,1,10
30603,Closera,https://closera.com,B2B,USA,Y Combinator,2026-08-05 18:56:23,1,2
30602,Meteor,https://browse.dev,Consumer,USA,Y Combinator,2026-08-05 18:56:23,1,2
30598,GETASAP,https://www.getasap.us,B2B,USA,Y Combinator,2026-08-05 18:56:23,1,30
30596,Adaptional,https://www.adaptional.com/,B2B,USA,Y Combinator,2026-08-05 18:56:23,1,
30582,Pingo,https://pingo.ai,Consumer,USA,Y Combinator,2026-08-05 18:56:23,1,6
30566,Preseen,https://preseen.com,B2B,USA,Y Combinator,2026-08-05 18:56:23,1,1
30520,Synthetic Society,https://syntheticsociety.ai/,B2B,USA,Y Combinator,2026-08-05 18:56:23,1,2
30510,Cactus,https://www.cactuscompute.com/,B2B,USA,Y Combinator,2026-08-05 18:56:23,1,8
30494,Nixo,https://withnixo.com/,B2B,USA,Y Combinator,2026-08-05 18:56:23,1,4
30413,Serafis,https://serafis.ai,B2B,USA,Y Combinator,2026-08-05 18:56:23,1,4
30364,Wayline,https://wayline.com,Real Estate and Construction,USA,Y Combinator,2026-08-05 18:56:23,1,3
30362,Ambral,https://www.ambral.com/,B2B,USA,Y Combinator,2026-08-05 18:56:23,1,4
30352,Monte,https://trymonte.ai,B2B,USA,Y Combinator,2026-08-05 18:56:23,1,3
30086,Autumn,https://useautumn.com,B2B,United Kingdom,Y Combinator,2026-08-05 18:56:23,1,5
29697,Stormy,https://stormy.ai,B2B,USA,Y Combinator,2026-08-05 18:56:23,1,5
30743,Opennote,https://opennote.com,Consumer,USA,Y Combinator,2026-08-05 18:56:23,0,3
30740,Metis,https://withmetis.ai,B2B,USA,Y Combinator,2026-08-05 18:56:23,0,13
30673,Nexa Labs,https://nexa.farm/,Industrials,USA,Y Combinator,2026-08-05 18:56:23,0,3
30643,Nuntius,https://www.nuntius.ai,B2B,USA,Y Combinator,2026-08-05 18:56:23,0,2
31022,Coasts,https://coasts.dev,B2B,Unspecified,Y Combinator,2026-08-05 18:56:23,1,2
31021,Zephyr Fusion,https://www.zephyrfusion.com,Industrials,USA,Y Combinator,2026-08-05 18:56:23,1,2
31020,Mayflower,https://mayflowervisa.com,Government,USA,Y Combinator,2026-08-05 18:56:23,1,2
31018,item,https://item.app,B2B,USA,Y Combinator,2026-08-05 18:56:23,1,6
31013,Rivet,https://rivet.design/,B2B,USA,Y Combinator,2026-08-05 18:56:23,1,
31011,Openroll,https://www.openroll.com,B2B,Sweden,Y Combinator,2026-08-05 18:56:23,1,4
31010,Amika,https://www.amika.dev/,B2B,USA,Y Combinator,2026-08-05 18:56:23,1,2
31009,Specific Labs,https://withspecific.com,B2B,USA,Y Combinator,2026-08-05 18:56:23,1,2
31008,Moss,https://moss.dev,B2B,USA,Y Combinator,2026-08-05 18:56:23,1,5
31007,Zarna,https://www.zarnaai.com/,B2B,USA,Y Combinator,2026-08-05 18:56:23,1,4
31005,MarkIt,https://markittrade.com,B2B,USA,Y Combinator,2026-08-05 18:56:23,1,2
31002,Clicks Health,https://clickshealth.com/,B2B,USA,Y Combinator,2026-08-05 18:56:23,1,8
31001,Fastshot,https://www.fastshot.ai/,B2B,USA,Y Combinator,2026-08-05 18:56:23,1,3
30999,Antigen,https://antigen.sh/,B2B,USA,Y Combinator,2026-08-05 18:56:23,1,5
30997,LunaBill,https://lunabill.com/,Healthcare,USA,Y Combinator,2026-08-05 18:56:23,1,4
30996,Axial,https://axialcompute.com,Industrials,USA,Y Combinator,2026-08-05 18:56:23,1,1
30995,Velvet,https://velvetlab.ai,B2B,USA,Y Combinator,2026-08-05 18:56:23,1,4
30993,DiligenceSquared,https://diligencesquared.com/,B2B,USA,Y Combinator,2026-08-05 18:56:23,1,3
30992,Amera,https://amerahealthsolutions.com/,Fintech,,Y Combinator,2026-08-05 18:56:23,1,8
30991,Forge Robotics,https://forge-robotics.com,Industrials,USA,Y Combinator,2026-08-05 18:56:23,1,1
30989,Bluma,https://www.getbluma.com,B2B,USA,Y Combinator,2026-08-05 18:56:23,1,2
30987,Lightberry,https://lightberry.com,Industrials,USA,Y Combinator,2026-08-05 18:56:23,1,3
30986,The Hog,https://thehog.ai/,B2B,USA,Y Combinator,2026-08-05 18:56:23,1,2
30983,Layers,https://www.layers.bio/,Healthcare,USA,Y Combinator,2026-08-05 18:56:23,1,2
30982,Boom AI,https://useboom.ai,B2B,USA,Y Combinator,2026-08-05 18:56:23,1,3
30981,Freeport Markets,https://www.freeportmarkets.com/,Fintech,USA,Y Combinator,2026-08-05 18:56:23,1,3
30978,Miniswap,https://miniswap.gg/,Consumer,USA,Y Combinator,2026-08-05 18:56:23,1,2
30977,Rovi Health,https://www.rovi.health,Healthcare,USA,Y Combinator,2026-08-05 18:56:23,1,3
30975,MadeThis,https://madethis.com,B2B,USA,Y Combinator,2026-08-05 18:56:23,1,4
30972,Jarmin,https://jarmin.ai/,B2B,USA,Y Combinator,2026-08-05 18:56:23,1,5
30970,Exonic,https://exonic.ai,Healthcare,USA,Y Combinator,2026-08-05 18:56:23,1,3
30969,Lemma,https://www.uselemma.ai/,B2B,USA,Y Combinator,2026-08-05 18:56:23,1,2
30967,Perseus,https://perseus.computer,B2B,India,Y Combinator,2026-08-05 18:56:23,1,4
30966,Karumi,https://www.karumi.ai/,B2B,Unspecified,Y Combinator,2026-08-05 18:56:23,1,5
30965,Icarus,https://www.icarus.one/,Industrials,USA,Y Combinator,2026-08-05 18:56:23,1,50
30964,Sava,https://www.savahq.com,Fintech,USA,Y Combinator,2026-08-05 18:56:23,1,3
30962,Denki,https://denki.ai,B2B,United Kingdom,Y Combinator,2026-08-05 18:56:23,1,3
30960,Metorial,https://metorial.com,B2B,Austria,Y Combinator,2026-08-05 18:56:23,1,4
30959,Kalpa Labs,https://kalpalabs.ai/,B2B,USA,Y Combinator,2026-08-05 18:56:23,1,2
30958,Absurd,https://absurd.com/,B2B,USA,Y Combinator,2026-08-05 18:56:23,1,6
30957,Clad Labs,https://cladlabs.ai,Consumer,USA,Y Combinator,2026-08-05 18:56:23,1,2
30956,Automax.ai,https://automax.ai,Real Estate and Construction,USA,Y Combinator,2026-08-05 18:56:23,1,4
30954,Specific,https://specific.dev,B2B,Sweden,Y Combinator,2026-08-05 18:56:23,1,2
30953,Primer,https://www.startprimer.com,B2B,USA,Y Combinator,2026-08-05 18:56:23,1,2
30950,Narrative,http://www.narrative-sports.com,B2B,USA,Y Combinator,2026-08-05 18:56:23,1,3
30949,Crunched,https://usecrunched.com/,B2B,Norway,Y Combinator,2026-08-05 18:56:23,1,5
30948,Lua Global Inc,https://heylua.ai/,B2B,United Kingdom,Y Combinator,2026-08-05 18:56:23,1,5
30947,Philon,https://philon.ai/,B2B,Greece,Y Combinator,2026-08-05 18:56:23,1,
30946,Sourcebot,https://www.sourcebot.dev/,B2B,USA,Y Combinator,2026-08-05 18:56:23,1,3
30945,Zalos,https://www.zalos.ai/,B2B,United Kingdom,Y Combinator,2026-08-05 18:56:23,1,2
30943,Aside,https://aside.com,Consumer,USA,Y Combinator,2026-08-05 18:56:23,1,5
30942,Scott AI,https://tryscott.ai,B2B,USA,Y Combinator,2026-08-05 18:56:23,1,3
30940,Everest,https://everestagi.com/,Consumer,USA,Y Combinator,2026-08-05 18:56:23,1,
30939,Expected Parrot,https://www.expectedparrot.com,B2B,USA,Y Combinator,2026-08-05 18:56:23,1,5
30938,Imagine AI,https://imagineai.me,B2B,USA,Y Combinator,2026-08-05 18:56:23,1,5
30937,Anto Biosciences,https://www.anto.bio/,Healthcare,USA,Y Combinator,2026-08-05 18:56:23,1,4
30936,Patent Watch,https://www.patentwatch.ai/,B2B,Romania,Y Combinator,2026-08-05 18:56:23,1,4
30935,s2.dev,https://s2.dev,B2B,USA,Y Combinator,2026-08-05 18:56:23,1,5
30934,Tornyol,https://tornyol.com/,Consumer,France,Y Combinator,2026-08-05 18:56:23,1,7
30933,Nucleo,https://nucleoresearch.com/,Healthcare,,Y Combinator,2026-08-05 18:56:23,1,2
30932,Leadbay,https://leadbay.ai/,B2B,USA,Y Combinator,2026-08-05 18:56:23,1,8
30931,Pixley AI,https://pixleyai.com,Consumer,USA,Y Combinator,2026-08-05 18:56:23,1,2
30930,Cortex AI,https://cortexrobot.ai/,Industrials,USA,Y Combinator,2026-08-05 18:56:23,1,3
30929,Sol,https://www.solbrowser.com,B2B,USA,Y Combinator,2026-08-05 18:56:23,1,2
30928,Thesis,https://thesislabs.ai,B2B,USA,Y Combinator,2026-08-05 18:56:23,1,3
30925,Play Health,http://playhealth.com,Healthcare,USA,Y Combinator,2026-08-05 18:56:23,1,4
30924,Casey,https://caseyinsure.com/,Fintech,Switzerland,Y Combinator,2026-08-05 18:56:23,1,5
30922,Selfin,https://selfin.app,Fintech,USA,Y Combinator,2026-08-05 18:56:23,1,2
30921,Compyle,https://compyle.ai,B2B,USA,Y Combinator,2026-08-05 18:56:23,1,2
30920,Lexi,https://getlexi.io/,B2B,USA,Y Combinator,2026-08-05 18:56:23,1,15
30919,Codyco,https://www.codyco.ai/en,B2B,Germany,Y Combinator,2026-08-05 18:56:23,1,4
30918,ComplyDo,https://www.complydo.io/,B2B,Germany,Y Combinator,2026-08-05 18:56:23,1,10
30917,Bravi,https://www.bravi.app/,B2B,France,Y Combinator,2026-08-05 18:56:23,1,2
30914,Sunflower,https://sunflowersober.com/,Consumer,USA,Y Combinator,2026-08-05 18:56:23,1,15
30912,Redapto,https://www.redapto.com/,B2B,USA,Y Combinator,2026-08-05 18:56:23,1,2
30911,Helonic,https://helonic.com,Real Estate and Construction,USA,Y Combinator,2026-08-05 18:56:23,1,2
30910,Aleph Lab,http://alephlab.ai/,Consumer,USA,Y Combinator,2026-08-05 18:56:23,1,2
30907,Logical,https://logical.io,B2B,USA,Y Combinator,2026-08-05 18:56:23,1,2
30904,Tensr,https://tensr.com/,Industrials,USA,Y Combinator,2026-08-05 18:56:23,1,3
30903,Kestrel AI,https://usekestrel.ai/,B2B,USA,Y Combinator,2026-08-05 18:56:23,1,2
30900,LogosGuard,https://logosguard.com/,B2B,USA,Y Combinator,2026-08-05 18:56:23,1,2
30899,Sciloop,https://sciloop.dev,B2B,USA,Y Combinator,2026-08-05 18:56:23,1,6
30896,Multifactor,https://multifactor.com,B2B,USA,Y Combinator,2026-08-05 18:56:23,1,6
30895,Allus AI,https://allus.ai,Industrials,USA,Y Combinator,2026-08-05 18:56:23,1,6
30894,Unsiloed AI,https://www.unsiloed.ai/,B2B,USA,Y Combinator,2026-08-05 18:56:23,1,2
30891,SF Tensor,https://sf-tensor.com,B2B,Unspecified,Y Combinator,2026-08-05 18:56:23,1,6
30890,AnswerThis,https://answerthis.io/,Consumer,USA,Y Combinator,2026-08-05 18:56:23,1,6
30889,Terrain,https://getnivara.com/,B2B,USA,Y Combinator,2026-08-05 18:56:23,1,2
30888,Lakonia,https://lakonia.us.com,Government,USA,Y Combinator,2026-08-05 18:56:23,1,2
30887,SellRaze,https://sellraze.com,Consumer,USA,Y Combinator,2026-08-05 18:56:23,1,6
30886,Mod AI,https://usemod.ai,B2B,USA,Y Combinator,2026-08-05 18:56:23,1,4
30885,Semble AI,https://www.sembleai.com,B2B,USA,Y Combinator,2026-08-05 18:56:23,1,2
30884,Flick,https://flick.art,Consumer,USA,Y Combinator,2026-08-05 18:56:23,1,2
30883,hillclimb,https://hillclimb.com,B2B,USA,Y Combinator,2026-08-05 18:56:23,1,4
30882,AtlasGrid,https://atlasgrid.ai,B2B,USA,Y Combinator,2026-08-05 18:56:23,1,6
30881,Wardstone,https://www.wardstone.us,Industrials,USA,Y Combinator,2026-08-05 18:56:23,1,8
30880,Nessie,https://nessielabs.com/,Consumer,USA,Y Combinator,2026-08-05 18:56:23,1,3
30879,Hypercubic,https://www.hypercubic.ai/,B2B,USA,Y Combinator,2026-08-05 18:56:23,1,3
30878,Cranston AI,https://www.cranston.ai,B2B,USA,Y Combinator,2026-08-05 18:56:23,1,2
30877,Trelium,https://www.trelium.com,B2B,USA,Y Combinator,2026-08-05 18:56:23,1,6
30875,Veria Labs,https://verialabs.com,B2B,USA,Y Combinator,2026-08-05 18:56:23,1,3
30874,Minro,https://minro.com/,B2B,USA,Y Combinator,2026-08-05 18:56:23,1,2
30873,Tell if AI,https://tellif.ai,B2B,USA,Y Combinator,2026-08-05 18:56:23,1,2
30871,Bron,https://askbron.ai/,Consumer,USA,Y Combinator,2026-08-05 18:56:23,1,2
30870,Koyal,https://koyal.ai,Consumer,USA,Y Combinator,2026-08-05 18:56:23,1,5
30869,Kaigo Health,https://www.kaigohealth.ai/,Healthcare,USA,Y Combinator,2026-08-05 18:56:23,1,3
30868,Norra,https://www.norra.io,Healthcare,USA,Y Combinator,2026-08-05 18:56:23,1,2
30867,Soren,https://usesoren.com,B2B,USA,Y Combinator,2026-08-05 18:56:23,1,
30865,Lunavo,https://lunavo.ai,B2B,Germany,Y Combinator,2026-08-05 18:56:23,1,2
30864,dari.dev,https://dari.dev,B2B,USA,Y Combinator,2026-08-05 18:56:23,1,2
30863,The Context Company,https://www.thecontextcompany.com,B2B,USA,Y Combinator,2026-08-05 18:56:23,1,2
30862,Sorce,https://sorce.jobs,B2B,USA,Y Combinator,2026-08-05 18:56:23,1,6
30861,Caddy,https://caddy.app/,B2B,USA,Y Combinator,2026-08-05 18:56:23,1,5
30859,Locus,https://paywithlocus.com,B2B,USA,Y Combinator,2026-08-05 18:56:23,1,2
30858,Deeptrace,https://deeptrace.com/,B2B,USA,Y Combinator,2026-08-05 18:56:23,1,4
30857,Aspect,https://aspect.inc,B2B,USA,Y Combinator,2026-08-05 18:56:23,1,3
30856,Scoop,https://scooplabs.ai,B2B,USA,Y Combinator,2026-08-05 18:56:23,1,2
30854,Hyperspell,https://hyperspell.com,B2B,USA,Y Combinator,2026-08-05 18:56:23,1,8
30853,Bolna AI,https://bolna.ai,B2B,India,Y Combinator,2026-08-05 18:56:23,1,21
30852,Nexus,https://agent.nexus,B2B,Belgium,Y Combinator,2026-08-05 18:56:23,1,2
30850,Zavo,https://zavopay.com,Fintech,United Kingdom,Y Combinator,2026-08-05 18:56:23,1,8
30849,MOVEdot,https://www.movedot.ai/,B2B,USA,Y Combinator,2026-08-05 18:56:23,1,10
30848,Parrot,https://parrotapp.com/,Consumer,USA,Y Combinator,2026-08-05 18:56:23,1,3
30847,Brickwise,https://www.brickwiseai.com,Real Estate and Construction,United Kingdom,Y Combinator,2026-08-05 18:56:23,1,2
30846,Parse,https://parse.bot,B2B,USA,Y Combinator,2026-08-05 18:56:23,1,2
30845,Structured AI,https://www.getstructured.ai/,Real Estate and Construction,USA,Y Combinator,2026-08-05 18:56:23,1,10
30844,Uplane,https://uplane.com,B2B,USA,Y Combinator,2026-08-05 18:56:23,1,22
30837,AirCaps,https://aircaps.com,Consumer,USA,Y Combinator,2026-08-05 18:56:23,1,5
30835,Brickanta,https://www.brickanta.com,B2B,Sweden,Y Combinator,2026-08-05 18:56:23,1,11
30828,Semiotic,http://semiotic.com,B2B,USA,Y Combinator,2026-08-05 18:56:23,1,3
30822,Lapis,https://www.trylapis.com/,B2B,USA,Y Combinator,2026-08-05 18:56:23,1,5
30821,Efference,https://efference.ai,Industrials,USA,Y Combinator,2026-08-05 18:56:23,1,1
30816,Digipals,https://www.digipals.app/,Consumer,USA,Y Combinator,2026-08-05 18:56:23,1,3
30812,Mixy,https://usemixy.com,Consumer,,Y Combinator,2026-08-05 18:56:23,1,2
30749,Fernstone,https://www.fernstone.com,Fintech,USA,Y Combinator,2026-08-05 18:56:23,1,2
30657,Nori,https://nori.ai,Healthcare,USA,Y Combinator,2026-08-05 18:56:23,1,3
30631,Null Labs,https://n0labs.com,Industrials,USA,Y Combinator,2026-08-05 18:56:23,1,2
30604,Parametric,https://parametric.company/,Industrials,USA,Y Combinator,2026-08-05 18:56:23,1,7
30592,Prox,https://useprox.com,B2B,USA,Y Combinator,2026-08-05 18:56:23,1,7
30591,Autonomous Technologies Group,https://becomeautonomous.com/,Fintech,USA,Y Combinator,2026-08-05 18:56:23,1,8
30569,Fifth Door,https://fifthdoor.com,Consumer,USA,Y Combinator,2026-08-05 18:56:23,1,3
29763,Piggy Robotics,https://piggyrobotics.com,Industrials,United Kingdom,Y Combinator,2026-08-05 18:56:23,1,5
29161,Goldbridge,https://www.goldbridgebanking.com/,Real Estate and Construction,Unspecified,Y Combinator,2026-08-05 18:56:23,1,3
26144,MSPilot,https://mspilot.io,B2B,USA,Y Combinator,2026-08-05 18:56:23,1,3
30829,Remedy,http://www.useremedy.co,Healthcare,Unspecified,Y Combinator,2026-08-05 18:56:23,0,2
31004,Dome,https://domeapi.io,B2B,Unspecified,Y Combinator,2026-08-05 18:56:23,0,2
30916,Rovr,https://www.withrovr.com/,B2B,USA,Y Combinator,2026-08-05 18:56:23,0,3
30851,Sylvian,https://sylvian.ai,B2B,USA,Y Combinator,2026-08-05 18:56:23,0,2
1839,Groww,https://groww.in,Fintech,India,Y Combinator,2026-08-05 18:56:23,0,1050
1793,Sqreen,https://www.sqreen.com/,B2B,USA,Y Combinator,2026-08-05 18:56:23,0,120
1743,Bear Flag Robotics,http://bearflagrobotics.com/,Industrials,USA,Y Combinator,2026-08-05 18:56:23,0,10
1654,Newfront,https://www.newfront.com/,Fintech,USA,Y Combinator,2026-08-05 18:56:23,0,800
1882,Snackpass,https://snackpass.co,Consumer,USA,Y Combinator,2026-08-05 18:56:23,1,38
1879,Replit,https://replit.com,B2B,USA,Y Combinator,2026-08-05 18:56:23,1,65
1878,Swayable,http://swayable.com,B2B,USA,Y Combinator,2026-08-05 18:56:23,1,30
1877,FidoCure®,https://www.fidocure.com/,Healthcare,USA,Y Combinator,2026-08-05 18:56:23,1,14
1876,Veriff,https://veriff.com/,B2B,Estonia,Y Combinator,2026-08-05 18:56:23,1,42
1875,Aerones,http://www.aerones.com,Industrials,Latvia,Y Combinator,2026-08-05 18:56:23,1,250
1872,Super,http://superapp.id/,Consumer,Indonesia,Y Combinator,2026-08-05 18:56:23,1,1037
1871,Helloverify,https://www.helloverify.ae,B2B,India,Y Combinator,2026-08-05 18:56:23,1,600
1869,Runa,http://runahr.com/,B2B,Mexico,Y Combinator,2026-08-05 18:56:23,1,100
1868,ErudiFi,http://www.erudifi.com,Fintech,Singapore,Y Combinator,2026-08-05 18:56:23,1,88
1867,CaptivateIQ,https://www.captivateiq.com,B2B,USA,Y Combinator,2026-08-05 18:56:23,1,280
1866,Vena Medical,https://www.venamed.ca/,Healthcare,Canada,Y Combinator,2026-08-05 18:56:23,1,7
1865,Mind Emulation Foundation,https://mindemulation.org/,Healthcare,Unspecified,Y Combinator,2026-08-05 18:56:23,1,1
1863,Anjuna,https://www.anjuna.io,B2B,USA,Y Combinator,2026-08-05 18:56:23,1,55
1861,Tarjimly (acquired),https://tarjimly.org,Healthcare,USA,Y Combinator,2026-08-05 18:56:23,1,20
1859,Observe.AI,https://observe.ai,B2B,USA,Y Combinator,2026-08-05 18:56:23,1,240
1856,Culture Biosciences,https://culturebiosciences.com,Healthcare,USA,Y Combinator,2026-08-05 18:56:23,1,40
1849,ZBiotics,https://zbiotics.com/,Healthcare,USA,Y Combinator,2026-08-05 18:56:23,1,22
1847,ArchForm,http://archform.com,Healthcare,USA,Y Combinator,2026-08-05 18:56:23,1,23
1844,OpenSea,https://opensea.io,Consumer,USA,Y Combinator,2026-08-05 18:56:23,1,75
1842,AlgoSurg Inc,http://www.algosurg.com,Healthcare,India,Y Combinator,2026-08-05 18:56:23,1,8
1836,Orangewood Labs,http://www.orangewood.co,Industrials,USA,Y Combinator,2026-08-05 18:56:23,1,40
1834,Aspire,https://aspireapp.com,Fintech,Singapore,Y Combinator,2026-08-05 18:56:23,1,500
1833,SafetyWing,http://www.safetywing.com,Fintech,USA,Y Combinator,2026-08-05 18:56:23,1,130
1832,Tilt (f.k.a. Delphia),http://tilt.io,Fintech,Canada,Y Combinator,2026-08-05 18:56:23,1,25
1829,Pelago,https://www.pelagohealth.com,Healthcare,USA,Y Combinator,2026-08-05 18:56:23,1,180
1828,Substack,https://substack.com,B2B,USA,Y Combinator,2026-08-05 18:56:23,1,90
1826,Weekend (fmr. Volley),https://weekend.com,Consumer,USA,Y Combinator,2026-08-05 18:56:23,1,80
1819,Gainful,https://gainful.com/,Consumer,USA,Y Combinator,2026-08-05 18:56:23,1,30
1818,Cognition IP,https://www.cognitionip.com,B2B,USA,Y Combinator,2026-08-05 18:56:23,1,12
1815,Players' Lounge,https://playerslounge.co/,Consumer,USA,Y Combinator,2026-08-05 18:56:23,1,13
1814,Psylaris,https://www.psylaris.com/,Healthcare,Netherlands,Y Combinator,2026-08-05 18:56:23,1,23
1810,Treasury Prime,https://treasuryprime.com,Fintech,USA,Y Combinator,2026-08-05 18:56:23,1,100
1809,Acely,https://acely.com,Education,USA,Y Combinator,2026-08-05 18:56:23,1,30
1808,Universe,http://onuniverse.com,Consumer,USA,Y Combinator,2026-08-05 18:56:23,1,25
1805,Let's Do This,https://www.letsdothis.com/,Consumer,United Kingdom,Y Combinator,2026-08-05 18:56:23,1,75
1802,Evolve (makers of Podcast App & Rest),https://getrest.app,Consumer,USA,Y Combinator,2026-08-05 18:56:23,1,23
1800,Supermedium,https://supermedium.com/,Consumer,USA,Y Combinator,2026-08-05 18:56:23,1,2
1798,Tributi,http://tributi.com,Consumer,Colombia,Y Combinator,2026-08-05 18:56:23,1,20
1795,Sourcify,https://www.sourcify.com/,B2B,USA,Y Combinator,2026-08-05 18:56:23,1,15
1794,Plexus,http://plexus.im,Consumer,United Kingdom,Y Combinator,2026-08-05 18:56:23,1,3
1790,BioRender,https://www.biorender.com,B2B,Canada,Y Combinator,2026-08-05 18:56:23,1,205
1787,tEQuitable,https://www.tEQuitable.com/,B2B,USA,Y Combinator,2026-08-05 18:56:23,1,6
1785,Meitre,http://meitre.com/,B2B,USA,Y Combinator,2026-08-05 18:56:23,1,9
1784,Draftbit,https://draftbit.com,B2B,USA,Y Combinator,2026-08-05 18:56:23,1,10
1783,LUS Brands,http://lusbrands.com,Consumer,Canada,Y Combinator,2026-08-05 18:56:23,1,20
1781,Vanta,https://vanta.com,B2B,USA,Y Combinator,2026-08-05 18:56:23,1,700
1779,Dear Brightly,https://www.dearbrightly.com,Healthcare,USA,Y Combinator,2026-08-05 18:56:23,1,3
1778,Nuvocargo,http://www.nuvocargo.com,B2B,USA,Y Combinator,2026-08-05 18:56:23,1,100
1777,AesculaTech,https://www.aesculatech.com/,Healthcare,USA,Y Combinator,2026-08-05 18:56:23,1,6
1773,Persephone Biosciences,http://persephonebiosciences.com/,Healthcare,USA,Y Combinator,2026-08-05 18:56:23,1,6
1771,Modern Health,https://www.modernhealth.com/,Healthcare,USA,Y Combinator,2026-08-05 18:56:23,1,375
1769,Promise,http://promise-pay.com,Government,USA,Y Combinator,2026-08-05 18:56:23,1,80
1768,Tradewind BioScience,https://www.tradewindbio.com,Healthcare,USA,Y Combinator,2026-08-05 18:56:23,1,2
1767,Nectome,https://nectome.com/,Healthcare,USA,Y Combinator,2026-08-05 18:56:23,1,5
1763,Biobot Analytics,http://biobot.io,Government,USA,Y Combinator,2026-08-05 18:56:23,1,12
1761,NEXGENT,https://ngt.academy/,Education,USA,Y Combinator,2026-08-05 18:56:23,1,25
1760,Macromoltek,https://www.macromoltek.com,Healthcare,USA,Y Combinator,2026-08-05 18:56:23,1,14
1757,Avro Life Science,http://avrolifesci.com,Healthcare,Canada,Y Combinator,2026-08-05 18:56:23,1,8
1753,SRTX,https://www.srtxlabs.com/,Industrials,Canada,Y Combinator,2026-08-05 18:56:23,1,150
1752,Simetrik,https://simetrik.com,B2B,Colombia,Y Combinator,2026-08-05 18:56:23,1,350
1750,Key Values,https://www.keyvalues.com,B2B,USA,Y Combinator,2026-08-05 18:56:23,1,1
1749,CoinTracker,https://cointracker.com,Fintech,USA,Y Combinator,2026-08-05 18:56:23,1,70
1748,Slite,https://slite.com/,B2B,Germany,Y Combinator,2026-08-05 18:56:23,1,40
1747,Glowing.io,http://www.glowing.io,B2B,USA,Y Combinator,2026-08-05 18:56:23,1,11
1746,Sixfold Bioscience,https://www.sixfold.bio,Healthcare,United Kingdom,Y Combinator,2026-08-05 18:56:23,1,27
1745,Worklytics,https://www.worklytics.co,B2B,USA,Y Combinator,2026-08-05 18:56:23,1,
1744,Fondo,https://fondo.com,B2B,USA,Y Combinator,2026-08-05 18:56:23,1,80
1739,Observant AI,https://www.observantai.com,B2B,USA,Y Combinator,2026-08-05 18:56:23,1,5
1736,Assembly,https://www.assembly.com,B2B,USA,Y Combinator,2026-08-05 18:56:23,1,25
1734,Jasper.ai,https://jasper.ai,B2B,USA,Y Combinator,2026-08-05 18:56:23,1,195
1732,Shogun,https://getshogun.com/,B2B,USA,Y Combinator,2026-08-05 18:56:23,1,90
1731,Blueberry Pediatrics,https://blueberrypediatrics.com,Healthcare,USA,Y Combinator,2026-08-05 18:56:23,1,15
1730,Beanstalk,http://beanstalk.farm,Industrials,USA,Y Combinator,2026-08-05 18:56:23,1,15
1729,Spellbrush,https://spellbrush.com,Consumer,USA,Y Combinator,2026-08-05 18:56:23,1,30
1727,Quantstamp,https://quantstamp.com,B2B,USA,Y Combinator,2026-08-05 18:56:23,1,80
1725,Precious,https://preciousapp.com/,Consumer,USA,Y Combinator,2026-08-05 18:56:23,1,7
1723,Proven Group,https://www.provenskincare.com,Consumer,USA,Y Combinator,2026-08-05 18:56:23,1,40
1721,"Lucy Goods, Inc",https://lucy.co/,Consumer,USA,Y Combinator,2026-08-05 18:56:23,1,7
1874,Look After My Bills,http://www.lookaftermybills.com,Fintech,United Kingdom,Y Combinator,2026-08-05 18:56:23,0,2
1870,Qulture.Rocks,https://qulture.rocks/en/home/,B2B,USA,Y Combinator,2026-08-05 18:56:23,0,70
1858,Jido Maps,https://jidomaps.com/,B2B,USA,Y Combinator,2026-08-05 18:56:23,0,6
1852,Swipehouse,https://swipehouse.co,Consumer,USA,Y Combinator,2026-08-05 18:56:23,0,5
1843,Medumo,https://www.medumo.com/,Healthcare,USA,Y Combinator,2026-08-05 18:56:23,0,12
1841,Zyper,https://zyper.com/,B2B,USA,Y Combinator,2026-08-05 18:56:23,0,35
1840,Memora Health,https://memorahealth.com,Healthcare,USA,Y Combinator,2026-08-05 18:56:23,0,115
1837,YouTeam,https://youteam.io,B2B,USA,Y Combinator,2026-08-05 18:56:23,0,34
1835,Mojo,https://mojo-app.com,Consumer,France,Y Combinator,2026-08-05 18:56:23,0,20
1830,Dataform,https://dataform.co,B2B,United Kingdom,Y Combinator,2026-08-05 18:56:23,0,10
1827,SharpestMinds,http://sharpestminds.com,B2B,Canada,Y Combinator,2026-08-05 18:56:23,0,4
1824,Naborly,https://naborly.com,Real Estate and Construction,Canada,Y Combinator,2026-08-05 18:56:23,0,25
1821,Hunter2,https://hunter2.com,B2B,USA,Y Combinator,2026-08-05 18:56:23,0,0
1816,Lawyaw,http://www.lawyaw.com,B2B,USA,Y Combinator,2026-08-05 18:56:23,0,15
1807,Edwin,https://edwin.ai,Education,USA,Y Combinator,2026-08-05 18:56:23,0,14
1806,Flinto,http://flinto.app,Fintech,Mexico,Y Combinator,2026-08-05 18:56:23,0,0
1789,Evry Health,http://evryhealth.com/,Healthcare,USA,Y Combinator,2026-08-05 18:56:23,0,87
1782,NewCraft,https://www.newcraft.io/,B2B,,Y Combinator,2026-08-05 18:56:23,0,2
1780,Squad,http://squadapp.io,Consumer,USA,Y Combinator,2026-08-05 18:56:23,0,10
1774,Glimpse K12,http://www.glimpsek12.com/,Education,USA,Y Combinator,2026-08-05 18:56:23,0,6
1766,CodeStream,http://codestream.com,B2B,USA,Y Combinator,2026-08-05 18:56:23,0,10
1762,onederful,http://www.onederful.co,Healthcare,USA,Y Combinator,2026-08-05 18:56:23,0,2
1759,Sepsis Scout,https://sepsisscout.com,Healthcare,USA,Y Combinator,2026-08-05 18:56:23,0,5
1751,ClearBrain,https://clearbrain.com/,B2B,USA,Y Combinator,2026-08-05 18:56:23,0,10
1741,Pulse,https://www.pulse.qa,B2B,USA,Y Combinator,2026-08-05 18:56:23,0,11
1726,Mayhem,https://www.mayhem.gg,Consumer,USA,Y Combinator,2026-08-05 18:56:23,0,10
1881,Lambda Tea,http://lambdatea.com,Consumer,Unspecified,Y Combinator,2026-08-05 18:56:23,0,2
1864,Hexel,https://www.onhexel.com,Consumer,USA,Y Combinator,2026-08-05 18:56:23,0,2
1857,Point API,https://pointapi.com,B2B,USA,Y Combinator,2026-08-05 18:56:23,0,5
1855,Ben,https://ben.co,Fintech,USA,Y Combinator,2026-08-05 18:56:23,0,2
1854,Secured,https://secured.community,Consumer,United Kingdom,Y Combinator,2026-08-05 18:56:23,0,12
1853,Iambiq Technologies,http://www.iambiqtech.com/,B2B,USA,Y Combinator,2026-08-05 18:56:23,0,2
1851,Voicery,http://www.voicery.com,B2B,USA,Y Combinator,2026-08-05 18:56:23,0,2
1845,Atrium,http://www.atrium.co,B2B,USA,Y Combinator,2026-08-05 18:56:23,0,180
1838,OSIMple,http://osimple.co,Real Estate and Construction,Canada,Y Combinator,2026-08-05 18:56:23,0,2
1831,Pagedraw,https://pagedraw.io/,B2B,USA,Y Combinator,2026-08-05 18:56:23,0,5
1825,Shone,http://www.shone.com/,Industrials,USA,Y Combinator,2026-08-05 18:56:23,0,8
1823,Vathys,http://vathys.ai,Industrials,USA,Y Combinator,2026-08-05 18:56:23,0,6
1822,Station,https://stationhq.com/,B2B,France,Y Combinator,2026-08-05 18:56:23,0,9
1820,Nutrigene,https://www.mynutrigene.com/,Consumer,USA,Y Combinator,2026-08-05 18:56:23,0,0
1813,Storyline,https://www.producthunt.com/posts/storyline-7,B2B,United Kingdom,Y Combinator,2026-08-05 18:56:23,0,3
1804,miru,https://www.miruhome.com,B2B,USA,Y Combinator,2026-08-05 18:56:23,0,1
1801,Haiku,https://www.haikuforteams.com/,B2B,USA,Y Combinator,2026-08-05 18:56:23,0,
1799,Meson,https://meson.fi/,Consumer,Singapore,Y Combinator,2026-08-05 18:56:23,0,10
1797,Viaopt,http://www.viaopt.com,B2B,USA,Y Combinator,2026-08-05 18:56:23,0,2
1796,Aalo,http://www.aalo.co,Consumer,USA,Y Combinator,2026-08-05 18:56:23,0,1
1792,Openland,https://openland.com,Consumer,USA,Y Combinator,2026-08-05 18:56:23,0,14
1791,Correlia Biosystems,http://www.correliabio.com,Healthcare,USA,Y Combinator,2026-08-05 18:56:23,0,16
1786,EnvKey,https://envkey.com,B2B,USA,Y Combinator,2026-08-05 18:56:23,0,2
1776,Curious Fictions,http://curiousfictions.com,Consumer,USA,Y Combinator,2026-08-05 18:56:23,0,2
1775,Reverie Labs,http://www.reverielabs.com,Healthcare,USA,Y Combinator,2026-08-05 18:56:23,0,29
1772,Tingles,https://www.gettingles.com,Consumer,USA,Y Combinator,2026-08-05 18:56:23,0,6
1770,OurMenu,http://www.ourmenu.io,B2B,Unspecified,Y Combinator,2026-08-05 18:56:23,0,3
1764,Skip,https://rideskip.com/,Consumer,USA,Y Combinator,2026-08-05 18:56:23,0,2
1758,Closer Sports,https://closersports.com,Healthcare,Unspecified,Y Combinator,2026-08-05 18:56:23,0,2
1756,Tipe,https://tipe.io,B2B,USA,Y Combinator,2026-08-05 18:56:23,0,5
1754,Mighty Buildings,https://www.mightybuildings.com,Real Estate and Construction,USA,Y Combinator,2026-08-05 18:56:23,0,200
1738,Necto,http://joinnecto.com,Consumer,USA,Y Combinator,2026-08-05 18:56:23,0,4
1737,Rhythmm,https://getrhythmm.com,Consumer,USA,Y Combinator,2026-08-05 18:56:23,0,2
1735,Ovipost,https://ovipost.com,Industrials,USA,Y Combinator,2026-08-05 18:56:23,0,20
1733,California Dreamin,https://www.drinkdreamin.com/,Consumer,USA,Y Combinator,2026-08-05 18:56:23,0,2
1728,Torch,https://torch.io/,B2B,USA,Y Combinator,2026-08-05 18:56:23,0,130
1724,Sketchbox,https://www.sketchbox3d.com,Consumer,USA,Y Combinator,2026-08-05 18:56:23,0,20
30565,Cohesive,https://getcohesiveai.com,B2B,USA,Y Combinator,2026-08-05 18:56:23,1,2
30562,Docket,https://docketqa.com,B2B,USA,Y Combinator,2026-08-05 18:56:23,1,2
30561,Sureform,https://www.sureformhq.com/,B2B,USA,Y Combinator,2026-08-05 18:56:23,1,2
30560,Foundation Industries,https://www.foundation-industries.com/,Industrials,USA,Y Combinator,2026-08-05 18:56:23,1,5
30559,Godela,http://godela.ai,B2B,USA,Y Combinator,2026-08-05 18:56:23,1,10
30557,Aegis,https://aegishealth.us/,Healthcare,USA,Y Combinator,2026-08-05 18:56:23,1,3
30556,Cascade Space,https://cascadespace.com,Industrials,USA,Y Combinator,2026-08-05 18:56:23,1,7
30554,Bond,https://www.bondapp.io/,B2B,USA,Y Combinator,2026-08-05 18:56:23,1,3
30553,Blueshoe,https://blueshoe.com,B2B,USA,Y Combinator,2026-08-05 18:56:23,1,2
30552,sieve,https://usesieve.com/,B2B,USA,Y Combinator,2026-08-05 18:56:23,1,2
30549,Airweave,https://airweave.ai,B2B,USA,Y Combinator,2026-08-05 18:56:23,1,7
30548,Theorem,https://theorem.dev,B2B,USA,Y Combinator,2026-08-05 18:56:23,1,4
30547,Text.ai,https://www.text.ai/,Consumer,USA,Y Combinator,2026-08-05 18:56:23,1,4
30545,StarSling,https://starsling.dev/,B2B,USA,Y Combinator,2026-08-05 18:56:23,1,3
30544,Wavedash,https://wavedash.com,Consumer,USA,Y Combinator,2026-08-05 18:56:23,1,3
30543,Cactus,https://oncactus.com,B2B,USA,Y Combinator,2026-08-05 18:56:23,1,2
30542,Vision Lab,https://thevisionlab.ai/,Industrials,USA,Y Combinator,2026-08-05 18:56:23,1,11
30541,Code Four,https://codefour.us/,Government,USA,Y Combinator,2026-08-05 18:56:23,1,3
30540,Lumari,https://www.lumari.ai/,B2B,USA,Y Combinator,2026-08-05 18:56:23,1,5
30539,mlop,https://mlop.ai,B2B,United Kingdom,Y Combinator,2026-08-05 18:56:23,1,2
30538,Den,https://getden.io,B2B,USA,Y Combinator,2026-08-05 18:56:23,1,2
30535,Cotool,https://cotool.ai,B2B,USA,Y Combinator,2026-08-05 18:56:23,1,4
30533,Pelica,https://www.pelica.com/,Healthcare,USA,Y Combinator,2026-08-05 18:56:23,1,5
30532,Nimbic AI,https://nimbic-ai.com,B2B,USA,Y Combinator,2026-08-05 18:56:23,1,3
30531,Moby Analytics,https://www.mobyanalytics.com/,B2B,France,Y Combinator,2026-08-05 18:56:23,1,4
30530,Rimba,https://rimba.ai,Industrials,USA,Y Combinator,2026-08-05 18:56:23,1,4
30529,Adentris,https://www.adentris.com,Healthcare,USA,Y Combinator,2026-08-05 18:56:23,1,4
30528,Probo,https://www.probo.com/,B2B,France,Y Combinator,2026-08-05 18:56:23,1,6
30527,MindFort,https://mindfort.ai/?utm_source=ycombinator&utm_medium=referral&utm_campaign=yc,B2B,USA,Y Combinator,2026-08-05 18:56:23,1,5
30526,chrt,https://chrt.com,B2B,USA,Y Combinator,2026-08-05 18:56:23,1,5
30523,Mesmer,https://mesmer.co,B2B,Germany,Y Combinator,2026-08-05 18:56:23,1,7
30522,Naïve,https://usenaive.ai,B2B,USA,Y Combinator,2026-08-05 18:56:23,1,8
30521,Kairos,https://www.withkairos.co/,B2B,USA,Y Combinator,2026-08-05 18:56:23,1,3
30519,Hemut,https://www.hemut.com/,B2B,USA,Y Combinator,2026-08-05 18:56:23,1,3
30518,Orchid,https://orchid.ai,B2B,USA,Y Combinator,2026-08-05 18:56:23,1,3
30517,ValueMate,https://valuemate.ai,B2B,USA,Y Combinator,2026-08-05 18:56:23,1,2
30516,Bramante,https://www.bramantebio.com,Industrials,USA,Y Combinator,2026-08-05 18:56:23,1,2
30515,Libretto,https://libretto.sh,Healthcare,USA,Y Combinator,2026-08-05 18:56:23,1,2
30514,Scalar Field,https://www.scalarfield.io/,Fintech,Unspecified,Y Combinator,2026-08-05 18:56:23,1,3
30513,Eloquent AI,https://www.eloquentai.co/,B2B,USA,Y Combinator,2026-08-05 18:56:23,1,5
30512,MorphoAI,https://morpho.ai/,Industrials,USA,Y Combinator,2026-08-05 18:56:23,1,7
30511,Vassar Robotics,https://www.vassarrobotics.com,Consumer,USA,Y Combinator,2026-08-05 18:56:23,1,3
30509,Boost Robotics,https://www.boostrobotics.ai,Industrials,USA,Y Combinator,2026-08-05 18:56:23,1,2
30508,Sygaldry Technologies,https://www.sygaldry.com,Industrials,USA,Y Combinator,2026-08-05 18:56:23,1,
30507,ParaQuery,https://paraquery.com,B2B,USA,Y Combinator,2026-08-05 18:56:23,1,1
30506,Klavis AI,https://www.klavis.ai/,B2B,,Y Combinator,2026-08-05 18:56:23,1,3
30504,Third Chair,https://usethirdchair.com,B2B,USA,Y Combinator,2026-08-05 18:56:23,1,8
30503,Vesence,https://vesence.com,B2B,Sweden,Y Combinator,2026-08-05 18:56:23,1,2
30502,PowerMatrix,https://pwrmatrix.com,Industrials,United Kingdom,Y Combinator,2026-08-05 18:56:23,1,2
30501,Cartpole,https://cartpole.com,B2B,USA,Y Combinator,2026-08-05 18:56:23,1,2
30500,Besimple AI,https://besimple.ai,B2B,USA,Y Combinator,2026-08-05 18:56:23,1,6
30498,Alkali,https://alkali.engineering,B2B,USA,Y Combinator,2026-08-05 18:56:23,1,2
30497,Human Behavior,https://www.humanbehavior.co/,B2B,USA,Y Combinator,2026-08-05 18:56:23,1,3
30496,QualGent,https://www.qualgent.ai,B2B,USA,Y Combinator,2026-08-05 18:56:23,1,10
30492,Prism,https://herm.run,B2B,USA,Y Combinator,2026-08-05 18:56:23,1,3
30491,Novoflow,https://www.novoflow.io/,Healthcare,USA,Y Combinator,2026-08-05 18:56:23,1,6
30488,Theta,https://thetasoftware.com,B2B,USA,Y Combinator,2026-08-05 18:56:23,1,7
30487,IRBC,https://irbc.com/,Fintech,USA,Y Combinator,2026-08-05 18:56:23,1,3
30485,Anana,https://getanana.com,B2B,USA,Y Combinator,2026-08-05 18:56:23,1,2
30484,throxy,https://throxy.com/,B2B,United Kingdom,Y Combinator,2026-08-05 18:56:23,1,55
30482,Lucis,https://www.lucis.life,Healthcare,France,Y Combinator,2026-08-05 18:56:23,1,17
30480,Flott HQ,https://www.flotthq.com,B2B,France,Y Combinator,2026-08-05 18:56:23,1,2
30479,Crimson,https://crimson.law,B2B,United Kingdom,Y Combinator,2026-08-05 18:56:23,1,6
30477,Casco,https://casco.com,B2B,Unspecified,Y Combinator,2026-08-05 18:56:23,1,10
30476,Nomi,https://www.nomi.so,B2B,France,Y Combinator,2026-08-05 18:56:23,1,5
30475,Morphik,https://morphik.ai,B2B,USA,Y Combinator,2026-08-05 18:56:23,1,2
30474,RunRL,https://runrl.com,B2B,USA,Y Combinator,2026-08-05 18:56:23,1,2
30472,Ticket Wallet,https://www.ticketwallet.com,B2B,USA,Y Combinator,2026-08-05 18:56:23,1,20
30471,Kaizen,https://kaizenautomation.com,B2B,USA,Y Combinator,2026-08-05 18:56:23,1,6
30469,HABIT,https://habitrobotics.com,B2B,USA,Y Combinator,2026-08-05 18:56:23,1,
30468,Clidey,https://clidey.com,B2B,USA,Y Combinator,2026-08-05 18:56:23,1,5
30467,Opusense AI,https://www.opusense.com/,Real Estate and Construction,Canada,Y Combinator,2026-08-05 18:56:23,1,2
30466,Labric,https://labric.co,B2B,USA,Y Combinator,2026-08-05 18:56:23,1,2
30465,Photonium,https://www.photoniumoptics.com/,B2B,USA,Y Combinator,2026-08-05 18:56:23,1,5
30464,Sixtyfour,https://www.sixtyfour.ai/,B2B,USA,Y Combinator,2026-08-05 18:56:23,1,12
30463,Tegore,https://tegore.ai/,Education,USA,Y Combinator,2026-08-05 18:56:23,1,1
30462,Freesolo,https://freesolo.co,B2B,USA,Y Combinator,2026-08-05 18:56:23,1,4
30461,Combinely,https://combinely.ai,B2B,United Kingdom,Y Combinator,2026-08-05 18:56:23,1,5
30460,VoiceOS,https://voiceos.com,Consumer,USA,Y Combinator,2026-08-05 18:56:23,1,2
30459,Chiron,https://projectchiron.org,Education,United Kingdom,Y Combinator,2026-08-05 18:56:23,1,2
30458,Jeevy Fabrication,https://www.jeevyfabrication.com/,B2B,USA,Y Combinator,2026-08-05 18:56:23,1,3
30457,Trapeze,https://www.trapezehealth.com,Healthcare,USA,Y Combinator,2026-08-05 18:56:23,1,2
30456,Tinfoil,https://tinfoil.sh,B2B,USA,Y Combinator,2026-08-05 18:56:23,1,5
30455,Paper Instruments,https://www.paperinstruments.com/,B2B,USA,Y Combinator,2026-08-05 18:56:23,1,3
30454,Refresh,https://www.refresh.dev,B2B,USA,Y Combinator,2026-08-05 18:56:23,1,8
30453,Parsewise,https://parsewise.ai,B2B,United Kingdom,Y Combinator,2026-08-05 18:56:23,1,6
30452,Better Auth,https://better-auth.com/,B2B,USA,Y Combinator,2026-08-05 18:56:23,1,4
30451,Bluejay,https://getbluejay.ai/,B2B,USA,Y Combinator,2026-08-05 18:56:23,1,10
30450,Kestral,https://kestral.ai,B2B,USA,Y Combinator,2026-08-05 18:56:23,1,3
30449,Attune,https://attunehq.com,B2B,USA,Y Combinator,2026-08-05 18:56:23,1,3
30448,PgDog,https://pgdog.dev,B2B,USA,Y Combinator,2026-08-05 18:56:23,1,3
30446,Kirana AI,https://www.kirana-ai.com,B2B,USA,Y Combinator,2026-08-05 18:56:23,1,2
30445,Mbodi AI,https://www.mbodi.ai/,Industrials,USA,Y Combinator,2026-08-05 18:56:23,1,6
30443,Units,https://units.school,Education,USA,Y Combinator,2026-08-05 18:56:23,1,1
30442,Hanji,https://hanji.dev/,B2B,USA,Y Combinator,2026-08-05 18:56:23,1,4
30441,stratify,https://www.trystratify.com,B2B,USA,Y Combinator,2026-08-05 18:56:23,1,2
30440,Sim,https://sim.ai,B2B,USA,Y Combinator,2026-08-05 18:56:23,1,6
30439,Clarm,https://www.clarm.com,B2B,Switzerland,Y Combinator,2026-08-05 18:56:23,1,2
30438,Beluga,https://www.trybeluga.ai/,B2B,USA,Y Combinator,2026-08-05 18:56:23,1,3
30437,Kaelio,https://kaelio.com/,B2B,Unspecified,Y Combinator,2026-08-05 18:56:23,1,8
30435,Alpha Research,https://alpharesearch.nyc/,B2B,USA,Y Combinator,2026-08-05 18:56:23,1,1
30434,Zeon Systems,https://www.zeonsystems.ai/,Industrials,USA,Y Combinator,2026-08-05 18:56:23,1,5
30433,The Robot Learning Company,https://www.robot-learning.co/,Industrials,Germany,Y Combinator,2026-08-05 18:56:23,1,1
30432,HelixDB,https://helix-db.com,B2B,United Kingdom,Y Combinator,2026-08-05 18:56:23,1,6
30431,Feyn,https://www.usefeyn.com,B2B,USA,Y Combinator,2026-08-05 18:56:23,1,3
30430,Almond,https://almond.bot/,Industrials,USA,Y Combinator,2026-08-05 18:56:23,1,5
30429,Claim Health,https://www.claimhealth.com,Healthcare,USA,Y Combinator,2026-08-05 18:56:23,1,6
30428,Capacitive,https://capacitive.ai/,B2B,USA,Y Combinator,2026-08-05 18:56:23,1,2
30427,Acolite,https://acolite.ai,Fintech,USA,Y Combinator,2026-08-05 18:56:23,1,3
30426,Ralo,https://www.ralo.com/,Fintech,USA,Y Combinator,2026-08-05 18:56:23,1,2
30425,Auctor,https://getauctor.com,B2B,USA,Y Combinator,2026-08-05 18:56:23,1,30
30423,neoncoral,http://neoncoral.inc,Consumer,USA,Y Combinator,2026-08-05 18:56:23,1,1
30421,Synthio Labs,https://synthiolabs.com/,Healthcare,USA,Y Combinator,2026-08-05 18:56:23,1,29
30420,Cua,https://cua.ai,B2B,USA,Y Combinator,2026-08-05 18:56:23,1,3
30419,Minerva,https://www.tryminerva.ai,B2B,USA,Y Combinator,2026-08-05 18:56:23,1,5
30417,GroundControl,https://rungroundcontrol.com/,Industrials,USA,Y Combinator,2026-08-05 18:56:23,1,8
30415,Avallon AI,https://www.avallon.ai/,Fintech,USA,Y Combinator,2026-08-05 18:56:23,1,7
30412,Bloom,https://bloom.diy/,B2B,,Y Combinator,2026-08-05 18:56:23,1,2
30411,cubic,https://cubic.dev/,B2B,United Kingdom,Y Combinator,2026-08-05 18:56:23,1,3
30407,Golf,https://golf.dev/,B2B,USA,Y Combinator,2026-08-05 18:56:23,1,1
30406,BitBoard,https://bitboard.work,B2B,USA,Y Combinator,2026-08-05 18:56:23,1,2
30405,nao Labs,https://getnao.io/,B2B,France,Y Combinator,2026-08-05 18:56:23,1,2
30404,Vybe,https://www.vybe.build,B2B,USA,Y Combinator,2026-08-05 18:56:23,1,8
30403,Aravolta,https://www.aravolta.com/,B2B,USA,Y Combinator,2026-08-05 18:56:23,1,4
30402,Kashikoi,https://www.getkashikoi.com,B2B,USA,Y Combinator,2026-08-05 18:56:23,1,2
30400,Plexe,https://plexe.ai,B2B,United Kingdom,Y Combinator,2026-08-05 18:56:23,1,2
30399,Frekil,https://www.frekil.com,Healthcare,India,Y Combinator,2026-08-05 18:56:23,1,2
30384,Chestnut,https://chestnutmortgage.com/,Fintech,USA,Y Combinator,2026-08-05 18:56:23,1,2
30367,QFEX,https://qfex.com,Fintech,United Kingdom,Y Combinator,2026-08-05 18:56:23,1,10
30366,Blaxel,https://blaxel.ai,B2B,USA,Y Combinator,2026-08-05 18:56:23,1,8
30336,Atlog,https://atlog.ai,B2B,USA,Y Combinator,2026-08-05 18:56:23,1,2
30329,Waffle,https://www.waffle.ai,Consumer,United Kingdom,Y Combinator,2026-08-05 18:56:23,1,2
30191,Partcl,https://partcl.com/,B2B,USA,Y Combinator,2026-08-05 18:56:23,1,
30173,Aviro,https://www.aviro.ai/,B2B,USA,Y Combinator,2026-08-05 18:56:23,1,2
29666,Willow,https://willowvoice.com/,Consumer,USA,Y Combinator,2026-08-05 18:56:23,1,7
29662,Atum Works,https://atum.works/,Industrials,USA,Y Combinator,2026-08-05 18:56:23,1,3
29656,Leeroo,https://www.leeroo.com/,B2B,United Kingdom,Y Combinator,2026-08-05 18:56:23,1,3
30558,BitPatrol,https://www.bitpatrol.io/,B2B,USA,Y Combinator,2026-08-05 18:56:23,0,1
30536,Propolis,https://propolis.tech/,B2B,USA,Y Combinator,2026-08-05 18:56:23,0,2
30422,Galen AI,https://www.galenai.com/,Healthcare,USA,Y Combinator,2026-08-05 18:56:23,0,2
30447,Caucus,https://www.usecaucus.com/,Government,Unspecified,Y Combinator,2026-08-05 18:56:23,0,3
30444,Percival,https://percy.tech,B2B,USA,Y Combinator,2026-08-05 18:56:23,0,3
30418,Kanava AI,https://kanava.ai/,B2B,USA,Y Combinator,2026-08-05 18:56:23,0,2
1993,Momentus,https://momentus.space,Industrials,USA,Y Combinator,2026-08-05 18:56:23,0,125
1886,Honeylove,https://www.honeylove.com,Consumer,USA,Y Combinator,2026-08-05 18:56:23,1,100
2037,Kunduz,https://kunduz.com/,Education,Turkey,Y Combinator,2026-08-05 18:56:23,1,85
2034,Aesthetic,https://www.aesthetic.com,B2B,USA,Y Combinator,2026-08-05 18:56:23,1,4
2032,OkCredit,https://www.okcredit.in,Fintech,India,Y Combinator,2026-08-05 18:56:23,1,70
2030,Culdesac,http://culdesac.com,Real Estate and Construction,USA,Y Combinator,2026-08-05 18:56:23,1,100
2029,Circumvent,https://www.circumventpharmaceuticals.com/,Healthcare,USA,Y Combinator,2026-08-05 18:56:23,1,6
2028,Rejuvenation Technologies Inc.,https://www.rejuvenationtech.com/,Healthcare,USA,Y Combinator,2026-08-05 18:56:23,1,2
2026,iLabService,https://www.ilabservice.ai,B2B,China,Y Combinator,2026-08-05 18:56:23,1,50
2025,LemonBox,http://www.lemonbox.com/,Healthcare,USA,Y Combinator,2026-08-05 18:56:23,1,20
2024,Enveritas,http://www.enveritas.org,Industrials,USA,Y Combinator,2026-08-05 18:56:23,1,60
2023,SPATE,https://www.spate.nyc,B2B,USA,Y Combinator,2026-08-05 18:56:23,1,15
2022,Oxygen,http://getoxygen.com,Fintech,USA,Y Combinator,2026-08-05 18:56:23,1,68
2020,"Mark Cuban Cost Plus Drug Company, PBC",http://www.costplusdrugs.com,Healthcare,USA,Y Combinator,2026-08-05 18:56:23,1,0
2018,AnnieCannons,https://www.anniecannons.com,Education,USA,Y Combinator,2026-08-05 18:56:23,1,14
2017,Leena AI,https://www.leena.ai,B2B,USA,Y Combinator,2026-08-05 18:56:23,1,500
2015,Synkrino Biotherapeutics,http://www.synkrino.bio,Healthcare,USA,Y Combinator,2026-08-05 18:56:23,1,2
2014,Mutiny,https://www.mutinyhq.com,B2B,USA,Y Combinator,2026-08-05 18:56:23,1,20
2012,Cowrywise,https://cowrywise.com,Fintech,Nigeria,Y Combinator,2026-08-05 18:56:23,1,40
2011,Helicarrier (prev Buycoins),https://helicarrier.studio,Fintech,United Kingdom,Y Combinator,2026-08-05 18:56:23,1,30
2007,Khatabook,https://khatabook.com/,Fintech,India,Y Combinator,2026-08-05 18:56:23,1,350
2006,BrainHi,https://www.brainhi.com,Healthcare,Puerto Rico,Y Combinator,2026-08-05 18:56:23,1,18
2005,Four Growers,https://fourgrowers.com/,Industrials,USA,Y Combinator,2026-08-05 18:56:23,1,14
2004,SkydropX,http://skydropx.com,B2B,Mexico,Y Combinator,2026-08-05 18:56:23,1,320
2003,Eden,https://edenmed.com,Healthcare,Mexico,Y Combinator,2026-08-05 18:56:23,1,55
1998,Nestor,https://nestorup.com,B2B,USA,Y Combinator,2026-08-05 18:56:23,1,20
1995,ZiffyHomes,https://www.ziffyhomes.com/,Real Estate and Construction,India,Y Combinator,2026-08-05 18:56:23,1,57
1994,Bot MD,https://www.botmd.io,Healthcare,Singapore,Y Combinator,2026-08-05 18:56:23,1,15
1992,Fintual,https://fintual.com,Fintech,Chile,Y Combinator,2026-08-05 18:56:23,1,100
1991,Names & Faces,http://www.namesandfaces.com,B2B,USA,Y Combinator,2026-08-05 18:56:23,1,20
1990,TENDERD,https://www.tenderd.com/,B2B,United Arab Emirates,Y Combinator,2026-08-05 18:56:23,1,60
1989,Calii,https://calii.com,Consumer,Mexico,Y Combinator,2026-08-05 18:56:23,1,750
1988,Prodigal,https://prodigaltech.com/,Fintech,USA,Y Combinator,2026-08-05 18:56:23,1,65
1979,Canary Technologies,https://www.canarytechnologies.com,B2B,USA,Y Combinator,2026-08-05 18:56:23,1,150
1978,Papa,https://www.papa.com,Healthcare,USA,Y Combinator,2026-08-05 18:56:23,1,500
1977,MentalHappy,http://www.MentalHappy.com,Healthcare,USA,Y Combinator,2026-08-05 18:56:23,1,7
1970,Alpha Vantage,https://www.alphavantage.co/,Fintech,USA,Y Combinator,2026-08-05 18:56:23,1,8
1969,BlueCargo,http://www.bluecargo.io/,B2B,USA,Y Combinator,2026-08-05 18:56:23,1,35
1967,Mytos,https://www.mytos.bio,Healthcare,United Kingdom,Y Combinator,2026-08-05 18:56:23,1,26
1965,Pine Park Health,http://pineparkhealth.com,Healthcare,USA,Y Combinator,2026-08-05 18:56:23,1,75
1964,CB Therapeutics,http://www.cbthera.com,Healthcare,USA,Y Combinator,2026-08-05 18:56:23,1,18
1961,"DreamCraft Entertainment, Inc.",https://www.dreamcraft.com/,Consumer,USA,Y Combinator,2026-08-05 18:56:23,1,23
1960,Ajaib,https://www.ajaib.co.id/,Fintech,Indonesia,Y Combinator,2026-08-05 18:56:23,1,300
1959,UBITS,http://ubits.com,B2B,Colombia,Y Combinator,2026-08-05 18:56:23,1,300
1957,Quickchat AI,https://quickchat.ai/,B2B,Poland,Y Combinator,2026-08-05 18:56:23,1,7
1953,Duffel,https://duffel.com/,Consumer,United Kingdom,Y Combinator,2026-08-05 18:56:23,1,55
1950,Corvus Robotics,https://www.corvus-robotics.com,Industrials,USA,Y Combinator,2026-08-05 18:56:23,1,30
1946,Easol,http://www.easol.com,B2B,United Kingdom,Y Combinator,2026-08-05 18:56:23,1,70
1942,Tall Poppy,https://tallpoppy.com,B2B,Canada,Y Combinator,2026-08-05 18:56:23,1,10
1941,Pocket Worlds,https://pocketworlds.com,Consumer,USA,Y Combinator,2026-08-05 18:56:23,1,100
1940,Anima App,https://www.animaapp.com,B2B,Israel,Y Combinator,2026-08-05 18:56:23,1,20
1939,64x Bio,http://www.64xbio.com,Healthcare,USA,Y Combinator,2026-08-05 18:56:23,1,25
1938,Embeddables,https://embeddables.com,B2B,USA,Y Combinator,2026-08-05 18:56:23,1,23
1936,Vimcal,http://www.vimcal.com,B2B,USA,Y Combinator,2026-08-05 18:56:23,1,9
1935,Meru Health,http://www.meruhealth.com,Healthcare,USA,Y Combinator,2026-08-05 18:56:23,1,55
1934,Paladin,http://paladindrones.io,Industrials,USA,Y Combinator,2026-08-05 18:56:23,1,12
1933,Clear Gene,https://cleargene.com,Healthcare,USA,Y Combinator,2026-08-05 18:56:23,1,4
1931,Hepatx,http://www.hepatx.com,Healthcare,USA,Y Combinator,2026-08-05 18:56:23,1,4
1930,The Good Food Institute,http://www.gfi.org,Consumer,USA,Y Combinator,2026-08-05 18:56:23,1,110
1929,Rebellyous Foods,https://rebellyous.com/,Healthcare,USA,Y Combinator,2026-08-05 18:56:23,1,12
1927,"AskMyClass, now Soundkins",https://soundkins.com/,Education,USA,Y Combinator,2026-08-05 18:56:23,1,2
1924,Quo (fka OpenPhone),https://www.quo.com,B2B,USA,Y Combinator,2026-08-05 18:56:23,1,125
1923,College Pulse,https://collegepulse.com/,B2B,USA,Y Combinator,2026-08-05 18:56:23,1,9
1922,Apprentice Health,https://www.apprenticehealth.com,Healthcare,USA,Y Combinator,2026-08-05 18:56:23,1,6
1918,JITX,http://www.jitx.com,Industrials,USA,Y Combinator,2026-08-05 18:56:23,1,18
1917,Inscribe,https://www.inscribe.ai/,B2B,USA,Y Combinator,2026-08-05 18:56:23,1,35
1916,Data Driven Bioscience,http://datadrivenbioscience.com,Healthcare,USA,Y Combinator,2026-08-05 18:56:23,1,10
1914,Titan,http://www.titan.com,Fintech,USA,Y Combinator,2026-08-05 18:56:23,1,40
1910,Activeloop,https://activeloop.ai/,B2B,USA,Y Combinator,2026-08-05 18:56:23,1,15
1908,OpenWrench,https://www.useopenwrench.com,B2B,USA,Y Combinator,2026-08-05 18:56:23,1,
1907,RevenueCat,https://www.revenuecat.com/,B2B,USA,Y Combinator,2026-08-05 18:56:23,1,150
1903,Federacy,http://www.federacy.com,B2B,USA,Y Combinator,2026-08-05 18:56:23,1,2
1901,Verse Medical,http://versemedical.com/,Healthcare,USA,Y Combinator,2026-08-05 18:56:23,1,200
1899,Dinesafe,https://dinesafe.org,Healthcare,USA,Y Combinator,2026-08-05 18:56:23,1,6
1893,Modern Treasury,http://www.moderntreasury.com/,B2B,USA,Y Combinator,2026-08-05 18:56:23,1,160
1892,C16 Biosciences,https://www.c16bio.com/,Healthcare,USA,Y Combinator,2026-08-05 18:56:23,1,35
1891,Klarity,http://klarity.ai,B2B,USA,Y Combinator,2026-08-05 18:56:23,1,128
1889,OWNY,https://www.owny.com,Fintech,USA,Y Combinator,2026-08-05 18:56:23,1,10
1884,Curebase,https://www.curebase.ai/,Healthcare,USA,Y Combinator,2026-08-05 18:56:23,1,27
2033,Kinside,https://www.kinside.com,Fintech,USA,Y Combinator,2026-08-05 18:56:23,0,18
2027,Dorian Therapeutics,http://www.doriantherapeutics.com,Healthcare,USA,Y Combinator,2026-08-05 18:56:23,0,8
2013,Grin,http://www.ongrin.com,Consumer,Mexico,Y Combinator,2026-08-05 18:56:23,0,300
2002,Nova,https://novahq.com,Fintech,USA,Y Combinator,2026-08-05 18:56:23,0,12
2001,Shelf Engine,http://www.shelfengine.com,B2B,USA,Y Combinator,2026-08-05 18:56:23,0,40
1981,Coral Genomics,https://www.coralgenomics.com,Healthcare,USA,Y Combinator,2026-08-05 18:56:23,0,5
1976,HeyDoctor,https://heydoctor.com,Healthcare,USA,Y Combinator,2026-08-05 18:56:23,0,50
1975,hypcloud,http://www.hypcloud.com,Real Estate and Construction,Germany,Y Combinator,2026-08-05 18:56:23,0,14
1966,HappiLabs,https://www.happilabs.org/,Healthcare,USA,Y Combinator,2026-08-05 18:56:23,0,14
1963,Rain Neuromorphics,http://www.rain-neuromorphics.com,Industrials,USA,Y Combinator,2026-08-05 18:56:23,0,12
1956,Regology,http://regology.com,B2B,USA,Y Combinator,2026-08-05 18:56:23,0,60
1955,CSPA,https://cspa.io,B2B,USA,Y Combinator,2026-08-05 18:56:23,0,6
1954,Impactive (formerly Outvote),https://www.impactive.io/,Government,USA,Y Combinator,2026-08-05 18:56:23,0,15
1951,Berbix,https://www.berbix.com,B2B,USA,Y Combinator,2026-08-05 18:56:23,0,39
1949,Scanwell Health,https://www.scanwellhealth.com,Healthcare,USA,Y Combinator,2026-08-05 18:56:23,0,13
1947,OneGraph,https://www.onegraph.com/,B2B,USA,Y Combinator,2026-08-05 18:56:23,0,2
1925,Optic,http://useoptic.com/,B2B,USA,Y Combinator,2026-08-05 18:56:23,0,5
1909,Demeanor.co,https://www.demeanor.co,Consumer,USA,Y Combinator,2026-08-05 18:56:23,0,4
1902,Lowkey,https://lowkey.gg,Consumer,USA,Y Combinator,2026-08-05 18:56:23,0,10
1888,Phiar,https://www.phiar.net,Industrials,USA,Y Combinator,2026-08-05 18:56:23,0,12
1883,Allotrope Medical,http://www.allotropemed.com,Healthcare,USA,Y Combinator,2026-08-05 18:56:23,0,2
2031,Gerostate Alpha,http://www.gerostatealpha.com,Healthcare,USA,Y Combinator,2026-08-05 18:56:23,0,6
2021,Perception Biosystems,https://www.perception.bio,Healthcare,USA,Y Combinator,2026-08-05 18:56:23,0,2
2016,dNovo,http://dnovobio.com/,Healthcare,USA,Y Combinator,2026-08-05 18:56:23,0,4
2009,Kobo360,http://www.kobo360.com,B2B,Nigeria,Y Combinator,2026-08-05 18:56:23,0,204
2008,Goodly,https://www.goodlyapp.com/,B2B,USA,Y Combinator,2026-08-05 18:56:23,0,5
1984,The Supplant Company,https://supplant.com,Consumer,United Kingdom,Y Combinator,2026-08-05 18:56:23,0,15
1973,FameGame,https://itunes.apple.com/us/app/famegame-become-a-star/id1343049421?mt=8,Consumer,Unspecified,Y Combinator,2026-08-05 18:56:23,0,2
1972,BHRD,http://bhrdglobal.com,B2B,Canada,Y Combinator,2026-08-05 18:56:23,0,3
1958,Purple Plate,http://www.purpleplate.co,Consumer,USA,Y Combinator,2026-08-05 18:56:23,0,45
1952,The Buttermilk Company,http://www.thebuttermilkco.com,Consumer,USA,Y Combinator,2026-08-05 18:56:23,0,3
1948,Avo,https://www.avonow.com/,Consumer,Israel,Y Combinator,2026-08-05 18:56:23,0,10
1945,LabelFlow,https://labelflow.ai/,B2B,France,Y Combinator,2026-08-05 18:56:23,0,6
1943,Ixora,http://www.ixora.org,Consumer,USA,Y Combinator,2026-08-05 18:56:23,0,2
1937,Grabb-It,https://grabb-it.io,B2B,USA,Y Combinator,2026-08-05 18:56:23,0,3
1932,Radix Labs,http://radix.bio,Healthcare,USA,Y Combinator,2026-08-05 18:56:23,0,7
1928,Spero Foods,https://www.sperofoods.co/,Healthcare,USA,Y Combinator,2026-08-05 18:56:23,0,
1926,Medinas Health,https://www.medinas.com/,Healthcare,USA,Y Combinator,2026-08-05 18:56:23,0,15
1921,INKHUNTER,http://inkhunter.tattoo/,Consumer,USA,Y Combinator,2026-08-05 18:56:23,0,3
1920,Mylk Guys,http://www.mylkguys.com/,Consumer,USA,Y Combinator,2026-08-05 18:56:23,0,6
1915,ShopWith,https://www.shopwith.co,B2B,USA,Y Combinator,2026-08-05 18:56:23,0,3
1912,Inokyo,https://www.inokyo.com,B2B,USA,Y Combinator,2026-08-05 18:56:23,0,10
1911,Contrast,https://mismatch.app/,B2B,USA,Y Combinator,2026-08-05 18:56:23,0,4
1905,Xkit,https://xkit.co,B2B,USA,Y Combinator,2026-08-05 18:56:23,0,6
1904,FREY,https://frey.com,Consumer,USA,Y Combinator,2026-08-05 18:56:23,0,3
1900,Satchel,https://satchel.com/,Fintech,USA,Y Combinator,2026-08-05 18:56:23,0,8
1897,"numericcal, inc.",http://numericcal.com/,B2B,USA,Y Combinator,2026-08-05 18:56:23,0,3
1896,Passenger AI,http://www.passenger.ai,Industrials,Canada,Y Combinator,2026-08-05 18:56:23,0,5
1894,ExceptionALLY,https://growexceptionally.com/,Education,USA,Y Combinator,2026-08-05 18:56:23,0,3
1890,User Hero,https://www.userhero.io,B2B,USA,Y Combinator,2026-08-05 18:56:23,0,3
1885,Penta Medical,http://pentavo.com,Healthcare,Canada,Y Combinator,2026-08-05 18:56:23,0,5
1873,Warpdrive by Synthetic Minds,http://warpdrive.co,B2B,USA,Y Combinator,2026-08-05 18:56:23,0,7
1109,BillionToOne,https://www.billiontoone.com,Healthcare,USA,Y Combinator,2026-08-05 18:56:23,0,300
1616,Flock Safety,http://www.flocksafety.com,B2B,USA,Y Combinator,2026-08-05 18:56:23,1,1000
1688,Modern Fertility,https://www.modernfertility.com,Healthcare,USA,Y Combinator,2026-08-05 18:56:23,0,25
1713,Cashfree Payments,https://www.cashfree.com/,Fintech,India,Y Combinator,2026-08-05 18:56:23,1,200
1705,Candidately,https://www.candidately.com/,B2B,USA,Y Combinator,2026-08-05 18:56:23,1,9
1703,FollowUpThen,https://www.followupthen.com/,B2B,USA,Y Combinator,2026-08-05 18:56:23,1,1
1702,Thematic,http://www.getthematic.com,B2B,New Zealand,Y Combinator,2026-08-05 18:56:23,1,20
1700,10 By 10,https://10by10.io,B2B,USA,Y Combinator,2026-08-05 18:56:23,1,5
1696,Forever Labs,https://foreverlabs.com,Healthcare,USA,Y Combinator,2026-08-05 18:56:23,1,12
1694,Gem,https://www.gem.com/,B2B,USA,Y Combinator,2026-08-05 18:56:23,1,200
1693,Just Appraised,https://www.justappraised.com,Government,USA,Y Combinator,2026-08-05 18:56:23,1,40
1692,Routable,https://routable.com,B2B,USA,Y Combinator,2026-08-05 18:56:23,1,160
1690,Goodcover,http://www.goodcover.com,Fintech,USA,Y Combinator,2026-08-05 18:56:23,1,1
1687,AssemblyAI,https://www.assemblyai.com,B2B,USA,Y Combinator,2026-08-05 18:56:23,1,65
1684,Zendar,http://www.zendar.io,Industrials,USA,Y Combinator,2026-08-05 18:56:23,1,45
1682,Officely,https://getofficely.com/,B2B,United Kingdom,Y Combinator,2026-08-05 18:56:23,1,3
1680,May Mobility,http://maymobility.com,Industrials,USA,Y Combinator,2026-08-05 18:56:23,1,260
1677,Muzz,https://muzz.com,Consumer,United Kingdom,Y Combinator,2026-08-05 18:56:23,1,104
1673,OneLocal,https://onelocal.com/,B2B,Canada,Y Combinator,2026-08-05 18:56:23,1,90
1671,Sourceress,http://sourceress.com/,B2B,USA,Y Combinator,2026-08-05 18:56:23,1,35
1665,Oncobox,http://oncobox.com,Healthcare,USA,Y Combinator,2026-08-05 18:56:23,1,11
1664,Tesseract,http://tesseract.space,Industrials,USA,Y Combinator,2026-08-05 18:56:23,1,6
1663,D-ID,http://www.d-id.com,B2B,Israel,Y Combinator,2026-08-05 18:56:23,1,27
1662,Skyscrape,http://skyscrape.us,Industrials,USA,Y Combinator,2026-08-05 18:56:23,1,3
1658,Flowspace,http://www.flow.space,B2B,USA,Y Combinator,2026-08-05 18:56:23,1,48
1651,Airthium,http://www.airthium.com,Industrials,France,Y Combinator,2026-08-05 18:56:23,1,18
1647,tpaga,https://tpaga.co/,Fintech,Colombia,Y Combinator,2026-08-05 18:56:23,1,25
1646,Rev Genomics,https://www.revgenomics.com,Healthcare,USA,Y Combinator,2026-08-05 18:56:23,1,8
1645,Pyka,https://flypyka.com,Industrials,USA,Y Combinator,2026-08-05 18:56:23,1,75
1643,Entocycle,https://www.entocycle.com/,Industrials,United Kingdom,Y Combinator,2026-08-05 18:56:23,1,13
1642,HelpWear,http://helpwear.ca/,Healthcare,Canada,Y Combinator,2026-08-05 18:56:23,1,2
1639,Pop Meals,https://popmeals.com,Consumer,Malaysia,Y Combinator,2026-08-05 18:56:23,1,153
1638,Cairns Health,https://www.cairns.ai,Healthcare,USA,Y Combinator,2026-08-05 18:56:23,1,17
1636,Rabbet,http://rabbet.com,Real Estate and Construction,USA,Y Combinator,2026-08-05 18:56:23,1,23
1630,Upfort,https://www.upfort.com,B2B,USA,Y Combinator,2026-08-05 18:56:23,1,38
1629,Prelim,https://prelim.com/,Fintech,USA,Y Combinator,2026-08-05 18:56:23,1,49
1621,Advano,http://www.advano.io,Industrials,USA,Y Combinator,2026-08-05 18:56:23,1,25
1619,Carrot Fertility,https://www.get-carrot.com/,Healthcare,USA,Y Combinator,2026-08-05 18:56:23,1,
1618,Relationship Hero,https://relationshiphero.com,Consumer,USA,Y Combinator,2026-08-05 18:56:23,1,100
1615,CocuSocial,http://www.cocusocial.com,Consumer,Canada,Y Combinator,2026-08-05 18:56:23,1,10
1614,ThereCraft,https://therecraft.com,Industrials,USA,Y Combinator,2026-08-05 18:56:23,1,1
1611,SafeButler,https://www.safebutler.com,Fintech,USA,Y Combinator,2026-08-05 18:56:23,1,2
1610,Darmiyan,https://www.darmiyan.com/,Healthcare,USA,Y Combinator,2026-08-05 18:56:23,1,8
1609,Nimble,http://www.hirenimble.com,Education,USA,Y Combinator,2026-08-05 18:56:23,1,25
1608,Roofr,https://roofr.com/,Consumer,USA,Y Combinator,2026-08-05 18:56:23,1,40
1603,Standard AI,https://standard.ai,B2B,USA,Y Combinator,2026-08-05 18:56:23,1,150
1602,UpCodes,https://up.codes/,Real Estate and Construction,USA,Y Combinator,2026-08-05 18:56:23,1,35
1600,Helium Health,https://heliumhealth.com/,Healthcare,Nigeria,Y Combinator,2026-08-05 18:56:23,1,110
1596,Releaf Earth,http://www.releaf.africa,Industrials,Nigeria,Y Combinator,2026-08-05 18:56:23,1,100
1595,Leon & George,https://www.leonandgeorge.com,Consumer,USA,Y Combinator,2026-08-05 18:56:23,1,10
1594,Bloom Institute of Technology,https://www.bloomtech.com,Education,USA,Y Combinator,2026-08-05 18:56:23,1,50
1593,Aecore,https://www.aecore.com,Real Estate and Construction,USA,Y Combinator,2026-08-05 18:56:23,1,6
1587,VergeSense,http://www.vergesense.com,Real Estate and Construction,USA,Y Combinator,2026-08-05 18:56:23,1,70
1586,Nobell Foods,http://www.nobellfoods.com,Consumer,USA,Y Combinator,2026-08-05 18:56:23,1,58
1584,Long Term Stock Exchange,http://ltse.com,Fintech,USA,Y Combinator,2026-08-05 18:56:23,1,68
1583,Skyways,http://skyways.com,Industrials,USA,Y Combinator,2026-08-05 18:56:23,1,33
1580,FAZZ,https://fazzfinancial.com/,Fintech,Indonesia,Y Combinator,2026-08-05 18:56:23,1,500
1576,Jerry,https://jerry.ai/,Fintech,USA,Y Combinator,2026-08-05 18:56:23,1,225
1715,PullRequest,http://www.pullrequest.com,B2B,USA,Y Combinator,2026-08-05 18:56:23,0,11
1714,Dharma Labs,https://dharma.io,Fintech,USA,Y Combinator,2026-08-05 18:56:23,0,14
1697,VIDA & Co.,http://www.shopvida.com,Consumer,USA,Y Combinator,2026-08-05 18:56:23,0,11
1695,disclosures.io,https://disclosures.io,Real Estate and Construction,USA,Y Combinator,2026-08-05 18:56:23,0,10
1691,Templarbit,https://www.templarbit.com,B2B,USA,Y Combinator,2026-08-05 18:56:23,0,11
1689,Lyrebird,https://lyrebird.ai/,B2B,Canada,Y Combinator,2026-08-05 18:56:23,0,13
1678,Headstart,https://www.headstart.io,B2B,United Kingdom,Y Combinator,2026-08-05 18:56:23,0,44
1675,Opearlo,https://www.opearlo.com,Consumer,United Kingdom,Y Combinator,2026-08-05 18:56:23,0,2
1674,Eduflow,https://www.eduflow.com,Education,Denmark,Y Combinator,2026-08-05 18:56:23,0,12
1670,LotusPay,http://www.lotuspay.com,Fintech,India,Y Combinator,2026-08-05 18:56:23,0,5
1668,bxblue,http://www.bxblue.com.br,Fintech,Brazil,Y Combinator,2026-08-05 18:56:23,0,28
1666,Percept.AI,https://www.percept.ai/,B2B,USA,Y Combinator,2026-08-05 18:56:23,0,7
1657,Honeydue,https://www.honeydue.com/,Fintech,USA,Y Combinator,2026-08-05 18:56:23,0,2
1656,Guilded,http://www.guilded.gg,Consumer,USA,Y Combinator,2026-08-05 18:56:23,0,30
1648,Surematics,https://www.surematics.com/,Fintech,USA,Y Combinator,2026-08-05 18:56:23,0,2
1644,Indivio,https://www.indiv.io,B2B,USA,Y Combinator,2026-08-05 18:56:23,0,8
1635,Truepill,https://truepill.com/,Healthcare,USA,Y Combinator,2026-08-05 18:56:23,0,1300
1633,Plasticity,https://www.plasticity.ai,B2B,USA,Y Combinator,2026-08-05 18:56:23,0,2
1632,Meetingbird,https://www.meetingbird.com,B2B,USA,Y Combinator,2026-08-05 18:56:23,0,2
1631,Wildfire,http://getwildfire.com/,Consumer,USA,Y Combinator,2026-08-05 18:56:23,0,3
1626,Escher Reality,http://www.escherreality.com/,Consumer,USA,Y Combinator,2026-08-05 18:56:23,0,2
1625,Solve,https://www.solve.com,Consumer,USA,Y Combinator,2026-08-05 18:56:23,0,2
1620,Enzyme,https://www.enzyme.com,Healthcare,USA,Y Combinator,2026-08-05 18:56:23,0,32
1617,Mystery.org,https://mystery.org,Education,USA,Y Combinator,2026-08-05 18:56:23,0,53
1601,Fat Llama,https://fatllama.com,Consumer,United Kingdom,Y Combinator,2026-08-05 18:56:23,0,41
1598,Ribbon Health,http://www.ribbonhealth.com,Healthcare,USA,Y Combinator,2026-08-05 18:56:23,0,91
1597,CarDash,https://www.repairsmith.com,Consumer,USA,Y Combinator,2026-08-05 18:56:23,0,12
1592,Feather,http://livefeather.com,Consumer,USA,Y Combinator,2026-08-05 18:56:23,0,125
1591,Audm,https://www.audm.com,Consumer,USA,Y Combinator,2026-08-05 18:56:23,0,10
1588,AutoHub,https://www.autohub.io,B2B,Unspecified,Y Combinator,2026-08-05 18:56:23,0,2
1582,Py,https://www.getpy.com,Education,USA,Y Combinator,2026-08-05 18:56:23,0,3
1578,Elucd,http://www.elucd.com,Government,USA,Y Combinator,2026-08-05 18:56:23,0,8
1712,WheelStreet,https://www.wheelstreet.com/,Consumer,India,Y Combinator,2026-08-05 18:56:23,0,10
1704,NextDrop,https://thenextdrop.com/,Industrials,India,Y Combinator,2026-08-05 18:56:23,0,11
1701,Bumpline,https://bumpline.com/,Healthcare,USA,Y Combinator,2026-08-05 18:56:23,0,2
1698,Social Construct,http://socialconstructco.com,Real Estate and Construction,USA,Y Combinator,2026-08-05 18:56:23,0,17
1686,Cambridge Cancer Genomics,http://ccg.ai,Healthcare,United Kingdom,Y Combinator,2026-08-05 18:56:23,0,25
1685,Polly,https://polly.fun/,Consumer,USA,Y Combinator,2026-08-05 18:56:23,0,3
1683,Commissary Club (formerly 70 Million Jobs),https://www.Commissary.Club,Consumer,USA,Y Combinator,2026-08-05 18:56:23,0,2
1681,Gamelynx,https://gamelynx.gg,Consumer,USA,Y Combinator,2026-08-05 18:56:23,0,5
1679,Guggy,https://guggy.com,Consumer,Israel,Y Combinator,2026-08-05 18:56:23,0,2
1672,Fastpad,https://fastpad.com/,B2B,India,Y Combinator,2026-08-05 18:56:23,0,3
1669,Sunu,http://www.sunu.com,Consumer,Mexico,Y Combinator,2026-08-05 18:56:23,0,11
1667,WATERFX,http://www.wacomet.com,Industrials,USA,Y Combinator,2026-08-05 18:56:23,0,1
1661,And Comfort,http://andcomfort.com,Consumer,USA,Y Combinator,2026-08-05 18:56:23,0,2
1659,Modular Science,https://www.modularscience.com/,Industrials,USA,Y Combinator,2026-08-05 18:56:23,0,
1655,PreDxion Bio,http://www.predxionbio.com,Healthcare,USA,Y Combinator,2026-08-05 18:56:23,0,6
1653,Goosebump,http://m.me/higoosebump,Consumer,France,Y Combinator,2026-08-05 18:56:23,0,2
1652,Piggy,https://piggy.co.in,Fintech,India,Y Combinator,2026-08-05 18:56:23,0,2
1649,Storyboard,https://www.storyboard.com,Consumer,USA,Y Combinator,2026-08-05 18:56:23,0,2
1641,Spect,http://www.getspect.com,Healthcare,USA,Y Combinator,2026-08-05 18:56:23,0,7
1640,RideAlong,http://www.getridealong.com,Government,USA,Y Combinator,2026-08-05 18:56:23,0,2
1637,Slik,http://slik.ai,B2B,USA,Y Combinator,2026-08-05 18:56:23,0,2
1634,Caelum Health,https://caelumhealth.com/,Healthcare,USA,Y Combinator,2026-08-05 18:56:23,0,2
1628,Covetly,https://www.covetly.com/,Consumer,USA,Y Combinator,2026-08-05 18:56:23,0,3
1627,Semantix,https://www.semantix.ai,Healthcare,USA,Y Combinator,2026-08-05 18:56:23,0,2
1624,Mystro,http://www.mystrodriver.com,Consumer,USA,Y Combinator,2026-08-05 18:56:23,0,6
1623,Greo,http://www.greo.com,Consumer,USA,Y Combinator,2026-08-05 18:56:23,0,2
1622,Value Voting,https://www.valuevoting.com,Government,Unspecified,Y Combinator,2026-08-05 18:56:23,0,2
1613,Sixty,https://usesixty.com/,B2B,USA,Y Combinator,2026-08-05 18:56:23,0,4
1606,Gameday,http://playgameday.com,Consumer,USA,Y Combinator,2026-08-05 18:56:23,0,2
1605,Dropleaf,https://dropleaf.io,Consumer,USA,Y Combinator,2026-08-05 18:56:23,0,2
1604,Pathrise,https://www.pathrise.com,Education,USA,Y Combinator,2026-08-05 18:56:23,0,55
1599,Fam,https://www.famapp.com/,Consumer,USA,Y Combinator,2026-08-05 18:56:23,0,11
1589,Prism Labs,,Consumer,USA,Y Combinator,2026-08-05 18:56:23,0,5
1585,Sunfolding,http://www.sunfolding.com,Industrials,USA,Y Combinator,2026-08-05 18:56:23,0,44
1579,Passerine Aircraft,http://www.passerineaircraft.com/,Industrials,South Africa,Y Combinator,2026-08-05 18:56:23,0,2
982,Embark Trucks,http://embarktrucks.com,Industrials,USA,Y Combinator,2026-08-05 18:56:23,0,300
1005,Truebill,https://www.truebill.com,Fintech,USA,Y Combinator,2026-08-05 18:56:23,0,225
1058,Caper,https://www.caper.ai/,B2B,Unspecified,Y Combinator,2026-08-05 18:56:23,0,15
1067,NURX,https://www.nurx.com/,Healthcare,USA,Y Combinator,2026-08-05 18:56:23,0,300
1021,Paystack,https://www.paystack.com,Fintech,Nigeria,Y Combinator,2026-08-05 18:56:23,0,115
1091,GitPrime,https://www.gitprime.com,B2B,USA,Y Combinator,2026-08-05 18:56:23,0,110
1042,Podium,https://podium.com,B2B,USA,Y Combinator,2026-08-05 18:56:23,1,1000
1103,Rappi,http://www.rappi.com,Consumer,Colombia,Y Combinator,2026-08-05 18:56:23,1,4800
999,Focal Systems,http://www.focal.systems,B2B,USA,Y Combinator,2026-08-05 18:56:23,1,170
997,Mio,http://m.io,B2B,USA,Y Combinator,2026-08-05 18:56:23,1,12
996,Daily,https://daily.co,B2B,USA,Y Combinator,2026-08-05 18:56:23,1,126
995,Petcube,http://petcube.com,Consumer,USA,Y Combinator,2026-08-05 18:56:23,1,51
994,Outschool,http://outschool.com,Education,USA,Y Combinator,2026-08-05 18:56:23,1,107
991,Mason,http://www.bymason.com,B2B,USA,Y Combinator,2026-08-05 18:56:23,1,65
990,MagicBus,http://www.magicbus.io,Consumer,USA,Y Combinator,2026-08-05 18:56:23,1,18
989,Tovala,http://www.tovala.com,Consumer,USA,Y Combinator,2026-08-05 18:56:23,1,375
988,iSono Health,http://www.isonohealth.com,Healthcare,USA,Y Combinator,2026-08-05 18:56:23,1,9
987,GetAccept,https://www.getaccept.com,B2B,Sweden,Y Combinator,2026-08-05 18:56:23,1,200
985,Chatfuel,http://chatfuel.com,B2B,USA,Y Combinator,2026-08-05 18:56:23,1,53
984,Yardbook,https://www.yardbook.com,B2B,USA,Y Combinator,2026-08-05 18:56:23,1,
978,Stealth Worker,https://www.stealthworker.com,B2B,USA,Y Combinator,2026-08-05 18:56:23,1,5
977,Deepgram,https://www.deepgram.com,B2B,USA,Y Combinator,2026-08-05 18:56:23,1,115
974,SOUNDBOKS,http://soundboks.com,Consumer,Denmark,Y Combinator,2026-08-05 18:56:23,1,50
973,Lattice,https://lattice.com,B2B,USA,Y Combinator,2026-08-05 18:56:23,1,540
972,Mux,http://mux.com,B2B,USA,Y Combinator,2026-08-05 18:56:23,1,95
1214,AmberBox Gunshot Detection,https://amberbox.com,B2B,Bermuda,Y Combinator,2026-08-05 18:56:23,1,
1101,Qvin,https://qvin.com/,Healthcare,USA,Y Combinator,2026-08-05 18:56:23,1,30
1100,Perlara,http://perlara.com,Healthcare,USA,Y Combinator,2026-08-05 18:56:23,1,1
1098,DevColor,http://www.devcolor.org/,Unspecified,USA,Y Combinator,2026-08-05 18:56:23,1,7
1097,Lygos,http://www.lygos.com,Healthcare,USA,Y Combinator,2026-08-05 18:56:23,1,55
1096,Zenysis,http://www.zenysis.com,Government,USA,Y Combinator,2026-08-05 18:56:23,1,11
1093,Astranis,http://www.astranis.com,Industrials,USA,Y Combinator,2026-08-05 18:56:23,1,500
1082,Protonet,https://protonet.info,B2B,Unspecified,Y Combinator,2026-08-05 18:56:23,1,0
1081,Boom,https://boomsupersonic.com/,Industrials,USA,Y Combinator,2026-08-05 18:56:23,1,227
1080,Relativity Space,http://relativityspace.com,Industrials,USA,Y Combinator,2026-08-05 18:56:23,1,2500
1079,Sendbird,https://sendbird.com,B2B,USA,Y Combinator,2026-08-05 18:56:23,1,300
1076,Wakie,http://www.wakie.com,Consumer,USA,Y Combinator,2026-08-05 18:56:23,1,10
1071,Sanitation and Health Rights in India (SHRI),http://www.sanrights.org,Unspecified,USA,Y Combinator,2026-08-05 18:56:23,1,1
1068,Quilt Data,https://quiltdata.com,B2B,USA,Y Combinator,2026-08-05 18:56:23,1,6
1065,FightCamp,http://joinfightcamp.com,Consumer,USA,Y Combinator,2026-08-05 18:56:23,1,64
1063,Carbic,http://carbic.com,Industrials,USA,Y Combinator,2026-08-05 18:56:23,1,8
1056,NetBeez,https://netbeez.net,B2B,USA,Y Combinator,2026-08-05 18:56:23,1,12
1055,mRelief,https://www.mrelief.com,Unspecified,USA,Y Combinator,2026-08-05 18:56:23,1,12
1053,HistoWiz,http://histowiz.com,Healthcare,USA,Y Combinator,2026-08-05 18:56:23,1,2
1052,GoLorry,http://www.golorry.com,B2B,India,Y Combinator,2026-08-05 18:56:23,1,30
1051,Gecko Robotics,https://www.geckorobotics.com,Industrials,USA,Y Combinator,2026-08-05 18:56:23,1,230
1049,Lynks,https://www.lynks.com/,Consumer,Egypt,Y Combinator,2026-08-05 18:56:23,1,40
1047,Thunkable,http://thunkable.com,B2B,USA,Y Combinator,2026-08-05 18:56:23,1,40
1044,Apollo.io,https://www.apollo.io/,B2B,USA,Y Combinator,2026-08-05 18:56:23,1,800
1043,Salt Security,https://salt.security/,B2B,USA,Y Combinator,2026-08-05 18:56:23,1,200
1041,Pave,https://www.paveai.com/,B2B,Canada,Y Combinator,2026-08-05 18:56:23,1,6
1038,Luciq (formerly Instabug),https://luciq.ai,B2B,Egypt,Y Combinator,2026-08-05 18:56:23,1,250
1037,Function of Beauty,http://www.functionofbeauty.com,Consumer,USA,Y Combinator,2026-08-05 18:56:23,1,300
1034,Superside,http://www.superside.com,B2B,Norway,Y Combinator,2026-08-05 18:56:23,1,850
1033,Netomi,https://netomi.com,B2B,USA,Y Combinator,2026-08-05 18:56:23,1,3
1032,Castle,https://castle.io,B2B,USA,Y Combinator,2026-08-05 18:56:23,1,20
1030,Opentrons,http://opentrons.com,Healthcare,USA,Y Combinator,2026-08-05 18:56:23,1,300
1028,MailTime,http://mailtime.com,B2B,Hong Kong,Y Combinator,2026-08-05 18:56:23,1,18
1020,Revl,https://revl.com/,B2B,USA,Y Combinator,2026-08-05 18:56:23,1,22
1018,PocketSuite,https://pocketsuite.io,B2B,USA,Y Combinator,2026-08-05 18:56:23,1,30
1016,Meter Feeder,http://www.meterfeeder.com,Fintech,USA,Y Combinator,2026-08-05 18:56:23,1,4
1010,Gigwell,https://www.gigwell.com,B2B,USA,Y Combinator,2026-08-05 18:56:23,1,12
1009,Copia,http://www.gocopia.com,B2B,USA,Y Combinator,2026-08-05 18:56:23,1,20
1007,Deako,https://www.deako.com,Consumer,USA,Y Combinator,2026-08-05 18:56:23,1,11
979,Stilt,http://www.stilt.com,Fintech,USA,Y Combinator,2026-08-05 18:56:23,0,35
1099,Kip Health,https://www.hellokip.com/,Healthcare,USA,Y Combinator,2026-08-05 18:56:23,0,2
1089,Hingeto,https://www.hingeto.com,Consumer,USA,Y Combinator,2026-08-05 18:56:23,0,15
1088,flexEngage,http://www.flexengage.com,B2B,USA,Y Combinator,2026-08-05 18:56:23,0,25
1086,Bonsai,https://www.hellobonsai.com,B2B,USA,Y Combinator,2026-08-05 18:56:23,0,25
1084,Nova,http://www.nova.ai,B2B,USA,Y Combinator,2026-08-05 18:56:23,0,11
1074,UroDev Medical,https://www.urodevmedical.com/,Healthcare,USA,Y Combinator,2026-08-05 18:56:23,0,4
1057,Redspread,http://redspread.com,B2B,USA,Y Combinator,2026-08-05 18:56:23,0,0
1054,Landed,http://www.landed.com,Fintech,USA,Y Combinator,2026-08-05 18:56:23,0,2
1050,Emburse,https://www.emburse.com,Fintech,USA,Y Combinator,2026-08-05 18:56:23,0,
1048,Plato,http://www.platohq.com,B2B,USA,Y Combinator,2026-08-05 18:56:23,0,26
1025,Goodybag,http://goodybag.com,B2B,USA,Y Combinator,2026-08-05 18:56:23,0,11
1019,Pulpix,https://www.pulpix.com,B2B,USA,Y Combinator,2026-08-05 18:56:23,0,15
1017,MineralSoft,https://mineralsoft.com,Industrials,USA,Y Combinator,2026-08-05 18:56:23,0,35
1014,Luminist Labs,http://luministlabs.com,Healthcare,USA,Y Combinator,2026-08-05 18:56:23,0,2
1013,LendEDU,https://lendedu.com,Education,USA,Y Combinator,2026-08-05 18:56:23,0,10
1004,Able Health,http://ablehealth.com,Healthcare,USA,Y Combinator,2026-08-05 18:56:23,0,11
1000,Loop Genomics,http://www.loopgenomics.com/,Healthcare,USA,Y Combinator,2026-08-05 18:56:23,0,7
998,Algoriz,http://www.algoriz.com,Fintech,USA,Y Combinator,2026-08-05 18:56:23,0,4
986,AlphaFlow,http://www.alphaflow.com,Fintech,USA,Y Combinator,2026-08-05 18:56:23,0,26
983,VINEBOX (Usual Beverage Co.),http://www.getvinebox.com,Consumer,USA,Y Combinator,2026-08-05 18:56:23,0,11
980,Magic Instruments,,Consumer,USA,Y Combinator,2026-08-05 18:56:23,0,2
976,Compgun,http://compgun.com,B2B,USA,Y Combinator,2026-08-05 18:56:23,0,11
1095,PhysioHealth,https://www.physioh.com,Healthcare,USA,Y Combinator,2026-08-05 18:56:23,0,2
1087,Modal,http://modalup.com/,B2B,USA,Y Combinator,2026-08-05 18:56:23,0,18
1085,Streamup,https://streamup.com,Consumer,USA,Y Combinator,2026-08-05 18:56:23,0,2
1083,StrongIntro,https://strongintro.com,B2B,USA,Y Combinator,2026-08-05 18:56:23,0,2
1077,Index,http://www.index.io,B2B,USA,Y Combinator,2026-08-05 18:56:23,0,5
1075,Unnyhog,http://unnyhog.com,Consumer,USA,Y Combinator,2026-08-05 18:56:23,0,1
1073,Pathmind,https://pathmind.com,B2B,USA,Y Combinator,2026-08-05 18:56:23,0,15
1072,Silver,http://www.scansilver.com/,Consumer,USA,Y Combinator,2026-08-05 18:56:23,0,0
1070,Restocks,https://restocks.io,Consumer,USA,Y Combinator,2026-08-05 18:56:23,0,2
1069,Real Artists,https://www.realartists.com,B2B,Unspecified,Y Combinator,2026-08-05 18:56:23,0,2
1066,Kisan Network,https://www.kisannetwork.com,Industrials,India,Y Combinator,2026-08-05 18:56:23,0,75
1064,Georgette Packaging,http://www.georgettepackaging.com,B2B,Canada,Y Combinator,2026-08-05 18:56:23,0,15
1062,Cover,http://cover.com,Fintech,USA,Y Combinator,2026-08-05 18:56:23,0,50
1061,Envyl,http://www.envyl.com,Consumer,USA,Y Combinator,2026-08-05 18:56:23,0,2
1060,Elucify,https://getelucify.com,B2B,USA,Y Combinator,2026-08-05 18:56:23,0,11
1059,TRAC,https://www.tracchicago.com,Healthcare,USA,Y Combinator,2026-08-05 18:56:23,0,2
1046,Anchor Health,http://anchorhealth.com,Healthcare,USA,Y Combinator,2026-08-05 18:56:23,0,2
1045,Poppy,http://meetpoppy.com,Consumer,USA,Y Combinator,2026-08-05 18:56:23,0,2
1040,Patchwork Security,http://patchworksecurity.com,B2B,USA,Y Combinator,2026-08-05 18:56:23,0,2
1039,Interstate Analytics,http://interstateanalytics.com,B2B,USA,Y Combinator,2026-08-05 18:56:23,0,2
1035,ConstructVR,https://www.constructvr.io,Consumer,USA,Y Combinator,2026-08-05 18:56:23,0,2
1031,Castle,http://entercastle.com,Real Estate and Construction,USA,Y Combinator,2026-08-05 18:56:23,0,11
1029,Monthli,http://www.monthli.com,Real Estate and Construction,USA,Y Combinator,2026-08-05 18:56:23,0,4
1027,Start Closing,http://www.startclosing.com,Real Estate and Construction,USA,Y Combinator,2026-08-05 18:56:23,0,2
1026,Open Motors,https://www.openmotors.co,Industrials,USA,Y Combinator,2026-08-05 18:56:23,0,11
1024,Enflux,http://getenflux.com,Healthcare,USA,Y Combinator,2026-08-05 18:56:23,0,2
1023,Unima,http://www.unimadx.com,Healthcare,Mexico,Y Combinator,2026-08-05 18:56:23,0,26
1022,Bus.com,http://www.bus.com,B2B,Canada,Y Combinator,2026-08-05 18:56:23,0,90
1012,Inevitable Tech,https://inevitabletech.com/,Industrials,USA,Y Combinator,2026-08-05 18:56:23,0,80
1011,InnoVein,http://Innoveinmedical.com,Healthcare,USA,Y Combinator,2026-08-05 18:56:23,0,5
1008,DoseDr,https://www.dosedr.com,Healthcare,USA,Y Combinator,2026-08-05 18:56:23,0,2
1006,Chillabit,https://chillabit.io,Consumer,USA,Y Combinator,2026-08-05 18:56:23,0,3
1003,WorldCover,https://www.worldcovr.com,Fintech,USA,Y Combinator,2026-08-05 18:56:23,0,20
1002,UpLabs,https://www.uplabs.com,B2B,USA,Y Combinator,2026-08-05 18:56:23,0,1
1001,Toymail,http://www.toymail.co,Consumer,USA,Y Combinator,2026-08-05 18:56:23,0,2
1556,Brex,https://www.brex.com,Fintech,USA,Y Combinator,2026-08-05 18:56:23,0,1000
1480,Clipboard,https://www.clipboardworks.com/careers,Consumer,USA,Y Combinator,2026-08-05 18:56:23,1,1000
1543,Faire,https://www.faire.com/,B2B,USA,Y Combinator,2026-08-05 18:56:23,1,900
1451,Rippling,http://rippling.com/,B2B,USA,Y Combinator,2026-08-05 18:56:23,1,2500
1581,Sigma Genetics,http://www.sigmagenetics.com,Healthcare,USA,Y Combinator,2026-08-05 18:56:23,1,2
1575,ACLU,https://www.aclu.org/,Unspecified,USA,Y Combinator,2026-08-05 18:56:23,1,501
1564,Retool,https://retool.com,B2B,USA,Y Combinator,2026-08-05 18:56:23,1,300
1560,Helix Nanotechnologies,http://helixnano.com,Healthcare,USA,Y Combinator,2026-08-05 18:56:23,1,22
1557,Mirror AI,http://mirror-ai.com,Consumer,USA,Y Combinator,2026-08-05 18:56:23,1,7
1555,Dost Education,http://www.dosteducation.com/,Education,India,Y Combinator,2026-08-05 18:56:23,1,30
1554,"Lively, Inc.",https://livelyme.com,Healthcare,USA,Y Combinator,2026-08-05 18:56:23,1,195
1552,The Centre for Effective Altruism,http://effectivealtruism.org,Unspecified,United Kingdom,Y Combinator,2026-08-05 18:56:23,1,15
1551,Indee Labs,http://www.indeelabs.com,Healthcare,USA,Y Combinator,2026-08-05 18:56:23,1,5
1540,OneFin,https://www.onefin.in,Fintech,India,Y Combinator,2026-08-05 18:56:23,1,50
1535,"Wifi Dabba, Inc.",https://dabba.com,Consumer,India,Y Combinator,2026-08-05 18:56:23,1,21
1532,Delee,http://www.delee.co    ,Healthcare,Mexico,Y Combinator,2026-08-05 18:56:23,1,18
1530,NanoNets,https://nanonets.com,B2B,USA,Y Combinator,2026-08-05 18:56:23,1,102
1528,BIOS Health,https://www.bios.health,Healthcare,United Kingdom,Y Combinator,2026-08-05 18:56:23,1,45
1527,Nomba,https://nomba.com,Fintech,Nigeria,Y Combinator,2026-08-05 18:56:23,1,200
1524,AON3D,https://www.aon3d.com,Industrials,Canada,Y Combinator,2026-08-05 18:56:23,1,40
1522,BuyPower,http://www.buypower.ng,Industrials,Nigeria,Y Combinator,2026-08-05 18:56:23,1,115
1521,Apozy,https://www.apozy.com/,B2B,USA,Y Combinator,2026-08-05 18:56:23,1,9
1520,Reliance Health,https://www.getreliancehealth.com,Healthcare,Nigeria,Y Combinator,2026-08-05 18:56:23,1,384
1519,Hogaru,https://www.hogaru.com/,Consumer,Colombia,Y Combinator,2026-08-05 18:56:23,1,746
1517,Plane,https://plane.com,B2B,USA,Y Combinator,2026-08-05 18:56:23,1,30
1515,Bitrise,https://bitrise.io,B2B,Hungary,Y Combinator,2026-08-05 18:56:23,1,243
1513,Solugen,https://solugen.com/,Healthcare,USA,Y Combinator,2026-08-05 18:56:23,1,200
1512,Bulk MRO Industrial Supply,http://www.bulkmro.com,B2B,USA,Y Combinator,2026-08-05 18:56:23,1,170
1510,FastJVM,https://fastjvm.com,B2B,USA,Y Combinator,2026-08-05 18:56:23,1,3
1509,AlemHealth,https://www.alemhealth.com,Healthcare,Singapore,Y Combinator,2026-08-05 18:56:23,1,25
1507,Request Network,https://request.network,Fintech,France,Y Combinator,2026-08-05 18:56:23,1,12
1506,Collectly,http://collectly.co/,Healthcare,USA,Y Combinator,2026-08-05 18:56:23,1,106
1503,Aella,http://www.aellaapp.com,Fintech,Nigeria,Y Combinator,2026-08-05 18:56:23,1,60
1502,Tolemi,http://www.tolemi.com,Real Estate and Construction,USA,Y Combinator,2026-08-05 18:56:23,1,20
1500,Wright Electric,http://www.weflywright.com,Industrials,USA,Y Combinator,2026-08-05 18:56:23,1,4
1498,"Veryfi, Inc.",https://www.veryfi.com/,B2B,USA,Y Combinator,2026-08-05 18:56:23,1,70
1496,Mednet,https://www.themednet.org,Healthcare,USA,Y Combinator,2026-08-05 18:56:23,1,35
1490,Snappr,https://www.snappr.com,B2B,USA,Y Combinator,2026-08-05 18:56:23,1,250
1488,Token Transit,https://tokentransit.com,Government,USA,Y Combinator,2026-08-05 18:56:23,1,12
1487,Ambient.ai,https://ambient.ai,B2B,USA,Y Combinator,2026-08-05 18:56:23,1,150
1484,RankScience,https://www.rankscience.com,B2B,USA,Y Combinator,2026-08-05 18:56:23,1,16
1475,The Essential,http://www.theessential.com,Consumer,USA,Y Combinator,2026-08-05 18:56:23,1,11
1473,Upcall,https://www.upcall.com,B2B,USA,Y Combinator,2026-08-05 18:56:23,1,6
1468,Nuvola,http://nuvola.tech,Industrials,USA,Y Combinator,2026-08-05 18:56:23,1,4
1464,Ledger Investing,https://ledgerinvesting.com/,Fintech,United States,Y Combinator,2026-08-05 18:56:23,1,85
1463,REZI,https://www.rentrezi.com,Real Estate and Construction,USA,Y Combinator,2026-08-05 18:56:23,1,31
1462,Extern,http://www.extern.com,Consumer,USA,Y Combinator,2026-08-05 18:56:23,1,30
1461,MDalgorithms Inc.,https://www.mdalgorithms.com,Healthcare,Israel,Y Combinator,2026-08-05 18:56:23,1,40
1458,BloomAPI,https://www.bloomtext.com,Healthcare,USA,Y Combinator,2026-08-05 18:56:23,1,7
1455,Sleep Reset,https://www.thesleepreset.com/?utm_source=yc,Healthcare,USA,Y Combinator,2026-08-05 18:56:23,1,8
1448,Sinovia Technologies,http://www.sinoviatech.com,Industrials,USA,Y Combinator,2026-08-05 18:56:23,1,7
1444,Bountiful,https://bountiful.ag/,Industrials,USA,Y Combinator,2026-08-05 18:56:23,1,4
1443,Speak,http://speak.com,Consumer,USA,Y Combinator,2026-08-05 18:56:23,1,40
1442,Tizeti,http://www.tizeti.com,Consumer,Nigeria,Y Combinator,2026-08-05 18:56:23,1,0
1438,Voiceops,https://voiceops.com,B2B,USA,Y Combinator,2026-08-05 18:56:23,1,10
1573,Humi,http://www.humi.ca,B2B,Canada,Y Combinator,2026-08-05 18:56:23,0,141
1563,ScopeAI,https://www.getscopeai.com,B2B,USA,Y Combinator,2026-08-05 18:56:23,0,4
1559,Peer5,https://www.peer5.com,B2B,USA,Y Combinator,2026-08-05 18:56:23,0,11
1549,KidPass,https://kidpass.com,Education,USA,Y Combinator,2026-08-05 18:56:23,0,21
1541,UpKeep,https://www.upkeep.com/,B2B,USA,Y Combinator,2026-08-05 18:56:23,0,150
1539,Playment,https://playment.io/,B2B,India,Y Combinator,2026-08-05 18:56:23,0,50
1536,Terark,http://www.terark.com,B2B,China,Y Combinator,2026-08-05 18:56:23,0,2
1529,ZipX,https://zipx.com/,Consumer,USA,Y Combinator,2026-08-05 18:56:23,0,1
1526,Bulletin,https://bulletin.co,B2B,USA,Y Combinator,2026-08-05 18:56:23,0,15
1525,Breaker,https://www.breaker.audio,Consumer,USA,Y Combinator,2026-08-05 18:56:23,0,1
1516,Tetra,https://asktetra.com,B2B,USA,Y Combinator,2026-08-05 18:56:23,0,2
1514,WaystoCap,https://waystocap.com,B2B,Morocco,Y Combinator,2026-08-05 18:56:23,0,38
1511,Supr Daily,http://www.suprdaily.com/,Consumer,India,Y Combinator,2026-08-05 18:56:23,0,
1505,Hivy,https://hivyapp.com,B2B,USA,Y Combinator,2026-08-05 18:56:23,0,0
1489,Penny,https://www.pennyapp.io,Fintech,USA,Y Combinator,2026-08-05 18:56:23,0,2
1486,Armory,http://armory.io,B2B,USA,Y Combinator,2026-08-05 18:56:23,0,90
1482,Sandbox Banking,https://sandboxbanking.com,Fintech,USA,Y Combinator,2026-08-05 18:56:23,0,33
1479,Wavy,http://downloadwavy.com,Consumer,USA,Y Combinator,2026-08-05 18:56:23,0,0
1478,Fiix,http://www.fiix.io,Consumer,Canada,Y Combinator,2026-08-05 18:56:23,0,2
1466,Scaphold.io,https://scaphold.io,B2B,USA,Y Combinator,2026-08-05 18:56:23,0,2
1459,Soomgo,https://soomgo.com,Consumer,South Korea,Y Combinator,2026-08-05 18:56:23,0,125
1457,Volansi,https://flyvoly.com/,Industrials,USA,Y Combinator,2026-08-05 18:56:23,0,85
1456,Shipamax,https://shipamax.com,B2B,United Kingdom,Y Combinator,2026-08-05 18:56:23,0,32
1454,Arthena,https://www.arthena.com,Fintech,USA,Y Combinator,2026-08-05 18:56:23,0,12
1452,lvl5,http://www.lvl5.ai,Industrials,USA,Y Combinator,2026-08-05 18:56:23,0,6
1450,Loop Support,https://www.loopsupport.com/,B2B,USA,Y Combinator,2026-08-05 18:56:23,0,7
1446,Scribe,http://tryscribe.com/,B2B,India,Y Combinator,2026-08-05 18:56:23,0,15
1441,Clear Genetics,https://cleargenetics.com/,Healthcare,USA,Y Combinator,2026-08-05 18:56:23,0,8
1553,No Lean Season,http://,Unspecified,,Y Combinator,2026-08-05 18:56:23,0,
1550,Anasen,http://www.anasen.com,B2B,France,Y Combinator,2026-08-05 18:56:23,0,15
1547,Niles,https://niles.ai,B2B,USA,Y Combinator,2026-08-05 18:56:23,0,2
1542,SourceBeacon,https://www.sourcebeacon.com,Consumer,Unspecified,Y Combinator,2026-08-05 18:56:23,0,5
1538,Voodoo Manufacturing,http://www.voodoomfg.com,Industrials,USA,Y Combinator,2026-08-05 18:56:23,0,19
1534,Bicycle AI,http://bicycleai.com,B2B,India,Y Combinator,2026-08-05 18:56:23,0,11
1533,Marketfox,https://marketfox.io,B2B,USA,Y Combinator,2026-08-05 18:56:23,0,2
1523,Smart Alto,http://www.smartalto.com,Real Estate and Construction,USA,Y Combinator,2026-08-05 18:56:23,0,8
1518,FloydHub,http://www.floydhub.com/,B2B,USA,Y Combinator,2026-08-05 18:56:23,0,4
1508,Neema,http://getneema.com/,Fintech,Israel,Y Combinator,2026-08-05 18:56:23,0,2
1504,Arylla,http://www.arylla.com,Industrials,Canada,Y Combinator,2026-08-05 18:56:23,0,6
1497,Firsthand,http://shopfirsthand.com/,B2B,Unspecified,Y Combinator,2026-08-05 18:56:23,0,2
1495,Rally Tennis,https://www.rallytennis.com/,Consumer,USA,Y Combinator,2026-08-05 18:56:23,0,3
1493,Sycamore,https://www.mysycamore.com/,B2B,Unspecified,Y Combinator,2026-08-05 18:56:23,0,2
1492,Fibo,http://www.fiboapp.com,B2B,USA,Y Combinator,2026-08-05 18:56:23,0,15
1491,InnaMed,http://www.InnaMed.com,Healthcare,USA,Y Combinator,2026-08-05 18:56:23,0,7
1485,Volt Health,https://www.volthealth.com/,Healthcare,USA,Y Combinator,2026-08-05 18:56:23,0,1
1483,Entry,http://getentry.com,B2B,USA,Y Combinator,2026-08-05 18:56:23,0,7
1481,Origin,http://eatorigin.com,B2B,USA,Y Combinator,2026-08-05 18:56:23,0,2
1477,VanGo,https://www.ridevango.com,Consumer,USA,Y Combinator,2026-08-05 18:56:23,0,8
1476,Sudden Coffee,https://www.suddencoffee.com/,Consumer,USA,Y Combinator,2026-08-05 18:56:23,0,2
1474,Tress,https://www.tressapp.co,Consumer,Ghana,Y Combinator,2026-08-05 18:56:23,0,2
1472,Beek,https://www.beek.io,Consumer,Mexico,Y Combinator,2026-08-05 18:56:23,0,32
1471,Zinc Platform,http://www.zincplatform.com,Fintech,USA,Y Combinator,2026-08-05 18:56:23,0,11
1467,Cartcam,https://www.cartcam.com,Consumer,Unspecified,Y Combinator,2026-08-05 18:56:23,0,1
1465,Pulse,http://www.getpulse.care/,Healthcare,India,Y Combinator,2026-08-05 18:56:23,0,30
1460,LitHit,http://lithit.com,Consumer,Unspecified,Y Combinator,2026-08-05 18:56:23,0,2
1453,Pit.AI,https://www.pit.ai,Fintech,USA,Y Combinator,2026-08-05 18:56:23,0,2
1449,Riley,https://getrileynow.com,Real Estate and Construction,USA,Y Combinator,2026-08-05 18:56:23,0,2
1447,Pearl,https://getpearlcoffee.com/,B2B,USA,Y Combinator,2026-08-05 18:56:23,0,0
1445,Cowlar,http://www.cowlar.com,Industrials,USA,Y Combinator,2026-08-05 18:56:23,0,2
1440,boxouse,http://boxouse.com,Real Estate and Construction,USA,Y Combinator,2026-08-05 18:56:23,0,2
1439,Trade,http://www.tradeghana.co,Industrials,USA,Y Combinator,2026-08-05 18:56:23,0,3
810,GitLab,http://gitlab.com/,B2B,USA,Y Combinator,2026-08-05 18:56:23,0,2000
809,EquipmentShare,https://www.equipmentshare.com,Real Estate and Construction,USA,Y Combinator,2026-08-05 18:56:23,0,5400
805,Lucira Health,https://www.lucirahealth.com/,Healthcare,USA,Y Combinator,2026-08-05 18:56:23,0,43
767,GrubMarket,http://grubmarket.com,B2B,USA,Y Combinator,2026-08-05 18:56:23,1,4548
827,Razorpay,https://razorpay.com,Fintech,India,Y Combinator,2026-08-05 18:56:23,1,2700
857,Shasqi,,Healthcare,USA,Y Combinator,2026-08-05 18:56:23,1,28
856,Mashgin,http://mashgin.com,B2B,USA,Y Combinator,2026-08-05 18:56:23,1,150
851,NimbleRx,http://nimblerx.com,Healthcare,USA,Y Combinator,2026-08-05 18:56:23,1,130
849,Replika,https://replika.ai/,Consumer,USA,Y Combinator,2026-08-05 18:56:23,1,28
848,Tara AI,http://www.tara.ai,B2B,USA,Y Combinator,2026-08-05 18:56:23,1,13
847,Flip,http://justflip.com,Consumer,USA,Y Combinator,2026-08-05 18:56:23,1,
840,X-Zell,http://www.x-zell.com,Healthcare,Thailand,Y Combinator,2026-08-05 18:56:23,1,19
834,Zenflow,http://zenflow.com,Healthcare,USA,Y Combinator,2026-08-05 18:56:23,1,18
833,Tab,https://www.tab.travel,Consumer,United Kingdom,Y Combinator,2026-08-05 18:56:23,1,9
817,Meadow,https://getmeadow.com,B2B,USA,Y Combinator,2026-08-05 18:56:23,1,14
815,Level Frames,http://levelframes.com,Consumer,USA,Y Combinator,2026-08-05 18:56:23,1,5
813,Industrial Microbes,http://imicrobes.com,Healthcare,USA,Y Combinator,2026-08-05 18:56:23,1,12
811,Giveffect,http://giveffect.com,B2B,USA,Y Combinator,2026-08-05 18:56:23,1,
808,eBrandvalue,https://www.ebrandvalue.com/,B2B,USA,Y Combinator,2026-08-05 18:56:23,1,10
807,Quantierra,http://quantierra.com,Real Estate and Construction,USA,Y Combinator,2026-08-05 18:56:23,1,5
802,Cleanly,https://cleanly.com,Consumer,USA,Y Combinator,2026-08-05 18:56:23,1,40
797,Resolve,https://www.resolvebim.com,Real Estate and Construction,USA,Y Combinator,2026-08-05 18:56:23,1,10
791,Makrwatch,https://www.makrwatch.com,B2B,USA,Y Combinator,2026-08-05 18:56:23,1,19
790,TeamNote,http://teamnoteapp.com,B2B,Hong Kong,Y Combinator,2026-08-05 18:56:23,1,11
789,Tempo,https://tempo.fit/,Healthcare,USA,Y Combinator,2026-08-05 18:56:23,1,158
787,SIRUM,http://sirum.org,Unspecified,USA,Y Combinator,2026-08-05 18:56:23,1,15
786,Sails Co.,https://sailsjs.com/about,B2B,USA,Y Combinator,2026-08-05 18:56:23,1,4
782,ReadMe,http://readme.com,B2B,USA,Y Combinator,2026-08-05 18:56:23,1,52
781,BuildScience,http://www.buildscience.com/,Real Estate and Construction,USA,Y Combinator,2026-08-05 18:56:23,1,1
774,Platzi,https://platzi.com,B2B,USA,Y Combinator,2026-08-05 18:56:23,1,123
773,Labdoor,https://labdoor.com,Consumer,USA,Y Combinator,2026-08-05 18:56:23,1,11
764,GiveMeTap,http://givemetap.com,Consumer,United Kingdom,Y Combinator,2026-08-05 18:56:23,1,1
763,Bankjoy,http://bankjoy.com,Fintech,USA,Y Combinator,2026-08-05 18:56:23,1,60
762,Zeitview,https://www.zeitview.com/,Industrials,USA,Y Combinator,2026-08-05 18:56:23,1,200
761,The Human Utility,https://www.detroitwaterproject.org/,Unspecified,USA,Y Combinator,2026-08-05 18:56:23,1,2
760,Democracy Earth,http://democracy.earth/,Unspecified,Spain,Y Combinator,2026-08-05 18:56:23,1,2
756,Numerion Labs,https://www.numerionlabs.ai,Healthcare,USA,Y Combinator,2026-08-05 18:56:23,1,67
755,Bright,https://www.thinkbright.mx,Industrials,USA,Y Combinator,2026-08-05 18:56:23,1,100
751,Magic,https://getmagic.com/,B2B,USA,Y Combinator,2026-08-05 18:56:23,1,350
749,Mezmo,https://www.mezmo.com/,B2B,USA,Y Combinator,2026-08-05 18:56:23,1,172
748,Akido Labs,http://akidolabs.com,Healthcare,USA,Y Combinator,2026-08-05 18:56:23,1,1000
740,Qventus,http://qventus.com,Healthcare,USA,Y Combinator,2026-08-05 18:56:23,1,230
1434,DemocracyOS,http://www.democracyos.org,Government,Argentina,Y Combinator,2026-08-05 18:56:23,1,1
855,Lumi,https://www.lumi.com,B2B,USA,Y Combinator,2026-08-05 18:56:23,0,67
853,Spire Health,https://spirehealth.com/,Healthcare,USA,Y Combinator,2026-08-05 18:56:23,0,52
846,Chariot,http://chariot.com,Consumer,USA,Y Combinator,2026-08-05 18:56:23,0,501
842,Raven Tech,http://raventech.com,B2B,China,Y Combinator,2026-08-05 18:56:23,0,11
837,Vanhawks,http://vanhawks.com,Consumer,Canada,Y Combinator,2026-08-05 18:56:23,0,11
836,Valor Water Analytics,http://valorwater.com,Industrials,USA,Y Combinator,2026-08-05 18:56:23,0,2
830,SigOpt,https://sigopt.com,B2B,USA,Y Combinator,2026-08-05 18:56:23,0,23
829,Seed,http://seed.co,Fintech,USA,Y Combinator,2026-08-05 18:56:23,0,11
825,Pretty Instant,https://www.prettyinstant.com,Consumer,USA,Y Combinator,2026-08-05 18:56:23,0,3
824,Popular Pays,http://popularpays.com,B2B,USA,Y Combinator,2026-08-05 18:56:23,0,37
820,Outbound,http://outbound.io,B2B,USA,Y Combinator,2026-08-05 18:56:23,0,2
818,Moltin,https://moltin.com,B2B,USA,Y Combinator,2026-08-05 18:56:23,0,32
814,NexTravel,https://www.nextravel.com,B2B,USA,Y Combinator,2026-08-05 18:56:23,0,17
801,WayUp,http://wayup.com,Consumer,USA,Y Combinator,2026-08-05 18:56:23,0,50
800,Bonfire,http://GoBonfire.com,B2B,Canada,Y Combinator,2026-08-05 18:56:23,0,95
799,Yhat,https://www.yhat.com,B2B,USA,Y Combinator,2026-08-05 18:56:23,0,17
798,YesGraph,http://yesgraph.com,B2B,USA,Y Combinator,2026-08-05 18:56:23,0,2
796,Vest,http://www.vestfin.com,Fintech,USA,Y Combinator,2026-08-05 18:56:23,0,50
793,Remix,https://www.remix.com/,Government,USA,Y Combinator,2026-08-05 18:56:23,0,65
792,Mobydish,https://www.mobydish.com,B2B,USA,Y Combinator,2026-08-05 18:56:23,0,10
788,Smarking,http://smarking.com,B2B,USA,Y Combinator,2026-08-05 18:56:23,0,17
785,Shift Labs,http://shiftlabs.com,Healthcare,USA,Y Combinator,2026-08-05 18:56:23,0,6
780,Paperspace,https://www.paperspace.com,B2B,USA,Y Combinator,2026-08-05 18:56:23,0,50
778,Pachyderm,http://pachyderm.com,B2B,USA,Y Combinator,2026-08-05 18:56:23,0,60
777,Open Listings,https://www.openlistings.com,Real Estate and Construction,USA,Y Combinator,2026-08-05 18:56:23,0,48
769,HigherMe,http://higherme.com,B2B,Canada,Y Combinator,2026-08-05 18:56:23,0,45
768,WorkLife,http://worklife.com,B2B,USA,Y Combinator,2026-08-05 18:56:23,0,2
759,CyberFend,http://cyberfend.com,B2B,USA,Y Combinator,2026-08-05 18:56:23,0,2
753,Bluesmart,http://bluesmart.com,Consumer,USA,Y Combinator,2026-08-05 18:56:23,0,51
752,Bizzy,http://bizzy.io,B2B,USA,Y Combinator,2026-08-05 18:56:23,0,2
750,Smyte,http://smyte.com,B2B,USA,Y Combinator,2026-08-05 18:56:23,0,11
746,Tech in Asia,http://techinasia.com,Consumer,Singapore,Y Combinator,2026-08-05 18:56:23,0,70
744,Pomello,http://pomello.com,B2B,USA,Y Combinator,2026-08-05 18:56:23,0,8
743,Final,http://getfinal.com,Fintech,USA,Y Combinator,2026-08-05 18:56:23,0,11
739,Notable Labs,http://notablelabs.com,Healthcare,USA,Y Combinator,2026-08-05 18:56:23,0,40
854,ThinAir,http://thinair.com,B2B,USA,Y Combinator,2026-08-05 18:56:23,0,11
852,Nomiku,http://nomiku.com,Consumer,USA,Y Combinator,2026-08-05 18:56:23,0,11
850,Automate Ads,http://kuhcoon.com,B2B,USA,Y Combinator,2026-08-05 18:56:23,0,2
845,Lully,https://www.lullysleep.com/,Healthcare,USA,Y Combinator,2026-08-05 18:56:23,0,5
843,Bagaveev Corporation,http://bagaveev.com,Industrials,USA,Y Combinator,2026-08-05 18:56:23,0,2
839,Wink Health,http://winkhealth.com,Healthcare,USA,Y Combinator,2026-08-05 18:56:23,0,2
838,VetPronto,http://vetpronto.com,Healthcare,USA,Y Combinator,2026-08-05 18:56:23,0,51
835,Transcriptic,http://transcriptic.com,Healthcare,USA,Y Combinator,2026-08-05 18:56:23,0,13
832,Standard Cyborg,http://standardcyborg.com,Healthcare,USA,Y Combinator,2026-08-05 18:56:23,0,9
831,Spoil,https://www.spoil.co/,Consumer,USA,Y Combinator,2026-08-05 18:56:23,0,2
828,Rescue Forensics,http://rescueforensics.com,Government,USA,Y Combinator,2026-08-05 18:56:23,0,0
826,Priime,https://priime.com,Consumer,USA,Y Combinator,2026-08-05 18:56:23,0,3
823,Pigeonly,http://pigeonly.com,Consumer,USA,Y Combinator,2026-08-05 18:56:23,0,40
822,Dabble,https://dabble.so,B2B,Canada,Y Combinator,2026-08-05 18:56:23,0,3
819,Nextop,http://nextop.io,B2B,Unspecified,Y Combinator,2026-08-05 18:56:23,0,2
812,Glassjar,http://glassjar.co,Fintech,USA,Y Combinator,2026-08-05 18:56:23,0,2
804,Dealyze,http://dealyze.com,B2B,USA,Y Combinator,2026-08-05 18:56:23,0,6
795,Underground Cellar,http://undergroundcellar.com,Consumer,USA,Y Combinator,2026-08-05 18:56:23,0,26
794,Rare Door,http://raredoor.com,Consumer,USA,Y Combinator,2026-08-05 18:56:23,0,2
784,Shift Messenger,http://shiftmessenger.com,B2B,USA,Y Combinator,2026-08-05 18:56:23,0,2
783,ReSchedule Med,http://reschedulemed.com,Healthcare,USA,Y Combinator,2026-08-05 18:56:23,0,0
779,Pakible,https://pakible.com,B2B,USA,Y Combinator,2026-08-05 18:56:23,0,3
775,Omniref,http://omniref.com,B2B,USA,Y Combinator,2026-08-05 18:56:23,0,2
772,Kickpay,https://kickpay.com,B2B,USA,Y Combinator,2026-08-05 18:56:23,0,2
770,Instavest,http://goinstavest.com,Fintech,USA,Y Combinator,2026-08-05 18:56:23,0,2
766,GroupAhead,,Consumer,USA,Y Combinator,2026-08-05 18:56:23,0,2
765,SparkGift,http://sparkgift.com,Fintech,USA,Y Combinator,2026-08-05 18:56:23,0,2
758,Cribspot,http://cribspot.com,Real Estate and Construction,USA,Y Combinator,2026-08-05 18:56:23,0,2
754,Booktrope,http://booktrope.com,B2B,USA,Y Combinator,2026-08-05 18:56:23,0,51
747,20n,http://20n.com,Healthcare,USA,Y Combinator,2026-08-05 18:56:23,0,2
742,3dot,http://3dot.com,Consumer,Slovenia,Y Combinator,2026-08-05 18:56:23,0,2
1166,Direct Match,http://directmatchx.com,Fintech,USA,Y Combinator,2026-08-05 18:56:23,0,11
944,Go1,https://go1.com,B2B,Australia,Y Combinator,2026-08-05 18:56:23,1,650
870,OpenInvest,http://www.openinvest.com,Fintech,USA,Y Combinator,2026-08-05 18:56:23,0,110
934,Scentbird,https://www.scentbird.com,Consumer,USA,Y Combinator,2026-08-05 18:56:23,1,165
967,Human Interest,http://humaninterest.com,B2B,USA,Y Combinator,2026-08-05 18:56:23,1,765
966,Flirtey (SkyDrop),,Industrials,USA,Y Combinator,2026-08-05 18:56:23,1,11
964,Eight Sleep,http://eightsleep.com,Consumer,USA,Y Combinator,2026-08-05 18:56:23,1,100
963,Instawork,http://instawork.com,B2B,USA,Y Combinator,2026-08-05 18:56:23,1,500
962,Cofactor Genomics,http://cofactorgenomics.com,Healthcare,USA,Y Combinator,2026-08-05 18:56:23,1,13
960,Bitmovin,http://bitmovin.com,B2B,USA,Y Combinator,2026-08-05 18:56:23,1,145
952,TetraScience,https://www.tetrascience.com,Healthcare,USA,Y Combinator,2026-08-05 18:56:23,1,100
949,The Ticket Fairy,https://www.ticketfairy.com/,Consumer,USA,Y Combinator,2026-08-05 18:56:23,1,30
943,Font Awesome,http://fontawesome.com,B2B,USA,Y Combinator,2026-08-05 18:56:23,1,17
941,"80,000 Hours",http://80000hours.org,Unspecified,United Kingdom,Y Combinator,2026-08-05 18:56:23,1,13
938,Xendit,https://www.xendit.co/,Fintech,Indonesia,Y Combinator,2026-08-05 18:56:23,1,700
937,Shred Video,https://shredvideo.com,Consumer,USA,Y Combinator,2026-08-05 18:56:23,1,2
936,Shape (ShapeScale),https://shapescale.com,Consumer,USA,Y Combinator,2026-08-05 18:56:23,1,7
932,RedCarpetUp,http://redcarpetup.com,Fintech,India,Y Combinator,2026-08-05 18:56:23,1,100
931,Plate IQ,https://plateiq.com/,Fintech,United Kingdom,Y Combinator,2026-08-05 18:56:23,1,200
928,PickTrace,http://picktrace.com/company,Industrials,USA,Y Combinator,2026-08-05 18:56:23,1,65
925,Fountain,http://fountain.com,B2B,South Korea,Y Combinator,2026-08-05 18:56:23,1,200
923,Microhealth,http://microhealth.com,Healthcare,Spain,Y Combinator,2026-08-05 18:56:23,1,10
922,Zeplin,https://zeplin.io,B2B,USA,Y Combinator,2026-08-05 18:56:23,1,140
921,Markhor,http://markhor.com,Consumer,USA,Y Combinator,2026-08-05 18:56:23,1,5
915,Circle Medical,https://circlemedical.com,Healthcare,,Y Combinator,2026-08-05 18:56:23,1,235
914,GiveCampus,http://go.givecampus.com,Education,USA,Y Combinator,2026-08-05 18:56:23,1,130
913,Drip Capital,http://dripcapital.com,Fintech,India,Y Combinator,2026-08-05 18:56:23,1,280
910,Chaldal,http://chaldal.com,Consumer,Bangladesh,Y Combinator,2026-08-05 18:56:23,1,2886
908,Bodyport,http://bodyport.com,Healthcare,USA,Y Combinator,2026-08-05 18:56:23,1,19
902,Verge Genomics,http://vergegenomics.com,Healthcare,USA,Y Combinator,2026-08-05 18:56:23,1,50
901,Thrive Agritech,http://www.thriveagritech.com,Industrials,USA,Y Combinator,2026-08-05 18:56:23,1,8
900,Tesorio,https://www.tesorio.com,B2B,USA,Y Combinator,2026-08-05 18:56:23,1,53
898,Reach,https://reachpower.com,Industrials,USA,Y Combinator,2026-08-05 18:56:23,1,45
896,SunFarmer,http://sunfarmer.org,Industrials,Nepal,Y Combinator,2026-08-05 18:56:23,1,15
889,Confident LIMS,https://confidentlims.com,B2B,USA,Y Combinator,2026-08-05 18:56:23,1,17
888,Branch8,https://www.branch8.com,B2B,Hong Kong,Y Combinator,2026-08-05 18:56:23,1,15
884,Heroic Labs,http://heroiclabs.com,Consumer,United Kingdom,Y Combinator,2026-08-05 18:56:23,1,21
878,SnapMagic,https://www.snapmagic.com,B2B,USA,Y Combinator,2026-08-05 18:56:23,1,23
872,Assembly,https://asm.co/,B2B,USA,Y Combinator,2026-08-05 18:56:23,1,12
871,Gemnote,http://gemnote.com,B2B,USA,Y Combinator,2026-08-05 18:56:23,1,40
869,New Story,http://newstoryhomes.org,Real Estate and Construction,USA,Y Combinator,2026-08-05 18:56:23,1,20
866,Ironclad,http://ironcladapp.com,B2B,USA,Y Combinator,2026-08-05 18:56:23,1,700
865,Leaders In Tech,http://leadersintech.org,Unspecified,USA,Y Combinator,2026-08-05 18:56:23,1,1
864,teaBOT,http://teaBOT.com,B2B,Canada,Y Combinator,2026-08-05 18:56:23,1,2
862,Teleport,https://goteleport.com,B2B,USA,Y Combinator,2026-08-05 18:56:23,1,255
861,Lugg,http://lugg.com,Consumer,USA,Y Combinator,2026-08-05 18:56:23,1,50
971,Gigster,https://gigster.com/,B2B,USA,Y Combinator,2026-08-05 18:56:23,0,51
969,Tenant Turner,http://tenantturner.com,Real Estate and Construction,USA,Y Combinator,2026-08-05 18:56:23,0,15
959,PlateJoy,http://platejoy.com,Consumer,USA,Y Combinator,2026-08-05 18:56:23,0,11
956,Nebia,http://nebia.com,Consumer,USA,Y Combinator,2026-08-05 18:56:23,0,16
954,Auro Robotics,http://www.auro.ai/,Industrials,USA,Y Combinator,2026-08-05 18:56:23,0,0
953,Mimir,https://mimirhq.com,Education,USA,Y Combinator,2026-08-05 18:56:23,0,8
948,Blitz Esports,http://blitzesports.com,Consumer,USA,Y Combinator,2026-08-05 18:56:23,0,11
946,HER,http://weareher.com,Consumer,USA,Y Combinator,2026-08-05 18:56:23,0,10
939,Xfers,http://xfers.com,Fintech,Singapore,Y Combinator,2026-08-05 18:56:23,0,51
930,Interviewed,http://interviewed.com,B2B,USA,Y Combinator,2026-08-05 18:56:23,0,0
927,Paribus,https://ramp.com/,Fintech,USA,Y Combinator,2026-08-05 18:56:23,0,
926,Oolu,http://oolusolar.com,Industrials,Senegal,Y Combinator,2026-08-05 18:56:23,0,230
916,zPREDICTA,http://zpredicta.com,Healthcare,USA,Y Combinator,2026-08-05 18:56:23,0,2
912,Sphere Secure Workspace,http://sphere.works,B2B,United Kingdom,Y Combinator,2026-08-05 18:56:23,0,2
911,Cloudstitch,http://cloudstitch.com,B2B,USA,Y Combinator,2026-08-05 18:56:23,0,4
909,Appcanary,http://appcanary.com,B2B,Canada,Y Combinator,2026-08-05 18:56:23,0,2
907,Bluecrew,http://bluecrewjobs.com,B2B,USA,Y Combinator,2026-08-05 18:56:23,0,100
905,Willing,https://www.willing.com/,Consumer,USA,Y Combinator,2026-08-05 18:56:23,0,10
894,Foxpass,https://www.foxpass.com,B2B,USA,Y Combinator,2026-08-05 18:56:23,0,10
893,Eden,https://www.edenworkplace.com,B2B,USA,Y Combinator,2026-08-05 18:56:23,0,45
891,Cymmetria,http://cymmetria.com,B2B,Israel,Y Combinator,2026-08-05 18:56:23,0,11
890,Convox,http://convox.com,B2B,USA,Y Combinator,2026-08-05 18:56:23,0,3
879,SourceDNA,http://sourcedna.com,B2B,USA,Y Combinator,2026-08-05 18:56:23,0,6
877,Second Measure,http://secondmeasure.com,B2B,USA,Y Combinator,2026-08-05 18:56:23,0,62
873,PartnerStack,https://partnerstack.com,B2B,Canada,Y Combinator,2026-08-05 18:56:23,0,200
868,L.,http://thisisL.com,Consumer,USA,Y Combinator,2026-08-05 18:56:23,0,
867,Jopwell,http://jopwell.com,B2B,USA,Y Combinator,2026-08-05 18:56:23,0,50
860,Triplebyte,https://triplebyte.com,B2B,USA,Y Combinator,2026-08-05 18:56:23,0,70
970,VOIQ,http://voiq.com,B2B,USA,Y Combinator,2026-08-05 18:56:23,0,8
968,Halolife,http://halolife.com,Consumer,USA,Y Combinator,2026-08-05 18:56:23,0,2
965,Vive,http://,Consumer,USA,Y Combinator,2026-08-05 18:56:23,0,11
958,StyleBee,http://stylebee.com,Consumer,USA,Y Combinator,2026-08-05 18:56:23,0,11
955,Klarismo,http://klarismo.com,Healthcare,USA,Y Combinator,2026-08-05 18:56:23,0,10
951,Wheelys Café,http://wheelyscafe.com,Consumer,Sweden,Y Combinator,2026-08-05 18:56:23,0,11
950,Fetch,https://fetchtruck.com,Consumer,USA,Y Combinator,2026-08-05 18:56:23,0,24
947,Maderight,http://maderight.com,B2B,USA,Y Combinator,2026-08-05 18:56:23,0,51
945,Saida,http://getsaida.com,Fintech,Kenya,Y Combinator,2026-08-05 18:56:23,0,4
940,Traversal Networks,http://traversalnetworks.com,B2B,USA,Y Combinator,2026-08-05 18:56:23,0,1
935,Seva Coffee,http://sevacoffee.com,Consumer,USA,Y Combinator,2026-08-05 18:56:23,0,2
933,Reduced Energy Microsystems,http://remicro.com,Industrials,USA,Y Combinator,2026-08-05 18:56:23,0,2
929,Prayas Analytics,http://prayasanalytics.com,B2B,USA,Y Combinator,2026-08-05 18:56:23,0,2
924,Ohm,http://getohm.com,Industrials,USA,Y Combinator,2026-08-05 18:56:23,0,0
920,Locent,http://locent.com,B2B,USA,Y Combinator,2026-08-05 18:56:23,0,11
918,Leada,http://www.teamleada.com,Education,USA,Y Combinator,2026-08-05 18:56:23,0,1
917,jEugene,https://www.jeugene.com,B2B,USA,Y Combinator,2026-08-05 18:56:23,0,2
906,Bistrobot,http://bistrobot.com,B2B,USA,Y Combinator,2026-08-05 18:56:23,0,2
904,Apollo Health,http://apollo.com,Consumer,Unspecified,Y Combinator,2026-08-05 18:56:23,0,0
903,Afrostream,http://afrostream.tv,Consumer,France,Y Combinator,2026-08-05 18:56:23,0,11
897,Stitch Health,https://stitch.health/,Healthcare,USA,Y Combinator,2026-08-05 18:56:23,0,2
892,Shotput,http://theshotput.com,B2B,USA,Y Combinator,2026-08-05 18:56:23,0,2
887,CareLedger,http://careledger.com,Healthcare,USA,Y Combinator,2026-08-05 18:56:23,0,0
886,Call9,http://callnine.com,Healthcare,USA,Y Combinator,2026-08-05 18:56:23,0,51
885,Airmada,http://www.airmada.com,Industrials,USA,Y Combinator,2026-08-05 18:56:23,0,2
882,Hickory,http://hickorytraining.com,B2B,USA,Y Combinator,2026-08-05 18:56:23,0,11
881,Vernox,http://www.vernox.io,Real Estate and Construction,USA,Y Combinator,2026-08-05 18:56:23,0,2
876,Scope AR,http://scopear.com,Consumer,USA,Y Combinator,2026-08-05 18:56:23,0,50
875,ROSS Intelligence,http://rossintelligence.com,B2B,USA,Y Combinator,2026-08-05 18:56:23,0,30
874,Roomblocker,http://roomblocker.com,Consumer,USA,Y Combinator,2026-08-05 18:56:23,0,2
863,Serica,http://sericapay.com,Fintech,USA,Y Combinator,2026-08-05 18:56:23,0,2
1266,Meesho,http://www.meesho.com,B2B,India,Y Combinator,2026-08-05 18:56:23,0,1450
1433,Bird,http://bird.com,B2B,Netherlands,Y Combinator,2026-08-05 18:56:23,1,500
1270,The Athletic,https://theathletic.com,Consumer,USA,Y Combinator,2026-08-05 18:56:23,0,600
1352,Proxy,https://proxy.com,Consumer,USA,Y Combinator,2026-08-05 18:56:23,0,20
1294,Scale AI,http://scale.com,B2B,USA,Y Combinator,2026-08-05 18:56:23,1,500
1347,Expo,https://expo.dev,B2B,USA,Y Combinator,2026-08-05 18:56:23,1,40
1344,Elemeno Health,http://elemenohealth.com,Healthcare,USA,Y Combinator,2026-08-05 18:56:23,1,25
1343,Suiteness,https://www.suiteness.com,Consumer,USA,Y Combinator,2026-08-05 18:56:23,1,7
1340,Jumpcut,http://www.jumpcut.com,Education,USA,Y Combinator,2026-08-05 18:56:23,1,11
1339,Quero Education,http://querobolsa.com.br,Education,Brazil,Y Combinator,2026-08-05 18:56:23,1,200
1300,ApolloShield,https://www.apolloshield.com,Industrials,Israel,Y Combinator,2026-08-05 18:56:23,1,
1299,People.ai,https://people.ai,B2B,USA,Y Combinator,2026-08-05 18:56:23,1,300
1298,Yoshi Mobility,https://www.yoshimobility.com,Consumer,USA,Y Combinator,2026-08-05 18:56:23,1,125
1297,OMG Digital,http://omgdigitalinc.com/,Consumer,Ghana,Y Combinator,2026-08-05 18:56:23,1,2
1287,Circa,http://www.circa.co,B2B,USA,Y Combinator,2026-08-05 18:56:23,1,21
1286,Ready Education,https://www.readyeducation.com,Consumer,Canada,Y Combinator,2026-08-05 18:56:23,1,54
1284,Flutterwave,https://flutterwave.com,Fintech,Nigeria,Y Combinator,2026-08-05 18:56:23,1,500
1280,Emote,http://www.emotenow.com,Consumer,USA,Y Combinator,2026-08-05 18:56:23,1,6
1277,SmartPath,http://joinsmartpath.com,Fintech,USA,Y Combinator,2026-08-05 18:56:23,1,16
1276,Curtsy,http://curtsyapp.com/,Consumer,USA,Y Combinator,2026-08-05 18:56:23,1,15
1275,Validere,http://validere.com,Industrials,Canada,Y Combinator,2026-08-05 18:56:23,1,110
1274,Airfordable,http://www.airfordable.com,Fintech,USA,Y Combinator,2026-08-05 18:56:23,1,7
1272,Athelas,http://athelas.com,Healthcare,USA,Y Combinator,2026-08-05 18:56:23,1,1000
1271,Miso,http://miso.kr,Consumer,South Korea,Y Combinator,2026-08-05 18:56:23,1,100
1269,Squire Technologies,http://getsquire.com/,Consumer,USA,Y Combinator,2026-08-05 18:56:23,1,150
1264,GoGoGrandparent,https://gogograndparent.com,Consumer,USA,Y Combinator,2026-08-05 18:56:23,1,50
1252,HiOperator,http://www.hioperator.com,B2B,USA,Y Combinator,2026-08-05 18:56:23,1,200
1251,Synvivia,https://www.synvivia.com,Healthcare,USA,Y Combinator,2026-08-05 18:56:23,1,4
1249,Legalist,https://www.legalist.com,Fintech,USA,Y Combinator,2026-08-05 18:56:23,1,40
1246,New Incentives,http://www.newincentives.org,Unspecified,USA,Y Combinator,2026-08-05 18:56:23,1,51
1233,Multiply Labs,http://multiplylabs.com/,Industrials,USA,Y Combinator,2026-08-05 18:56:23,1,36
1232,Women Who Code,https://www.womenwhocode.com/,Unspecified,USA,Y Combinator,2026-08-05 18:56:23,1,25
1229,The Flex Company,http://www.flexfits.com,Consumer,USA,Y Combinator,2026-08-05 18:56:23,1,28
1226,OneChronos,https://www.onechronos.com/,Fintech,USA,Y Combinator,2026-08-05 18:56:23,1,35
1225,Nova Credit,http://www.novacredit.com/,Fintech,USA,Y Combinator,2026-08-05 18:56:23,1,100
1224,Instrumentl,https://www.instrumentl.com,B2B,USA,Y Combinator,2026-08-05 18:56:23,1,60
1213,RocketLit,http://www.rocketlit.com,Education,USA,Y Combinator,2026-08-05 18:56:23,1,11
1210,Livement,https://boletomovil.com,B2B,Mexico,Y Combinator,2026-08-05 18:56:23,1,45
1206,Rose Rocket,http://roserocket.com,B2B,Canada,Y Combinator,2026-08-05 18:56:23,1,165
1205,Vote.org,http://www.vote.org,Consumer,USA,Y Combinator,2026-08-05 18:56:23,1,
1202,Upgraded,http://getupgraded.com,Consumer,USA,Y Combinator,2026-08-05 18:56:23,1,13
1201,Raptor Maps,http://www.raptormaps.com,Industrials,USA,Y Combinator,2026-08-05 18:56:23,1,75
1200,Joy,http://withjoy.com,Consumer,USA,Y Combinator,2026-08-05 18:56:23,1,100
1184,Vetcove,https://www.vetcove.com,B2B,USA,Y Combinator,2026-08-05 18:56:23,1,83
1183,NuCypher (aka Threshold Network),https://threshold.network/,B2B,USA,Y Combinator,2026-08-05 18:56:23,1,10
1181,Prime Lightworks,http://www.primelightworks.com,Industrials,USA,Y Combinator,2026-08-05 18:56:23,1,1
1436,RunKit,https://tonicdev.com,B2B,USA,Y Combinator,2026-08-05 18:56:23,0,2
1431,Starcity,https://starcity.com,Real Estate and Construction,USA,Y Combinator,2026-08-05 18:56:23,0,0
1341,Innov8,http://www.innov8.work,Real Estate and Construction,India,Y Combinator,2026-08-05 18:56:23,0,100
1289,Polymail,https://polymail.io,B2B,USA,Y Combinator,2026-08-05 18:56:23,0,2
1288,Saleswhale,https://www.saleswhale.com/,B2B,Singapore,Y Combinator,2026-08-05 18:56:23,0,23
1285,CrowdAI,https://crowdai.com/,B2B,USA,Y Combinator,2026-08-05 18:56:23,0,32
1265,Bulldozair,https://www.bulldozair.com,Real Estate and Construction,France,Y Combinator,2026-08-05 18:56:23,0,8
1247,NeoWize,http://www.neowize.com,B2B,Israel,Y Combinator,2026-08-05 18:56:23,0,3
1245,Vidcode,http://vidcode.com,Education,USA,Y Combinator,2026-08-05 18:56:23,0,5
1244,Symple,http://www.getsymple.com,B2B,USA,Y Combinator,2026-08-05 18:56:23,0,11
1241,Pursuit,http://www.revlo.co,Consumer,USA,Y Combinator,2026-08-05 18:56:23,0,2
1239,Burrow,http://www.burrow.com,Consumer,USA,Y Combinator,2026-08-05 18:56:23,0,60
1237,garten,https://garten.co/,B2B,USA,Y Combinator,2026-08-05 18:56:23,0,201
1234,Fabric,http://www.fabric.me,Consumer,USA,Y Combinator,2026-08-05 18:56:23,0,2
1230,Techmate,https://www.techmate.com,Consumer,USA,Y Combinator,2026-08-05 18:56:23,0,11
1222,Opsolutely,https://www.opsolutely.com,B2B,USA,Y Combinator,2026-08-05 18:56:23,0,2
1221,Iris Automation,http://www.irisonboard.com,Industrials,USA,Y Combinator,2026-08-05 18:56:23,0,
1211,SimpleCitizen,http://www.simplecitizen.com,Consumer,USA,Y Combinator,2026-08-05 18:56:23,0,23
1188,CareRev,https://www.carerev.com,Healthcare,USA,Y Combinator,2026-08-05 18:56:23,0,275
1187,WorkRamp,https://www.workramp.com,B2B,USA,Y Combinator,2026-08-05 18:56:23,0,106
1182,Seneca Systems,https://www.senecagov.com,Government,USA,Y Combinator,2026-08-05 18:56:23,0,11
1437,SkyLights,http://www.skylights.aero,Consumer,USA,Y Combinator,2026-08-05 18:56:23,0,5
1432,UtilityScore (formerly Pando),,Consumer,USA,Y Combinator,2026-08-05 18:56:23,0,6
1304,Reebeez,http://www.reebeez.co/,Industrials,USA,Y Combinator,2026-08-05 18:56:23,0,2
1303,Lendsnap,https://openfpga.ai/,Fintech,USA,Y Combinator,2026-08-05 18:56:23,0,0
1301,Ubiq,https://www.goubiq.com,B2B,USA,Y Combinator,2026-08-05 18:56:23,0,6
1283,Abundance Labs,http://abundancelabs.io,Consumer,USA,Y Combinator,2026-08-05 18:56:23,0,12
1282,GTRACK Technologies,http://www.gtracktechnologies.com,Industrials,USA,Y Combinator,2026-08-05 18:56:23,0,2
1279,Xberts,https://www.xberts.com,Consumer,USA,Y Combinator,2026-08-05 18:56:23,0,50
1278,Scanate/Fellow,https://joinfellow.com,B2B,USA,Y Combinator,2026-08-05 18:56:23,0,2
1273,Starsky Robotics,https://www.starsky.io/,Industrials,USA,Y Combinator,2026-08-05 18:56:23,0,11
1268,Seerslab,http://www.argear.io,Consumer,USA,Y Combinator,2026-08-05 18:56:23,0,39
1267,Drivezy,http://www.drivezy.com,Consumer,India,Y Combinator,2026-08-05 18:56:23,0,201
1250,Airo Health,http://www.airohealth.com,Healthcare,USA,Y Combinator,2026-08-05 18:56:23,0,2
1248,Sage Care,https://www.getsagecare.com,Healthcare,Canada,Y Combinator,2026-08-05 18:56:23,0,0
1243,Kenota (formerly ExVivo Labs),https://kenota.com/,Healthcare,Canada,Y Combinator,2026-08-05 18:56:23,0,35
1242,Coub,http://coub.com,Consumer,Russia,Y Combinator,2026-08-05 18:56:23,0,11
1240,Robby Technologies,http://robby.io,Industrials,USA,Y Combinator,2026-08-05 18:56:23,0,11
1238,Mosaix.ai,https://mosaix.ai,Consumer,USA,Y Combinator,2026-08-05 18:56:23,0,20
1236,Clip Health,http://www.cliphealth.com,Healthcare,USA,Y Combinator,2026-08-05 18:56:23,0,10
1235,Shield Bio,http://shieldbio.com,Healthcare,USA,Y Combinator,2026-08-05 18:56:23,0,28
1231,CoinTent,https://cointent.com,B2B,USA,Y Combinator,2026-08-05 18:56:23,0,2
1228,Haywheel,http://www.haywheel.com,B2B,USA,Y Combinator,2026-08-05 18:56:23,0,2
1227,Looklive,https://www.looklive.com/,Consumer,USA,Y Combinator,2026-08-05 18:56:23,0,11
1223,Metapacket,http://www.metapacket.com,B2B,USA,Y Combinator,2026-08-05 18:56:23,0,2
1220,Sway Finance,https://www.swayfinance.com,B2B,USA,Y Combinator,2026-08-05 18:56:23,0,2
1219,Hush,http://www.shophush.com,Consumer,USA,Y Combinator,2026-08-05 18:56:23,0,2
1218,Whyd,https://whyd.com,Consumer,USA,Y Combinator,2026-08-05 18:56:23,0,2
1209,RigPlenish,http://rigplenish.com,Healthcare,USA,Y Combinator,2026-08-05 18:56:23,0,2
1208,Farmstead,http://farmsteadapp.com,Consumer,USA,Y Combinator,2026-08-05 18:56:23,0,10
1203,Hellobill,http://hellobill.io,B2B,Unspecified,Y Combinator,2026-08-05 18:56:23,0,2
1191,PatientBank,https://www.patientbank.us,Healthcare,USA,Y Combinator,2026-08-05 18:56:23,0,2
1189,Sixa,https://sixa.io,B2B,USA,Y Combinator,2026-08-05 18:56:23,0,11
1186,Selfycart,https://www.selfycart.com,B2B,USA,Y Combinator,2026-08-05 18:56:23,0,2
1185,SmartSite,http://www.smartsitesafety.com/,Real Estate and Construction,United Kingdom,Y Combinator,2026-08-05 18:56:23,0,2
1180,Mindori,http://www.mindori.com,B2B,USA,Y Combinator,2026-08-05 18:56:23,0,1
30131,Asha Health,https://asha.health,Healthcare,USA,Y Combinator,2026-08-05 18:56:23,1,9
30130,Apolink,https://apolink.space,Industrials,USA,Y Combinator,2026-08-05 18:56:23,1,7
30129,HumanLayer,https://humanlayer.com,B2B,USA,Y Combinator,2026-08-05 18:56:23,1,2
30127,Loombotic,https://www.loombotic.com,Industrials,Canada,Y Combinator,2026-08-05 18:56:23,1,11
30126,Roundabout Technologies,https://roundabout.tech,Government,USA,Y Combinator,2026-08-05 18:56:23,1,5
30125,Synth,https://www.usesynth.ai,B2B,USA,Y Combinator,2026-08-05 18:56:23,1,2
30124,Careforce,https://careforce.ai/,Healthcare,USA,Y Combinator,2026-08-05 18:56:23,1,9
30119,Canvas,https://www.canvas.inc/,B2B,USA,Y Combinator,2026-08-05 18:56:23,1,3
30118,Ember,https://www.embercopilot.ai,Healthcare,USA,Y Combinator,2026-08-05 18:56:23,1,25
30117,Relvy AI,https://www.relvy.ai,B2B,USA,Y Combinator,2026-08-05 18:56:23,1,3
30116,Freestyle,https://www.freestyle.ai,Consumer,USA,Y Combinator,2026-08-05 18:56:23,1,3
30115,Laminar,https://laminar.com,B2B,USA,Y Combinator,2026-08-05 18:56:23,1,15
30114,Ryvn,https://ryvn.ai,B2B,USA,Y Combinator,2026-08-05 18:56:23,1,5
30113,Melder,https://melder.io,B2B,USA,Y Combinator,2026-08-05 18:56:23,1,2
30112,Vaya,https://flyvaya.com,Consumer,USA,Y Combinator,2026-08-05 18:56:23,1,2
30111,x1,https://x1.new/,Consumer,USA,Y Combinator,2026-08-05 18:56:23,1,5
30110,Forerunner AI,https://tryforerunner.com,Industrials,USA,Y Combinator,2026-08-05 18:56:23,1,2
30109,FutureClinic,https://www.futureclinic.com,Healthcare,USA,Y Combinator,2026-08-05 18:56:23,1,4
30108,Struct,https://struct.ai,B2B,USA,Y Combinator,2026-08-05 18:56:23,1,3
30107,Surge,https://surge.app,B2B,USA,Y Combinator,2026-08-05 18:56:23,1,3
30106,Sunset,https://www.hellosunset.com/,Fintech,USA,Y Combinator,2026-08-05 18:56:23,1,5
30105,ArchiLabs,https://archilabs.ai,Real Estate and Construction,USA,Y Combinator,2026-08-05 18:56:23,1,2
30104,Revi,https://www.revi.ai/,B2B,USA,Y Combinator,2026-08-05 18:56:23,1,2
30103,Metreecs,https://www.metreecs.com,B2B,France,Y Combinator,2026-08-05 18:56:23,1,6
30102,Diffusion Studio,https://diffusion.studio/,Consumer,USA,Y Combinator,2026-08-05 18:56:23,1,3
30101,Kilvin,https://www.kilvin.ai,B2B,USA,Y Combinator,2026-08-05 18:56:23,1,3
30100,Alex,https://alexcodes.app,B2B,USA,Y Combinator,2026-08-05 18:56:23,1,3
30097,Innate,https://innate.bot,Consumer,USA,Y Combinator,2026-08-05 18:56:23,1,7
30096,Capy,https://capy.ai,B2B,USA,Y Combinator,2026-08-05 18:56:23,1,6
30095,Consus,https://www.consus.io,Industrials,USA,Y Combinator,2026-08-05 18:56:23,1,1
30091,CollectWise,https://collectwise.com/,Fintech,USA,Y Combinator,2026-08-05 18:56:23,1,8
30090,Origami,https://origami.chat/,B2B,USA,Y Combinator,2026-08-05 18:56:23,1,10
30089,Fresco,https://fresco-ai.com/,Real Estate and Construction,USA,Y Combinator,2026-08-05 18:56:23,1,2
30088,PermitPortal,https://permitportalapp.com/,Real Estate and Construction,USA,Y Combinator,2026-08-05 18:56:23,1,2
30087,Gecko Security,https://gecko.security,B2B,United Kingdom,Y Combinator,2026-08-05 18:56:23,1,2
30083,Curo,https://www.curocharging.com/,Industrials,USA,Y Combinator,2026-08-05 18:56:23,1,6
30080,Dexter,https://www.getdexter.co/,B2B,Germany,Y Combinator,2026-08-05 18:56:23,1,3
30079,Moonshine,https://usemoonshine.com,B2B,USA,Y Combinator,2026-08-05 18:56:23,1,2
30078,Abundant,https://www.abundant.ai/,B2B,USA,Y Combinator,2026-08-05 18:56:23,1,7
30077,AutoComputer,https://www.autocomputer.ai/,B2B,USA,Y Combinator,2026-08-05 18:56:23,1,2
30076,Crustdata,https://crustdata.com,B2B,,Y Combinator,2026-08-05 18:56:23,1,30
30075,Tiny,https://andtiny.com,B2B,Singapore,Y Combinator,2026-08-05 18:56:23,1,3
30074,vly.ai,https://vly.ai,B2B,USA,Y Combinator,2026-08-05 18:56:23,1,3
30073,Pearson Labs,http://www.pearsonlabs.ai,B2B,USA,Y Combinator,2026-08-05 18:56:23,1,2
30068,Stewdio,https://www.stewdio.ai,Consumer,USA,Y Combinator,2026-08-05 18:56:23,1,2
30067,Beglaubigt.de,https://beglaubigt.de/en-us,B2B,Germany,Y Combinator,2026-08-05 18:56:23,1,15
30066,Unusual,https://unusual.ai,B2B,USA,Y Combinator,2026-08-05 18:56:23,1,4
30065,Charm,https://withcharm.app,Consumer,USA,Y Combinator,2026-08-05 18:56:23,1,1
30064,HYBRD,https://www.hybrd.com/,Consumer,USA,Y Combinator,2026-08-05 18:56:23,1,5
30063,Freebuff,https://freebuff.com,B2B,USA,Y Combinator,2026-08-05 18:56:23,1,2
30062,Karmen,https://www.karmenai.com,Real Estate and Construction,USA,Y Combinator,2026-08-05 18:56:23,1,2
30060,Lingo.dev,https://lingo.dev,B2B,USA,Y Combinator,2026-08-05 18:56:23,1,7
30059,Sphinx,https://sphinxhq.com/,Fintech,USA,Y Combinator,2026-08-05 18:56:23,1,14
30057,Luthor,https://luthor.ai,B2B,USA,Y Combinator,2026-08-05 18:56:23,1,3
30056,Keye,https://www.keye.co,Fintech,USA,Y Combinator,2026-08-05 18:56:23,1,3
30055,RiskCube,https://riskcube.com,Fintech,USA,Y Combinator,2026-08-05 18:56:23,1,3
30054,CTGT,https://www.ctgt.ai/,B2B,USA,Y Combinator,2026-08-05 18:56:23,1,10
30053,General Learning,https://generallearning.com,Education,Hong Kong,Y Combinator,2026-08-05 18:56:23,1,35
30052,ISSEN,https://issen.com,Consumer,USA,Y Combinator,2026-08-05 18:56:23,1,1
30051,attimet,https://attimet.com/,Fintech,USA,Y Combinator,2026-08-05 18:56:23,1,3
30050,Smooth,https://smooth.sh,B2B,United Kingdom,Y Combinator,2026-08-05 18:56:23,1,2
30049,Reticular,https://reticular.com,Healthcare,USA,Y Combinator,2026-08-05 18:56:23,1,2
30048,Matcha,https://www.matcha-health.com,Healthcare,USA,Y Combinator,2026-08-05 18:56:23,1,2
30047,Endstack,https://www.endstack.com,B2B,USA,Y Combinator,2026-08-05 18:56:23,1,2
30046,Cekura,https://www.cekura.ai/,B2B,USA,Y Combinator,2026-08-05 18:56:23,1,15
30045,Archil,https://archil.com,B2B,USA,Y Combinator,2026-08-05 18:56:23,1,11
30044,Sandra AI,https://www.sandra-ai.com,B2B,USA,Y Combinator,2026-08-05 18:56:23,1,3
30043,Vespper,https://vespper.com/?utm_source=ycombinator.com,B2B,Israel,Y Combinator,2026-08-05 18:56:23,1,2
30042,Vortexify,https://www.vortexify.ai,B2B,USA,Y Combinator,2026-08-05 18:56:23,1,2
30041,Revyl,https://www.revyl.com,B2B,USA,Y Combinator,2026-08-05 18:56:23,1,7
30039,Raycaster,https://raycaster.ai,B2B,USA,Y Combinator,2026-08-05 18:56:23,1,3
30038,Lightscreen AI,https://lightscreen.ai,B2B,USA,Y Combinator,2026-08-05 18:56:23,1,2
30037,Afternoon.co,https://afternoon.co,B2B,USA,Y Combinator,2026-08-05 18:56:23,1,4
30036,Rulebase,https://rulebase.co,B2B,USA,Y Combinator,2026-08-05 18:56:23,1,4
30034,HealthSpark,https://www.joinhealthspark.com,Healthcare,USA,Y Combinator,2026-08-05 18:56:23,1,1
30033,OpenFunnel,https://openfunnel.dev,B2B,USA,Y Combinator,2026-08-05 18:56:23,1,4
30032,Darkgrade,https://darkgrade.com,B2B,USA,Y Combinator,2026-08-05 18:56:23,1,1
30031,Getcho,https://getcho.app/,B2B,USA,Y Combinator,2026-08-05 18:56:23,1,3
30030,Candle,https://www.trycandle.app/,Consumer,USA,Y Combinator,2026-08-05 18:56:23,1,2
30029,Moonset Health,https://www.moonsethealth.com/,B2B,USA,Y Combinator,2026-08-05 18:56:23,1,6
30027,Durate,https://www.durate.com/,Healthcare,USA,Y Combinator,2026-08-05 18:56:23,1,2
30024,Crouton,https://usecrouton.com,B2B,USA,Y Combinator,2026-08-05 18:56:23,1,2
30023,Streamable,https://streamable.run,Consumer,USA,Y Combinator,2026-08-05 18:56:23,1,4
30022,Symphony,https://getsymphony.co,B2B,USA,Y Combinator,2026-08-05 18:56:23,1,5
30021,telli,https://telli.com,B2B,Germany,Y Combinator,2026-08-05 18:56:23,1,16
30019,Avora,https://www.getavora.ai,Healthcare,USA,Y Combinator,2026-08-05 18:56:23,1,4
30018,Galini,https://www.galini.ai/,B2B,USA,Y Combinator,2026-08-05 18:56:23,1,2
30017,Riveter,https://www.riveterhq.com/,B2B,USA,Y Combinator,2026-08-05 18:56:23,1,2
30014,Clarus,https://www.clarus.finance,B2B,USA,Y Combinator,2026-08-05 18:56:23,1,2
29577,Variant,https://variant.com,B2B,USA,Y Combinator,2026-08-05 18:56:23,1,5
30099,Gander,https://usegander.com,B2B,USA,Y Combinator,2026-08-05 18:56:23,0,7
30040,supercontrast,https://supercontrast.com/,B2B,USA,Y Combinator,2026-08-05 18:56:23,0,2
30028,Gait,https://getgait.com,B2B,USA,Y Combinator,2026-08-05 18:56:23,0,2
30016,Zeroframe,https://zeroframe.ai,B2B,USA,Y Combinator,2026-08-05 18:56:23,0,2
439,Coinbase,https://www.coinbase.com,Fintech,USA,Y Combinator,2026-08-05 18:56:23,0,6112
468,Instacart,https://www.instacart.com,Consumer,USA,Y Combinator,2026-08-05 18:56:23,0,3000
445,Benchling,http://benchling.com,B2B,USA,Y Combinator,2026-08-05 18:56:23,1,750
429,Lever,https://www.lever.co/,B2B,USA,Y Combinator,2026-08-05 18:56:23,0,225
412,Clever,https://clever.com,Education,USA,Y Combinator,2026-08-05 18:56:23,0,210
414,SmartAsset,http://smartasset.com,Fintech,USA,Y Combinator,2026-08-05 18:56:23,1,210
442,Zapier,http://zapier.com,B2B,USA,Y Combinator,2026-08-05 18:56:23,1,700
469,9gag,http://9gag.com,Consumer,Hong Kong,Y Combinator,2026-08-05 18:56:23,1,36
467,Svbtle,https://svbtle.com,Consumer,USA,Y Combinator,2026-08-05 18:56:23,1,2
464,Plivo,https://plivo.com,B2B,USA,Y Combinator,2026-08-05 18:56:23,1,320
461,Double Robotics,https://doublerobotics.com,B2B,USA,Y Combinator,2026-08-05 18:56:23,1,11
460,Vastrm,http://vastrm.com,Consumer,USA,Y Combinator,2026-08-05 18:56:23,1,2
446,Flightfox,http://flightfox.com,B2B,USA,Y Combinator,2026-08-05 18:56:23,1,25
444,BackerKit,https://backerkit.com,B2B,USA,Y Combinator,2026-08-05 18:56:23,1,42
440,Submittable,https://www.submittable.com/,B2B,USA,Y Combinator,2026-08-05 18:56:23,1,302
438,NewsBlur,https://www.newsblur.com,Consumer,USA,Y Combinator,2026-08-05 18:56:23,1,1
432,OctaveWealth,https://octavewealth.com,B2B,USA,Y Combinator,2026-08-05 18:56:23,1,2
428,Upwave,http://www.upwave.com,B2B,USA,Y Combinator,2026-08-05 18:56:23,1,50
417,Eligible,https://eligible.com,Healthcare,USA,Y Combinator,2026-08-05 18:56:23,1,
415,FundersClub,https://fundersclub.com/,Fintech,USA,Y Combinator,2026-08-05 18:56:23,1,5
409,Zentail,https://zentail.com,B2B,USA,Y Combinator,2026-08-05 18:56:23,1,30
407,Mattermost,http://mattermost.com,B2B,USA,Y Combinator,2026-08-05 18:56:23,1,120
405,HealthSherpa,https://healthsherpa.com,Healthcare,USA,Y Combinator,2026-08-05 18:56:23,1,220
403,Human Dx,http://humandx.org,Healthcare,USA,Y Combinator,2026-08-05 18:56:23,1,11
402,Mth Sense,http://www.mthsense.com/,B2B,USA,Y Combinator,2026-08-05 18:56:23,1,11
395,Rainforest,https://www.rainforestqa.com,B2B,USA,Y Combinator,2026-08-05 18:56:23,1,40
1360,ClassDojo,http://www.classdojo.com,Education,USA,Y Combinator,2026-08-05 18:56:23,1,100
462,Study Edge,http://studyedge.com,Education,USA,Y Combinator,2026-08-05 18:56:23,0,50
455,Virool,http://virool.com,B2B,USA,Y Combinator,2026-08-05 18:56:23,0,51
443,VoiceGem,http://voicegem.com,B2B,USA,Y Combinator,2026-08-05 18:56:23,0,2
441,Mattermark,http://mattermark.com,B2B,USA,Y Combinator,2026-08-05 18:56:23,0,11
434,Natero,http://natero.com,B2B,USA,Y Combinator,2026-08-05 18:56:23,0,11
433,BufferBox,http://bufferbox.com,Consumer,Canada,Y Combinator,2026-08-05 18:56:23,0,2
423,Easel,http://easel.io,B2B,USA,Y Combinator,2026-08-05 18:56:23,0,2
413,Vayable,http://vayable.com,Consumer,USA,Y Combinator,2026-08-05 18:56:23,0,2
410,Soylent,http://soylent.com,Consumer,USA,Y Combinator,2026-08-05 18:56:23,0,51
401,Streem,https://streem.com,Consumer,USA,Y Combinator,2026-08-05 18:56:23,0,4
398,OmniVirt,https://www.omnivirt.com,B2B,USA,Y Combinator,2026-08-05 18:56:23,0,15
397,Fullstack Academy,http://fullstackacademy.com,Education,USA,Y Combinator,2026-08-05 18:56:23,0,220
394,Statwing,http://statwing.com,B2B,USA,Y Combinator,2026-08-05 18:56:23,0,2
393,Kamcord,http://kamcord.com,Consumer,USA,Y Combinator,2026-08-05 18:56:23,0,11
390,ZeroMailer,http://zeromailer.com,B2B,Unspecified,Y Combinator,2026-08-05 18:56:23,0,2
389,Boosted,http://boostedboards.com,Consumer,USA,Y Combinator,2026-08-05 18:56:23,0,51
388,Knowmia,http://knowmia.com,Education,USA,Y Combinator,2026-08-05 18:56:23,0,11
387,Pixate,http://pixate.com,B2B,USA,Y Combinator,2026-08-05 18:56:23,0,10
466,Light Table/Eve,http://kodowa.com,B2B,USA,Y Combinator,2026-08-05 18:56:23,0,5
465,Thread,http://thread.com,Consumer,United Kingdom,Y Combinator,2026-08-05 18:56:23,0,92
463,GetGoing,http://getgoing.com,Consumer,USA,Y Combinator,2026-08-05 18:56:23,0,11
459,Scoutzie,http://scoutzie.com,B2B,USA,Y Combinator,2026-08-05 18:56:23,0,2
458,Assorted Bits,http://youthere.com,B2B,Unspecified,Y Combinator,2026-08-05 18:56:23,0,0
457,Viacycle,http://viacycle.com,Consumer,USA,Y Combinator,2026-08-05 18:56:23,0,2
456,Parallel Universe,http://paralleluniverse.co,B2B,Unspecified,Y Combinator,2026-08-05 18:56:23,0,2
454,Celery,https://trycelery.com,B2B,USA,Y Combinator,2026-08-05 18:56:23,0,11
453,Everyday.me,http://everyday.me,Consumer,Unspecified,Y Combinator,2026-08-05 18:56:23,0,11
452,MicroEval,http://microeval.com,B2B,USA,Y Combinator,2026-08-05 18:56:23,0,2
451,Credictive,http://credictive.com,B2B,Unspecified,Y Combinator,2026-08-05 18:56:23,0,0
450,RegistryLove,http://registrylove.com,Consumer,USA,Y Combinator,2026-08-05 18:56:23,0,11
449,GoScale,http://goscale.com,B2B,United Kingdom,Y Combinator,2026-08-05 18:56:23,0,2
448,Tastemaker,http://tastemaker.com,Consumer,USA,Y Combinator,2026-08-05 18:56:23,0,11
447,Coco Controller,http://milkshakelabs.com,Consumer,Unspecified,Y Combinator,2026-08-05 18:56:23,0,0
437,Partnered,,B2B,USA,Y Combinator,2026-08-05 18:56:23,0,11
435,Profig,http://profig.com,B2B,USA,Y Combinator,2026-08-05 18:56:23,0,2
431,Keychain Logistics,http://keychainlogistics.com,B2B,USA,Y Combinator,2026-08-05 18:56:23,0,2
430,ReelSurfer,http://reelsurfer.com,Consumer,USA,Y Combinator,2026-08-05 18:56:23,0,2
427,Dreamforge,http://dreamforge.me,B2B,USA,Y Combinator,2026-08-05 18:56:23,0,2
426,Collections,http://collections.me,Consumer,USA,Y Combinator,2026-08-05 18:56:23,0,2
425,FileStack,https://www.filestack.com/,B2B,USA,Y Combinator,2026-08-05 18:56:23,0,50
424,Hipset,http://tracksby.com,Consumer,Unspecified,Y Combinator,2026-08-05 18:56:23,0,0
422,Kippt,http://kippt.com,B2B,USA,Y Combinator,2026-08-05 18:56:23,0,2
421,Hiptype,http://hiptype.com,B2B,USA,Y Combinator,2026-08-05 18:56:23,0,2
420,Markupwand,http://markupwand.com,B2B,India,Y Combinator,2026-08-05 18:56:23,0,3
419,BrainTripping,https://braintripping.com,Consumer,Unspecified,Y Combinator,2026-08-05 18:56:23,0,1
418,Crohnology (by Healthy Labs),http://crohnology.com,Healthcare,USA,Y Combinator,2026-08-05 18:56:23,0,1
416,Grid,http://,Consumer,USA,Y Combinator,2026-08-05 18:56:23,0,0
411,DataNitro,http://datanitro.com,B2B,USA,Y Combinator,2026-08-05 18:56:23,0,11
408,Airshared,http://getcycle.com,Consumer,Unspecified,Y Combinator,2026-08-05 18:56:23,0,0
406,Framebase,http://framebase.io,Consumer,USA,Y Combinator,2026-08-05 18:56:23,0,2
404,Testmunk,http://testmunk.com,B2B,USA,Y Combinator,2026-08-05 18:56:23,0,2
399,Arc,http://arccameras.com,Industrials,USA,Y Combinator,2026-08-05 18:56:23,0,2
396,Imgfave,http://imgfave.com,Consumer,USA,Y Combinator,2026-08-05 18:56:23,0,2
392,LeanMarket,http://lean.com,B2B,USA,Y Combinator,2026-08-05 18:56:23,0,2
391,Canopy Labs,http://canopylabs.com,B2B,USA,Y Combinator,2026-08-05 18:56:23,0,11
386,TomoGuides,http://tomoguides.com,Consumer,USA,Y Combinator,2026-08-05 18:56:23,0,2
731,Oklo,http://oklo.com,Industrials,USA,Y Combinator,2026-08-05 18:56:23,0,50
700,Rigetti Computing,http://rigetti.com,Industrials,USA,Y Combinator,2026-08-05 18:56:23,0,51
729,Ginkgo Bioworks,http://ginkgobioworks.com,Healthcare,USA,Y Combinator,2026-08-05 18:56:23,0,641
662,Checkr,http://www.checkr.com,B2B,USA,Y Combinator,2026-08-05 18:56:23,1,800
728,Cognito,https://cognitohq.com,B2B,USA,Y Combinator,2026-08-05 18:56:23,0,12
705,ShipBob,http://shipbob.com,B2B,USA,Y Combinator,2026-08-05 18:56:23,1,1
732,Bayes Impact,http://bayesimpact.org,Unspecified,France,Y Combinator,2026-08-05 18:56:23,1,11
730,Helion Energy,http://helionenergy.com,Industrials,USA,Y Combinator,2026-08-05 18:56:23,1,150
727,Front,https://front.com,B2B,USA,Y Combinator,2026-08-05 18:56:23,1,385
719,Roomstorm,http://roomstorm.com,Consumer,USA,Y Combinator,2026-08-05 18:56:23,1,4
714,Hive,http://www.hive.co,B2B,Canada,Y Combinator,2026-08-05 18:56:23,1,65
709,SpotAngels,http://www.spotangels.com,Consumer,USA,Y Combinator,2026-08-05 18:56:23,1,11
703,UserGems,https://www.usergems.com,B2B,Austria,Y Combinator,2026-08-05 18:56:23,1,100
702,SFOX,http://sfox.com,Fintech,USA,Y Combinator,2026-08-05 18:56:23,1,60
695,PicnicAI,https://picnic.ai,Healthcare,USA,Y Combinator,2026-08-05 18:56:23,1,100
694,Permutive,https://permutive.com,B2B,United Kingdom,Y Combinator,2026-08-05 18:56:23,1,205
691,Alchemy,http://www.alchemynano.com,Industrials,Canada,Y Combinator,2026-08-05 18:56:23,1,25
688,MTailor,http://mtailor.com,Consumer,USA,Y Combinator,2026-08-05 18:56:23,1,11
687,MetricWire,http://metricwire.com,Healthcare,Canada,Y Combinator,2026-08-05 18:56:23,1,3
681,Protocol Labs,https://protocol.ai/,B2B,USA,Y Combinator,2026-08-05 18:56:23,1,130
677,Greentoe,http://greentoe.com,Consumer,USA,Y Combinator,2026-08-05 18:56:23,1,5
673,Hyperpad,http://www.hyperpad.com,Consumer,Canada,Y Combinator,2026-08-05 18:56:23,1,4
670,Flaviar,https://flaviar.com,Consumer,Slovenia,Y Combinator,2026-08-05 18:56:23,1,60
664,Clear,https://clear.in/,Fintech,India,Y Combinator,2026-08-05 18:56:23,1,900
653,Backpack,http://backpackbang.com,Consumer,USA,Y Combinator,2026-08-05 18:56:23,1,2
738,Unwind Me,http://unwind.me,Consumer,USA,Y Combinator,2026-08-05 18:56:23,0,2
736,Sliced Investing,,Fintech,USA,Y Combinator,2026-08-05 18:56:23,0,11
735,Ravti,http://ravti.com,Real Estate and Construction,USA,Y Combinator,2026-08-05 18:56:23,0,17
734,One Codex,https://www.onecodex.com,Healthcare,USA,Y Combinator,2026-08-05 18:56:23,0,16
722,Women.com,http://women.com,Consumer,USA,Y Combinator,2026-08-05 18:56:23,0,11
717,Tule,http://tuletechnologies.com,Industrials,USA,Y Combinator,2026-08-05 18:56:23,0,8
715,Payable,http://payable.com,B2B,USA,Y Combinator,2026-08-05 18:56:23,0,2
711,Tenjin,https://www.tenjin.com,B2B,USA,Y Combinator,2026-08-05 18:56:23,0,30
704,Apto Payments,https://www.aptopayments.com/,Fintech,USA,Y Combinator,2026-08-05 18:56:23,0,32
697,Product Hunt,http://producthunt.com,Consumer,USA,Y Combinator,2026-08-05 18:56:23,0,18
686,Replenish,http://www.getreplenish.com,B2B,USA,Y Combinator,2026-08-05 18:56:23,0,11
685,ListRunner,http://listrunnerapp.com,Healthcare,USA,Y Combinator,2026-08-05 18:56:23,0,2
684,Lawn Love,https://lawnlove.com,Consumer,USA,Y Combinator,2026-08-05 18:56:23,0,150
682,Kash,http://withkash.com,Fintech,USA,Y Combinator,2026-08-05 18:56:23,0,11
680,Impraise,http://impraise.com,B2B,Netherlands,Y Combinator,2026-08-05 18:56:23,0,35
678,Hublo,http://hublo.com,B2B,France,Y Combinator,2026-08-05 18:56:23,0,2
676,Blockspring,http://blockspring.com,B2B,USA,Y Combinator,2026-08-05 18:56:23,0,3
675,GovPredict,http://govpredict.com,Government,USA,Y Combinator,2026-08-05 18:56:23,0,60
666,PersistIQ,http://www.persistiq.com,B2B,USA,Y Combinator,2026-08-05 18:56:23,0,10
665,Craft Coffee,https://www.craftcoffee.com,Consumer,USA,Y Combinator,2026-08-05 18:56:23,0,
663,Clara Labs,http://claralabs.com,B2B,USA,Y Combinator,2026-08-05 18:56:23,0,20
661,Carlypso,http://carlypso.com,Consumer,USA,Y Combinator,2026-08-05 18:56:23,0,11
659,Bitaccess,http://bitaccess.com,Fintech,Canada,Y Combinator,2026-08-05 18:56:23,0,55
655,Parenthoods,http://parenthoods.co,Consumer,USA,Y Combinator,2026-08-05 18:56:23,0,2
652,Zip Phone,http://zipphone.com,Consumer,Unspecified,Y Combinator,2026-08-05 18:56:23,0,1
651,Aptible,https://www.aptible.com,B2B,USA,Y Combinator,2026-08-05 18:56:23,0,25
733,Zenamins,http://zenamins.com,Consumer,USA,Y Combinator,2026-08-05 18:56:23,0,2
726,Beep,http://www.beepnetworks.com,Industrials,USA,Y Combinator,2026-08-05 18:56:23,0,2
725,Zoomer,http://www.zoomerdelivery.com,Consumer,USA,Y Combinator,2026-08-05 18:56:23,0,51
721,Whirl,http://getwhirl.com,B2B,USA,Y Combinator,2026-08-05 18:56:23,0,2
720,Weave,http://weave.in,Consumer,USA,Y Combinator,2026-08-05 18:56:23,0,11
716,Tinker,http://www.tinkercorp.com,Fintech,Canada,Y Combinator,2026-08-05 18:56:23,0,
713,Think Gaming,http://thinkgaming.com,B2B,USA,Y Combinator,2026-08-05 18:56:23,0,1
712,Paid,http://paidlabs.com,B2B,USA,Y Combinator,2026-08-05 18:56:23,0,2
710,HauteDay,http://hauteday.com,Consumer,USA,Y Combinator,2026-08-05 18:56:23,0,2
707,SalesSift,https://salessift.com,B2B,United Kingdom,Y Combinator,2026-08-05 18:56:23,0,2
706,Shout,http://useshout.com,Consumer,USA,Y Combinator,2026-08-05 18:56:23,0,2
701,Roost,http://goroost.com,B2B,USA,Y Combinator,2026-08-05 18:56:23,0,2
698,Cheddar,http://cheddar.io,Fintech,Unspecified,Y Combinator,2026-08-05 18:56:23,0,2
696,In Your Corner,http://inyourcorneronline.com,Healthcare,USA,Y Combinator,2026-08-05 18:56:23,0,2
692,Nightingale,http://nightingaleapp.com,Healthcare,USA,Y Combinator,2026-08-05 18:56:23,0,2
690,Neptune.io,http://neptune.io,B2B,USA,Y Combinator,2026-08-05 18:56:23,0,11
689,Naytev,http://naytev.com,B2B,USA,Y Combinator,2026-08-05 18:56:23,0,3
679,VizeraLabs,http://vizeralabs.com,B2B,USA,Y Combinator,2026-08-05 18:56:23,0,2
674,TAXA Biotechnologies,http://www.taxa.com,Healthcare,USA,Y Combinator,2026-08-05 18:56:23,0,2
672,Flytenow,http://flytenow.com,Consumer,USA,Y Combinator,2026-08-05 18:56:23,0,3
669,Fixed,http://getfixed.me,Consumer,USA,Y Combinator,2026-08-05 18:56:23,0,2
668,Owners Circle,https://www.ownerscircle.com,Fintech,USA,Y Combinator,2026-08-05 18:56:23,0,2
667,Doblet,http://doblet.com,B2B,USA,Y Combinator,2026-08-05 18:56:23,0,2
658,Billforward,https://www.billforward.io/,Fintech,USA,Y Combinator,2026-08-05 18:56:23,0,8
657,Bikanta,http://bikanta.com,Healthcare,USA,Y Combinator,2026-08-05 18:56:23,0,2
656,SpringWit,http://springwit.com,Healthcare,Unspecified,Y Combinator,2026-08-05 18:56:23,0,0
654,Bannerman,https://www.bannerman.com,B2B,USA,Y Combinator,2026-08-05 18:56:23,0,3
630,Weave,http://getweave.com,B2B,USA,Y Combinator,2026-08-05 18:56:23,0,600
636,Algolia,http://www.algolia.com,B2B,USA,Y Combinator,2026-08-05 18:56:23,1,810
580,Bellabeat,http://bellabeat.com,Consumer,USA,Y Combinator,2026-08-05 18:56:23,1,134
590,Cruise,http://getcruise.com,Industrials,USA,Y Combinator,2026-08-05 18:56:23,0,3000
595,Flexport,https://www.flexport.com/careers/jobs/,B2B,USA,Y Combinator,2026-08-05 18:56:23,1,3000
647,Immunity Project,http://immunityproject.org,Unspecified,USA,Y Combinator,2026-08-05 18:56:23,1,11
643,Dyspatch,https://www.dyspatch.io,B2B,Canada,Y Combinator,2026-08-05 18:56:23,1,20
642,OpenCurriculum,https://opencurriculum.org,Unspecified,USA,Y Combinator,2026-08-05 18:56:23,1,
641,MixerBox,http://mixerbox.com,Consumer,USA,Y Combinator,2026-08-05 18:56:23,1,30
639,GBatteries,https://www.gbatteries.com,Industrials,Canada,Y Combinator,2026-08-05 18:56:23,1,25
634,Zinc,http://zinc.com,B2B,USA,Y Combinator,2026-08-05 18:56:23,1,10
633,Zidisha,https://www.zidisha.org,Fintech,USA,Y Combinator,2026-08-05 18:56:23,1,1
628,TrueVault,https://www.truevault.com,B2B,USA,Y Combinator,2026-08-05 18:56:23,1,
626,Guesty,http://www.guesty.com,Real Estate and Construction,USA,Y Combinator,2026-08-05 18:56:23,1,700
622,Snapdocs,http://snapdocs.com,Real Estate and Construction,USA,Y Combinator,2026-08-05 18:56:23,1,285
619,Shoobs,http://shoobs.com,Consumer,United Kingdom,Y Combinator,2026-08-05 18:56:23,1,5
616,Pushbullet,https://www.pushbullet.com,Consumer,USA,Y Combinator,2026-08-05 18:56:23,1,3
615,Povio,http://povio.com,B2B,Slovenia,Y Combinator,2026-08-05 18:56:23,1,250
613,PiinPoint,https://piinpoint.com,B2B,Canada,Y Combinator,2026-08-05 18:56:23,1,20
608,One Degree,http://1degree.org,Unspecified,USA,Y Combinator,2026-08-05 18:56:23,1,14
603,MBX,http://us.memebox.com,Consumer,USA,Y Combinator,2026-08-05 18:56:23,1,150
602,Emailio,http://emailio.com,B2B,,Y Combinator,2026-08-05 18:56:23,1,5
588,CodeNow,http://codenow.org,Unspecified,USA,Y Combinator,2026-08-05 18:56:23,1,2
587,CodeCombat,https://codecombat.com,Education,USA,Y Combinator,2026-08-05 18:56:23,1,45
585,Noora Health,http://noorahealth.org,Healthcare,USA,Y Combinator,2026-08-05 18:56:23,1,500
583,Cambly,http://www.cambly.com,Education,USA,Y Combinator,2026-08-05 18:56:23,1,200
578,AptDeco,https://www.aptdeco.com/,Consumer,USA,Y Combinator,2026-08-05 18:56:23,1,
577,CareMessage,http://caremessage.org,Healthcare,USA,Y Combinator,2026-08-05 18:56:23,1,45
576,Ambition,https://ambition.com,B2B,USA,Y Combinator,2026-08-05 18:56:23,1,55
574,AirHelp,http://www.airhelp.com,Consumer,Portugal,Y Combinator,2026-08-05 18:56:23,1,350
571,42,https://42technologies.com,B2B,USA,Y Combinator,2026-08-05 18:56:23,1,
648,Vidpresso,http://facebook.com/live/producer,B2B,USA,Y Combinator,2026-08-05 18:56:23,0,7
646,Framed Data,http://www.framed.io,B2B,USA,Y Combinator,2026-08-05 18:56:23,0,2
645,Avametric,http://www.Avametric.com,B2B,USA,Y Combinator,2026-08-05 18:56:23,0,11
640,Unbabel,http://unbabel.com,B2B,USA,Y Combinator,2026-08-05 18:56:23,0,350
637,Gobble,http://gobble.com,Consumer,USA,Y Combinator,2026-08-05 18:56:23,0,73
632,Zesty,http://zesty.com,B2B,USA,Y Combinator,2026-08-05 18:56:23,0,51
631,Wit.ai,http://wit.ai,B2B,USA,Y Combinator,2026-08-05 18:56:23,0,11
620,SketchDeck,https://sketchdeck.com,B2B,USA,Y Combinator,2026-08-05 18:56:23,0,20
618,Rocketrip,http://rocketrip.com,B2B,USA,Y Combinator,2026-08-05 18:56:23,0,68
617,Rickshaw,http://gorickshaw.com,B2B,USA,Y Combinator,2026-08-05 18:56:23,0,11
614,PipelineDB,http://www.pipelinedb.com,B2B,USA,Y Combinator,2026-08-05 18:56:23,0,2
612,Liftigniter,http://liftigniter.com/,B2B,USA,Y Combinator,2026-08-05 18:56:23,0,11
611,Theorem,http://theoremlp.com,Fintech,USA,Y Combinator,2026-08-05 18:56:23,0,34
610,StackLead,http://stacklead.com,B2B,USA,Y Combinator,2026-08-05 18:56:23,0,2
606,Next Caller,http://nextcaller.com,B2B,USA,Y Combinator,2026-08-05 18:56:23,0,20
604,Motionlead,http://motionlead.com,B2B,USA,Y Combinator,2026-08-05 18:56:23,0,11
600,DevCycle,http://devcycle.com,B2B,Canada,Y Combinator,2026-08-05 18:56:23,0,55
599,Kuna Systems,http://getkuna.com,Consumer,USA,Y Combinator,2026-08-05 18:56:23,0,11
598,Kimono Labs,http://kimonolabs.com,B2B,USA,Y Combinator,2026-08-05 18:56:23,0,11
597,Axoni,https://axoni.com,Fintech,USA,Y Combinator,2026-08-05 18:56:23,0,155
594,Eventjoy,http://eventjoy.com,B2B,USA,Y Combinator,2026-08-05 18:56:23,0,2
581,Chargehound,https://www.chargehound.com,B2B,USA,Y Combinator,2026-08-05 18:56:23,0,13
575,Two Tap,http://twotap.com,B2B,USA,Y Combinator,2026-08-05 18:56:23,0,11
573,Boostable,http://boostable.com,B2B,USA,Y Combinator,2026-08-05 18:56:23,0,11
572,Abacus,http://abacus.com,B2B,USA,Y Combinator,2026-08-05 18:56:23,0,30
644,Whirlscape,http://getdango.com,Consumer,Canada,Y Combinator,2026-08-05 18:56:23,0,3
638,AirPair,http://airpair.com,B2B,USA,Y Combinator,2026-08-05 18:56:23,0,2
635,ZowPow,http://zowpow.com,Consumer,USA,Y Combinator,2026-08-05 18:56:23,0,2
629,Unicornly,https://unicorn.ly,B2B,USA,Y Combinator,2026-08-05 18:56:23,0,2
627,Terravion,http://terravion.com,Industrials,USA,Y Combinator,2026-08-05 18:56:23,0,11
625,Style Lend,http://StyleLend.com,Consumer,USA,Y Combinator,2026-08-05 18:56:23,0,2
624,Edyn,http://edyn.com,Industrials,USA,Y Combinator,2026-08-05 18:56:23,0,2
623,Shopagram,http://shopagram.co,Consumer,Unspecified,Y Combinator,2026-08-05 18:56:23,0,1
621,MerryMint,http://merrymint.co,B2B,USA,Y Combinator,2026-08-05 18:56:23,0,1
607,HoverChat,http://hoverchat.com,Fintech,USA,Y Combinator,2026-08-05 18:56:23,0,11
605,Move Loot,http://moveloot.com,Consumer,USA,Y Combinator,2026-08-05 18:56:23,0,51
601,MadeSolid,http://madesolid.com,Industrials,USA,Y Combinator,2026-08-05 18:56:23,0,2
593,Drive Pulse,http://drivepulseapp.com,Consumer,USA,Y Combinator,2026-08-05 18:56:23,0,2
592,Yumbin,http://yumbin.com,B2B,USA,Y Combinator,2026-08-05 18:56:23,0,0
591,Dating Ring,https://www.datingring.com/,Consumer,USA,Y Combinator,2026-08-05 18:56:23,0,2
589,Threadable,http://threadable.com,B2B,USA,Y Combinator,2026-08-05 18:56:23,0,2
584,Futureleague,http://www.futureleague.co,Consumer,USA,Y Combinator,2026-08-05 18:56:23,0,10
579,Awesometalk,http://awesometalk.com,Consumer,USA,Y Combinator,2026-08-05 18:56:23,0,2
30,Matterport,http://matterport.com,Consumer,USA,Y Combinator,2026-08-05 18:56:23,0,201
40,Amplitude,https://amplitude.com,B2B,USA,Y Combinator,2026-08-05 18:56:23,0,750
8,PlanGrid,http://plangrid.com,Real Estate and Construction,USA,Y Combinator,2026-08-05 18:56:23,0,355
60,Sendwave,https://www.sendwave.com,Fintech,USA,Y Combinator,2026-08-05 18:56:23,0,350
24,Gusto,https://gusto.com,B2B,USA,Y Combinator,2026-08-05 18:56:23,1,2400
4940,Wave,https://wave.com,Fintech,Senegal,Y Combinator,2026-08-05 18:56:23,1,1600
62,Medmonk,http://medmonk.com,Healthcare,USA,Y Combinator,2026-08-05 18:56:23,1,2
52,Per Vices,https://www.pervices.com,Industrials,Canada,Y Combinator,2026-08-05 18:56:23,1,11
5,CircuitHub,https://circuithub.com,Industrials,United Kingdom,Y Combinator,2026-08-05 18:56:23,1,58
35,Screenleap,https://screenleap.com,B2B,USA,Y Combinator,2026-08-05 18:56:23,1,4
32,CleverDeck,http://cleverdeck.com,Education,USA,Y Combinator,2026-08-05 18:56:23,1,1
31,Shoptiques,http://shoptiques.com,Consumer,USA,Y Combinator,2026-08-05 18:56:23,1,51
19,Rescale,https://rescale.com,B2B,USA,Y Combinator,2026-08-05 18:56:23,1,250
16,Medigram,http://medigram.com,Healthcare,USA,Y Combinator,2026-08-05 18:56:23,1,11
1548,Ridecell,https://www.ridecell.com,B2B,USA,Y Combinator,2026-08-05 18:56:23,1,88
14,HireArt,http://hireart.com,B2B,USA,Y Combinator,2026-08-05 18:56:23,1,90
7,42Floors,http://42floors.com,Real Estate and Construction,USA,Y Combinator,2026-08-05 18:56:23,0,60
67,Shopular,http://shopular.com,Consumer,USA,Y Combinator,2026-08-05 18:56:23,0,11
65,Socialcam,http://www.socialcam.com,Consumer,USA,Y Combinator,2026-08-05 18:56:23,0,0
6,iCracked,http://icracked.com,Consumer,USA,Y Combinator,2026-08-05 18:56:23,0,51
59,Priceonomics,http://priceonomics.com,B2B,USA,Y Combinator,2026-08-05 18:56:23,0,2
58,YourMechanic,http://yourmechanic.com,Consumer,USA,Y Combinator,2026-08-05 18:56:23,0,115
54,Loom,http://loom.com,Consumer,USA,Y Combinator,2026-08-05 18:56:23,0,2
51,Fond,http://fond.co,B2B,USA,Y Combinator,2026-08-05 18:56:23,0,51
50,Flutter,http://flutterapp.com,B2B,USA,Y Combinator,2026-08-05 18:56:23,0,2
49,Authy,http://authy.com,B2B,USA,Y Combinator,2026-08-05 18:56:23,0,201
47,FarmLogs,http://farmlogs.com,Industrials,USA,Y Combinator,2026-08-05 18:56:23,0,5
44,Swiftype,http://swiftype.com,B2B,USA,Y Combinator,2026-08-05 18:56:23,0,50
42,Tilt,http://tilt.com,Fintech,USA,Y Combinator,2026-08-05 18:56:23,0,51
38,Exec,http://iamexec.com/,Consumer,USA,Y Combinator,2026-08-05 18:56:23,0,11
29,Chute,http://getchute.com,B2B,USA,Y Combinator,2026-08-05 18:56:23,0,11
25,FamilyLeaf,http://familyleaf.com,Consumer,USA,Y Combinator,2026-08-05 18:56:23,0,2
20,SlidePay,https://angel.co/slidepay,Fintech,USA,Y Combinator,2026-08-05 18:56:23,0,2
18,HackPad,http://hackpad.com,B2B,USA,Y Combinator,2026-08-05 18:56:23,0,2
1719,CoderWall,http://assemblymade.com,B2B,USA,Y Combinator,2026-08-05 18:56:23,0,2
15,Amiato,http://noudata.com,B2B,USA,Y Combinator,2026-08-05 18:56:23,0,2
13,MyVR,http://myvr.com,Real Estate and Construction,USA,Y Combinator,2026-08-05 18:56:23,0,15
12824,Midnox,http://midnox.com,Consumer,USA,Y Combinator,2026-08-05 18:56:23,0,2
11,SendHub,http://sendhub.com,B2B,USA,Y Combinator,2026-08-05 18:56:23,0,51
9,WireOver,http://wireover.com,B2B,USA,Y Combinator,2026-08-05 18:56:23,0,2
66,GiveSpark,http://givespark.com/,B2B,USA,Y Combinator,2026-08-05 18:56:23,0,1
63,Carsabi,http://carsabi.com,Consumer,USA,Y Combinator,2026-08-05 18:56:23,0,2
61,Glider,http://glider.io,B2B,USA,Y Combinator,2026-08-05 18:56:23,0,2
57,SolidStage,http://solidstage.com,B2B,Unspecified,Y Combinator,2026-08-05 18:56:23,0,0
56,Ark,http://ark.com,Consumer,USA,Y Combinator,2026-08-05 18:56:23,0,11
55,Documents.Me,http://documents.me,B2B,USA,Y Combinator,2026-08-05 18:56:23,0,0
48,99dresses,http://99dresses.com,Consumer,USA,Y Combinator,2026-08-05 18:56:23,0,2
46,BarSense,http://kytephone.com,Consumer,USA,Y Combinator,2026-08-05 18:56:23,0,0
45,LVL6,http://lvl6.com,Consumer,USA,Y Combinator,2026-08-05 18:56:23,0,2
43,Brace,http://brace.io,B2B,USA,Y Combinator,2026-08-05 18:56:23,0,0
41,LendUp,http://lendup.com,Fintech,USA,Y Combinator,2026-08-05 18:56:23,0,201
39,Grouper,http://joingrouper.com,Consumer,USA,Y Combinator,2026-08-05 18:56:23,0,11
37,Zillabyte,http://zillabyte.com,B2B,USA,Y Combinator,2026-08-05 18:56:23,0,2
36,Talkray (TiKL),http://talkray.com,Consumer,USA,Y Combinator,2026-08-05 18:56:23,0,2
34,Pixelapse,http://pixelapse.com,B2B,USA,Y Combinator,2026-08-05 18:56:23,0,0
33,Make School,http://www.makeschool.com,Education,USA,Y Combinator,2026-08-05 18:56:23,0,45
28,Zipio,http://dealupa.com,Consumer,Unspecified,Y Combinator,2026-08-05 18:56:23,0,0
27,Minefold,http://minefold.com,B2B,USA,Y Combinator,2026-08-05 18:56:23,0,2
26,Marft,http://marft.com,B2B,Unspecified,Y Combinator,2026-08-05 18:56:23,0,3
23,BookSolid,http://booksolid.com,B2B,Unspecified,Y Combinator,2026-08-05 18:56:23,0,0
22,Optilly/Installmonetizer,http://optilly.com,B2B,USA,Y Combinator,2026-08-05 18:56:23,0,11
21,Tap to Learn,http://taptolearn.com,Consumer,USA,Y Combinator,2026-08-05 18:56:23,0,11
1720,Jellyfish Art,http://jellyfishart.com,Consumer,USA,Y Combinator,2026-08-05 18:56:23,0,2
17,Couple,http://couple.me,Consumer,USA,Y Combinator,2026-08-05 18:56:23,0,2
12,Hipmob,http://hipmob.com,B2B,USA,Y Combinator,2026-08-05 18:56:23,0,2
10,The Muse,http://themuse.com,B2B,USA,Y Combinator,2026-08-05 18:56:23,0,60
88,Segment,http://segment.com,B2B,USA,Y Combinator,2026-08-05 18:56:23,0,550
86,Codecademy,http://codecademy.com,Education,USA,Y Combinator,2026-08-05 18:56:23,0,225
98,GoCardless,http://gocardless.com,Fintech,United Kingdom,Y Combinator,2026-08-05 18:56:23,1,900
91,Clerky,https://www.clerky.com,B2B,USA,Y Combinator,2026-08-05 18:56:23,1,35
90,AgileMD,https://agilemd.com,Healthcare,USA,Y Combinator,2026-08-05 18:56:23,1,19
85,Quartzy,https://www.quartzy.com,Healthcare,USA,Y Combinator,2026-08-05 18:56:23,1,100
82,Streak,http://streak.com,B2B,USA,Y Combinator,2026-08-05 18:56:23,1,35
76,OneSignal,https://onesignal.com,B2B,USA,Y Combinator,2026-08-05 18:56:23,1,150
73,HackerRank,http://hackerrank.com,B2B,USA,Y Combinator,2026-08-05 18:56:23,1,300
72,Apollo,http://apollographql.com/,B2B,USA,Y Combinator,2026-08-05 18:56:23,1,200
119,Vidyard,http://vidyard.com,B2B,Canada,Y Combinator,2026-08-05 18:56:23,1,201
116,Imgix,https://www.imgix.com,B2B,USA,Y Combinator,2026-08-05 18:56:23,1,34
112,Videopixie,http://videopixie.com,B2B,USA,Y Combinator,2026-08-05 18:56:23,1,11
110,MixRank,https://mixrank.com,B2B,Canada,Y Combinator,2026-08-05 18:56:23,1,31
105,LeadGenius,http://leadgenius.com,B2B,USA,Y Combinator,2026-08-05 18:56:23,1,50
102,Sift,https://sift.com/,B2B,USA,Y Combinator,2026-08-05 18:56:23,1,
99,Pagelever,http://pagelever.com,B2B,USA,Y Combinator,2026-08-05 18:56:23,0,11
97,Firebase,http://firebase.com,B2B,USA,Y Combinator,2026-08-05 18:56:23,0,500
96,Realm,http://realm.io,B2B,USA,Y Combinator,2026-08-05 18:56:23,0,51
89,Citus Data,http://citusdata.com,B2B,USA,Y Combinator,2026-08-05 18:56:23,0,45
87,Cryptoseal,http://cryptoseal.com,B2B,USA,Y Combinator,2026-08-05 18:56:23,0,3
83,Science Exchange,https://www.scienceexchange.com/,Healthcare,USA,Y Combinator,2026-08-05 18:56:23,0,50
80,Debteye,http://debteye.com,Fintech,USA,Y Combinator,2026-08-05 18:56:23,0,2
79,Aisle50,http://aisle50.com,Consumer,USA,Y Combinator,2026-08-05 18:56:23,0,11
75,Genius,https://genius.com,Consumer,USA,Y Combinator,2026-08-05 18:56:23,0,101
74,Stypi,stypi.com,B2B,USA,Y Combinator,2026-08-05 18:56:23,0,2
71,Clutch,http://clutch.io,B2B,USA,Y Combinator,2026-08-05 18:56:23,0,2
70,Freshplum,http://freshplum.com,B2B,USA,Y Combinator,2026-08-05 18:56:23,0,8
130,Automatic,http://automatic.com,Consumer,USA,Y Combinator,2026-08-05 18:56:23,0,51
128,Zeus,https://zeusliving.com/,Real Estate and Construction,USA,Y Combinator,2026-08-05 18:56:23,0,200
127,Parse,http://parse.com,B2B,USA,Y Combinator,2026-08-05 18:56:23,0,11
124,Perfect Audience,http://perfectaudience.com,B2B,USA,Y Combinator,2026-08-05 18:56:23,0,11
122,TapEngage,http://tapengage.com,B2B,USA,Y Combinator,2026-08-05 18:56:23,0,2
118,GlassMap,http://ansibletechnologies.com,Consumer,USA,Y Combinator,2026-08-05 18:56:23,0,11
117,Compose,http://mongohq.com,B2B,USA,Y Combinator,2026-08-05 18:56:23,0,51
115,Launchpad Toys,http://launchpadtoys.com,Consumer,USA,Y Combinator,2026-08-05 18:56:23,0,2
106,Caviar,http://trycaviar.com,Consumer,USA,Y Combinator,2026-08-05 18:56:23,0,51
104,Embark,letsembark.com,Consumer,USA,Y Combinator,2026-08-05 18:56:23,0,2
103,Verbling,http://verbling.com,Education,USA,Y Combinator,2026-08-05 18:56:23,0,2
101,Fobo,http://fobo.net,Consumer,USA,Y Combinator,2026-08-05 18:56:23,0,2
95,Zenbox,http://zenboxapp.com,B2B,USA,Y Combinator,2026-08-05 18:56:23,0,2
94,Dubjoy,http://dubjoy.com,B2B,USA,Y Combinator,2026-08-05 18:56:23,0,2
92,Quad,http://thequad.com,Education,USA,Y Combinator,2026-08-05 18:56:23,0,12
84,PhoneSys,http://pingm.net,B2B,USA,Y Combinator,2026-08-05 18:56:23,0,4
81,Proxino,http://proxino.com,B2B,USA,Y Combinator,2026-08-05 18:56:23,0,
78,PayDragon,http://paperlinks.com,Consumer,USA,Y Combinator,2026-08-05 18:56:23,0,11
77,Zigfu,http://breaks.nu,Consumer,USA,Y Combinator,2026-08-05 18:56:23,0,2
69,Picplum,picplum.com,Consumer,USA,Y Combinator,2026-08-05 18:56:23,0,2
131,Hungry Labs,http://hungrylabs.com,Consumer,USA,Y Combinator,2026-08-05 18:56:23,0,2
126,Draft,http://draftin.com,B2B,USA,Y Combinator,2026-08-05 18:56:23,0,1
125,Rentobo,http://rentobo.com,Real Estate and Construction,USA,Y Combinator,2026-08-05 18:56:23,0,11
123,Snapjoy,http://snapjoy.com,Consumer,USA,Y Combinator,2026-08-05 18:56:23,0,11
121,Ridejoy,http://ridejoy.com,Consumer,USA,Y Combinator,2026-08-05 18:56:23,0,11
120,Leaky,http://leaky.com,Fintech,USA,Y Combinator,2026-08-05 18:56:23,0,2
114,Vapor,http://askolo.com,Consumer,USA,Y Combinator,2026-08-05 18:56:23,0,2
111,Kicksend,http://kicksend.com,Consumer,USA,Y Combinator,2026-08-05 18:56:23,0,11
109,Opez,http://opez.com,Consumer,USA,Y Combinator,2026-08-05 18:56:23,0,11
108,Everyme,http://everyme.com,Consumer,USA,Y Combinator,2026-08-05 18:56:23,0,2
107,Interstate,http://interstateapp.com,B2B,USA,Y Combinator,2026-08-05 18:56:23,0,2
100,MarketBrief,http://marketbrief.com,Fintech,USA,Y Combinator,2026-08-05 18:56:23,0,2
531,DoorDash,http://doordash.com,Consumer,USA,Y Combinator,2026-08-05 18:56:23,0,8600
542,Casetext,http://casetext.com,B2B,USA,Y Combinator,2026-08-05 18:56:23,0,50
528,CoreOS,http://coreos.com,B2B,USA,Y Combinator,2026-08-05 18:56:23,0,150
566,Webflow,https://webflow.com,B2B,USA,Y Combinator,2026-08-05 18:56:23,1,600
563,True Link,https://www.truelinkfinancial.com/,Fintech,USA,Y Combinator,2026-08-05 18:56:23,1,100
555,Reebee,http://reebee.com,Consumer,Canada,Y Combinator,2026-08-05 18:56:23,1,11
552,Lob,http://lob.com,B2B,USA,Y Combinator,2026-08-05 18:56:23,1,150
549,Panorama Education,https://www.panoramaed.com/,Education,USA,Y Combinator,2026-08-05 18:56:23,1,350
540,Cratejoy,http://cratejoy.com,B2B,USA,Y Combinator,2026-08-05 18:56:23,1,51
534,"Estimote, Inc.",http://estimote.com,B2B,Poland,Y Combinator,2026-08-05 18:56:23,1,40
532,EasyPost,http://easypost.com,B2B,USA,Y Combinator,2026-08-05 18:56:23,1,51
522,Asseta,http://www.asseta.com,B2B,USA,Y Combinator,2026-08-05 18:56:23,1,4
517,7cups,http://7cups.com,Healthcare,USA,Y Combinator,2026-08-05 18:56:23,1,11
570,Echo Locker,http://echolocker.com,Consumer,Unspecified,Y Combinator,2026-08-05 18:56:23,0,2
567,Weilos,http://weilos.com,Healthcare,USA,Y Combinator,2026-08-05 18:56:23,0,11
564,Datarank,http://www.datarank.com,B2B,USA,Y Combinator,2026-08-05 18:56:23,0,11
561,Lumoid,http://lumoid.com,Consumer,USA,Y Combinator,2026-08-05 18:56:23,0,11
560,StatusPage,http://statuspage.io,B2B,USA,Y Combinator,2026-08-05 18:56:23,0,
558,Bop.fm,http://bop.fm,Consumer,USA,Y Combinator,2026-08-05 18:56:23,0,2
556,Arcus,http://arcusfi.com,Fintech,USA,Y Combinator,2026-08-05 18:56:23,0,100
554,RealCrowd,http://realcrowd.com,Real Estate and Construction,USA,Y Combinator,2026-08-05 18:56:23,0,9
546,Senic,http://senic.com,Consumer,Germany,Y Combinator,2026-08-05 18:56:23,0,16
543,Layer By Layer,http://layerbylayer.com,Consumer,USA,Y Combinator,2026-08-05 18:56:23,0,2
541,SpoonRocket,http://spoonrocket.com,Consumer,USA,Y Combinator,2026-08-05 18:56:23,0,51
533,SimpleLegal,http://simplelegal.com,B2B,USA,Y Combinator,2026-08-05 18:56:23,0,60
526,Hackermeter,http://hackermeter.com,B2B,USA,Y Combinator,2026-08-05 18:56:23,0,11
524,BloomThat,http://bloomthat.com,Consumer,USA,Y Combinator,2026-08-05 18:56:23,0,11
523,Standard Treasury,http://standardtreasury.com,Fintech,USA,Y Combinator,2026-08-05 18:56:23,0,0
521,Apptimize,http://apptimize.com,B2B,USA,Y Combinator,2026-08-05 18:56:23,0,50
518,URX,http://urx.com,B2B,USA,Y Combinator,2026-08-05 18:56:23,0,11
569,Ixiplay,http://,Consumer,USA,Y Combinator,2026-08-05 18:56:23,0,2
568,WebCake,http://designly.com,B2B,USA,Y Combinator,2026-08-05 18:56:23,0,0
565,Kivo,http://kivo.com,B2B,USA,Y Combinator,2026-08-05 18:56:23,0,2
562,SoundFocus,http://soundfocus.com,Healthcare,USA,Y Combinator,2026-08-05 18:56:23,0,2
559,Butter Systems,http://buttersystems.com,B2B,USA,Y Combinator,2026-08-05 18:56:23,0,2
557,Audobox,http://audobox.com,B2B,Unspecified,Y Combinator,2026-08-05 18:56:23,0,0
553,Amulyte,http://amulyte.com,Healthcare,USA,Y Combinator,2026-08-05 18:56:23,0,2
550,Watchsend,http://watchsend.com,B2B,USA,Y Combinator,2026-08-05 18:56:23,0,2
548,One Month,http://onemonth.com,Education,USA,Y Combinator,2026-08-05 18:56:23,0,1
547,Meta,http://www.metavision.com/,Consumer,USA,Y Combinator,2026-08-05 18:56:23,0,11
545,LocalOn,http://localon.com,B2B,USA,Y Combinator,2026-08-05 18:56:23,0,2
544,Le Tote,http://letote.com,Consumer,USA,Y Combinator,2026-08-05 18:56:23,0,201
538,Hum,http://letshum.com,B2B,USA,Y Combinator,2026-08-05 18:56:23,0,11
537,Graft Concepts,http://graftconcepts.com,Consumer,USA,Y Combinator,2026-08-05 18:56:23,0,2
536,Glio,http://glio.com,Consumer,Brazil,Y Combinator,2026-08-05 18:56:23,0,2
535,Floobits,http://floobits.com,B2B,USA,Y Combinator,2026-08-05 18:56:23,0,2
530,GoComm,http://gocomm.com,B2B,USA,Y Combinator,2026-08-05 18:56:23,0,2
529,Crowdery,http://crowdery.com,B2B,USA,Y Combinator,2026-08-05 18:56:23,0,2
527,Buttercoin,http://buttercoin.com,Fintech,USA,Y Combinator,2026-08-05 18:56:23,0,11
525,StackMachine,http://stackmachine.com,B2B,USA,Y Combinator,2026-08-05 18:56:23,0,2
520,FanHero,https://fanhero.com/,Consumer,USA,Y Combinator,2026-08-05 18:56:23,0,1
519,Teleborder,http://teleborder.com,B2B,USA,Y Combinator,2026-08-05 18:56:23,0,11
498,Heap,https://heap.io/,B2B,USA,Y Combinator,2026-08-05 18:56:23,0,388
482,Fivetran,http://fivetran.com,B2B,USA,Y Combinator,2026-08-05 18:56:23,1,1200
507,Zenefits,http://zenefits.com,B2B,USA,Y Combinator,2026-08-05 18:56:23,0,500
475,North,https://www.bynorth.com,Consumer,Canada,Y Combinator,2026-08-05 18:56:23,0,51
516,Watsi,https://watsi.org,Healthcare,USA,Y Combinator,2026-08-05 18:56:23,1,11
508,Goldbelly,https://www.goldbelly.com/,Consumer,USA,Y Combinator,2026-08-05 18:56:23,1,125
505,Wevorce,http://wevorce.com,Consumer,USA,Y Combinator,2026-08-05 18:56:23,1,11
503,Wefunder,http://wefunder.com,Fintech,USA,Y Combinator,2026-08-05 18:56:23,1,35
500,SimplyInsured,http://simplyinsured.com,Healthcare,USA,Y Combinator,2026-08-05 18:56:23,1,35
497,Experiment,http://experiment.com,Healthcare,USA,Y Combinator,2026-08-05 18:56:23,1,1
493,RADAR,https://goradar.com,B2B,USA,Y Combinator,2026-08-05 18:56:23,1,120
492,Lollipuff,http://lollipuff.com,Consumer,USA,Y Combinator,2026-08-05 18:56:23,1,11
491,Strikingly,https://www.strikingly.com,B2B,China,Y Combinator,2026-08-05 18:56:23,1,99
490,InfluxData,https://influxdata.com,B2B,USA,Y Combinator,2026-08-05 18:56:23,1,210
488,Etleap,https://etleap.com,B2B,USA,Y Combinator,2026-08-05 18:56:23,1,11
486,Cheetah,http://gocheetah.com,B2B,USA,Y Combinator,2026-08-05 18:56:23,1,2
484,Lawdingo,http://lawdingo.com,Consumer,USA,Y Combinator,2026-08-05 18:56:23,1,
481,Padlet,https://padlet.com,B2B,USA,Y Combinator,2026-08-05 18:56:23,1,65
479,BuildZoom,https://www.buildzoom.com,Consumer,USA,Y Combinator,2026-08-05 18:56:23,1,100
471,CircuitLab,https://www.circuitlab.com/,B2B,USA,Y Combinator,2026-08-05 18:56:23,1,2
470,StyleUp,http://thestyleup.com,Consumer,USA,Y Combinator,2026-08-05 18:56:23,1,10
512,Teespring,http://teespring.com,Consumer,USA,Y Combinator,2026-08-05 18:56:23,0,201
511,Semantics3,http://www.semantics3.com,B2B,USA,Y Combinator,2026-08-05 18:56:23,0,25
506,Kalibrr,https://www.kalibrr.com,B2B,Philippines,Y Combinator,2026-08-05 18:56:23,0,51
504,Coin,http://onlycoin.com,Fintech,USA,Y Combinator,2026-08-05 18:56:23,0,11
499,MedXT,http://medxt.com,Healthcare,USA,Y Combinator,2026-08-05 18:56:23,0,2
494,Meldium,http://meldium.com,B2B,USA,Y Combinator,2026-08-05 18:56:23,0,2
485,Bitnami,https://bitnami.com,B2B,USA,Y Combinator,2026-08-05 18:56:23,0,75
483,GrepData,http://grepdata.com,B2B,USA,Y Combinator,2026-08-05 18:56:23,0,51
478,VaycayHero,https://www.vaycayhero.com/,Consumer,USA,Y Combinator,2026-08-05 18:56:23,0,55
473,Scuba,https://www.scuba.io,B2B,,Y Combinator,2026-08-05 18:56:23,0,51
472,Screenhero,http://screenhero.com,B2B,USA,Y Combinator,2026-08-05 18:56:23,0,2
515,Prophecy Sciences,http://prophecysciences.com,B2B,USA,Y Combinator,2026-08-05 18:56:23,0,2
514,Posmetrics,http://posmetrics.com,B2B,USA,Y Combinator,2026-08-05 18:56:23,0,2
513,Airware,http://airware.com,Industrials,USA,Y Combinator,2026-08-05 18:56:23,0,51
509,Logiblock,http://logiblock.com,B2B,USA,Y Combinator,2026-08-05 18:56:23,0,0
502,CrowdMed,http://www.crowdmed.com,Healthcare,USA,Y Combinator,2026-08-05 18:56:23,0,5
501,FlightCar,http://flightcar.com,Consumer,USA,Y Combinator,2026-08-05 18:56:23,0,51
496,Swapbox,http://swapbox.com,Consumer,USA,Y Combinator,2026-08-05 18:56:23,0,2
495,BeatDeck,http://beatdeck.com,B2B,USA,Y Combinator,2026-08-05 18:56:23,0,2
489,RoverRide,http://ride.roversf.com,Consumer,USA,Y Combinator,2026-08-05 18:56:23,0,0
487,Medisas,http://medisas.com,Healthcare,USA,Y Combinator,2026-08-05 18:56:23,0,11
480,Trainzen,http://terascore.com,B2B,USA,Y Combinator,2026-08-05 18:56:23,0,2
477,PayTango,http://paytango.com,B2B,USA,Y Combinator,2026-08-05 18:56:23,0,2
476,Swish,http://swish.com,B2B,USA,Y Combinator,2026-08-05 18:56:23,0,2
474,Appcubator,http://appcubator.com,B2B,USA,Y Combinator,2026-08-05 18:56:23,0,0
158,Fivestars,http://fivestars.com,B2B,USA,Y Combinator,2026-08-05 18:56:23,0,201
168,GOAT Group,https://www.goatgroup.com/,Consumer,USA,Y Combinator,2026-08-05 18:56:23,1,1600
145,HelloSign,https://www.hellosign.com,B2B,USA,Y Combinator,2026-08-05 18:56:23,0,100
170,DrChrono,https://www.drchrono.com,Healthcare,USA,Y Combinator,2026-08-05 18:56:23,0,150
172,Storyworth,https://www.storyworth.com,Consumer,USA,Y Combinator,2026-08-05 18:56:23,1,13
171,Zerocater,http://zerocater.com,B2B,USA,Y Combinator,2026-08-05 18:56:23,1,140
164,Mino Games,http://minomonsters.com,Consumer,USA,Y Combinator,2026-08-05 18:56:23,1,11
160,Close,https://close.com,B2B,,Y Combinator,2026-08-05 18:56:23,1,120
149,Tremendous,https://www.tremendous.com,Fintech,USA,Y Combinator,2026-08-05 18:56:23,1,150
147,You Got Listings,http://www.yougotlistings.com,Real Estate and Construction,,Y Combinator,2026-08-05 18:56:23,1,3
146,Instapainting,http://instapainting.com,Consumer,Japan,Y Combinator,2026-08-05 18:56:23,1,2
143,Acunote,http://acunote.com,B2B,USA,Y Combinator,2026-08-05 18:56:23,1,0
141,Tumult,https://tumult.com,B2B,USA,Y Combinator,2026-08-05 18:56:23,1,1
138,Talkable,http://talkable.com,B2B,USA,Y Combinator,2026-08-05 18:56:23,1,76
134,SingleStore,https://www.singlestore.com,B2B,USA,Y Combinator,2026-08-05 18:56:23,1,150
173,TalkBin,http://talkbin.com,B2B,USA,Y Combinator,2026-08-05 18:56:23,0,0
169,OrderAhead,https://www.crunchbase.com/organization/orderahead,Consumer,USA,Y Combinator,2026-08-05 18:56:23,0,50
165,Lanyrd,http://lanyrd.com,Consumer,USA,Y Combinator,2026-08-05 18:56:23,0,2
162,Mailgun,http://mailgun.net,B2B,USA,Y Combinator,2026-08-05 18:56:23,0,51
159,Apportable,http://apportable.com,B2B,USA,Y Combinator,2026-08-05 18:56:23,0,51
153,Pebble,http://getpebble.com,Consumer,USA,Y Combinator,2026-08-05 18:56:23,0,51
152,Humble Bundle,https://humble.com,Consumer,USA,Y Combinator,2026-08-05 18:56:23,0,100
151,Comprehend,http://comprehend.com,Healthcare,USA,Y Combinator,2026-08-05 18:56:23,0,51
150,Custora,http://custora.com,B2B,USA,Y Combinator,2026-08-05 18:56:23,0,11
148,Hotspots,http://moki.tv,B2B,USA,Y Combinator,2026-08-05 18:56:23,0,2
144,Sendoid,http://sendoid.com,B2B,USA,Y Combinator,2026-08-05 18:56:23,0,2
142,Earbits,http://earbits.com,B2B,USA,Y Combinator,2026-08-05 18:56:23,0,15
133,Upverter,http://upverter.com,B2B,Canada,Y Combinator,2026-08-05 18:56:23,0,11
175,SimplyListed,http://simplylisted.com,Consumer,USA,Y Combinator,2026-08-05 18:56:23,0,2
174,Venuetastic,http://venuetastic.com,B2B,USA,Y Combinator,2026-08-05 18:56:23,0,2
167,Siasto,http://siasto.com,B2B,USA,Y Combinator,2026-08-05 18:56:23,0,2
166,TrustEgg,http://fidoosh.com,Fintech,USA,Y Combinator,2026-08-05 18:56:23,0,2
163,Tutorspree,http://tutorspree.com,Education,USA,Y Combinator,2026-08-05 18:56:23,0,51
161,Balanced,http://balancedpayments.com,Fintech,USA,Y Combinator,2026-08-05 18:56:23,0,11
157,Flotype,flotype.com,B2B,USA,Y Combinator,2026-08-05 18:56:23,0,2
156,Convore,http://convore.com,Consumer,USA,Y Combinator,2026-08-05 18:56:23,0,2
155,Insight Data Science,http://insightdatascience.com,Education,USA,Y Combinator,2026-08-05 18:56:23,0,11
154,Hyperink,http://hyperinkpress.com,Consumer,USA,Y Combinator,2026-08-05 18:56:23,0,11
140,AppHarbor,https://appharbor.com,B2B,USA,Y Combinator,2026-08-05 18:56:23,0,1
139,FitFu,http://fitfu.com,Consumer,USA,Y Combinator,2026-08-05 18:56:23,0,2
137,Assembled,,Consumer,USA,Y Combinator,2026-08-05 18:56:23,0,2
136,TellFi,http://tellfi.com,B2B,USA,Y Combinator,2026-08-05 18:56:23,0,2
135,Beetailer,http://beetailer.com,B2B,USA,Y Combinator,2026-08-05 18:56:23,0,2
132,Inporia,http://inporia.com,Consumer,USA,Y Combinator,2026-08-05 18:56:23,0,11
129,Userfox,http://userfox.com,B2B,USA,Y Combinator,2026-08-05 18:56:23,0,2
202,PagerDuty,http://pagerduty.com,B2B,USA,Y Combinator,2026-08-05 18:56:23,0,950
197,FutureAdvisor,http://futureadvisor.com,Fintech,USA,Y Combinator,2026-08-05 18:56:23,0,51
201,WorkFlowy,http://workflowy.com,B2B,USA,Y Combinator,2026-08-05 18:56:23,1,4
200,inDinero,http://indinero.com,B2B,USA,Y Combinator,2026-08-05 18:56:23,1,250
198,Docker,http://docker.com,B2B,USA,Y Combinator,2026-08-05 18:56:23,1,201
188,AnyList,https://www.anylist.com,Consumer,USA,Y Combinator,2026-08-05 18:56:23,1,3
187,DemandSphere,https://www.demandsphere.com/,B2B,USA,Y Combinator,2026-08-05 18:56:23,1,40
181,Recurse Center,https://www.recurse.com,Education,USA,Y Combinator,2026-08-05 18:56:23,1,7
209,AdGrok,http://adgrok.com,B2B,USA,Y Combinator,2026-08-05 18:56:23,0,2
208,Whereoscope,http://whereoscope.com,Consumer,USA,Y Combinator,2026-08-05 18:56:23,0,2
207,Tapzilla,http://tapzilla.com,B2B,USA,Y Combinator,2026-08-05 18:56:23,0,2
206,Fridge,http://frid.ge,Consumer,USA,Y Combinator,2026-08-05 18:56:23,0,2
205,Fanvibe,http://fanvibe.com,Consumer,USA,Y Combinator,2026-08-05 18:56:23,0,2
194,Leftronic,http://leftronic.com,Consumer,USA,Y Combinator,2026-08-05 18:56:23,0,11
193,GazeHawk,http://gazehawk.com,B2B,USA,Y Combinator,2026-08-05 18:56:23,0,2
192,1000Memories,http://ancestry.com,Consumer,USA,Y Combinator,2026-08-05 18:56:23,0,2
191,Homejoy,http://homejoy.com,Consumer,USA,Y Combinator,2026-08-05 18:56:23,0,201
186,PadMapper,http://padmapper.com,Real Estate and Construction,USA,Y Combinator,2026-08-05 18:56:23,0,2
183,AeroFS,http://aerofs.com,B2B,USA,Y Combinator,2026-08-05 18:56:23,0,40
182,Simperium,http://simperium.com,B2B,USA,Y Combinator,2026-08-05 18:56:23,0,2
180,Rapportive,http://rapportive.com,B2B,USA,Y Combinator,2026-08-05 18:56:23,0,2
178,Hipmunk,http://hipmunk.com,Consumer,USA,Y Combinator,2026-08-05 18:56:23,0,51
176,Chartio,https://chartio.com,B2B,USA,Y Combinator,2026-08-05 18:56:23,0,40
177,Presto,http://presto.com,B2B,USA,Y Combinator,2026-08-05 18:56:23,0,200
211,Koduco,http://koduco.com,Consumer,USA,Y Combinator,2026-08-05 18:56:23,0,2
210,Pribbit,http://pribbit.com,Consumer,USA,Y Combinator,2026-08-05 18:56:23,0,0
204,MessageParty,http://messageparty.com,Consumer,USA,Y Combinator,2026-08-05 18:56:23,0,1
203,Ready For Zero,http://readyforzero.com,Fintech,USA,Y Combinator,2026-08-05 18:56:23,0,12
199,Post.fm,http://post.fm,B2B,United Kingdom,Y Combinator,2026-08-05 18:56:23,0,0
196,Opzi,http://opzi.com,Consumer,USA,Y Combinator,2026-08-05 18:56:23,0,2
195,Upbeat,https://www.upbeatpr.com/,Consumer,USA,Y Combinator,2026-08-05 18:56:23,0,2
190,Gantto,http://gantto.com,B2B,USA,Y Combinator,2026-08-05 18:56:23,0,0
189,Brushes,http://brushesapp.com,B2B,Unspecified,Y Combinator,2026-08-05 18:56:23,0,0
185,Habit Labs,http://habitlabs.com,Consumer,USA,Y Combinator,2026-08-05 18:56:23,0,2
184,Chirply,http://chirply.com,Consumer,USA,Y Combinator,2026-08-05 18:56:23,0,2
179,Teevox,https://teevox.com,Consumer,USA,Y Combinator,2026-08-05 18:56:23,0,11
221,Optimizely,http://optimizely.com,B2B,USA,Y Combinator,2026-08-05 18:56:23,0,1500
226,OwnLocal,http://ownlocal.com,B2B,USA,Y Combinator,2026-08-05 18:56:23,1,45
232,Etacts,http://etacts.com,B2B,USA,Y Combinator,2026-08-05 18:56:23,0,2
231,Movity,http://movity.com,Real Estate and Construction,USA,Y Combinator,2026-08-05 18:56:23,0,2
230,Cardpool,http://cardpool.com,Consumer,USA,Y Combinator,2026-08-05 18:56:23,0,251
224,Cue,http://cueup.com,Consumer,USA,Y Combinator,2026-08-05 18:56:23,0,11
223,Zencoder,http://zencoder.com,B2B,USA,Y Combinator,2026-08-05 18:56:23,0,11
220,Nowmov,http://nowmov.com,Consumer,USA,Y Combinator,2026-08-05 18:56:23,0,0
219,Creative Market,https://creativemarket.com,B2B,USA,Y Combinator,2026-08-05 18:56:23,0,
218,Embedly,http://embed.ly,B2B,USA,Y Combinator,2026-08-05 18:56:23,0,2
216,Bitplay,http://meetings.io,Consumer,USA,Y Combinator,2026-08-05 18:56:23,0,2
215,Crocodoc,https://crocodoc.com,B2B,USA,Y Combinator,2026-08-05 18:56:23,0,0
214,All Screen,http://140fire.com,B2B,USA,Y Combinator,2026-08-05 18:56:23,0,11
213,500Friends,http://500friends.com,B2B,USA,Y Combinator,2026-08-05 18:56:23,0,51
212,Mertado,http://mertado.com,B2B,USA,Y Combinator,2026-08-05 18:56:23,0,1
382,Mixed Media Labs,,Consumer,Unspecified,Y Combinator,2026-08-05 18:56:23,0,
238,Notifo,http://notifo.com,B2B,USA,Y Combinator,2026-08-05 18:56:23,0,2
236,Infoharmoni,http://infoharmoni.com,B2B,USA,Y Combinator,2026-08-05 18:56:23,0,2
235,Newcope,http://newcope.com,Consumer,USA,Y Combinator,2026-08-05 18:56:23,0,2
234,Newslabs,http://newslabs.com,B2B,Ireland,Y Combinator,2026-08-05 18:56:23,0,2
233,Data Marketplace,http://datamarketplace.com,B2B,USA,Y Combinator,2026-08-05 18:56:23,0,2
229,Fithub,http://fithub.com,B2B,Unspecified,Y Combinator,2026-08-05 18:56:23,0,0
228,Gamador,http://gamador.com,Consumer,USA,Y Combinator,2026-08-05 18:56:23,0,2
227,Zenedy,http://zenedy.com,Consumer,USA,Y Combinator,2026-08-05 18:56:23,0,2
225,Answerly,http://answerly.com,Consumer,USA,Y Combinator,2026-08-05 18:56:23,0,11
222,LaunchHear,http://alexkrupp.com,B2B,USA,Y Combinator,2026-08-05 18:56:23,0,2
217,Fabricly,http://fabricly.com,B2B,USA,Y Combinator,2026-08-05 18:56:23,0,2
244,WePay,http://wepay.com,Fintech,USA,Y Combinator,2026-08-05 18:56:23,0,400
248,Mixpanel,http://mixpanel.com,B2B,USA,Y Combinator,2026-08-05 18:56:23,1,410
240,Stripe,http://stripe.com,Fintech,USA,Y Combinator,2026-08-05 18:56:23,1,7000
259,Lingt,https://www.lingt.com/,Education,USA,Y Combinator,2026-08-05 18:56:23,1,2
258,RentHop,http://renthop.com,Real Estate and Construction,USA,Y Combinator,2026-08-05 18:56:23,1,9
249,Olark,http://olark.com,B2B,USA,Y Combinator,2026-08-05 18:56:23,1,28
245,Directed Edge,http://directededge.com,Consumer,USA,Y Combinator,2026-08-05 18:56:23,1,2
239,Listia,http://listia.com,Consumer,USA,Y Combinator,2026-08-05 18:56:23,1,6
256,Flightcaster,,Consumer,USA,Y Combinator,2026-08-05 18:56:23,0,2
255,GraffitiGeo,http://graffitigeo.com,Consumer,USA,Y Combinator,2026-08-05 18:56:23,0,2
250,Lockitron,http://lockitron.com,Consumer,USA,Y Combinator,2026-08-05 18:56:23,0,11
246,RethinkDB,http://rethinkdb.com,B2B,USA,Y Combinator,2026-08-05 18:56:23,0,11
243,Bump,http://bumptechnologies.com,Consumer,USA,Y Combinator,2026-08-05 18:56:23,0,30
242,DailyBooth,http://dailybooth.com,Consumer,USA,Y Combinator,2026-08-05 18:56:23,0,2
264,Instantq,http://instantq.com,B2B,USA,Y Combinator,2026-08-05 18:56:23,0,2
263,Wakemate,http://wakemate.com,Consumer,USA,Y Combinator,2026-08-05 18:56:23,0,2
262,Stackq,http://stackq.com,B2B,Unspecified,Y Combinator,2026-08-05 18:56:23,0,0
261,AdThrow,http://adthrow.com,B2B,Unspecified,Y Combinator,2026-08-05 18:56:23,0,0
260,RoboHR,http://robohr.com,B2B,USA,Y Combinator,2026-08-05 18:56:23,0,0
257,NudgePad,http://azure.com,B2B,USA,Y Combinator,2026-08-05 18:56:23,0,2
254,Plurchase,http://plurchase.com,Consumer,USA,Y Combinator,2026-08-05 18:56:23,0,2
253,Fanchatter,http://fanchatter.com,B2B,USA,Y Combinator,2026-08-05 18:56:23,0,11
252,Tuxebo,,Real Estate and Construction,,Y Combinator,2026-08-05 18:56:23,0,0
251,CarWoo,http://carwoo.com,Consumer,USA,Y Combinator,2026-08-05 18:56:23,0,11
247,Jobspice,http://jobspice.com,Consumer,USA,Y Combinator,2026-08-05 18:56:23,0,11
241,HighlightCam,http://highlightcam.com,Consumer,USA,Y Combinator,2026-08-05 18:56:23,0,11
282,Poll Everywhere,https://www.polleverywhere.com,B2B,USA,Y Combinator,2026-08-05 18:56:23,1,70
291,BackType,http://backtype.com,B2B,USA,Y Combinator,2026-08-05 18:56:23,0,0
289,JustSpotted,http://justspotted.com,Consumer,USA,Y Combinator,2026-08-05 18:56:23,0,2
284,Cloudant,http://cloudant.com,B2B,USA,Y Combinator,2026-08-05 18:56:23,0,51
281,Posterous,http://posterous.com,Consumer,USA,Y Combinator,2026-08-05 18:56:23,0,11
302,Slinkset,http://slinkset.com,Consumer,USA,Y Combinator,2026-08-05 18:56:23,0,2
301,Treehouse,http://gotreehouse.com,Consumer,USA,Y Combinator,2026-08-05 18:56:23,0,101
300,PlayReader,http://playreader.com,Consumer,Unspecified,Y Combinator,2026-08-05 18:56:23,0,0
299,People & Pages,http://peopleandpages.com,Consumer,Unspecified,Y Combinator,2026-08-05 18:56:23,0,0
298,Popcuts,http://popcuts.com,Consumer,USA,Y Combinator,2026-08-05 18:56:23,0,2
297,Snipd,http://snipd.com,B2B,USA,Y Combinator,2026-08-05 18:56:23,0,2
296,Ticket Stumbler,http://ticketstumbler.com,Consumer,USA,Y Combinator,2026-08-05 18:56:23,0,2
295,Claimspotting,http://urbantakeover.at,Consumer,,Y Combinator,2026-08-05 18:56:23,0,0
294,Team Apart,http://teamapart.com,B2B,Unspecified,Y Combinator,2026-08-05 18:56:23,0,2
293,Youlicit,http://youlicit.com,Consumer,USA,Y Combinator,2026-08-05 18:56:23,0,2
292,Precognate,http://precognate.com,Consumer,Unspecified,Y Combinator,2026-08-05 18:56:23,0,0
290,Picwing,http://picwing.com,Consumer,USA,Y Combinator,2026-08-05 18:56:23,0,11
288,CO2Stats,http://co2stats.com,B2B,USA,Y Combinator,2026-08-05 18:56:23,0,0
287,Anyvite,http://anyvite.com,Consumer,USA,Y Combinator,2026-08-05 18:56:23,0,2
286,Frogmetrics,http://frogmetrics.com,B2B,USA,Y Combinator,2026-08-05 18:56:23,0,2
285,Job Alchemist,http://jobalchemist.com,B2B,Unspecified,Y Combinator,2026-08-05 18:56:23,0,0
283,OhLife,http://ohlife.com,Consumer,USA,Y Combinator,2026-08-05 18:56:23,0,2
307,Machine Zone,https://www.mz.com,Consumer,USA,Y Combinator,2026-08-05 18:56:23,0,501
311,Heroku,http://heroku.com,B2B,USA,Y Combinator,2026-08-05 18:56:23,0,300
306,Ninite,http://ninite.com,B2B,USA,Y Combinator,2026-08-05 18:56:23,1,2
304,RescueTime,http://rescuetime.com,B2B,USA,Y Combinator,2026-08-05 18:56:23,1,15
312,280 North,http://280north.com,B2B,USA,Y Combinator,2026-08-05 18:56:23,0,11
310,Omnisio,http://omnisio.com,Consumer,USA,Y Combinator,2026-08-05 18:56:23,0,0
305,A Thinking Ape,http://athinkingape.com,B2B,Canada,Y Combinator,2026-08-05 18:56:23,0,75
323,BitSample,,B2B,Unspecified,Y Combinator,2026-08-05 18:56:23,0,0
322,Joberator,http://joberator.com,B2B,USA,Y Combinator,2026-08-05 18:56:23,0,2
321,Insoshi,http://insoshi.com,B2B,Unspecified,Y Combinator,2026-08-05 18:56:23,0,0
320,Snaptalent,http://snaptalent.com,B2B,United Kingdom,Y Combinator,2026-08-05 18:56:23,0,2
319,YumDots,http://yumdots.com,Consumer,USA,Y Combinator,2026-08-05 18:56:23,0,2
318,Deluux,http://deluux.com,Consumer,USA,Y Combinator,2026-08-05 18:56:23,0,2
317,Kirkland North,http://kirklandnorth.com,Consumer,USA,Y Combinator,2026-08-05 18:56:23,0,2
316,Tipjoy,http://tipjoy.com,Fintech,Unspecified,Y Combinator,2026-08-05 18:56:23,0,2
315,Mixwit,http://cloud.tv,Consumer,USA,Y Combinator,2026-08-05 18:56:23,0,2
314,Socialbrowse,http://socialbrowse.com,Consumer,Unspecified,Y Combinator,2026-08-05 18:56:23,0,2
313,Wundrbar,http://wundrbar.com,B2B,USA,Y Combinator,2026-08-05 18:56:23,0,2
309,FathomDB,http://fathomdb.com,B2B,USA,Y Combinator,2026-08-05 18:56:23,0,0
308,MightyQuiz,http://mightyquiz.com,Consumer,USA,Y Combinator,2026-08-05 18:56:23,0,2
303,Trigger,http://trigger.io,B2B,USA,Y Combinator,2026-08-05 18:56:23,0,11
325,Dropbox,http://dropbox.com,B2B,USA,Y Combinator,2026-08-05 18:56:23,0,4000
326,Blue Frog Gaming,http://bluefroggaming.com,Consumer,USA,Y Combinator,2026-08-05 18:56:23,1,11
337,Anywhere.FM,http://anywhere.fm,Consumer,Unspecified,Y Combinator,2026-08-05 18:56:23,0,11
336,Appjet,http://appjet.com,B2B,USA,Y Combinator,2026-08-05 18:56:23,0,3
335,Clickpass,http://clickpass.com,B2B,United Kingdom,Y Combinator,2026-08-05 18:56:23,0,11
333,ZumoDrive,http://zumodrive.com,B2B,USA,Y Combinator,2026-08-05 18:56:23,0,15
327,Disqus,http://disqus.com,B2B,USA,Y Combinator,2026-08-05 18:56:23,0,11
324,Songkick,http://songkick.com,Consumer,United Kingdom,Y Combinator,2026-08-05 18:56:23,0,11
342,Biographicon,http://biographicon.com,Consumer,Unspecified,Y Combinator,2026-08-05 18:56:23,0,2
341,Eivod,http://eivod.com,B2B,USA,Y Combinator,2026-08-05 18:56:23,0,51
340,Fuzzwich,http://fuzzwich.com,Consumer,USA,Y Combinator,2026-08-05 18:56:23,0,2
339,Meetyu,http://meetyu.com,Consumer,USA,Y Combinator,2026-08-05 18:56:23,0,0
338,Reble,http://reble.fm,Consumer,USA,Y Combinator,2026-08-05 18:56:23,0,2
334,SocialPicks,http://socialpicks.com,Consumer,USA,Y Combinator,2026-08-05 18:56:23,0,2
332,ContestMachine,http://contestmachine.com,B2B,USA,Y Combinator,2026-08-05 18:56:23,0,2
331,Splashup,http://splashup.com,Consumer,Unspecified,Y Combinator,2026-08-05 18:56:23,0,2
330,iJigg/Top440,http://ijigg.com,Consumer,USA,Y Combinator,2026-08-05 18:56:23,0,2
329,Hello Chair,http://hellochair.com,Consumer,USA,Y Combinator,2026-08-05 18:56:23,0,0
328,Bountii,http://bountii.com,Consumer,USA,Y Combinator,2026-08-05 18:56:23,0,2
271,Airbnb,http://airbnb.com,Consumer,USA,Y Combinator,2026-08-05 18:56:23,0,6132
270,Volantio,http://www.volantio.com,B2B,USA,Y Combinator,2026-08-05 18:56:23,1,19
275,Cloudkick,http://cloudkick.com,B2B,USA,Y Combinator,2026-08-05 18:56:23,0,11
274,Echodio,http://echodio.com,Consumer,USA,Y Combinator,2026-08-05 18:56:23,0,2
273,reMail,http://remail.com,B2B,USA,Y Combinator,2026-08-05 18:56:23,0,1
272,Divvyshot,http://divvyshot.com,Consumer,USA,Y Combinator,2026-08-05 18:56:23,0,2
267,Heyzap,http://heyzap.com,Consumer,USA,Y Combinator,2026-08-05 18:56:23,0,11
280,PetaSales,http://,B2B,USA,Y Combinator,2026-08-05 18:56:23,0,2
279,Voxli,http://voxli.com,Consumer,USA,Y Combinator,2026-08-05 18:56:23,0,2
278,Nambii,http://nambii.com,Consumer,USA,Y Combinator,2026-08-05 18:56:23,0,0
277,Picurio,http://picurio.com,Consumer,USA,Y Combinator,2026-08-05 18:56:23,0,2
276,Spaces Life,http://spaceslife.com,Real Estate and Construction,Unspecified,Y Combinator,2026-08-05 18:56:23,0,0
269,Foodoro,http://foodoro.com,Consumer,USA,Y Combinator,2026-08-05 18:56:23,0,11
268,Wattvision,http://www.wattvision.com,Real Estate and Construction,USA,Y Combinator,2026-08-05 18:56:23,0,0
266,Skysheet,http://skysheet.com,B2B,Unspecified,Y Combinator,2026-08-05 18:56:23,0,2
265,Recurious,http://thesixtyone.com,Consumer,USA,Y Combinator,2026-08-05 18:56:23,0,0
383,Twitch,http://twitch.com,Consumer,USA,Y Combinator,2026-08-05 18:56:23,0,2000
344,Weebly,http://weebly.com,B2B,USA,Y Combinator,2026-08-05 18:56:23,0,201
347,Buxfer,https://www.buxfer.com,Fintech,USA,Y Combinator,2026-08-05 18:56:23,1,1
343,Virtualmin,http://virtualmin.com,B2B,USA,Y Combinator,2026-08-05 18:56:23,1,2
354,Heysan,http://heysan.com,Consumer,USA,Y Combinator,2026-08-05 18:56:23,0,0
349,Auctomatic,http://auctomatic.com,Consumer,USA,Y Combinator,2026-08-05 18:56:23,0,2
348,Zenter,https://googleblog.blogspot.com/2007/06/more-sharing.html,B2B,USA,Y Combinator,2026-08-05 18:56:23,0,2
346,Octopart,http://octopart.com,Industrials,USA,Y Combinator,2026-08-05 18:56:23,0,11
353,Socialmoth,http://socialmoth.com,Consumer,USA,Y Combinator,2026-08-05 18:56:23,0,2
352,View3,http://view3.com,Industrials,Unspecified,Y Combinator,2026-08-05 18:56:23,0,0
351,Whitenoise,http://whitenoisenetworks.com,Consumer,USA,Y Combinator,2026-08-05 18:56:23,0,2
350,WriteWith,http://writewith.com,Consumer,USA,Y Combinator,2026-08-05 18:56:23,0,2
345,Tsumobi,http://tsumobi.com,Consumer,USA,Y Combinator,2026-08-05 18:56:23,0,2
357,OMGPop,https://omgpop.com,Consumer,USA,Y Combinator,2026-08-05 18:56:23,0,11
356,Scribd,http://scribd.com,Consumer,USA,Y Combinator,2026-08-05 18:56:23,1,300
355,Xobni,http://xobni.com,B2B,USA,Y Combinator,2026-08-05 18:56:23,0,11
365,Jumpchat,http://jumpchat.com,Consumer,USA,Y Combinator,2026-08-05 18:56:23,0,2
364,Likebetter,http://likebetter.com,Consumer,USA,Y Combinator,2026-08-05 18:56:23,0,2
363,Zanbazaar,http://zanbazaar.com,Consumer,USA,Y Combinator,2026-08-05 18:56:23,0,4
362,Pollground,http://pollground.com,Consumer,USA,Y Combinator,2026-08-05 18:56:23,0,0
361,Shoutfit,http://shoutfit.com,Consumer,USA,Y Combinator,2026-08-05 18:56:23,0,3
360,Talkito,http://talkito.com,Consumer,USA,Y Combinator,2026-08-05 18:56:23,0,0
359,Thinkature,http://thinkature.com,B2B,Unspecified,Y Combinator,2026-08-05 18:56:23,0,0
358,Jamglue,http://jamglue.com,Consumer,USA,Y Combinator,2026-08-05 18:56:23,0,2
379,Reddit,http://reddit.com,Consumer,USA,Y Combinator,2026-08-05 18:56:23,0,2000
384,Parakey,http://parakey.com,B2B,USA,Y Combinator,2026-08-05 18:56:23,0,2
378,Kiko,http://kiko.com,B2B,USA,Y Combinator,2026-08-05 18:56:23,0,0
375,Clickfacts,http://clickfacts.com,B2B,USA,Y Combinator,2026-08-05 18:56:23,0,11
374,TextPayMe,http://textpayme.com,Fintech,USA,Y Combinator,2026-08-05 18:56:23,0,11
373,Loopt,http://loopt.com,Consumer,USA,Y Combinator,2026-08-05 18:56:23,0,11
380,Infogami,http://infogami.com,B2B,United Kingdom,Y Combinator,2026-08-05 18:56:23,0,2
377,Memamp,http://memamp.com,B2B,USA,Y Combinator,2026-08-05 18:56:23,0,0
376,Simmery,http://simmery.com,Consumer,USA,Y Combinator,2026-08-05 18:56:23,0,0
34794,Qokedas,https://qokedas.com/,B2B,USA,Y Combinator,2026-08-05 18:56:23,1,3
34365,Lambda Robotics,https://lambdarobotics.ai,Industrials,USA,Y Combinator,2026-08-05 18:56:23,1,6
33838,Simantic,https://simantic.dev,B2B,Canada,Y Combinator,2026-08-05 18:56:23,1,4
31591,RightNow,https://runinfra.ai/,B2B,USA,Y Combinator,2026-08-05 18:56:23,1,2
31461,Collar,https://usecollarai.com,B2B,Singapore,Y Combinator,2026-08-05 18:56:23,1,2
31452,Degla Inc,https://degla.ai,Industrials,USA,Y Combinator,2026-08-05 18:56:23,1,2
31378,GodHands,https://godhands.dev,B2B,India,Y Combinator,2026-08-05 18:56:23,1,2
370,Wufoo,http://wufoo.com,B2B,USA,Y Combinator,2026-08-05 18:56:23,0,11
369,Project Wedding,http://projectwedding.com,Consumer,USA,Y Combinator,2026-08-05 18:56:23,0,2
367,Clustrix,http://clustrix.com,B2B,USA,Y Combinator,2026-08-05 18:56:23,0,51
366,Inkling,http://inklingmarkets.com,B2B,USA,Y Combinator,2026-08-05 18:56:23,0,11
372,Audiobeta,http://audiobeta.com,B2B,USA,Y Combinator,2026-08-05 18:56:23,0,0
371,Flagr,http://flagr.com,Consumer,USA,Y Combinator,2026-08-05 18:56:23,0,2
368,Snipshot,https://snipshot.com,Consumer,Unspecified,Y Combinator,2026-08-05 18:56:23,0,0
64,Y Combinator,https://www.ycombinator.com,Fintech,,Y Combinator,2026-08-05 18:56:23,1,100
32165,Rote,https://tryrote.com/,B2B,USA,Y Combinator,2026-08-05 18:56:23,1,0
